{
"type": "FeatureCollection",
"name": "Policy_Polygons",
"crs": { "type": "name", "properties": { "name": "urn:ogc:def:crs:OGC:1.3:CRS84" } },
"features": [
{ "type": "Feature", "properties": { "STATEFP2": null, "COUNTYF": null, "TRACTCE": null, "BLOCKCE": null, "GEOID20": null, "NAME20": null, "MTFCC20": null, "UR20": null, "UACE20": null, "UATYPE2": null, "FUNCSTAT2": null, "ALAND20": 0.0, "AWATER2": 0.0, "INTPTLAT2": null, "INTPTLON2": null, "Shp_Lng": 6581.6408304200004, "Shap_Ar": 969817.43495599995, "PP_Name": "Seventh Thrives", "FID_mss": null, "APN": null, "APN_SORT": null, "BOOK": null, "PAGE": null, "PARCEL": null, "SUB_PARCE": null, "CLCA_CATE": null, "COMMENTS": null, "DATE_CREA": null, "DATE_UPDA": null, "FID_PARCE": null, "CENTROID_X": null, "CENTROID_Y": null, "SrtPrcl": null, "PrntPrc": null, "TRAPrmr": null, "TRAScnd": null, "SitsStr": null, "StsSt_1": null, "SitsUnt": null, "SitsCty": null, "SitusZp": null, "StsZp_4": null, "Land": null, "Imps": null, "CLCALnd": null, "CLCAImp": null, "HOEX": null, "OTEX": null, "TotlNtV": null, "LatstDc": null, "LtstD_1": null, "LtstD_2": null, "MlngAdd": null, "MlngA_1": null, "MlngA_2": null, "MlngA_3": null, "MlngA_4": null, "UseCode": null, "EconUnt": null, "EcnmcUn": null, "StsAddr": null, "MlngA_5": null, "FID_P_1": null, "FID_m_1": null, "APN_1": null, "APN_SORT_1": null, "BOOK_1": null, "PAGE_1": null, "PARCEL_1": null, "SUB_PARC_1": null, "CLCA_CAT_1": null, "COMMENTS_1": null, "DATE_CRE_1": null, "DATE_UPD_1": null, "FID_PARC_2": null, "CENTROID_1": null, "CENTROID_2": null, "SrtPr_1": null, "PrntP_1": null, "TRAPr_1": null, "TRASc_1": null, "StsSt_2": null, "StsSt_3": null, "StsUnt_": null, "StsCty_": null, "StsZp_1": null, "StsZp_5": null, "Land_1": null, "Imps_1": null, "CLCAL_1": null, "CLCAI_1": null, "HOEX_1": null, "OTEX_1": null, "TtlNt_1": null, "LtstD_3": null, "LtstD_4": null, "LtstD_5": null, "MlngA_6": null, "MlngA_7": null, "MlngA_8": null, "MlngA_9": null, "Mlng_10": null, "UseCd_1": null, "EcnUn_1": null, "Ecnmc_1": null, "StsAd_1": null, "Mlng_11": null, "FID_P_3": null, "APN_12": null, "APN_SORT_2": null, "BOOK_12": null, "PAGE_12": null, "PARCEL_12": null, "SUB_PARC_2": null, "CLCA_CAT_2": null, "COMMENTS_2": null, "DATE_CRE_2": null, "DATE_UPD_2": null, "EDITOR": null, "FID_PARC_4": null, "CENTROID_3": null, "CENTROID_4": null, "SrtPr_2": null, "PrntP_2": null, "TRAPr_2": null, "TRASc_2": null, "StsSt_4": null, "StsSt_5": null, "StsUnt1": null, "StsCty1": null, "StsZp_2": null, "StsZp_6": null, "Land_12": null, "Imps_12": null, "CLCAL_2": null, "CLCAI_2": null, "HOEX_12": null, "OTEX_12": null, "TtlNt_2": null, "LtstD_6": null, "LtstD_7": null, "LtstD_8": null, "Mlng_12": null, "Mlng_13": null, "Mlng_14": null, "Mlng_15": null, "Mlng_16": null, "UsCd_12": null, "EcnUn_2": null, "Units": null, "Class": null, "EffctvY": null, "BldngAr": null, "LotSize": null, "Buldngs": null, "Stories": null, "Rooms": null, "Beds": null, "Acre": null, "LandTyp": null, "Cnfrmty": null, "Additns": null, "YearBlt": null, "Baths": null, "Condo": null, "Elevatr": null, "Pool": null, "Ecnmc_2": null, "StsAd_2": null, "Mlng_17": null, "ID": null, "BID": null, "area_cr": null, "YEAR_ES": null, "CONT_AD": null, "CONT_NA": null, "STATEFP": null, "PLACEFP": null, "PLACENS": null, "GEOID": null, "GEOIDFQ": null, "NAME": null, "NAMELSA": null, "LSAD": null, "CLASSFP": null, "PCICBSA": null, "MTFCC": null, "FUNCSTAT": null, "ALAND": null, "AWATER": null, "INTPTLAT": null, "INTPTLON": null, "NAME_1": null, "Beat_Nm": null, "FID": null, "Shp__Ar": null, "Shp__Ln": null }, "geometry": { "type": "MultiPolygon", "coordinates": [ [ [ [ -122.30490791395782, 37.808188234977194 ], [ -122.304921201837487, 37.808368955341571 ], [ -122.300449610237024, 37.807774381242417 ], [ -122.2924541999665, 37.805914955846994 ], [ -122.292415064861132, 37.805992305232607 ], [ -122.282722285166301, 37.803763862252843 ], [ -122.282441647878287, 37.804531574795824 ], [ -122.280524917048126, 37.803877312146803 ], [ -122.280627181260073, 37.803409151347473 ], [ -122.281778003089087, 37.801492557145586 ], [ -122.283232197667658, 37.802023956694129 ], [ -122.285225164024382, 37.802646833553467 ], [ -122.286527643931237, 37.80293516099583 ], [ -122.288349337495916, 37.803177698142193 ], [ -122.28955543715594, 37.803134843876265 ], [ -122.291369990910709, 37.803508422620304 ], [ -122.292533259796329, 37.803400698629822 ], [ -122.298976283339528, 37.804882545545979 ], [ -122.300666768973812, 37.802783237373738 ], [ -122.301788200621672, 37.803377955285349 ], [ -122.302695200817951, 37.804069955118585 ], [ -122.303518781660344, 37.804893534071233 ], [ -122.304109201177454, 37.805742955182545 ], [ -122.304460100195442, 37.806444649994553 ], [ -122.304765202201864, 37.807295955363443 ], [ -122.304838201996816, 37.807570954985685 ], [ -122.304901201746006, 37.808096955173326 ], [ -122.30490791395782, 37.808188234977194 ] ] ] ] } },
{ "type": "Feature", "properties": { "STATEFP2": null, "COUNTYF": null, "TRACTCE": null, "BLOCKCE": null, "GEOID20": null, "NAME20": null, "MTFCC20": null, "UR20": null, "UACE20": null, "UATYPE2": null, "FUNCSTAT2": null, "ALAND20": null, "AWATER2": null, "INTPTLAT2": null, "INTPTLON2": null, "Shp_Lng": 6827.4413913099997, "Shap_Ar": 1648050.52825, "PP_Name": "West Oakland S", "FID_mss": -1.0, "APN": null, "APN_SORT": null, "BOOK": null, "PAGE": null, "PARCEL": null, "SUB_PARCE": null, "CLCA_CATE": null, "COMMENTS": null, "DATE_CREA": null, "DATE_UPDA": null, "FID_PARCE": 0.0, "CENTROID_X": 0.0, "CENTROID_Y": 0.0, "SrtPrcl": null, "PrntPrc": null, "TRAPrmr": null, "TRAScnd": null, "SitsStr": null, "StsSt_1": null, "SitsUnt": null, "SitsCty": null, "SitusZp": null, "StsZp_4": null, "Land": 0.0, "Imps": 0.0, "CLCALnd": 0.0, "CLCAImp": 0.0, "HOEX": 0.0, "OTEX": 0.0, "TotlNtV": 0.0, "LatstDc": null, "LtstD_1": null, "LtstD_2": "1899-12-30", "MlngAdd": null, "MlngA_1": null, "MlngA_2": null, "MlngA_3": null, "MlngA_4": null, "UseCode": null, "EconUnt": null, "EcnmcUn": 0.0, "StsAddr": null, "MlngA_5": null, "FID_P_1": 219.0, "FID_m_1": -1.0, "APN_1": null, "APN_SORT_1": null, "BOOK_1": null, "PAGE_1": null, "PARCEL_1": null, "SUB_PARC_1": null, "CLCA_CAT_1": null, "COMMENTS_1": null, "DATE_CRE_1": null, "DATE_UPD_1": null, "FID_PARC_2": 0.0, "CENTROID_1": 0.0, "CENTROID_2": 0.0, "SrtPr_1": null, "PrntP_1": null, "TRAPr_1": null, "TRASc_1": null, "StsSt_2": null, "StsSt_3": null, "StsUnt_": null, "StsCty_": null, "StsZp_1": null, "StsZp_5": null, "Land_1": 0.0, "Imps_1": 0.0, "CLCAL_1": 0.0, "CLCAI_1": 0.0, "HOEX_1": 0.0, "OTEX_1": 0.0, "TtlNt_1": 0.0, "LtstD_3": null, "LtstD_4": null, "LtstD_5": "1899-12-30", "MlngA_6": null, "MlngA_7": null, "MlngA_8": null, "MlngA_9": null, "Mlng_10": null, "UseCd_1": null, "EcnUn_1": null, "Ecnmc_1": 0.0, "StsAd_1": null, "Mlng_11": null, "FID_P_3": 657.0, "APN_12": "7-568-1", "APN_SORT_2": "007 056800100", "BOOK_12": "7", "PAGE_12": "568", "PARCEL_12": "1", "SUB_PARC_2": null, "CLCA_CAT_2": null, "COMMENTS_2": null, "DATE_CRE_2": "2004-06-07", "DATE_UPD_2": "2004-06-07", "EDITOR": "Public Works", "FID_PARC_4": 221607.0, "CENTROID_3": 6043533.3359500002, "CENTROID_4": 2124566.9863399998, "SrtPr_2": "007 056800100", "PrntP_2": "7-568-1", "TRAPr_2": "17", "TRASc_2": "046", "StsSt_4": "1689", "StsSt_5": "20TH ST", "StsUnt1": null, "StsCty1": "OAKLAND", "StsZp_2": "94607", "StsZp_6": null, "Land_12": 0.0, "Imps_12": 0.0, "CLCAL_2": 0.0, "CLCAI_2": 0.0, "HOEX_12": 0.0, "OTEX_12": 0.0, "TtlNt_2": 0.0, "LtstD_6": "TRAN", "LtstD_7": "004886", "LtstD_8": "1969-03-01", "Mlng_12": "250 FRANK H OGAWA PLZ", "Mlng_13": "4", "Mlng_14": "OAKLAND CA", "Mlng_15": "94612", "Mlng_16": "2010", "UsCd_12": "0300", "EcnUn_2": null, "Units": 0.0, "Class": null, "EffctvY": 0.0, "BldngAr": 0.0, "LotSize": 420964.0, "Buldngs": 0.0, "Stories": 0.0, "Rooms": 0.0, "Beds": 0.0, "Acre": null, "LandTyp": null, "Cnfrmty": null, "Additns": 0.0, "YearBlt": 0.0, "Baths": 0.0, "Condo": null, "Elevatr": null, "Pool": null, "Ecnmc_2": 0, "StsAd_2": "1689 20TH ST OAKLAND 94607", "Mlng_17": "250 FRANK H OGAWA PLZ 4 OAKLAND CA 94612", "ID": null, "BID": null, "area_cr": null, "YEAR_ES": null, "CONT_AD": null, "CONT_NA": null, "STATEFP": null, "PLACEFP": null, "PLACENS": null, "GEOID": null, "GEOIDFQ": null, "NAME": null, "NAMELSA": null, "LSAD": null, "CLASSFP": null, "PCICBSA": null, "MTFCC": null, "FUNCSTAT": null, "ALAND": null, "AWATER": null, "INTPTLAT": null, "INTPTLON": null, "NAME_1": null, "Beat_Nm": null, "FID": null, "Shp__Ar": null, "Shp__Ln": null }, "geometry": { "type": "MultiPolygon", "coordinates": [ [ [ [ -122.294150234494282, 37.819144248005557 ], [ -122.293389807013, 37.818841987166145 ], [ -122.291130406631183, 37.821678738445357 ], [ -122.289299754168198, 37.82075270753748 ], [ -122.287290870562927, 37.819724952589638 ], [ -122.282826027106907, 37.818726752840156 ], [ -122.285605577191035, 37.81105885597902 ], [ -122.291184555279884, 37.812331193867763 ], [ -122.290876636156696, 37.813058283112568 ], [ -122.292112681156709, 37.813344406801015 ], [ -122.292368291380924, 37.81260231403958 ], [ -122.292997424693539, 37.812775415771966 ], [ -122.293408719244667, 37.812978565107763 ], [ -122.295454385267547, 37.814009821128401 ], [ -122.29601581794708, 37.813315940108502 ], [ -122.297295043166173, 37.813954319658336 ], [ -122.299565055346449, 37.81111451008239 ], [ -122.300858497303224, 37.811768428283592 ], [ -122.30146304192985, 37.810999012459249 ], [ -122.302527389234669, 37.811534241263864 ], [ -122.303063456185527, 37.811817833699877 ], [ -122.302608780192685, 37.812285848933037 ], [ -122.301809568847347, 37.812916534477971 ], [ -122.297411207908837, 37.816111688507135 ], [ -122.296000526824344, 37.817140668224098 ], [ -122.295684760018787, 37.817378726294677 ], [ -122.295488923693611, 37.817563051132019 ], [ -122.295066566389721, 37.81801784492523 ], [ -122.294150234494282, 37.819144248005557 ] ] ] ] } },
{ "type": "Feature", "properties": { "STATEFP2": null, "COUNTYF": null, "TRACTCE": null, "BLOCKCE": null, "GEOID20": null, "NAME20": null, "MTFCC20": null, "UR20": null, "UACE20": null, "UATYPE2": null, "FUNCSTAT2": null, "ALAND20": null, "AWATER2": null, "INTPTLAT2": null, "INTPTLON2": null, "Shp_Lng": 4527.1578084000002, "Shap_Ar": 770505.32625799999, "PP_Name": "Little Saigon", "FID_mss": null, "APN": null, "APN_SORT": null, "BOOK": null, "PAGE": null, "PARCEL": null, "SUB_PARCE": null, "CLCA_CATE": null, "COMMENTS": null, "DATE_CREA": null, "DATE_UPDA": null, "FID_PARCE": null, "CENTROID_X": null, "CENTROID_Y": null, "SrtPrcl": null, "PrntPrc": null, "TRAPrmr": null, "TRAScnd": null, "SitsStr": null, "StsSt_1": null, "SitsUnt": null, "SitsCty": null, "SitusZp": null, "StsZp_4": null, "Land": null, "Imps": null, "CLCALnd": null, "CLCAImp": null, "HOEX": null, "OTEX": null, "TotlNtV": null, "LatstDc": null, "LtstD_1": null, "LtstD_2": null, "MlngAdd": null, "MlngA_1": null, "MlngA_2": null, "MlngA_3": null, "MlngA_4": null, "UseCode": null, "EconUnt": null, "EcnmcUn": null, "StsAddr": null, "MlngA_5": null, "FID_P_1": null, "FID_m_1": null, "APN_1": null, "APN_SORT_1": null, "BOOK_1": null, "PAGE_1": null, "PARCEL_1": null, "SUB_PARC_1": null, "CLCA_CAT_1": null, "COMMENTS_1": null, "DATE_CRE_1": null, "DATE_UPD_1": null, "FID_PARC_2": null, "CENTROID_1": null, "CENTROID_2": null, "SrtPr_1": null, "PrntP_1": null, "TRAPr_1": null, "TRASc_1": null, "StsSt_2": null, "StsSt_3": null, "StsUnt_": null, "StsCty_": null, "StsZp_1": null, "StsZp_5": null, "Land_1": null, "Imps_1": null, "CLCAL_1": null, "CLCAI_1": null, "HOEX_1": null, "OTEX_1": null, "TtlNt_1": null, "LtstD_3": null, "LtstD_4": null, "LtstD_5": null, "MlngA_6": null, "MlngA_7": null, "MlngA_8": null, "MlngA_9": null, "Mlng_10": null, "UseCd_1": null, "EcnUn_1": null, "Ecnmc_1": null, "StsAd_1": null, "Mlng_11": null, "FID_P_3": null, "APN_12": null, "APN_SORT_2": null, "BOOK_12": null, "PAGE_12": null, "PARCEL_12": null, "SUB_PARC_2": null, "CLCA_CAT_2": null, "COMMENTS_2": null, "DATE_CRE_2": null, "DATE_UPD_2": null, "EDITOR": null, "FID_PARC_4": null, "CENTROID_3": null, "CENTROID_4": null, "SrtPr_2": null, "PrntP_2": null, "TRAPr_2": null, "TRASc_2": null, "StsSt_4": null, "StsSt_5": null, "StsUnt1": null, "StsCty1": null, "StsZp_2": null, "StsZp_6": null, "Land_12": null, "Imps_12": null, "CLCAL_2": null, "CLCAI_2": null, "HOEX_12": null, "OTEX_12": null, "TtlNt_2": null, "LtstD_6": null, "LtstD_7": null, "LtstD_8": null, "Mlng_12": null, "Mlng_13": null, "Mlng_14": null, "Mlng_15": null, "Mlng_16": null, "UsCd_12": null, "EcnUn_2": null, "Units": null, "Class": null, "EffctvY": null, "BldngAr": null, "LotSize": null, "Buldngs": null, "Stories": null, "Rooms": null, "Beds": null, "Acre": null, "LandTyp": null, "Cnfrmty": null, "Additns": null, "YearBlt": null, "Baths": null, "Condo": null, "Elevatr": null, "Pool": null, "Ecnmc_2": null, "StsAd_2": null, "Mlng_17": null, "ID": 1012.0, "BID": "Feasibility Little Saigon", "area_cr": 119.0, "YEAR_ES": 2022, "CONT_AD": "Oakland Vietnamese Chamber of Commerce", "CONT_NA": "Jennifer Tran", "STATEFP": null, "PLACEFP": null, "PLACENS": null, "GEOID": null, "GEOIDFQ": null, "NAME": null, "NAMELSA": null, "LSAD": null, "CLASSFP": null, "PCICBSA": null, "MTFCC": null, "FUNCSTAT": null, "ALAND": null, "AWATER": null, "INTPTLAT": null, "INTPTLON": null, "NAME_1": null, "Beat_Nm": null, "FID": null, "Shp__Ar": null, "Shp__Ln": null }, "geometry": { "type": "MultiPolygon", "coordinates": [ [ [ [ -122.258917741315841, 37.797318279913519 ], [ -122.256078875473492, 37.799319780510132 ], [ -122.245506425926592, 37.789817958981637 ], [ -122.244804812943613, 37.789373658617734 ], [ -122.246020953073554, 37.78814316276091 ], [ -122.246703500212959, 37.788465722329335 ], [ -122.247508264943377, 37.788245174967884 ], [ -122.250042100644478, 37.78934092535065 ], [ -122.258917741315841, 37.797318279913519 ] ] ] ] } },
{ "type": "Feature", "properties": { "STATEFP2": null, "COUNTYF": null, "TRACTCE": null, "BLOCKCE": null, "GEOID20": null, "NAME20": null, "MTFCC20": null, "UR20": null, "UACE20": null, "UATYPE2": null, "FUNCSTAT2": null, "ALAND20": null, "AWATER2": null, "INTPTLAT2": null, "INTPTLON2": null, "Shp_Lng": 17963.774412700001, "Shap_Ar": 7417222.9788300004, "PP_Name": "Hegenberger_BID", "FID_mss": null, "APN": null, "APN_SORT": null, "BOOK": null, "PAGE": null, "PARCEL": null, "SUB_PARCE": null, "CLCA_CATE": null, "COMMENTS": null, "DATE_CREA": null, "DATE_UPDA": null, "FID_PARCE": null, "CENTROID_X": null, "CENTROID_Y": null, "SrtPrcl": null, "PrntPrc": null, "TRAPrmr": null, "TRAScnd": null, "SitsStr": null, "StsSt_1": null, "SitsUnt": null, "SitsCty": null, "SitusZp": null, "StsZp_4": null, "Land": null, "Imps": null, "CLCALnd": null, "CLCAImp": null, "HOEX": null, "OTEX": null, "TotlNtV": null, "LatstDc": null, "LtstD_1": null, "LtstD_2": null, "MlngAdd": null, "MlngA_1": null, "MlngA_2": null, "MlngA_3": null, "MlngA_4": null, "UseCode": null, "EconUnt": null, "EcnmcUn": null, "StsAddr": null, "MlngA_5": null, "FID_P_1": null, "FID_m_1": null, "APN_1": null, "APN_SORT_1": null, "BOOK_1": null, "PAGE_1": null, "PARCEL_1": null, "SUB_PARC_1": null, "CLCA_CAT_1": null, "COMMENTS_1": null, "DATE_CRE_1": null, "DATE_UPD_1": null, "FID_PARC_2": null, "CENTROID_1": null, "CENTROID_2": null, "SrtPr_1": null, "PrntP_1": null, "TRAPr_1": null, "TRASc_1": null, "StsSt_2": null, "StsSt_3": null, "StsUnt_": null, "StsCty_": null, "StsZp_1": null, "StsZp_5": null, "Land_1": null, "Imps_1": null, "CLCAL_1": null, "CLCAI_1": null, "HOEX_1": null, "OTEX_1": null, "TtlNt_1": null, "LtstD_3": null, "LtstD_4": null, "LtstD_5": null, "MlngA_6": null, "MlngA_7": null, "MlngA_8": null, "MlngA_9": null, "Mlng_10": null, "UseCd_1": null, "EcnUn_1": null, "Ecnmc_1": null, "StsAd_1": null, "Mlng_11": null, "FID_P_3": null, "APN_12": null, "APN_SORT_2": null, "BOOK_12": null, "PAGE_12": null, "PARCEL_12": null, "SUB_PARC_2": null, "CLCA_CAT_2": null, "COMMENTS_2": null, "DATE_CRE_2": null, "DATE_UPD_2": null, "EDITOR": null, "FID_PARC_4": null, "CENTROID_3": null, "CENTROID_4": null, "SrtPr_2": null, "PrntP_2": null, "TRAPr_2": null, "TRASc_2": null, "StsSt_4": null, "StsSt_5": null, "StsUnt1": null, "StsCty1": null, "StsZp_2": null, "StsZp_6": null, "Land_12": null, "Imps_12": null, "CLCAL_2": null, "CLCAI_2": null, "HOEX_12": null, "OTEX_12": null, "TtlNt_2": null, "LtstD_6": null, "LtstD_7": null, "LtstD_8": null, "Mlng_12": null, "Mlng_13": null, "Mlng_14": null, "Mlng_15": null, "Mlng_16": null, "UsCd_12": null, "EcnUn_2": null, "Units": null, "Class": null, "EffctvY": null, "BldngAr": null, "LotSize": null, "Buldngs": null, "Stories": null, "Rooms": null, "Beds": null, "Acre": null, "LandTyp": null, "Cnfrmty": null, "Additns": null, "YearBlt": null, "Baths": null, "Condo": null, "Elevatr": null, "Pool": null, "Ecnmc_2": null, "StsAd_2": null, "Mlng_17": null, "ID": null, "BID": null, "area_cr": null, "YEAR_ES": null, "CONT_AD": null, "CONT_NA": null, "STATEFP": null, "PLACEFP": null, "PLACENS": null, "GEOID": null, "GEOIDFQ": null, "NAME": null, "NAMELSA": null, "LSAD": null, "CLASSFP": null, "PCICBSA": null, "MTFCC": null, "FUNCSTAT": null, "ALAND": null, "AWATER": null, "INTPTLAT": null, "INTPTLON": null, "NAME_1": null, "Beat_Nm": null, "FID": null, "Shp__Ar": null, "Shp__Ln": null }, "geometry": { "type": "MultiPolygon", "coordinates": [ [ [ [ -122.204429171912778, 37.76157572671714 ], [ -122.203088032109378, 37.760684260507659 ], [ -122.202732529225599, 37.760486072196677 ], [ -122.202497547913552, 37.760366284002359 ], [ -122.202484074082605, 37.760375743719443 ], [ -122.202332793297202, 37.760298631365863 ], [ -122.202346270721407, 37.760289171638973 ], [ -122.202043720828641, 37.760134943830181 ], [ -122.201464693745962, 37.75983977142927 ], [ -122.201353730248798, 37.759717402759243 ], [ -122.199229711370194, 37.758102820878349 ], [ -122.200459642436414, 37.757080274396479 ], [ -122.200470002706581, 37.757073292217832 ], [ -122.200497633088105, 37.757055316531492 ], [ -122.200525656033392, 37.757037728621441 ], [ -122.200554057169413, 37.757020527777776 ], [ -122.200582836496153, 37.757003723943818 ], [ -122.200611977843991, 37.756987320670895 ], [ -122.19963588642257, 37.755638359905895 ], [ -122.199063074783325, 37.755122684606555 ], [ -122.198765961494686, 37.75485520443069 ], [ -122.198405132499573, 37.754530362499949 ], [ -122.19801602543761, 37.754180058872883 ], [ -122.197878636199746, 37.754056370430391 ], [ -122.197767755347598, 37.753956546203483 ], [ -122.196982783197825, 37.75448207789556 ], [ -122.196987742796509, 37.754486682417024 ], [ -122.196988473126851, 37.754487441669411 ], [ -122.196989175609374, 37.754488222229192 ], [ -122.19698991941442, 37.754489126371602 ], [ -122.196990846475813, 37.754490360067948 ], [ -122.196991620823582, 37.754491524160159 ], [ -122.196992141846451, 37.754492387818587 ], [ -122.196992622445137, 37.75449326781267 ], [ -122.196993064416233, 37.754494162721826 ], [ -122.196993465963175, 37.75449506331298 ], [ -122.19699387379832, 37.754496093168797 ], [ -122.196994331040813, 37.754497484539463 ], [ -122.196994672400606, 37.754498775765519 ], [ -122.196994889792919, 37.754499838292546 ], [ -122.196995105388581, 37.754501266595888 ], [ -122.196995215881358, 37.754502583390718 ], [ -122.196995247322377, 37.754503541511596 ], [ -122.196995234745984, 37.754504500342733 ], [ -122.196995180847054, 37.75450545704313 ], [ -122.196995038014933, 37.754506769576395 ], [ -122.196994864640104, 37.754507840626282 ], [ -122.196994665214078, 37.754508785252483 ], [ -122.19699442356729, 37.754509725617176 ], [ -122.196994101970418, 37.754510771098133 ], [ -122.19699364293129, 37.754512038885885 ], [ -122.196993206350058, 37.754513058798018 ], [ -122.19699260807208, 37.754514289652938 ], [ -122.196992059201463, 37.754515275473288 ], [ -122.196991332464364, 37.754516461582703 ], [ -122.19699075305104, 37.754517298961758 ], [ -122.196990058653341, 37.754518226541975 ], [ -122.196989156744763, 37.754519333103921 ], [ -122.196988359939098, 37.754520206705422 ], [ -122.196987240638251, 37.754521338125912 ], [ -122.196986145591922, 37.754522331758835 ], [ -122.196985317345238, 37.754523024958104 ], [ -122.196984341774836, 37.754523774976931 ], [ -122.196982994301905, 37.754524733807798 ], [ -122.195416577686487, 37.755530626501283 ], [ -122.19498283423637, 37.755104741117307 ], [ -122.195012591828487, 37.75508563212037 ], [ -122.194951821697842, 37.755018693417803 ], [ -122.19491758780066, 37.755040676773973 ], [ -122.194770457231868, 37.754896206685501 ], [ -122.194764339704776, 37.7548900844033 ], [ -122.194758921066978, 37.754884442954115 ], [ -122.194753621905107, 37.754878732611104 ], [ -122.194748452100654, 37.754872944851321 ], [ -122.194743409856969, 37.754867089618074 ], [ -122.194738496970672, 37.754861164070398 ], [ -122.194733714340103, 37.754855170339034 ], [ -122.194729064660194, 37.75484911552639 ], [ -122.194724548829271, 37.754842991109584 ], [ -122.194720169542265, 37.754836810583079 ], [ -122.194715924104202, 37.754830565424001 ], [ -122.194711819701695, 37.754824268416776 ], [ -122.194707851843063, 37.754817911038359 ], [ -122.194704027714934, 37.7548114975503 ], [ -122.194700341028991, 37.754805037895899 ], [ -122.19469680256509, 37.754798527103503 ], [ -122.194693400645093, 37.754791963752595 ], [ -122.194690146947124, 37.754785358496775 ], [ -122.194687036979644, 37.754778706364341 ], [ -122.194684078827407, 37.754772013747484 ], [ -122.194681264405617, 37.754765280646133 ], [ -122.194678599104165, 37.75475850990135 ], [ -122.19467608022812, 37.754751703643834 ], [ -122.19465476410474, 37.754691479991649 ], [ -122.194425436789103, 37.754438871518133 ], [ -122.19435243699418, 37.754485747733987 ], [ -122.194065054256697, 37.754203563829833 ], [ -122.193916772945997, 37.754057961389456 ], [ -122.194019653402236, 37.75399189039311 ], [ -122.193958883271563, 37.753924950700977 ], [ -122.193851529205233, 37.753993895429446 ], [ -122.193713386280848, 37.753858250303082 ], [ -122.193825453807491, 37.753777974084478 ], [ -122.193432783128813, 37.753345432742684 ], [ -122.193283950252521, 37.753440955066431 ], [ -122.192815371034044, 37.752982441815952 ], [ -122.192997273590862, 37.752865700565522 ], [ -122.19166837692643, 37.751401845933351 ], [ -122.191973139369722, 37.74990360422732 ], [ -122.189649425901791, 37.751000381746984 ], [ -122.188150825802111, 37.749893386002498 ], [ -122.187603619741708, 37.750156050612851 ], [ -122.187530775355327, 37.750062650650456 ], [ -122.186487153980735, 37.748664434234605 ], [ -122.185022247890743, 37.748337908694623 ], [ -122.183351147900296, 37.74628809712631 ], [ -122.183072991759104, 37.745946891420658 ], [ -122.182417805506617, 37.745141296882217 ], [ -122.182045381057804, 37.744683363695557 ], [ -122.182799891336316, 37.74414301423451 ], [ -122.182028281626373, 37.74343689480375 ], [ -122.181175274670252, 37.742671773356335 ], [ -122.180499510709552, 37.742025250198608 ], [ -122.180243845688125, 37.741811033619065 ], [ -122.180065627122289, 37.741648420460351 ], [ -122.179831568380052, 37.741824603050645 ], [ -122.179704284290807, 37.741717953445757 ], [ -122.179708049130184, 37.741715119787656 ], [ -122.178903906932234, 37.741041327657172 ], [ -122.178900343315519, 37.741037762287391 ], [ -122.178897614233648, 37.741033762878587 ], [ -122.178895800535116, 37.741029450904776 ], [ -122.178894957915375, 37.74102495565397 ], [ -122.178895110628972, 37.741020412807828 ], [ -122.178896255980959, 37.741015958758275 ], [ -122.178898357140397, 37.741011729186866 ], [ -122.178901353021885, 37.74100785125075 ], [ -122.178905151098917, 37.741004440741101 ], [ -122.179183762685952, 37.740794722155336 ], [ -122.179187766477185, 37.740792147749467 ], [ -122.179192231104139, 37.740790103284724 ], [ -122.179197046074066, 37.740788637777129 ], [ -122.179202093707644, 37.740787788876716 ], [ -122.179207246444108, 37.740787577184342 ], [ -122.179212376722703, 37.740788007672812 ], [ -122.179217358779283, 37.740789070396701 ], [ -122.179222067747986, 37.740790738361689 ], [ -122.179226386847859, 37.740792970365924 ], [ -122.179230209179423, 37.740795710999969 ], [ -122.179245672778706, 37.740808668983263 ], [ -122.179367839165764, 37.740716708525433 ], [ -122.179340544754183, 37.74068945914501 ], [ -122.179014653037115, 37.740426216073878 ], [ -122.179015454334333, 37.740419720355099 ], [ -122.179017540222418, 37.74041340649314 ], [ -122.179020859497371, 37.740407430771803 ], [ -122.179025326819286, 37.740401943791881 ], [ -122.179030832593654, 37.740397081946568 ], [ -122.179040440075639, 37.740389849560366 ], [ -122.178969123723547, 37.740318650193316 ], [ -122.178967709775279, 37.740319715055072 ], [ -122.17896651950754, 37.74031871910033 ], [ -122.178962330663367, 37.740321392265656 ], [ -122.178957645050843, 37.740323487180433 ], [ -122.17895258933244, 37.740324947014194 ], [ -122.178947299153734, 37.740325733406365 ], [ -122.178941917346847, 37.740325823624786 ], [ -122.178936589438891, 37.740325216959143 ], [ -122.178931460058635, 37.740323928327292 ], [ -122.178926665749955, 37.740321992537957 ], [ -122.178922336768593, 37.740319462869678 ], [ -122.178918589895545, 37.740316407519032 ], [ -122.178915525742113, 37.740312907469438 ], [ -122.17879402410837, 37.740147153257567 ], [ -122.178789085170934, 37.740138907840539 ], [ -122.178785934779228, 37.740130131766321 ], [ -122.178784658273202, 37.740121064433886 ], [ -122.178785291585484, 37.740111955187736 ], [ -122.178787815851436, 37.74010305266205 ], [ -122.178792163697409, 37.740094601939262 ], [ -122.17879821474915, 37.74008683460459 ], [ -122.178805803716699, 37.740079963062975 ], [ -122.179146783537291, 37.739818981825366 ], [ -122.179211329287099, 37.739771665824193 ], [ -122.179242878119837, 37.739750462199076 ], [ -122.179442167569022, 37.73957987040275 ], [ -122.179433637167065, 37.739574332213493 ], [ -122.179532495865772, 37.739497108671145 ], [ -122.17960517047058, 37.739440339306803 ], [ -122.18155543002041, 37.737770890066479 ], [ -122.184348742294674, 37.740392508515534 ], [ -122.184715731936009, 37.740100700582168 ], [ -122.184692927304212, 37.740080816233885 ], [ -122.185012325998414, 37.739850386573707 ], [ -122.185016807693358, 37.739847155028016 ], [ -122.18520878575444, 37.739708651655889 ], [ -122.185495086022001, 37.739958292698716 ], [ -122.185592100479425, 37.740348779595521 ], [ -122.185902642683246, 37.740313649818134 ], [ -122.186290829870345, 37.74004032861253 ], [ -122.186549621927284, 37.739858113441194 ], [ -122.186689732162151, 37.739759463510921 ], [ -122.187048004551968, 37.73950720188207 ], [ -122.187096508187423, 37.739332830245701 ], [ -122.187222751129255, 37.738878983546499 ], [ -122.18724599503723, 37.738795417573371 ], [ -122.187257663254428, 37.738753470805072 ], [ -122.187292195392303, 37.738629323945553 ], [ -122.187326729326756, 37.738505173325841 ], [ -122.187448254316706, 37.738068278164654 ], [ -122.187555355956462, 37.737683233031028 ], [ -122.193880702892386, 37.739305559754477 ], [ -122.193871549059637, 37.739292642710758 ], [ -122.194684934921867, 37.739511827226252 ], [ -122.192588531153433, 37.735842567604728 ], [ -122.192864683153232, 37.735888521392759 ], [ -122.193033925752744, 37.735916685434852 ], [ -122.193203164759012, 37.73594484733497 ], [ -122.193372408256877, 37.735973009934753 ], [ -122.193637391502762, 37.736017105886468 ], [ -122.194738128661413, 37.73524231054558 ], [ -122.195350634158089, 37.73439417924385 ], [ -122.195396803072114, 37.734222363094283 ], [ -122.195423388712967, 37.73412342076724 ], [ -122.195438365425389, 37.734067683816157 ], [ -122.195479899930859, 37.733913110070937 ], [ -122.195518359503126, 37.733769983392683 ], [ -122.195521626675813, 37.733757823427268 ], [ -122.195563739696325, 37.733601091410968 ], [ -122.195582939388899, 37.733529634727077 ], [ -122.195555134734207, 37.733413291191034 ], [ -122.195520392390605, 37.733267926342393 ], [ -122.195516307751021, 37.73325083151407 ], [ -122.195471734244933, 37.733064330531228 ], [ -122.191946524084486, 37.730431278207938 ], [ -122.192357928230095, 37.73026201697752 ], [ -122.192358388167506, 37.730262731718305 ], [ -122.193071328906242, 37.729970974798995 ], [ -122.193070055095177, 37.729969020976903 ], [ -122.193274128971524, 37.729887982786984 ], [ -122.201337450080899, 37.726588147410517 ], [ -122.201338896368526, 37.726587576868447 ], [ -122.201339939312561, 37.726587193901807 ], [ -122.201341010104386, 37.726586835092661 ], [ -122.201342451900402, 37.726586386048275 ], [ -122.201343905374529, 37.726585977503206 ], [ -122.20134537681497, 37.726585607325795 ], [ -122.201346870713294, 37.726585284042315 ], [ -122.201347992709088, 37.72658506662524 ], [ -122.201349126382979, 37.726584871944652 ], [ -122.201350263650127, 37.726584701421451 ], [ -122.201351409002143, 37.726584556476737 ], [ -122.201352557049049, 37.726584432136939 ], [ -122.201353710485876, 37.72658433621767 ], [ -122.201355251096572, 37.726584239587872 ], [ -122.201356795300541, 37.726584189851948 ], [ -122.201358337707887, 37.726584178483705 ], [ -122.201359883708506, 37.726584216851435 ], [ -122.201361424319217, 37.726584290744789 ], [ -122.201362578654368, 37.726584375295872 ], [ -122.20136372849791, 37.726584488267484 ], [ -122.201365254735592, 37.72658466944835 ], [ -122.201366774685042, 37.726584894681039 ], [ -122.201368281159787, 37.726585163965559 ], [ -122.201369404053878, 37.726585389198249 ], [ -122.201370516168197, 37.726585640009425 ], [ -122.201371994795181, 37.72658601373935 ], [ -122.201373445574347, 37.726586424416006 ], [ -122.201374884675445, 37.726586876302427 ], [ -122.201375944687484, 37.72658723937468 ], [ -122.201376997512995, 37.726587625893842 ], [ -122.201378380020216, 37.726588180094147 ], [ -122.201379734679648, 37.726588764135975 ], [ -122.20138106688124, 37.72658938796652 ], [ -122.201382368540052, 37.726590050164845 ], [ -122.201383639656186, 37.726590748599257 ], [ -122.201384572107443, 37.726591290010298 ], [ -122.201385487490725, 37.726591856999811 ], [ -122.201386677758478, 37.726592638564277 ], [ -122.201387833890266, 37.726593451391317 ], [ -122.201388953191099, 37.726594300454536 ], [ -122.201389767064754, 37.72659495341609 ], [ -122.201390561175444, 37.726595623429986 ], [ -122.201391581661639, 37.726596544965481 ], [ -122.201392320076792, 37.726597254057545 ], [ -122.201393035135766, 37.726597977359901 ], [ -122.201393730431775, 37.72659871487248 ], [ -122.201394394286766, 37.726599468726874 ], [ -122.201395244093021, 37.726600494707768 ], [ -122.201396049881865, 37.726601537740926 ], [ -122.201396624803635, 37.726602339910194 ], [ -122.201397171877616, 37.726603149895077 ], [ -122.201397857292193, 37.726604247637731 ], [ -122.201398495994354, 37.726605367406279 ], [ -122.201398943355386, 37.726606215048314 ], [ -122.201399357478721, 37.726607074058535 ], [ -122.201399750940809, 37.726607939463364 ], [ -122.201400113860188, 37.726608813394378 ], [ -122.201400444440225, 37.726609695140986 ], [ -122.201400745375835, 37.726610586834795 ], [ -122.201401022056942, 37.726611477818054 ], [ -122.201401267297015, 37.726612378037977 ], [ -122.201401478401124, 37.726613284652508 ], [ -122.201401661657428, 37.726614190556489 ], [ -122.201401817065971, 37.726615102855142 ], [ -122.201401941931778, 37.726616016574731 ], [ -122.201402056017841, 37.726617242209564 ], [ -122.201402126086421, 37.726618469265318 ], [ -122.201402139561139, 37.726619389379536 ], [ -122.201402066797613, 37.72662258313494 ], [ -122.202008426021138, 37.726945722969262 ], [ -122.202008950637264, 37.726945636997598 ], [ -122.202014881314781, 37.726944748860397 ], [ -122.202020828161935, 37.726943941010759 ], [ -122.202026794772067, 37.72694321700132 ], [ -122.202032773958592, 37.726942576121488 ], [ -122.202038767518175, 37.726942019792325 ], [ -122.20204477365418, 37.726941543040226 ], [ -122.202050789671617, 37.726941150838798 ], [ -122.20205681018065, 37.726940844609068 ], [ -122.202062839672834, 37.72694062008798 ], [ -122.202068870961654, 37.726940477986048 ], [ -122.202074904945434, 37.726940421145251 ], [ -122.202080939827511, 37.726940446723617 ], [ -122.202086973811276, 37.726940556852597 ], [ -122.202093002405121, 37.726940750111311 ], [ -122.20209902650744, 37.726941028631103 ], [ -122.202105041626581, 37.726941388859586 ], [ -122.202111054949071, 37.726941830086176 ], [ -122.202117053898547, 37.726942361547501 ], [ -122.202123036678358, 37.726942969743902 ], [ -122.202129011373316, 37.726943663201446 ], [ -122.202134963610391, 37.726944436946617 ], [ -122.202140900576083, 37.726945296663438 ], [ -122.202146817778868, 37.726946238088871 ], [ -122.202152717015338, 37.726947259801882 ], [ -122.202158586607396, 37.726948364644542 ], [ -122.202164434639883, 37.726949549064251 ], [ -122.202170255722947, 37.726950813771523 ], [ -122.202176048958194, 37.726952160897966 ], [ -122.202181808057475, 37.726953588311915 ], [ -122.202187534817426, 37.726955093881948 ], [ -122.202193231932966, 37.72695667831848 ], [ -122.202198889522649, 37.726958343042604 ], [ -122.202204514772916, 37.72696008308067 ], [ -122.202210096904111, 37.726961903406306 ], [ -122.202215639509404, 37.726963801177433 ], [ -122.202221138097258, 37.726965776394103 ], [ -122.202226593565982, 37.726967823372121 ], [ -122.202232002322319, 37.726969948506181 ], [ -122.202237365264537, 37.726972148243625 ], [ -122.2022426805961, 37.726974422584547 ], [ -122.202247939333759, 37.726976768686839 ], [ -122.202253147765788, 37.726979187971516 ], [ -122.202258304993819, 37.726981679017605 ], [ -122.202263406526342, 37.726984242535515 ], [ -122.202268449668338, 37.726986874972759 ], [ -122.202273433521555, 37.726989577039838 ], [ -122.207301226911625, 37.729766297093676 ], [ -122.206720219043746, 37.731193852673591 ], [ -122.206779767465619, 37.731215532632106 ], [ -122.206812649398273, 37.731228282704066 ], [ -122.20684524476836, 37.731241483921309 ], [ -122.206877545491025, 37.731255136994143 ], [ -122.206909538989876, 37.731269234817631 ], [ -122.206941220773317, 37.731283773128659 ], [ -122.20697258006156, 37.731298750506028 ], [ -122.207003597091699, 37.73131415842392 ], [ -122.207034278151909, 37.731329994040159 ], [ -122.207064602580942, 37.731346253091637 ], [ -122.207094569480518, 37.73136293131536 ], [ -122.207124158189345, 37.731380018764384 ], [ -122.207153375893952, 37.731397516149002 ], [ -122.207182199238176, 37.731415417074636 ], [ -122.207210626425351, 37.73143371372592 ], [ -122.207238647573988, 37.731452400418789 ], [ -122.207266251904372, 37.731471472890199 ], [ -122.20735172211208, 37.731533355903643 ], [ -122.207421715245744, 37.731586019868899 ], [ -122.207490540569552, 37.731639645765981 ], [ -122.207558176523932, 37.731694220093956 ], [ -122.207624603345934, 37.731749720826308 ], [ -122.207689798577661, 37.731806135172661 ], [ -122.207753746049477, 37.731863446079863 ], [ -122.207816423303484, 37.731921632231852 ], [ -122.207877813271679, 37.731980677996546 ], [ -122.207937898886087, 37.732040566320727 ], [ -122.207996656790513, 37.732101279440926 ], [ -122.20805407081528, 37.732162796751702 ], [ -122.208077346164274, 37.732189998828019 ], [ -122.208094654004867, 37.732211123626186 ], [ -122.208111497416425, 37.732232491395358 ], [ -122.208127864720922, 37.732254085794708 ], [ -122.208143753223354, 37.732275903982256 ], [ -122.208159162923721, 37.732297943826396 ], [ -122.208174085737227, 37.732320185434077 ], [ -122.20818851896891, 37.732342634488823 ], [ -122.208202454533904, 37.732365281044032 ], [ -122.208215887042343, 37.732388115863529 ], [ -122.208228821884106, 37.732411135394941 ], [ -122.20824124917776, 37.732434328270692 ], [ -122.208253160838424, 37.732457690227932 ], [ -122.208304900205533, 37.732554539646323 ], [ -122.208330588429405, 37.732606219614972 ], [ -122.208355136691168, 37.732658245539099 ], [ -122.208378536906011, 37.732710603919372 ], [ -122.208400782785688, 37.73276327841463 ], [ -122.208854485004778, 37.733858776087366 ], [ -122.206914645013967, 37.734912484083999 ], [ -122.206881478315339, 37.73493049996047 ], [ -122.206879673599943, 37.734928421233043 ], [ -122.203421689762081, 37.736801381425138 ], [ -122.203051505711613, 37.737357787174801 ], [ -122.203658757860524, 37.738050521638485 ], [ -122.20399337132072, 37.738432228825566 ], [ -122.204327529335032, 37.738813409772327 ], [ -122.204662388035302, 37.73919538581648 ], [ -122.205961309715306, 37.74067703889699 ], [ -122.206401097928946, 37.741172867588645 ], [ -122.20686114674551, 37.741691534854404 ], [ -122.206828738225013, 37.741709480175544 ], [ -122.207024499091744, 37.74193500678593 ], [ -122.207059651965423, 37.741915407076775 ], [ -122.207059850493096, 37.741915631552509 ], [ -122.207084820963075, 37.741943871441912 ], [ -122.207650592505402, 37.742583707984387 ], [ -122.207649519916956, 37.742584306107275 ], [ -122.207608135430149, 37.742607380717949 ], [ -122.207647884983146, 37.742652332962692 ], [ -122.207646736037901, 37.742652973706612 ], [ -122.207643799445222, 37.742654610373805 ], [ -122.207237504018636, 37.742881149914815 ], [ -122.20702936257068, 37.742997202243991 ], [ -122.206530856876796, 37.743275149716617 ], [ -122.206115515415291, 37.743506725877133 ], [ -122.206115440855115, 37.743506681125062 ], [ -122.205392885447907, 37.743909537755556 ], [ -122.205356474932827, 37.743912484985124 ], [ -122.204886055066311, 37.744185146189999 ], [ -122.204932854597658, 37.744238461775595 ], [ -122.202703686118426, 37.745472758416746 ], [ -122.201828082041317, 37.745957560537938 ], [ -122.20114254530867, 37.746740317226354 ], [ -122.201600735510894, 37.747262406842857 ], [ -122.201678987755301, 37.74731666848129 ], [ -122.201738351124234, 37.747384305997173 ], [ -122.20183727001006, 37.747329567787567 ], [ -122.202771597855573, 37.748318687852816 ], [ -122.205056840073169, 37.750922371771331 ], [ -122.204937252749303, 37.75098854991964 ], [ -122.205091457550949, 37.75116423225974 ], [ -122.205803149631436, 37.752223839158233 ], [ -122.20585669281563, 37.752306918353639 ], [ -122.205882797857797, 37.752350138050559 ], [ -122.205907952482363, 37.752393709303711 ], [ -122.205932139621396, 37.752437623589195 ], [ -122.20595536466476, 37.752481868121734 ], [ -122.205977611442762, 37.752526425854377 ], [ -122.205998876362187, 37.752571289683893 ], [ -122.206019150439815, 37.752616434040256 ], [ -122.206038428285822, 37.752661856081943 ], [ -122.20605670630691, 37.752707537341514 ], [ -122.206073979113199, 37.752753463613324 ], [ -122.20609023592489, 37.752799624953248 ], [ -122.206105478538618, 37.752846003604283 ], [ -122.206119697072936, 37.752892586781364 ], [ -122.206132890629505, 37.752939360989153 ], [ -122.20614505561511, 37.752986308470746 ], [ -122.206235231198264, 37.753350420163088 ], [ -122.207956423943884, 37.754973873686701 ], [ -122.207712118119233, 37.755070084261192 ], [ -122.207371252384661, 37.755204320893476 ], [ -122.206999395671104, 37.75535075986793 ], [ -122.206626175314966, 37.755497736201058 ], [ -122.206130739164422, 37.755692841256817 ], [ -122.205892282270554, 37.75578380014386 ], [ -122.205638847765968, 37.755883411676749 ], [ -122.205005325284901, 37.756132412223188 ], [ -122.204846946012111, 37.756194663116631 ], [ -122.204484953698682, 37.756336936776215 ], [ -122.204301711753786, 37.756408957380934 ], [ -122.204265029049154, 37.756420441750734 ], [ -122.204244827735025, 37.756426313196272 ], [ -122.204224498860142, 37.756431900550588 ], [ -122.204204053204279, 37.756437208785407 ], [ -122.204183493462381, 37.756442230088282 ], [ -122.204162823227705, 37.756446968010337 ], [ -122.204142056873252, 37.756451416159656 ], [ -122.203415284774124, 37.757046911778062 ], [ -122.204725740822397, 37.758180393606409 ], [ -122.20683158768108, 37.760001731009567 ], [ -122.206780489711093, 37.760038764699154 ], [ -122.205735674475505, 37.760796069970418 ], [ -122.205684484877352, 37.760753284869466 ], [ -122.204429171912778, 37.76157572671714 ] ] ] ] } },
{ "type": "Feature", "properties": { "STATEFP2": null, "COUNTYF": null, "TRACTCE": null, "BLOCKCE": null, "GEOID20": null, "NAME20": null, "MTFCC20": null, "UR20": null, "UACE20": null, "UATYPE2": null, "FUNCSTAT2": null, "ALAND20": null, "AWATER2": null, "INTPTLAT2": null, "INTPTLON2": null, "Shp_Lng": null, "Shap_Ar": null, "PP_Name": "Beat19x", "FID_mss": null, "APN": null, "APN_SORT": null, "BOOK": null, "PAGE": null, "PARCEL": null, "SUB_PARCE": null, "CLCA_CATE": null, "COMMENTS": null, "DATE_CREA": null, "DATE_UPDA": null, "FID_PARCE": null, "CENTROID_X": null, "CENTROID_Y": null, "SrtPrcl": null, "PrntPrc": null, "TRAPrmr": null, "TRAScnd": null, "SitsStr": null, "StsSt_1": null, "SitsUnt": null, "SitsCty": null, "SitusZp": null, "StsZp_4": null, "Land": null, "Imps": null, "CLCALnd": null, "CLCAImp": null, "HOEX": null, "OTEX": null, "TotlNtV": null, "LatstDc": null, "LtstD_1": null, "LtstD_2": null, "MlngAdd": null, "MlngA_1": null, "MlngA_2": null, "MlngA_3": null, "MlngA_4": null, "UseCode": null, "EconUnt": null, "EcnmcUn": null, "StsAddr": null, "MlngA_5": null, "FID_P_1": null, "FID_m_1": null, "APN_1": null, "APN_SORT_1": null, "BOOK_1": null, "PAGE_1": null, "PARCEL_1": null, "SUB_PARC_1": null, "CLCA_CAT_1": null, "COMMENTS_1": null, "DATE_CRE_1": null, "DATE_UPD_1": null, "FID_PARC_2": null, "CENTROID_1": null, "CENTROID_2": null, "SrtPr_1": null, "PrntP_1": null, "TRAPr_1": null, "TRASc_1": null, "StsSt_2": null, "StsSt_3": null, "StsUnt_": null, "StsCty_": null, "StsZp_1": null, "StsZp_5": null, "Land_1": null, "Imps_1": null, "CLCAL_1": null, "CLCAI_1": null, "HOEX_1": null, "OTEX_1": null, "TtlNt_1": null, "LtstD_3": null, "LtstD_4": null, "LtstD_5": null, "MlngA_6": null, "MlngA_7": null, "MlngA_8": null, "MlngA_9": null, "Mlng_10": null, "UseCd_1": null, "EcnUn_1": null, "Ecnmc_1": null, "StsAd_1": null, "Mlng_11": null, "FID_P_3": null, "APN_12": null, "APN_SORT_2": null, "BOOK_12": null, "PAGE_12": null, "PARCEL_12": null, "SUB_PARC_2": null, "CLCA_CAT_2": null, "COMMENTS_2": null, "DATE_CRE_2": null, "DATE_UPD_2": null, "EDITOR": null, "FID_PARC_4": null, "CENTROID_3": null, "CENTROID_4": null, "SrtPr_2": null, "PrntP_2": null, "TRAPr_2": null, "TRASc_2": null, "StsSt_4": null, "StsSt_5": null, "StsUnt1": null, "StsCty1": null, "StsZp_2": null, "StsZp_6": null, "Land_12": null, "Imps_12": null, "CLCAL_2": null, "CLCAI_2": null, "HOEX_12": null, "OTEX_12": null, "TtlNt_2": null, "LtstD_6": null, "LtstD_7": null, "LtstD_8": null, "Mlng_12": null, "Mlng_13": null, "Mlng_14": null, "Mlng_15": null, "Mlng_16": null, "UsCd_12": null, "EcnUn_2": null, "Units": null, "Class": null, "EffctvY": null, "BldngAr": null, "LotSize": null, "Buldngs": null, "Stories": null, "Rooms": null, "Beds": null, "Acre": null, "LandTyp": null, "Cnfrmty": null, "Additns": null, "YearBlt": null, "Baths": null, "Condo": null, "Elevatr": null, "Pool": null, "Ecnmc_2": null, "StsAd_2": null, "Mlng_17": null, "ID": null, "BID": null, "area_cr": null, "YEAR_ES": null, "CONT_AD": null, "CONT_NA": null, "STATEFP": "06", "PLACEFP": "53000", "PLACENS": "02411292", "GEOID": "0653000", "GEOIDFQ": "1600000US0653000", "NAME": "Oakland", "NAMELSA": "Oakland city", "LSAD": "25", "CLASSFP": "C1", "PCICBSA": "Y", "MTFCC": "G4110", "FUNCSTAT": "A", "ALAND": 144944700.0, "AWATER": 57160794.0, "INTPTLAT": "+37.7698464", "INTPTLON": "-122.2256900", "NAME_1": "19X", "Beat_Nm": "19X", "FID": null, "Shp__Ar": null, "Shp__Ln": null }, "geometry": { "type": "MultiPolygon", "coordinates": [ [ [ [ -122.236282, 37.772251 ], [ -122.236573, 37.772361 ], [ -122.236933, 37.772509 ], [ -122.237092, 37.772608 ], [ -122.237418, 37.772767 ], [ -122.237819, 37.772926 ], [ -122.238117, 37.773058 ], [ -122.238484, 37.77325 ], [ -122.238768, 37.773415 ], [ -122.23878, 37.773424 ], [ -122.239024, 37.773607 ], [ -122.23955, 37.773991 ], [ -122.239668, 37.774101 ], [ -122.239841, 37.774096 ], [ -122.241116, 37.775106 ], [ -122.241005, 37.77515 ], [ -122.239966, 37.774381 ], [ -122.240077, 37.774502 ], [ -122.240188, 37.774656 ], [ -122.24025, 37.774788 ], [ -122.240278, 37.774859 ], [ -122.240264, 37.77498 ], [ -122.240271, 37.775073 ], [ -122.240299, 37.775128 ], [ -122.240368, 37.775205 ], [ -122.240604, 37.775353 ], [ -122.240839, 37.77548 ], [ -122.24095, 37.775655 ], [ -122.240984, 37.775688 ], [ -122.241109, 37.775732 ], [ -122.241268, 37.775749 ], [ -122.241317, 37.77576 ], [ -122.2414, 37.775793 ], [ -122.241483, 37.775881 ], [ -122.24158, 37.776051 ], [ -122.241656, 37.776232 ], [ -122.241705, 37.776402 ], [ -122.241747, 37.776534 ], [ -122.241816, 37.776633 ], [ -122.24185, 37.776721 ], [ -122.241892, 37.776776 ], [ -122.241927, 37.776809 ], [ -122.2427, 37.777765 ], [ -122.242744, 37.77782 ], [ -122.242786, 37.777902 ], [ -122.242841, 37.777995 ], [ -122.242917, 37.778056 ], [ -122.24298, 37.778122 ], [ -122.243028, 37.77822 ], [ -122.243084, 37.778363 ], [ -122.243181, 37.778435 ], [ -122.243319, 37.778638 ], [ -122.243638, 37.778594 ], [ -122.243707, 37.77883 ], [ -122.243562, 37.778857 ], [ -122.243534, 37.77877 ], [ -122.243105, 37.778792 ], [ -122.243396, 37.779011 ], [ -122.243507, 37.779127 ], [ -122.243523, 37.77916 ], [ -122.243541, 37.779193 ], [ -122.24356, 37.779235 ], [ -122.243617, 37.779352 ], [ -122.243811, 37.779335 ], [ -122.243832, 37.779632 ], [ -122.243722, 37.779863 ], [ -122.243472, 37.779912 ], [ -122.243251, 37.780066 ], [ -122.243196, 37.780434 ], [ -122.244027, 37.780374 ], [ -122.24404, 37.780502 ], [ -122.244061, 37.780698 ], [ -122.24321, 37.780748 ], [ -122.243252, 37.781346 ], [ -122.24384, 37.781308 ], [ -122.243931, 37.782335 ], [ -122.243814, 37.782423 ], [ -122.243696, 37.782494 ], [ -122.243218, 37.782544 ], [ -122.243392, 37.783764 ], [ -122.244451, 37.783675 ], [ -122.244638, 37.783988 ], [ -122.24477, 37.784153 ], [ -122.244826, 37.784252 ], [ -122.244929, 37.784208 ], [ -122.24486, 37.784104 ], [ -122.244929, 37.784065 ], [ -122.245068, 37.784257 ], [ -122.244971, 37.784307 ], [ -122.244943, 37.784274 ], [ -122.244853, 37.784307 ], [ -122.244874, 37.78434 ], [ -122.245082, 37.784582 ], [ -122.245104, 37.784604 ], [ -122.245262, 37.784757 ], [ -122.245442, 37.784834 ], [ -122.245698, 37.784971 ], [ -122.246024, 37.785191 ], [ -122.246253, 37.785361 ], [ -122.246343, 37.785488 ], [ -122.246433, 37.785603 ], [ -122.246606, 37.785707 ], [ -122.246703, 37.785713 ], [ -122.246883, 37.785779 ], [ -122.24707, 37.785916 ], [ -122.247285, 37.786048 ], [ -122.247347, 37.786092 ], [ -122.247236, 37.786273 ], [ -122.247278, 37.786291 ], [ -122.247474, 37.786374 ], [ -122.247687, 37.786465 ], [ -122.247631, 37.786597 ], [ -122.247742, 37.786674 ], [ -122.247769, 37.786627 ], [ -122.247901, 37.786404 ], [ -122.248053, 37.786146 ], [ -122.248469, 37.786333 ], [ -122.248434, 37.786388 ], [ -122.248289, 37.786327 ], [ -122.248226, 37.786415 ], [ -122.248801, 37.78664 ], [ -122.248753, 37.786712 ], [ -122.249217, 37.786887 ], [ -122.249411, 37.786816 ], [ -122.249535, 37.786882 ], [ -122.249487, 37.786931 ], [ -122.249611, 37.786986 ], [ -122.249646, 37.786936 ], [ -122.249785, 37.786997 ], [ -122.249985, 37.787118 ], [ -122.250443, 37.78726 ], [ -122.251064, 37.787506 ], [ -122.25108, 37.787513 ], [ -122.251531, 37.787605 ], [ -122.251801, 37.787655 ], [ -122.252113, 37.787737 ], [ -122.252396, 37.787792 ], [ -122.252604, 37.787814 ], [ -122.252749, 37.787782 ], [ -122.252888, 37.787738 ], [ -122.253123, 37.787721 ], [ -122.253546, 37.7877 ], [ -122.253982, 37.78765 ], [ -122.254342, 37.787601 ], [ -122.254827, 37.787458 ], [ -122.255076, 37.787294 ], [ -122.254931, 37.78709 ], [ -122.257978, 37.785933 ], [ -122.258386, 37.785774 ], [ -122.259361, 37.786155 ], [ -122.261341, 37.786929 ], [ -122.26076, 37.787373 ], [ -122.260594, 37.787187 ], [ -122.260538, 37.787214 ], [ -122.260476, 37.787291 ], [ -122.260441, 37.787368 ], [ -122.260351, 37.787538 ], [ -122.260247, 37.787626 ], [ -122.260074, 37.787802 ], [ -122.25988, 37.787961 ], [ -122.259762, 37.788093 ], [ -122.259624, 37.788208 ], [ -122.25936, 37.788389 ], [ -122.258952, 37.788708 ], [ -122.258501, 37.789043 ], [ -122.259013, 37.78951 ], [ -122.259145, 37.789405 ], [ -122.259256, 37.789515 ], [ -122.259713, 37.789192 ], [ -122.259699, 37.789175 ], [ -122.260551, 37.788527 ], [ -122.260558, 37.788384 ], [ -122.260586, 37.788357 ], [ -122.260703, 37.788351 ], [ -122.2608, 37.788318 ], [ -122.261216, 37.788044 ], [ -122.261403, 37.787995 ], [ -122.261528, 37.787951 ], [ -122.261597, 37.787857 ], [ -122.261625, 37.787786 ], [ -122.261756, 37.787704 ], [ -122.262033, 37.787797 ], [ -122.262158, 37.787781 ], [ -122.262407, 37.787649 ], [ -122.262636, 37.787622 ], [ -122.262788, 37.787627 ], [ -122.262954, 37.787682 ], [ -122.263072, 37.787781 ], [ -122.263082, 37.787801 ], [ -122.263134, 37.787896 ], [ -122.263132, 37.787914 ], [ -122.26312, 37.788067 ], [ -122.263127, 37.788358 ], [ -122.263161, 37.788539 ], [ -122.263209, 37.788699 ], [ -122.263292, 37.788842 ], [ -122.263348, 37.788957 ], [ -122.263403, 37.78905 ], [ -122.263382, 37.789133 ], [ -122.263347, 37.789204 ], [ -122.263313, 37.789298 ], [ -122.26332, 37.78938 ], [ -122.263361, 37.789534 ], [ -122.26343, 37.789649 ], [ -122.263527, 37.789732 ], [ -122.263665, 37.789754 ], [ -122.263776, 37.789704 ], [ -122.265411, 37.78854 ], [ -122.265508, 37.788628 ], [ -122.26422, 37.789556 ], [ -122.264579, 37.789919 ], [ -122.26552418130413, 37.789241136465094 ], [ -122.265133940540068, 37.789785778333282 ], [ -122.264551, 37.790194 ], [ -122.264392, 37.790073 ], [ -122.263997, 37.79049 ], [ -122.26379, 37.790627 ], [ -122.263582, 37.790704 ], [ -122.263201, 37.790721 ], [ -122.263042, 37.790786 ], [ -122.263018, 37.790816 ], [ -122.263312, 37.790834 ], [ -122.263944651785863, 37.790872943722007 ], [ -122.263853895099004, 37.790946426298802 ], [ -122.263802548344998, 37.790970542293998 ], [ -122.263091192987005, 37.7909681343695 ], [ -122.262996082266, 37.791189988267 ], [ -122.262724583606001, 37.791490704018898 ], [ -122.262427292883004, 37.791871462182101 ], [ -122.262309166855999, 37.7920716849329 ], [ -122.262213632081, 37.792202898711402 ], [ -122.262136507614002, 37.792307743463503 ], [ -122.262058132179007, 37.792470812606702 ], [ -122.261882521686005, 37.792836181725299 ], [ -122.261808754894005, 37.793009647272399 ], [ -122.261754101275002, 37.793186258916698 ], [ -122.261717468734005, 37.7933200275058 ], [ -122.261655998606997, 37.793426225903403 ], [ -122.261565322780001, 37.793545478958997 ], [ -122.261479172121, 37.793634664794801 ], [ -122.261362872641996, 37.793766188878202 ], [ -122.261217926171994, 37.793930415741599 ], [ -122.261166800138, 37.794036931577402 ], [ -122.261129041556998, 37.794123332461503 ], [ -122.261126082858993, 37.794217455837 ], [ -122.261197492064994, 37.794455361898699 ], [ -122.261249274414993, 37.794595363464403 ], [ -122.261252335484002, 37.794724418767302 ], [ -122.261230058864001, 37.794781269287199 ], [ -122.261196848932997, 37.794866021561297 ], [ -122.261091284863994, 37.795012492432299 ], [ -122.260950467604005, 37.795132021542898 ], [ -122.260717951399002, 37.795252919695201 ], [ -122.260423498399007, 37.795316372312698 ], [ -122.260246497001006, 37.795369830583397 ], [ -122.260022256531002, 37.795474809638897 ], [ -122.259914834496996, 37.795543023041702 ], [ -122.259838832634003, 37.795622441381603 ], [ -122.259733819071997, 37.795792250627997 ], [ -122.259582000997, 37.796249390621398 ], [ -122.259567423196003, 37.7962932804286 ], [ -122.259514681344001, 37.796550895862097 ], [ -122.259592869651001, 37.797732232249501 ], [ -122.259530108221995, 37.797932311429697 ], [ -122.259489862524006, 37.798059952707199 ], [ -122.259357133378003, 37.798469318536497 ], [ -122.259402429134994, 37.798763420862898 ], [ -122.259336058241004, 37.798735446113398 ], [ -122.259314273936113, 37.798757 ], [ -122.259311, 37.798757 ], [ -122.259214, 37.798735 ], [ -122.259083, 37.798757 ], [ -122.259013, 37.798844 ], [ -122.258868, 37.799059 ], [ -122.258535, 37.799394 ], [ -122.258272, 37.799613 ], [ -122.257946, 37.799822 ], [ -122.257676, 37.799965 ], [ -122.257309, 37.80008 ], [ -122.25706, 37.800173 ], [ -122.25663, 37.800255 ], [ -122.256388, 37.800261 ], [ -122.256028, 37.800249 ], [ -122.255827, 37.800205 ], [ -122.255578, 37.800189 ], [ -122.255363, 37.800222 ], [ -122.255308505819926, 37.800244623937573 ], [ -122.255141192981, 37.800000826802901 ], [ -122.254997781263, 37.799864933263997 ], [ -122.254391311608998, 37.799323908518197 ], [ -122.254278961652005, 37.799110642385202 ], [ -122.254241508850996, 37.799063816235602 ], [ -122.254191739522, 37.799008590421103 ], [ -122.253746180090005, 37.798611093686397 ], [ -122.253664855254002, 37.798538827848702 ], [ -122.252832288937995, 37.797804072256199 ], [ -122.251998026286998, 37.797070024637598 ], [ -122.251174178436997, 37.796336502402902 ], [ -122.250346916674005, 37.795604399532998 ], [ -122.249512639741994, 37.794867588175599 ], [ -122.248688967929994, 37.794139540007698 ], [ -122.247845928001993, 37.793396667693003 ], [ -122.247020429559001, 37.792663141626399 ], [ -122.246643929181005, 37.792328802101402 ], [ -122.246194980864004, 37.791930983491397 ], [ -122.245433364213, 37.791263111465597 ], [ -122.245345650437002, 37.791212907235298 ], [ -122.245288204976006, 37.791198650090401 ], [ -122.245230774535003, 37.791185079396399 ], [ -122.245171645175006, 37.791172906320099 ], [ -122.245112549276996, 37.791162107923398 ], [ -122.245053469506004, 37.791151995058598 ], [ -122.244994405860993, 37.791142567725501 ], [ -122.244378326588006, 37.791070310162702 ], [ -122.244307136662997, 37.791060376077802 ], [ -122.244238356378006, 37.791042508344503 ], [ -122.244172891147997, 37.791018413030301 ], [ -122.244125622506004, 37.790995420127899 ], [ -122.243896315577004, 37.7908113423426 ], [ -122.243649030916004, 37.790635427929203 ], [ -122.242614262589001, 37.790015181607501 ], [ -122.241561146370003, 37.789386614532901 ], [ -122.240513269003003, 37.788759334314697 ], [ -122.239463648333, 37.788130697291699 ], [ -122.238982720351004, 37.787842509933697 ], [ -122.238414029363, 37.787501364390899 ], [ -122.237359205070007, 37.786870725636902 ], [ -122.236314907869996, 37.786245417121002 ], [ -122.236114838431007, 37.786126129625401 ], [ -122.235741019464996, 37.785902961185499 ], [ -122.235683081478996, 37.785867419876098 ], [ -122.235623461708002, 37.785833961593902 ], [ -122.235581446102003, 37.785813292358597 ], [ -122.235539446561006, 37.785793309572597 ], [ -122.235495749200993, 37.785774725163201 ], [ -122.235443304846001, 37.7857521492815 ], [ -122.234864717622997, 37.785504523870799 ], [ -122.234116759366998, 37.785192091118297 ], [ -122.234323640683996, 37.785010505220399 ], [ -122.235160639371998, 37.784245566750201 ], [ -122.235947625633003, 37.783414747481203 ], [ -122.236048947838, 37.783307502800497 ], [ -122.236721175094004, 37.782601973827703 ], [ -122.236819050313002, 37.782495466813998 ], [ -122.237225424857996, 37.781447753343002 ], [ -122.237302742249994, 37.781561346319798 ], [ -122.23749414209, 37.781709595549799 ], [ -122.237547533725007, 37.781726018587797 ], [ -122.237920525453006, 37.781397347017702 ], [ -122.238181610496994, 37.781125779276501 ], [ -122.238233427371995, 37.7809720323365 ], [ -122.238210848026995, 37.780830856995799 ], [ -122.238148659142993, 37.780644370168702 ], [ -122.237937389687005, 37.780161765135297 ], [ -122.237870078786997, 37.780065231338 ], [ -122.237835084688996, 37.780015045713 ], [ -122.237724314915994, 37.780013835203803 ], [ -122.237485260431995, 37.780011225011002 ], [ -122.237381508926006, 37.780087730590701 ], [ -122.237286472251995, 37.780247849166798 ], [ -122.237227147414004, 37.780481779109401 ], [ -122.237192926378, 37.7806167172836 ], [ -122.237191153929999, 37.7806237059376 ], [ -122.237189381503001, 37.780630695492498 ], [ -122.237185837740995, 37.780644672783701 ], [ -122.23710169716, 37.780637135013997 ], [ -122.237077139185999, 37.7805826328444 ], [ -122.237051363399999, 37.780516402597101 ], [ -122.237027319711004, 37.780450145923403 ], [ -122.237004987562003, 37.780383178228199 ], [ -122.236984386386993, 37.780316185026102 ], [ -122.236967228789993, 37.780248454385301 ], [ -122.236951784965996, 37.780180011791899 ], [ -122.236939817947999, 37.780112204674801 ], [ -122.236867611014006, 37.779762364106801 ], [ -122.236872876636994, 37.7796915563003 ], [ -122.236876412468007, 37.779620773976198 ], [ -122.236878218488997, 37.779550016233699 ], [ -122.236880024528006, 37.779479259391202 ], [ -122.236880084731993, 37.779407841566602 ], [ -122.236878431213, 37.779337135689403 ], [ -122.236856795033006, 37.779077880426101 ], [ -122.236836872736006, 37.778817914099903 ], [ -122.236820426147005, 37.778558583257897 ], [ -122.236807423125001, 37.778298514971603 ], [ -122.236803462054993, 37.7782031218226 ], [ -122.236801214669001, 37.778107015823601 ], [ -122.236802442853005, 37.778011546224 ], [ -122.236805400777001, 37.777916051140203 ], [ -122.236812681314007, 37.777487440327299 ], [ -122.236815635279001, 37.777317782423701 ], [ -122.236817601010003, 37.777216808331602 ], [ -122.236818637346005, 37.7771501821084 ], [ -122.236818408662003, 37.777066407882003 ], [ -122.236814736609006, 37.776983371985601 ], [ -122.236797900960994, 37.776929369681802 ], [ -122.236536528374003, 37.776111237194797 ], [ -122.236415165793005, 37.775878858631202 ], [ -122.236386238891996, 37.7758257219608 ], [ -122.236357296006005, 37.7757718997184 ], [ -122.236331811368999, 37.775718024732399 ], [ -122.236255224749002, 37.775550567434699 ], [ -122.236247222828993, 37.7755043329188 ], [ -122.236238357231997, 37.775458112023301 ], [ -122.236132838252004, 37.774756138272103 ], [ -122.235997822244002, 37.773865413276397 ], [ -122.235979768568995, 37.773759240338798 ], [ -122.235891436097006, 37.773163108596798 ], [ -122.235834086699995, 37.772782146764698 ], [ -122.235840074706999, 37.772742228975702 ], [ -122.235846014621998, 37.772700253590401 ], [ -122.235855445835995, 37.772659599298201 ], [ -122.235866606640002, 37.772618918635402 ], [ -122.235879513114995, 37.772578899868897 ], [ -122.235895878812002, 37.772538830162503 ], [ -122.235967813760993, 37.7724333921648 ], [ -122.236039748506002, 37.772327954121302 ], [ -122.236115174358005, 37.772223838018903 ], [ -122.236140817960958, 37.772189460430418 ], [ -122.236172, 37.772203 ], [ -122.236282, 37.772251 ] ] ] ] } },
{ "type": "Feature", "properties": { "STATEFP2": null, "COUNTYF": null, "TRACTCE": null, "BLOCKCE": null, "GEOID20": null, "NAME20": null, "MTFCC20": null, "UR20": null, "UACE20": null, "UATYPE2": null, "FUNCSTAT2": null, "ALAND20": null, "AWATER2": null, "INTPTLAT2": null, "INTPTLON2": null, "Shp_Lng": null, "Shap_Ar": null, "PP_Name": "Fruitvale_BID", "FID_mss": null, "APN": null, "APN_SORT": null, "BOOK": null, "PAGE": null, "PARCEL": null, "SUB_PARCE": null, "CLCA_CATE": null, "COMMENTS": null, "DATE_CREA": null, "DATE_UPDA": null, "FID_PARCE": null, "CENTROID_X": null, "CENTROID_Y": null, "SrtPrcl": null, "PrntPrc": null, "TRAPrmr": null, "TRAScnd": null, "SitsStr": null, "StsSt_1": null, "SitsUnt": null, "SitsCty": null, "SitusZp": null, "StsZp_4": null, "Land": null, "Imps": null, "CLCALnd": null, "CLCAImp": null, "HOEX": null, "OTEX": null, "TotlNtV": null, "LatstDc": null, "LtstD_1": null, "LtstD_2": null, "MlngAdd": null, "MlngA_1": null, "MlngA_2": null, "MlngA_3": null, "MlngA_4": null, "UseCode": null, "EconUnt": null, "EcnmcUn": null, "StsAddr": null, "MlngA_5": null, "FID_P_1": null, "FID_m_1": null, "APN_1": null, "APN_SORT_1": null, "BOOK_1": null, "PAGE_1": null, "PARCEL_1": null, "SUB_PARC_1": null, "CLCA_CAT_1": null, "COMMENTS_1": null, "DATE_CRE_1": null, "DATE_UPD_1": null, "FID_PARC_2": null, "CENTROID_1": null, "CENTROID_2": null, "SrtPr_1": null, "PrntP_1": null, "TRAPr_1": null, "TRASc_1": null, "StsSt_2": null, "StsSt_3": null, "StsUnt_": null, "StsCty_": null, "StsZp_1": null, "StsZp_5": null, "Land_1": null, "Imps_1": null, "CLCAL_1": null, "CLCAI_1": null, "HOEX_1": null, "OTEX_1": null, "TtlNt_1": null, "LtstD_3": null, "LtstD_4": null, "LtstD_5": null, "MlngA_6": null, "MlngA_7": null, "MlngA_8": null, "MlngA_9": null, "Mlng_10": null, "UseCd_1": null, "EcnUn_1": null, "Ecnmc_1": null, "StsAd_1": null, "Mlng_11": null, "FID_P_3": null, "APN_12": null, "APN_SORT_2": null, "BOOK_12": null, "PAGE_12": null, "PARCEL_12": null, "SUB_PARC_2": null, "CLCA_CAT_2": null, "COMMENTS_2": null, "DATE_CRE_2": null, "DATE_UPD_2": null, "EDITOR": null, "FID_PARC_4": null, "CENTROID_3": null, "CENTROID_4": null, "SrtPr_2": null, "PrntP_2": null, "TRAPr_2": null, "TRASc_2": null, "StsSt_4": null, "StsSt_5": null, "StsUnt1": null, "StsCty1": null, "StsZp_2": null, "StsZp_6": null, "Land_12": null, "Imps_12": null, "CLCAL_2": null, "CLCAI_2": null, "HOEX_12": null, "OTEX_12": null, "TtlNt_2": null, "LtstD_6": null, "LtstD_7": null, "LtstD_8": null, "Mlng_12": null, "Mlng_13": null, "Mlng_14": null, "Mlng_15": null, "Mlng_16": null, "UsCd_12": null, "EcnUn_2": null, "Units": null, "Class": null, "EffctvY": null, "BldngAr": null, "LotSize": null, "Buldngs": null, "Stories": null, "Rooms": null, "Beds": null, "Acre": null, "LandTyp": null, "Cnfrmty": null, "Additns": null, "YearBlt": null, "Baths": null, "Condo": null, "Elevatr": null, "Pool": null, "Ecnmc_2": null, "StsAd_2": null, "Mlng_17": null, "ID": null, "BID": "Fruitvale", "area_cr": null, "YEAR_ES": null, "CONT_AD": null, "CONT_NA": null, "STATEFP": null, "PLACEFP": null, "PLACENS": null, "GEOID": null, "GEOIDFQ": null, "NAME": null, "NAMELSA": null, "LSAD": null, "CLASSFP": null, "PCICBSA": null, "MTFCC": null, "FUNCSTAT": null, "ALAND": null, "AWATER": null, "INTPTLAT": null, "INTPTLON": null, "NAME_1": null, "Beat_Nm": null, "FID": 8, "Shp__Ar": 621010.6015625, "Shp__Ln": 18292.493865667504 }, "geometry": { "type": "MultiPolygon", "coordinates": [ [ [ [ -122.225405670129007, 37.775689438421701 ], [ -122.225091419679003, 37.7761039746158 ], [ -122.224877668252006, 37.776385752616001 ], [ -122.224877053805002, 37.776386577676902 ], [ -122.224835148295, 37.776442023593098 ], [ -122.224465849084993, 37.776263132277997 ], [ -122.224377082060002, 37.776380154698401 ], [ -122.224525225929, 37.776451070854002 ], [ -122.224599298312, 37.776486529261199 ], [ -122.224747443078996, 37.776557445314801 ], [ -122.224542200494, 37.776828017299302 ], [ -122.224719638424006, 37.776913561067197 ], [ -122.224898109416998, 37.776678280853297 ], [ -122.224942727837998, 37.776619461037903 ], [ -122.225239100915005, 37.776761183476999 ], [ -122.225313193960005, 37.776796614044301 ], [ -122.225402429007005, 37.776678973844902 ], [ -122.225447046531002, 37.776620153320003 ], [ -122.225513971916996, 37.776531923154899 ], [ -122.225558588542995, 37.776473103222997 ], [ -122.225580897303999, 37.776443692884499 ], [ -122.225512731343997, 37.776411097317698 ], [ -122.225615764514004, 37.776273576202101 ], [ -122.225626113106003, 37.7762736060237 ], [ -122.225655455676005, 37.7762740959487 ], [ -122.225684782076996, 37.776274993434498 ], [ -122.225714084223, 37.776276296351 ], [ -122.225743354030001, 37.776278005408201 ], [ -122.225772580718001, 37.776280119185998 ], [ -122.225801757998994, 37.776282638394399 ], [ -122.225830874194003, 37.776285560193202 ], [ -122.225859922116996, 37.776288885292402 ], [ -122.225897711545997, 37.776293873295899 ], [ -122.225729060936004, 37.776513323817703 ], [ -122.225803154879003, 37.7765487545038 ], [ -122.225848201797007, 37.776490139785203 ], [ -122.225893247816998, 37.776431525020101 ], [ -122.225938293837004, 37.776372909498498 ], [ -122.226081089136002, 37.776441191432497 ], [ -122.226153829317994, 37.776346540912598 ], [ -122.226172405580002, 37.776351677309599 ], [ -122.226199947926006, 37.776359724141599 ], [ -122.226227308812994, 37.776368150131702 ], [ -122.226254481053999, 37.7763769545695 ], [ -122.226256097122999, 37.776377525437901 ], [ -122.226257189475007, 37.7763779344182 ], [ -122.226258272842998, 37.776378357599199 ], [ -122.226259347227995, 37.776378796400998 ], [ -122.226260410833007, 37.776379249403497 ], [ -122.226261464556998, 37.776379718026703 ], [ -122.226262508399003, 37.776380200850703 ], [ -122.226263541462004, 37.776380697875403 ], [ -122.226264562845998, 37.776381209100698 ], [ -122.226265573451002, 37.776381733816798 ], [ -122.226266571479002, 37.776382273443602 ], [ -122.226267558727997, 37.776382825851002 ], [ -122.226268532502004, 37.776383392459103 ], [ -122.226269494597005, 37.776383972557802 ], [ -122.226270443217999, 37.7763845661472 ], [ -122.226271378364004, 37.776385172517301 ], [ -122.226272300933999, 37.776385790957903 ], [ -122.226273209130994, 37.776386422889303 ], [ -122.226274103853001, 37.776387067601199 ], [ -122.226274983303995, 37.7763877236737 ], [ -122.22627584928, 37.776388392526798 ], [ -122.226276699983998, 37.7763890727405 ], [ -122.226277535416997, 37.776389765024803 ], [ -122.226278355578998, 37.776390468669597 ], [ -122.226279159571007, 37.776391183675003 ], [ -122.226279948292003, 37.7763919100409 ], [ -122.226280721742, 37.7763926470573 ], [ -122.226281477225001, 37.776393394014299 ], [ -122.226282217437003, 37.776394151621801 ], [ -122.226282940580006, 37.776394919879699 ], [ -122.226283646656, 37.776395697368201 ], [ -122.226284335664005, 37.776396484797097 ], [ -122.226285006705993, 37.776397282166499 ], [ -122.226285660678997, 37.776398088056297 ], [ -122.226286296685998, 37.776398903176499 ], [ -122.226286913829, 37.776399726817203 ], [ -122.226287513903998, 37.776400558978303 ], [ -122.226288095114, 37.776401398949702 ], [ -122.226288658357007, 37.776402247441602 ], [ -122.226289201838, 37.7764031030338 ], [ -122.226289727351997, 37.776403966436298 ], [ -122.226290233103995, 37.7764048369393 ], [ -122.226290719990999, 37.776405713832503 ], [ -122.226291188012993, 37.776406597826004 ], [ -122.226291635373997, 37.776407488209898 ], [ -122.226292063871, 37.776408384274099 ], [ -122.226292472604001, 37.776409286728502 ], [ -122.226292861573995, 37.7764101941532 ], [ -122.226293229884007, 37.776411107258099 ], [ -122.226293578430003, 37.776412024623298 ], [ -122.226293907213005, 37.776412947668597 ], [ -122.226294214437004, 37.7764138742642 ], [ -122.226294501897996, 37.776414805830001 ], [ -122.226294769595995, 37.776415740946 ], [ -122.226295015735005, 37.776416678902102 ], [ -122.226295241212, 37.776417621118398 ], [ -122.226295446028004, 37.776418565464802 ], [ -122.226295631081001, 37.776419512651302 ], [ -122.226295793676002, 37.776420462677898 ], [ -122.226295936507995, 37.776421414834701 ], [ -122.226296057780004, 37.776422368411403 ], [ -122.226296158392003, 37.776423323408302 ], [ -122.226296237442995, 37.776424280535203 ], [ -122.226296295834004, 37.776425237662203 ], [ -122.226296333562999, 37.776426196209101 ], [ -122.226296349733005, 37.776427154756099 ], [ -122.226296345240996, 37.776428113303098 ], [ -122.226296319189998, 37.776429071850004 ], [ -122.226296272477995, 37.7764300296869 ], [ -122.226296204205994, 37.7764309868137 ], [ -122.226296115272007, 37.776431942520503 ], [ -122.226296005677995, 37.776432897517203 ], [ -122.226295874523998, 37.776433850383803 ], [ -122.226295721810004, 37.776434801120303 ], [ -122.226295549333997, 37.776435750436697 ], [ -122.226295356196005, 37.7764366962029 ], [ -122.226295141498994, 37.776437639839003 ], [ -122.226294906139998, 37.776438579924999 ], [ -122.226294650119996, 37.7764395171708 ], [ -122.226294374337002, 37.776440450156301 ], [ -122.226294076995003, 37.776441379591702 ], [ -122.226293759889998, 37.776442304766803 ], [ -122.226293422123007, 37.7764432249717 ], [ -122.226293064594003, 37.776444140206301 ], [ -122.226292687300997, 37.776445051180801 ], [ -122.226292289347995, 37.776445956474902 ], [ -122.226291871631005, 37.776446856088697 ], [ -122.226568504230002, 37.776519053791503 ], [ -122.226455147620001, 37.7767448435185 ], [ -122.226388770206, 37.776877056279801 ], [ -122.226635890452002, 37.777024702707699 ], [ -122.226567077704999, 37.7771332859502 ], [ -122.226517929078994, 37.777210840138501 ], [ -122.226554704310004, 37.777228705132202 ], [ -122.226539370967004, 37.777252901431503 ], [ -122.226812863055002, 37.777375931232697 ], [ -122.226541242156998, 37.777784614491402 ], [ -122.226719357416997, 37.777869782971202 ], [ -122.226880008528994, 37.777628066600101 ], [ -122.227162538567001, 37.777760849349498 ], [ -122.227248278269997, 37.777653826949297 ], [ -122.227523329833005, 37.777821306276202 ], [ -122.227240104499003, 37.778118783342599 ], [ -122.227418917749006, 37.778204283725699 ], [ -122.227774159223003, 37.7778311663427 ], [ -122.227836753831994, 37.777765420470899 ], [ -122.228182554013003, 37.777964239125502 ], [ -122.228192987046995, 37.777953281385699 ], [ -122.228332826889002, 37.778033682601396 ], [ -122.228326573716004, 37.778040260220401 ], [ -122.228410655128002, 37.7780886025783 ], [ -122.228416908301, 37.7780820242535 ], [ -122.228500989712998, 37.778130366584101 ], [ -122.228083324310006, 37.778569712612097 ], [ -122.228249085038996, 37.778668924250901 ], [ -122.229103245432, 37.777770413345003 ], [ -122.230022115069005, 37.778224020795598 ], [ -122.229109211144007, 37.779183723959903 ], [ -122.228933206926001, 37.779353554912902 ], [ -122.228719027002001, 37.7795693305982 ], [ -122.228442651321998, 37.779403985250198 ], [ -122.228332161237006, 37.779337786372899 ], [ -122.228117979516995, 37.7795535606841 ], [ -122.227802271101993, 37.779364602615999 ], [ -122.227585946001994, 37.779582533842699 ], [ -122.227609134214006, 37.779596413009003 ], [ -122.227588843966998, 37.7796175739755 ], [ -122.227569022639997, 37.779639013967603 ], [ -122.227549674726006, 37.779660724464797 ], [ -122.227530808308003, 37.779682699787003 ], [ -122.227512426980994, 37.779704933543798 ], [ -122.227511272645003, 37.779706384080598 ], [ -122.227494537929999, 37.779727417925102 ], [ -122.227477145647995, 37.779750146540501 ], [ -122.227460255523994, 37.779773112999798 ], [ -122.227431622623001, 37.779814303082098 ], [ -122.227420946145003, 37.779829540438897 ], [ -122.227412965512002, 37.779840392820397 ], [ -122.227404746825997, 37.779851133019903 ], [ -122.227399402748006, 37.779857849637601 ], [ -122.227396292780995, 37.779861758197598 ], [ -122.227387606969998, 37.779872264093498 ], [ -122.227378691191007, 37.779882648577598 ], [ -122.227369548138, 37.77989290739 ], [ -122.227360181405004, 37.779903038400597 ], [ -122.227350593685998, 37.779913038059703 ], [ -122.227340786778001, 37.779922903527201 ], [ -122.227330764274001, 37.779932631253203 ], [ -122.227320529767994, 37.779942219107703 ], [ -122.227310086852995, 37.7799516635407 ], [ -122.227492535585, 37.779580707001202 ], [ -122.227479639370998, 37.779539104985901 ], [ -122.227428881863005, 37.779375359924799 ], [ -122.227351701307995, 37.779351034389101 ], [ -122.227415425100006, 37.7792233715234 ], [ -122.227530627747001, 37.778992576695103 ], [ -122.227208910501005, 37.778891482541198 ], [ -122.227397098569, 37.778514469225797 ], [ -122.227246866117994, 37.778442634869698 ], [ -122.226996769753001, 37.778943671180002 ], [ -122.226836647748996, 37.778893202898097 ], [ -122.226675854703004, 37.778842522998303 ], [ -122.226739759954, 37.778714917475298 ], [ -122.226803665204997, 37.778587311732203 ], [ -122.226482081808001, 37.778485951478402 ], [ -122.226647338581998, 37.778155965584098 ], [ -122.226497135775006, 37.778084144369899 ], [ -122.226426005373995, 37.778226177118803 ], [ -122.226104424672002, 37.778124815659801 ], [ -122.226031572200995, 37.778270285523398 ], [ -122.225967666052, 37.778397891103801 ], [ -122.225915071488998, 37.778502910184997 ], [ -122.225871806827996, 37.778589298351399 ], [ -122.226193389325999, 37.778690660593597 ], [ -122.226065666859, 37.778945692580201 ], [ -122.225424224831002, 37.778743511105901 ], [ -122.225360370784003, 37.7788711329097 ], [ -122.225611205563993, 37.778950196177298 ], [ -122.225555652848001, 37.779061226834401 ], [ -122.225700365151994, 37.779106839959901 ], [ -122.225644812436997, 37.779217871091802 ], [ -122.225589258823007, 37.779328902056903 ], [ -122.225533706107996, 37.779439932855198 ], [ -122.225617317700994, 37.779466286847601 ], [ -122.225582836767003, 37.779535202798797 ], [ -122.225479929361001, 37.7795027669262 ], [ -122.225428845764995, 37.779604864190198 ], [ -122.225384146493994, 37.779694199003103 ], [ -122.225258728206001, 37.779654667422697 ], [ -122.225133309917993, 37.7796151351113 ], [ -122.225037526151993, 37.779806567607203 ], [ -122.224912106964993, 37.779767035376899 ], [ -122.224835480671999, 37.779920180672498 ], [ -122.225115260967002, 37.780008367743697 ], [ -122.225211737332998, 37.780038777054202 ], [ -122.225060399056005, 37.780341240027397 ], [ -122.225009313661999, 37.780443336843298 ], [ -122.225144381652996, 37.780485910334001 ], [ -122.225266585770001, 37.7805244283063 ], [ -122.225382357949002, 37.780560919222602 ], [ -122.225530289814998, 37.780607546005001 ], [ -122.225658925868004, 37.780648091657497 ], [ -122.225787562820003, 37.780688636577899 ], [ -122.225916198874003, 37.780729181475898 ], [ -122.226044835826002, 37.7807697263517 ], [ -122.226173472778001, 37.780810270495301 ], [ -122.226385711442006, 37.780877164556102 ], [ -122.226350167801002, 37.780920332769902 ], [ -122.226004367621002, 37.781263203973197 ], [ -122.225932405379993, 37.781354418248597 ], [ -122.225844357008, 37.781326666253499 ], [ -122.225899911520003, 37.7812156354492 ], [ -122.225755194724002, 37.781170022205004 ], [ -122.225626556874005, 37.781129477548802 ], [ -122.225497919922006, 37.781088932160301 ], [ -122.225369282969993, 37.781048386749603 ], [ -122.225240646017994, 37.781007841316601 ], [ -122.225112009065995, 37.780967295861402 ], [ -122.224983373011995, 37.780926750383998 ], [ -122.224854736059996, 37.780886204174301 ], [ -122.224726100005995, 37.7808456579424 ], [ -122.224665001092006, 37.780967765875602 ], [ -122.224603915653006, 37.781089848757397 ], [ -122.224540057113998, 37.781217469350203 ], [ -122.224234545475994, 37.781121171379702 ], [ -122.224170686937001, 37.781248792628503 ], [ -122.224669154902003, 37.7814059100713 ], [ -122.224483555777994, 37.781776833311604 ], [ -122.224644358705007, 37.781827504809797 ], [ -122.224805161632005, 37.781878176273302 ], [ -122.224965964559999, 37.781928847701899 ], [ -122.225126768386005, 37.781979518385903 ], [ -122.225287572211002, 37.782030189035197 ], [ -122.225448376036994, 37.782080859649703 ], [ -122.225541642723002, 37.782110247866001 ], [ -122.225390805705999, 37.7826428383053 ], [ -122.224808774657006, 37.782459436603602 ], [ -122.224810032297995, 37.782459509021301 ], [ -122.224811198311002, 37.782459759643103 ], [ -122.224812368816004, 37.782459993935497 ], [ -122.224813545608995, 37.782460211898403 ], [ -122.224814725995003, 37.782460414241697 ], [ -122.224815910873005, 37.782460599545701 ], [ -122.224817100243001, 37.782460768520203 ], [ -122.224818292307006, 37.782460921165203 ], [ -122.224819487964993, 37.782461056770799 ], [ -122.224820686317003, 37.782461176046901 ], [ -122.224821887364996, 37.782461278993502 ], [ -122.224823090209, 37.7824613656107 ], [ -122.224824294849995, 37.782461434478499 ], [ -122.224825501287, 37.7824614877267 ], [ -122.224826708622999, 37.782461523935503 ], [ -122.224827915958997, 37.782461543104901 ], [ -122.224829123294001, 37.782461545234803 ], [ -122.224830331527997, 37.782461531035302 ], [ -122.224831538863995, 37.782461500506301 ], [ -122.224832745301995, 37.782461452937902 ], [ -122.224833949941996, 37.782461388329899 ], [ -122.224835153685007, 37.782461307392602 ], [ -122.224836355630998, 37.782461210125803 ], [ -122.224837554882001, 37.7824610958195 ], [ -122.224838751438, 37.782460965183802 ], [ -122.224839944400003, 37.7824608175086 ], [ -122.224841134667997, 37.782460653504003 ], [ -122.224842321341995, 37.782460473169799 ], [ -122.224843502626996, 37.7824602765062 ], [ -122.224844680318, 37.782460063513199 ], [ -122.224845853518005, 37.782459834190703 ], [ -122.224847021328003, 37.782459587828697 ], [ -122.224848182849996, 37.782459326557202 ], [ -122.224849338981002, 37.782459048246302 ], [ -122.224850488824998, 37.7824587550259 ], [ -122.224851631481997, 37.782458445475903 ], [ -122.224852767851004, 37.782458119596498 ], [ -122.224853897033, 37.782457778807697 ], [ -122.224855018130995, 37.782457421689301 ], [ -122.224856131143, 37.782457049661403 ], [ -122.224857236071003, 37.782456662014098 ], [ -122.224858332015998, 37.782456259457199 ], [ -122.224859418977005, 37.7824558412808 ], [ -122.224860496057005, 37.782455408194899 ], [ -122.224861564153997, 37.782454960909398 ], [ -122.224862622369997, 37.782454498004498 ], [ -122.224863669805003, 37.782454020899998 ], [ -122.224864707359004, 37.782453529595998 ], [ -122.224865733235006, 37.782453024092497 ], [ -122.224866748332005, 37.782452503679401 ], [ -122.224867750851999, 37.782451969776702 ], [ -122.224868742591994, 37.782451422384597 ], [ -122.224869721754999, 37.7824508607928 ], [ -122.224870688343003, 37.782450286421501 ], [ -122.224871641454996, 37.782449697850602 ], [ -122.224872582889006, 37.782449096500102 ], [ -122.224873509950996, 37.7824484823701 ], [ -122.224874423537003, 37.782447855460397 ], [ -122.224875323649002, 37.782447215771199 ], [ -122.224876209388, 37.782446564012297 ], [ -122.224877079856, 37.782445900183802 ], [ -122.224877936848998, 37.782445224285702 ], [ -122.224878777672004, 37.782444536318003 ], [ -122.224879604121995, 37.782443836990701 ], [ -122.224880414401994, 37.782443126303697 ], [ -122.224881209410995, 37.782442404257097 ], [ -122.224881988250004, 37.782441671560797 ], [ -122.224882750920003, 37.782440928214903 ], [ -122.224883497419995, 37.782440174219303 ], [ -122.224884226851998, 37.782439410283999 ], [ -122.224884939215997, 37.782438636408997 ], [ -122.224885635410999, 37.782437852594299 ], [ -122.224886312739997, 37.782437058840003 ], [ -122.224886973899999, 37.782436256565902 ], [ -122.224887616196, 37.782435445062099 ], [ -122.224888241423002, 37.782434625038597 ], [ -122.224888847786005, 37.782433795785302 ], [ -122.224889436183005, 37.782432958722303 ], [ -122.224890006612995, 37.782432113139599 ], [ -122.224890558178004, 37.782431260457102 ], [ -122.224891089981, 37.782430399964802 ], [ -122.224891603816999, 37.782429532372802 ], [ -122.224892097891001, 37.782428657681002 ], [ -122.224893028544997, 37.782426888417902 ], [ -122.224931334505996, 37.7823503130817 ], [ -122.223798180741994, 37.781993237356403 ], [ -122.223734320405995, 37.782120858519399 ], [ -122.224058967957006, 37.782223161611 ], [ -122.223963199463, 37.782414599422196 ], [ -122.224107923445004, 37.782460204088601 ], [ -122.224063231361001, 37.782549541840297 ], [ -122.224015347562997, 37.782645260740203 ], [ -122.224031427406999, 37.782650327832101 ], [ -122.223951620178994, 37.782809859755403 ], [ -122.223790815455004, 37.782759187510699 ], [ -122.223750592488997, 37.7828395913089 ], [ -122.223711008226999, 37.782918718489199 ], [ -122.223386280726004, 37.782816390091199 ], [ -122.223322419492007, 37.782944010542899 ], [ -122.223614999882003, 37.783036208894202 ], [ -122.223551153022001, 37.783163833936101 ], [ -122.223744120128003, 37.783224641428603 ], [ -122.223686657594001, 37.783339503754398 ], [ -122.223629195059999, 37.783454366611601 ], [ -122.223598267862002, 37.783516187697501 ], [ -122.223552578647997, 37.783607516337 ], [ -122.223391773025995, 37.783556843219301 ], [ -122.223260073717, 37.783820096836699 ], [ -122.222938236096994, 37.783711752025098 ], [ -122.222841162349994, 37.783858063559798 ], [ -122.223193164498994, 37.783976562748002 ], [ -122.223110140404003, 37.784184901593598 ], [ -122.222747218335002, 37.784093804404897 ], [ -122.222519218729005, 37.784064856443401 ], [ -122.222416955415, 37.784321468005501 ], [ -122.222401303170003, 37.784360745764602 ], [ -122.221888560077005, 37.784232037970902 ], [ -122.221772991815996, 37.784203027586997 ], [ -122.221734190884007, 37.784253430477101 ], [ -122.220959119965002, 37.783877600330399 ], [ -122.221346863383999, 37.783373259193901 ], [ -122.221164802724005, 37.7832937107788 ], [ -122.220938672512005, 37.7835878396317 ], [ -122.220643284887004, 37.7834447912822 ], [ -122.220569438880005, 37.783409028796598 ], [ -122.220506354688993, 37.783491081850897 ], [ -122.220358660876002, 37.783419556907198 ], [ -122.220137121953996, 37.783312270071796 ], [ -122.220359764905993, 37.783022680389699 ], [ -122.220157447236005, 37.782969481500899 ], [ -122.219972509271003, 37.783210026705099 ], [ -122.219697095686996, 37.783110525103403 ], [ -122.219555204092998, 37.783059262368901 ], [ -122.219474616228993, 37.783136319750497 ], [ -122.219296220695, 37.7830187982658 ], [ -122.219158777557993, 37.782928254128301 ], [ -122.219269281118002, 37.782822593838702 ], [ -122.219153766754999, 37.782746513764302 ], [ -122.219043263195999, 37.782852174162798 ], [ -122.218759352446995, 37.782665181217801 ], [ -122.219020847533997, 37.782415146814699 ], [ -122.218990188931997, 37.782186464201402 ], [ -122.218765390024004, 37.782401411593099 ], [ -122.218600947122994, 37.782178427233298 ], [ -122.218719544503003, 37.782092122779197 ], [ -122.218639600730995, 37.782024404110103 ], [ -122.218547217088997, 37.781899132111697 ], [ -122.218829367140003, 37.781689201428101 ], [ -122.218780301159001, 37.781537487578902 ], [ -122.218530314389, 37.781723488689302 ], [ -122.218361024177995, 37.781466930585999 ], [ -122.218523259918996, 37.7813488711163 ], [ -122.218516978, 37.781236959249597 ], [ -122.218362810029006, 37.7810976281175 ], [ -122.218586760928005, 37.780939048856901 ], [ -122.218524502289, 37.780799111539402 ], [ -122.218200693764999, 37.781028399097103 ], [ -122.218004890676994, 37.780854207669698 ], [ -122.217912748681997, 37.780772235467197 ], [ -122.217859766944997, 37.780725101143297 ], [ -122.217766814669005, 37.780790920352104 ], [ -122.217629968013995, 37.780887819405997 ], [ -122.217485374286994, 37.780990203723299 ], [ -122.217283919, 37.780810981198002 ], [ -122.217327498968999, 37.780780229278598 ], [ -122.217405078374995, 37.780725485249803 ], [ -122.217482656883007, 37.780670741890503 ], [ -122.217560236289998, 37.7806159977807 ], [ -122.217652115977003, 37.7805511624695 ], [ -122.217537155874993, 37.780448671754698 ], [ -122.217422115822998, 37.780346110608001 ], [ -122.217306042708998, 37.780242627031399 ], [ -122.217637282097002, 37.780010232204702 ], [ -122.217495573758995, 37.779884229041102 ], [ -122.217395101685995, 37.779954860674898 ], [ -122.217257577701005, 37.779831277104101 ], [ -122.217143506930995, 37.779911307786499 ], [ -122.217013880934005, 37.780002251800099 ], [ -122.216899351124994, 37.779899330773198 ], [ -122.216784821315997, 37.779796409603101 ], [ -122.216670292405993, 37.779693488289702 ], [ -122.216555764392993, 37.779590566832901 ], [ -122.216487015425997, 37.779528836184298 ], [ -122.216371793915002, 37.779425240702601 ], [ -122.216711181920999, 37.779186757115298 ], [ -122.216526848523003, 37.779022847261601 ], [ -122.216343250845, 37.77915185949 ], [ -122.216205633434996, 37.779028482609597 ], [ -122.216068015126993, 37.778905106233204 ], [ -122.215912571548003, 37.779014334242902 ], [ -122.215855231185003, 37.778962927375403 ], [ -122.215843763292, 37.778952645713602 ], [ -122.215786422929995, 37.7789012388033 ], [ -122.215774955037006, 37.778890957132901 ], [ -122.215717614674006, 37.778839550179697 ], [ -122.215662567709998, 37.778790199385703 ], [ -122.215660274311006, 37.778788143190702 ], [ -122.215591466055002, 37.778726454472697 ], [ -122.215497428614, 37.778642146806099 ], [ -122.215430913757999, 37.778582514877201 ], [ -122.215419445864995, 37.7785722331624 ], [ -122.215339170614001, 37.778500263249597 ], [ -122.215316234827995, 37.778479700505898 ], [ -122.215258895364002, 37.7784282932666 ], [ -122.215201555001002, 37.778376885991598 ], [ -122.215190087107999, 37.778366604248298 ], [ -122.215121279751003, 37.778304915888597 ], [ -122.215086876071993, 37.778274071334401 ], [ -122.215213608594993, 37.778185019522503 ], [ -122.215075363262997, 37.778062085500302 ], [ -122.215282619869996, 37.777916450502303 ], [ -122.215144375435997, 37.7777935167435 ], [ -122.214978567995004, 37.777910025526602 ], [ -122.214863363551004, 37.7778075801413 ], [ -122.214696970407999, 37.7779245007141 ], [ -122.214610962109006, 37.777847389617698 ], [ -122.214524953809999, 37.777770277730802 ], [ -122.214467615244004, 37.777718869998203 ], [ -122.214438946409999, 37.777693166473497 ], [ -122.214410277575993, 37.777667462939903 ], [ -122.214352939009999, 37.777616055135802 ], [ -122.214256836342003, 37.777529893039699 ], [ -122.214586220708995, 37.777297174432803 ], [ -122.214447712170994, 37.777174429221603 ], [ -122.214150497372003, 37.777384418879102 ], [ -122.214124652842003, 37.777402678605 ], [ -122.213917604643001, 37.777218054725097 ], [ -122.213825583920993, 37.777135999677199 ], [ -122.213733563198005, 37.777053944538203 ], [ -122.213634641617006, 37.776965735481703 ], [ -122.213796171281999, 37.776851611623499 ], [ -122.213689216066996, 37.776756238816901 ], [ -122.213850486119, 37.7766418831647 ], [ -122.213712409669995, 37.776518832971 ], [ -122.213389869566996, 37.776747543059102 ], [ -122.213182522229999, 37.776563133393203 ], [ -122.213113406749997, 37.776501662929 ], [ -122.213090367657998, 37.7764811727629 ], [ -122.212838235709995, 37.776256913779299 ], [ -122.212846909842995, 37.7762533657272 ], [ -122.212872886425998, 37.776242282057297 ], [ -122.212898615073996, 37.776230839817202 ], [ -122.212924087702007, 37.776219043266899 ], [ -122.212949298021996, 37.776206895956598 ], [ -122.212974237051, 37.776194400726098 ], [ -122.212998897602006, 37.7761815618355 ], [ -122.213023271590998, 37.776168383544899 ], [ -122.213047352729006, 37.776154869404301 ], [ -122.213071132931006, 37.776141023673702 ], [ -122.213094605010994, 37.776126851323099 ], [ -122.213117761782001, 37.776112355192502 ], [ -122.213140596059006, 37.776097540962098 ], [ -122.213163101551004, 37.7760824121819 ], [ -122.213195846939996, 37.7760594147544 ], [ -122.213057610590994, 37.775936469386998 ], [ -122.213027558351996, 37.775957601579599 ], [ -122.213007817873006, 37.7759708715028 ], [ -122.212987788136999, 37.775983865928502 ], [ -122.212967476329993, 37.775996580596598 ], [ -122.212946887841994, 37.776009012667103 ], [ -122.21292602986, 37.776021157169801 ], [ -122.212904906874002, 37.776033010554698 ], [ -122.212883526970003, 37.7760445699817 ], [ -122.212865934364004, 37.776053761429097 ], [ -122.212640335057003, 37.775856163165898 ], [ -122.212668596056005, 37.775849627244902 ], [ -122.212704336426995, 37.775840821324103 ], [ -122.212739878272004, 37.775831521924196 ], [ -122.212775209910006, 37.775821731175 ], [ -122.212810320562994, 37.775811452626499 ], [ -122.212845200348994, 37.775800689828799 ], [ -122.212888892608007, 37.775786412326902 ], [ -122.212667755232005, 37.775589733564701 ], [ -122.212609430315993, 37.775605409888598 ], [ -122.212578880410007, 37.775612937050703 ], [ -122.212548169705002, 37.775620039606501 ], [ -122.212517307184996, 37.775626716136202 ], [ -122.212486302732003, 37.775632963089599 ], [ -122.212455166224998, 37.775638780466899 ], [ -122.212423905752004, 37.775644165427998 ], [ -122.212392532091002, 37.775649115842803 ], [ -122.212361054224999, 37.7756536317114 ], [ -122.212329482035997, 37.775657710193798 ], [ -122.212297824507004, 37.775661351289997 ], [ -122.212285937101001, 37.775662603094297 ], [ -122.212230049314002, 37.7756128958682 ], [ -122.212149416534004, 37.775541180109897 ], [ -122.212068783754006, 37.775469464281997 ], [ -122.211988150973994, 37.775397748384599 ], [ -122.211910742247994, 37.775452604995699 ], [ -122.211827986749, 37.7753790316047 ], [ -122.211504460295998, 37.775091401105399 ], [ -122.211831427296005, 37.774845893213701 ], [ -122.211957460931004, 37.774669267361503 ], [ -122.212393005503003, 37.774341004065001 ], [ -122.212632052589996, 37.774539551458297 ], [ -122.212707324223999, 37.774482820338697 ], [ -122.212755134359995, 37.774522529357803 ], [ -122.212802039893006, 37.774487176516502 ], [ -122.212992591429, 37.774646532923697 ], [ -122.213135506203997, 37.774766049471097 ], [ -122.213492793141995, 37.775064840349401 ], [ -122.213595338527, 37.775150595621298 ], [ -122.213552594888995, 37.775194375689203 ], [ -122.213522990908999, 37.775223376828002 ], [ -122.213492753615995, 37.775251963288397 ], [ -122.213461892892994, 37.775280126550598 ], [ -122.213430416823996, 37.775307858094301 ], [ -122.213398336188007, 37.775335149399503 ], [ -122.213365660868007, 37.775361991946298 ], [ -122.213332399847005, 37.7753883779245 ], [ -122.213298563902995, 37.775414299524201 ], [ -122.213264162919003, 37.7754397475152 ], [ -122.213229207674999, 37.775464716217797 ], [ -122.213193708052003, 37.775489195691797 ], [ -122.213157676625002, 37.7755131802572 ], [ -122.213121122380002, 37.775536662104301 ], [ -122.213084058790002, 37.775559634132897 ], [ -122.213046493939004, 37.775582088533099 ], [ -122.213008442201996, 37.775604019625 ], [ -122.213175777678003, 37.7757528465538 ], [ -122.213288816284006, 37.775648678456697 ], [ -122.213449638973998, 37.775571185823502 ], [ -122.213476402482002, 37.775586492929101 ], [ -122.213541641730998, 37.775623804252 ], [ -122.213625857889994, 37.775671967839301 ], [ -122.213672906254999, 37.775698875587601 ], [ -122.213710074049999, 37.775720132105398 ], [ -122.213771158591001, 37.775755066852803 ], [ -122.213794290208995, 37.775768296340097 ], [ -122.213892541646999, 37.775824487552498 ], [ -122.213831792177999, 37.77589129311 ], [ -122.214005165231001, 37.775990446570098 ], [ -122.214140585362003, 37.776067894031499 ], [ -122.213867576566997, 37.776368116759997 ], [ -122.214009126801002, 37.776494007341299 ], [ -122.214241396098998, 37.776238585606798 ], [ -122.214563714318004, 37.776423777830601 ], [ -122.214661811246003, 37.776480140373103 ], [ -122.214732685626998, 37.776402200579199 ], [ -122.214886838325995, 37.776490770295503 ], [ -122.214815963945, 37.776568710706002 ], [ -122.214745089564005, 37.776646651034298 ], [ -122.214885648956994, 37.776727410817202 ], [ -122.215018057036005, 37.7768034864364 ], [ -122.214749285595005, 37.777152269256497 ], [ -122.214894076950998, 37.777280177818199 ], [ -122.215015036002001, 37.7771232106521 ], [ -122.215181995981993, 37.7772046905922 ], [ -122.21525794854, 37.777106126664002 ], [ -122.21540532345, 37.777178048232201 ], [ -122.215360634061, 37.777236042551898 ], [ -122.215508219178005, 37.777307691343601 ], [ -122.215370794007001, 37.777486029151902 ], [ -122.215518380022004, 37.777557678411398 ], [ -122.215391416630993, 37.777722437150601 ], [ -122.215534879379007, 37.777852072206997 ], [ -122.215606065475001, 37.777759693433701 ], [ -122.215694617802995, 37.777802683122601 ], [ -122.215784886809999, 37.777685540119997 ], [ -122.215888197560005, 37.777735693976602 ], [ -122.215991508309003, 37.777785847799102 ], [ -122.215947544759004, 37.777842900863902 ], [ -122.216095131672006, 37.777914548357401 ], [ -122.216022917005006, 37.778008263194003 ], [ -122.215948895824994, 37.778104320263502 ], [ -122.216096483635994, 37.778175968213702 ], [ -122.216016234437006, 37.778280108609103 ], [ -122.216160642212003, 37.778408518620402 ], [ -122.216341180228, 37.778174232219598 ], [ -122.216562342756006, 37.778281265226802 ], [ -122.216674027601002, 37.778333707062302 ], [ -122.216610982036997, 37.778415776401097 ], [ -122.216647909982001, 37.778433647493799 ], [ -122.216938952456005, 37.778574497397599 ], [ -122.216698744745997, 37.778887005210898 ], [ -122.216831165401999, 37.779004754078201 ], [ -122.217068232602003, 37.7786963314676 ], [ -122.217265575401996, 37.778791833833502 ], [ -122.217413290774005, 37.778863319234802 ], [ -122.217561005247006, 37.778934803856799 ], [ -122.217856435992005, 37.779077773603703 ], [ -122.217965866065001, 37.778935320034599 ], [ -122.218037917239002, 37.778841526142003 ], [ -122.218127980532003, 37.778724283253801 ], [ -122.218181619836002, 37.778654456309397 ], [ -122.218525678182999, 37.778820956393098 ], [ -122.218264583744002, 37.779160846778602 ], [ -122.218201539079004, 37.779242916619197 ], [ -122.218138494414006, 37.779324987078603 ], [ -122.218075448850996, 37.779407057446903 ], [ -122.218012404185998, 37.779489127724197 ], [ -122.217949358623002, 37.7795711979103 ], [ -122.217799724448994, 37.779765985992903 ], [ -122.217889529028, 37.779809204555796 ], [ -122.218116023058002, 37.779918204739097 ], [ -122.218011836450998, 37.780054585914698 ], [ -122.21813232209, 37.780161717018999 ], [ -122.218194994852993, 37.780079678728498 ], [ -122.218409507152998, 37.780182911193698 ], [ -122.218478576818001, 37.780092499192101 ], [ -122.218547645585005, 37.780002086369997 ], [ -122.218658600099005, 37.780055482644599 ], [ -122.218629132662997, 37.780094056931198 ], [ -122.218702354342, 37.780122289348597 ], [ -122.218656994810004, 37.780196397617999 ], [ -122.218688117840998, 37.780208398013102 ], [ -122.218642758309002, 37.780282506196201 ], [ -122.218982007075994, 37.780413312517403 ], [ -122.218782277453002, 37.7807396254791 ], [ -122.218866507984998, 37.7809225472338 ], [ -122.219255558453, 37.781072554108903 ], [ -122.219217153678002, 37.781135298753497 ], [ -122.219213373567996, 37.781141474952499 ], [ -122.219171793247995, 37.781209406717203 ], [ -122.219126433715999, 37.781283515316701 ], [ -122.219204243988997, 37.781313516569597 ], [ -122.219136203792999, 37.781424678574403 ], [ -122.219447446683006, 37.781544683283599 ], [ -122.219379406486993, 37.781655845650697 ], [ -122.219334046954998, 37.781729953802603 ], [ -122.219186383684999, 37.781971200952697 ], [ -122.219360434966006, 37.7821267960827 ], [ -122.219881998616998, 37.7812746724139 ], [ -122.220268216696994, 37.781396408315103 ], [ -122.220301790332002, 37.781341478725999 ], [ -122.220524879745994, 37.781411795863001 ], [ -122.220715875050999, 37.781030080354803 ], [ -122.220968609767993, 37.781109740544601 ], [ -122.220749300464007, 37.7815480436455 ], [ -122.220832915651002, 37.781574398306397 ], [ -122.220940194259001, 37.781359993779901 ], [ -122.22132610781, 37.781481629432498 ], [ -122.220611186286007, 37.782910434530301 ], [ -122.220795985010994, 37.7829875623543 ], [ -122.220910908281994, 37.782757886838397 ], [ -122.221083206949999, 37.782812121020903 ], [ -122.221091288194003, 37.782795949243699 ], [ -122.221210269154994, 37.782833399632402 ], [ -122.221247901379002, 37.782758089181002 ], [ -122.221392647819002, 37.782803650327097 ], [ -122.221537394259002, 37.782849210735101 ], [ -122.221503588858994, 37.7829168626211 ], [ -122.221793082637006, 37.783007982559603 ], [ -122.221770490905996, 37.783053194955798 ], [ -122.221658232037996, 37.783277850073397 ], [ -122.221859421424, 37.7833222018226 ], [ -122.221987868832002, 37.783065147319 ], [ -122.222316131203002, 37.783168080267103 ], [ -122.222422333628998, 37.783201382114299 ], [ -122.222458791755002, 37.78312841991 ], [ -122.222537141914998, 37.782971619936298 ], [ -122.222102678016995, 37.782835385427497 ], [ -122.222176129664007, 37.7826883888727 ], [ -122.222610592665006, 37.782824623652502 ], [ -122.222646310578995, 37.7827531420821 ], [ -122.222664169086997, 37.7827174012711 ], [ -122.222708816253999, 37.7826280495227 ], [ -122.222771321031999, 37.7825029567516 ], [ -122.222833826707998, 37.782377863768801 ], [ -122.222896331485003, 37.782252770574203 ], [ -122.222958837161002, 37.782127677877902 ], [ -122.223021341937994, 37.782002584969902 ], [ -122.223083845817996, 37.781877491850203 ], [ -122.223146350595002, 37.7817523992288 ], [ -122.223208854473995, 37.781627306395599 ], [ -122.223096217416, 37.781591986771303 ], [ -122.223147240825995, 37.781489870242403 ], [ -122.223198264234995, 37.781387753572297 ], [ -122.223249287645004, 37.781285636761297 ], [ -122.223778769945, 37.781451663037302 ], [ -122.223839410718, 37.781323033246203 ], [ -122.223507936870007, 37.7812190952245 ], [ -122.223661199339006, 37.780912805438298 ], [ -122.223600053713, 37.780893632109802 ], [ -122.223651153478997, 37.7807915096461 ], [ -122.223661797616998, 37.7807702382567 ], [ -122.223715012916003, 37.780663889027799 ], [ -122.223723528047003, 37.780646871887399 ], [ -122.223785257578001, 37.780523506022199 ], [ -122.223823875253998, 37.780535615703499 ], [ -122.223872828945005, 37.7804377811227 ], [ -122.223970749803001, 37.780242087432804 ], [ -122.224324747110003, 37.780353087749603 ], [ -122.224404594762007, 37.7802009515488 ], [ -122.223918653804006, 37.780048578604898 ], [ -122.223972342516007, 37.779941126416098 ], [ -122.224007699306995, 37.779952271301497 ], [ -122.224052638426997, 37.779862332588998 ], [ -122.224100179068998, 37.779767185187502 ], [ -122.224050210281007, 37.779751434485703 ], [ -122.224096186956004, 37.7796595479887 ], [ -122.224137055810004, 37.779577870533103 ], [ -122.224178742129993, 37.779494559265103 ], [ -122.224193532890993, 37.779499221869997 ], [ -122.224251004408003, 37.779384362806297 ], [ -122.224218846517999, 37.779374226044503 ], [ -122.224266738400999, 37.779278510718797 ], [ -122.224314631181997, 37.779182794558999 ], [ -122.224359330452003, 37.779093459838101 ], [ -122.224404029721995, 37.779004125009301 ], [ -122.224447451588006, 37.778917343271601 ], [ -122.224461500340993, 37.778889266596401 ], [ -122.224545994978001, 37.778915899819502 ], [ -122.224609771770005, 37.778788253952598 ], [ -122.224614874200995, 37.778778041847701 ], [ -122.224673548561995, 37.778660607865199 ], [ -122.224624585887, 37.778645174303698 ], [ -122.224662899034001, 37.778568601439801 ], [ -122.224699934776993, 37.778494581000302 ], [ -122.224717176141993, 37.778460123257602 ], [ -122.224763789722005, 37.778366959966398 ], [ -122.224809765497994, 37.778275072458399 ], [ -122.224935181990006, 37.778314604776497 ], [ -122.225062913439999, 37.778059317135799 ], [ -122.225419764695005, 37.7781720354239 ], [ -122.225483617844006, 37.778044413123098 ], [ -122.225521999262995, 37.777967862357599 ], [ -122.225200442814995, 37.777866293218302 ], [ -122.225162038939004, 37.777943049994903 ], [ -122.224693821740999, 37.777794941046999 ], [ -122.224535233161006, 37.777744846872501 ], [ -122.224528836258003, 37.777757605258998 ], [ -122.224521859042994, 37.7777554006407 ], [ -122.224664703749994, 37.777567209061999 ], [ -122.224565065313001, 37.7775357358286 ], [ -122.224422220606996, 37.7777239274875 ], [ -122.224332877761995, 37.777695706224399 ], [ -122.224514341041996, 37.777456636967003 ], [ -122.22438986329, 37.777397112715597 ], [ -122.224375044680997, 37.777390026661003 ], [ -122.224179738361997, 37.777647333078598 ], [ -122.224049407186996, 37.777606163799597 ], [ -122.223920813353999, 37.777565543346 ], [ -122.224052326711998, 37.777372236969001 ], [ -122.224055371101997, 37.777373541996198 ], [ -122.224061537138994, 37.777358698907499 ], [ -122.224097195764003, 37.777306284781403 ], [ -122.224015050220999, 37.777280336864102 ], [ -122.224029528368007, 37.777261263417302 ], [ -122.223973581292, 37.777243590138603 ], [ -122.223962337977994, 37.777263685318601 ], [ -122.223887615215006, 37.7772400818954 ], [ -122.224050617217998, 37.776914261156797 ], [ -122.223876320697002, 37.776830912095399 ], [ -122.223697641295004, 37.776741578792397 ], [ -122.223594093391, 37.776948558443301 ], [ -122.223465587592997, 37.776887745787697 ], [ -122.223429769066996, 37.776934722091603 ], [ -122.223287117498003, 37.7768672152569 ], [ -122.223225910786994, 37.776947489138401 ], [ -122.223121567872994, 37.776914601261304 ], [ -122.223014954917005, 37.776879123888399 ], [ -122.222643785413993, 37.776762134919302 ], [ -122.222746663175997, 37.776594029783702 ], [ -122.222860995355006, 37.7766538152637 ], [ -122.223019953142995, 37.776420873788098 ], [ -122.222890206772007, 37.776359472789103 ], [ -122.222572448400996, 37.776207968822298 ], [ -122.222529905087995, 37.776508233584003 ], [ -122.222356790749004, 37.776425470553498 ], [ -122.222310106202002, 37.776486604524898 ], [ -122.222236007768004, 37.7764511794893 ], [ -122.222118402126995, 37.7763949539614 ], [ -122.222087812694994, 37.7763803293671 ], [ -122.222013589395004, 37.776345068298802 ], [ -122.221939617622994, 37.776309479177002 ], [ -122.221791422549998, 37.776238628919103 ], [ -122.222017458438998, 37.7759426367898 ], [ -122.221870732111995, 37.775869864811703 ], [ -122.221530151143, 37.775706816694502 ], [ -122.221368502901001, 37.775918077941597 ], [ -122.221314620154004, 37.7759884982231 ], [ -122.220982159955, 37.775829335709403 ], [ -122.221018196770999, 37.7757824460381 ], [ -122.220938219762004, 37.775721705557501 ], [ -122.220698233934996, 37.775606812932899 ], [ -122.220721658404003, 37.775576333635101 ], [ -122.220865809260999, 37.775388768449098 ], [ -122.220688040751995, 37.7753036624351 ], [ -122.220309717964994, 37.775795921904603 ], [ -122.219940632554, 37.775617619781499 ], [ -122.219891242280994, 37.775681882865797 ], [ -122.219522177531005, 37.775503588988101 ], [ -122.219738243018, 37.775222458027997 ], [ -122.219948094859006, 37.774949409906903 ], [ -122.219785142263007, 37.774871393944103 ], [ -122.219533887070995, 37.775198313607703 ], [ -122.219328714555004, 37.775100055165197 ], [ -122.219210214192998, 37.775043304594298 ], [ -122.219121338471993, 37.775000741459998 ], [ -122.218988025789002, 37.7749368960026 ], [ -122.219050291613996, 37.774854453575699 ], [ -122.219112557439999, 37.774772011056903 ], [ -122.219038494938005, 37.774736541176502 ], [ -122.218831985728997, 37.774637640943297 ], [ -122.218955612776995, 37.774474241472198 ], [ -122.218777850555, 37.774389132985398 ], [ -122.218528463859002, 37.774718748005697 ], [ -122.218350701636993, 37.774633639090297 ], [ -122.218122331925997, 37.774524300230098 ], [ -122.218104548875999, 37.774547857656799 ], [ -122.218095737301994, 37.774559675775301 ], [ -122.217928858169998, 37.774479776339398 ], [ -122.218001013548005, 37.774386032888003 ], [ -122.217923983012994, 37.774349151233601 ], [ -122.217775847229007, 37.774278225251201 ], [ -122.217983295178001, 37.774008712572098 ], [ -122.217805532057994, 37.773923601419199 ], [ -122.217625142263998, 37.774157960225601 ], [ -122.217589065024001, 37.774204831045701 ], [ -122.217264294404004, 37.774047327647096 ], [ -122.217192139025997, 37.7741410693978 ], [ -122.217129002731994, 37.774223092977103 ], [ -122.217065866439, 37.774305116465399 ], [ -122.217061437745002, 37.774302969258599 ], [ -122.217080301468002, 37.774278463119799 ], [ -122.216877054939999, 37.774162035950297 ], [ -122.216385618987005, 37.773880520717199 ], [ -122.216789002075004, 37.773436887860598 ], [ -122.216610639779006, 37.773351486343202 ], [ -122.216268463402997, 37.773727804567102 ], [ -122.216085552037995, 37.773623943203702 ], [ -122.215958920125004, 37.773552038769701 ], [ -122.215875644502006, 37.7734589324889 ], [ -122.216215072034004, 37.773162083542097 ], [ -122.216545961079007, 37.772999787805503 ], [ -122.216701442385997, 37.772794845650502 ], [ -122.216993083137993, 37.772572415280898 ], [ -122.217108391786994, 37.772627626183798 ], [ -122.217366123830999, 37.772287898190903 ], [ -122.217510297146006, 37.772177937385798 ], [ -122.217613862118995, 37.772227524078303 ], [ -122.217477129548996, 37.772407759386198 ], [ -122.217551193847996, 37.772443221863 ], [ -122.217773389439003, 37.772549609901198 ], [ -122.217195810440003, 37.773310940238801 ], [ -122.217373568170004, 37.773396050676901 ], [ -122.217553259075004, 37.773159194282897 ], [ -122.217878822906997, 37.773315140981602 ], [ -122.217923683874005, 37.7733366296657 ], [ -122.218026937131, 37.773386088479697 ], [ -122.218145429407997, 37.773442846003199 ], [ -122.218294870443998, 37.773514427464903 ], [ -122.218115266675994, 37.773751172661498 ], [ -122.218302998401001, 37.773855307219101 ], [ -122.218471216023005, 37.773601400161098 ], [ -122.218590151170005, 37.773444624002003 ], [ -122.219033418557999, 37.7736565272184 ], [ -122.219012605491997, 37.773683959015202 ], [ -122.219309805917007, 37.773826033590801 ], [ -122.219229489344002, 37.7739319055568 ], [ -122.219033192183005, 37.774190659033998 ], [ -122.219210953506007, 37.774275767039299 ], [ -122.219568641093005, 37.773804270255702 ], [ -122.219939075772999, 37.773981140304201 ], [ -122.220310210240996, 37.774158341525997 ], [ -122.220243280362993, 37.774246568843303 ], [ -122.219901637584996, 37.774083448270602 ], [ -122.219834695130999, 37.774171669996797 ], [ -122.219923640920001, 37.774214137750803 ], [ -122.220012586709998, 37.774256606190498 ], [ -122.220176350483996, 37.774334796765501 ], [ -122.219951987258995, 37.774630550364002 ], [ -122.220129751277, 37.774715656442801 ], [ -122.220353672531004, 37.774420484008999 ], [ -122.220723460425006, 37.774597269507197 ], [ -122.220678832122005, 37.774656084541 ], [ -122.220752929658005, 37.7746915075966 ], [ -122.220827026296007, 37.774726931345299 ], [ -122.220901122933995, 37.774762354366899 ], [ -122.221049789621006, 37.7748334268653 ], [ -122.220870208310998, 37.775070153637401 ], [ -122.221047975025002, 37.775155259210202 ], [ -122.221271073422002, 37.774861165677002 ], [ -122.221564890791996, 37.7750018292543 ], [ -122.222040938603996, 37.775229731032503 ], [ -122.222015059038995, 37.775263845908597 ], [ -122.221817842003006, 37.7755238259397 ], [ -122.221965982277993, 37.775594745756798 ], [ -122.222233697300993, 37.775241831640301 ], [ -122.222375911390003, 37.775309913676097 ], [ -122.222501830938, 37.775370195096002 ], [ -122.222234116813993, 37.775723110019698 ], [ -122.222404478713997, 37.775804666767201 ], [ -122.222582955096996, 37.775569390124701 ], [ -122.222731095371998, 37.775640309188098 ], [ -122.222885800534996, 37.775714369407702 ], [ -122.222707325051005, 37.7759496470089 ], [ -122.222885095357995, 37.776034748729103 ], [ -122.223012498025, 37.7760957388858 ], [ -122.223191026508999, 37.7758603907455 ], [ -122.223265097096004, 37.775895850146199 ], [ -122.223359907985994, 37.775941237302099 ], [ -122.223416972566, 37.775968554644997 ], [ -122.223486301845, 37.775877159763802 ], [ -122.223597201561006, 37.775930248730702 ], [ -122.223707855140006, 37.775784375929398 ], [ -122.223648311209999, 37.775755872039603 ], [ -122.223611532384993, 37.775738265145002 ], [ -122.223302820049994, 37.775590479819698 ], [ -122.223300816806997, 37.775589483629602 ], [ -122.223299810693007, 37.7755889539376 ], [ -122.223298816257994, 37.775588410044797 ], [ -122.223297833500993, 37.775587852661097 ], [ -122.223296863320996, 37.775587281786699 ], [ -122.223295905716995, 37.775586697421403 ], [ -122.223294960689003, 37.775586100275397 ], [ -122.223294030035007, 37.775585489638502 ], [ -122.223293111955996, 37.775584866220903 ], [ -122.223292208250996, 37.775584230732498 ], [ -122.223291318918996, 37.775583582463398 ], [ -122.223290443061998, 37.775582921413402 ], [ -122.223289582475999, 37.775582249002802 ], [ -122.223288737160999, 37.775581564521403 ], [ -122.223287906218999, 37.775580868679398 ], [ -122.223287091447006, 37.775580161476597 ], [ -122.223286291947005, 37.775579442913198 ], [ -122.223285508616001, 37.775578713699097 ], [ -122.223284740555997, 37.7755779731243 ], [ -122.223283989565005, 37.775577222608902 ], [ -122.223283255640993, 37.775576461442803 ], [ -122.223282537887002, 37.775575690336197 ], [ -122.223281838099993, 37.775574909288899 ], [ -122.223281154481995, 37.775574118301101 ], [ -122.22328048883, 37.775573318792702 ], [ -122.223279841145001, 37.775572510053699 ], [ -122.223279210526997, 37.7755716920841 ], [ -122.223278598774996, 37.775570865594098 ], [ -122.223278004988003, 37.775570030583502 ], [ -122.223277429167993, 37.7755691877624 ], [ -122.223276873111004, 37.775568337130899 ], [ -122.223276335020003, 37.775567478688899 ], [ -122.223275815793997, 37.775566613146403 ], [ -122.223275316330998, 37.775565740503502 ], [ -122.223274835731999, 37.775564860760099 ], [ -122.223274374895993, 37.775563974626401 ], [ -122.223273932924997, 37.775563082812198 ], [ -122.223273510716993, 37.775562184607701 ], [ -122.223273109169995, 37.775561280722897 ], [ -122.223272726488005, 37.775560371157603 ], [ -122.223272364466993, 37.775559456622098 ], [ -122.223272022207993, 37.775558537116297 ], [ -122.223271700612003, 37.775557613350102 ], [ -122.223271399675994, 37.775556684613697 ], [ -122.223271118503007, 37.775555752327101 ], [ -122.223270857992006, 37.7755548164901 ], [ -122.223270619039994, 37.7755538771031 ], [ -122.223270399851003, 37.775552934165702 ], [ -122.223270201323004, 37.775551988388202 ], [ -122.223270024355003, 37.775551040480501 ], [ -122.223269867149995, 37.775550089732697 ], [ -122.223269731504004, 37.7755491368547 ], [ -122.223269617417998, 37.775548182556598 ], [ -122.223269523094999, 37.775547226838398 ], [ -122.223269451229996, 37.775546270410103 ], [ -122.223269399128, 37.775545312561697 ], [ -122.223269368584994, 37.775544354003401 ], [ -122.223269359602, 37.775543395444998 ], [ -122.223269371279997, 37.775542436886496 ], [ -122.223269403619, 37.775541478328101 ], [ -122.223269457518001, 37.775540520479701 ], [ -122.223269532078007, 37.7755395640513 ], [ -122.223269628197997, 37.7755386083331 ], [ -122.223269744979007, 37.7755376540348 ], [ -122.223269882420993, 37.775536701866699 ], [ -122.223270041423007, 37.775535751828698 ], [ -122.223270221085997, 37.775534803920799 ], [ -122.223270421411002, 37.775533858143099 ], [ -122.223270642396002, 37.775532915915498 ], [ -122.223270884941002, 37.7755319765281 ], [ -122.223271147248994, 37.7755310406909 ], [ -122.223271430219, 37.775530109114001 ], [ -122.223271733849003, 37.775529181087201 ], [ -122.223272057242994, 37.775528257320801 ], [ -122.223272401296995, 37.775527338524597 ], [ -122.223272766012997, 37.775526424698697 ], [ -122.223273149593993, 37.7755255158431 ], [ -122.223273553835995, 37.7755246119577 ], [ -122.223273978739002, 37.7755237144628 ], [ -122.223274421609005, 37.775522823358301 ], [ -122.223274885139006, 37.775521937934101 ], [ -122.223275367534995, 37.775521058900203 ], [ -122.223275869692998, 37.775520186966801 ], [ -122.223276390715995, 37.775519322133803 ], [ -122.223276930603006, 37.775518464401202 ], [ -122.223277489354999, 37.775517614479199 ], [ -122.223278066074002, 37.775516772367602 ], [ -122.223278661657005, 37.775515938776401 ], [ -122.223279276103995, 37.775515112995798 ], [ -122.223482018677004, 37.775247840050802 ], [ -122.223750154111997, 37.774894357658802 ], [ -122.223822595154004, 37.774798858068401 ], [ -122.223876862381005, 37.774727316193001 ], [ -122.225447343873, 37.775640875091803 ], [ -122.225405670129007, 37.775689438421701 ] ] ] ] } },
{ "type": "Feature", "properties": { "STATEFP2": null, "COUNTYF": null, "TRACTCE": null, "BLOCKCE": null, "GEOID20": null, "NAME20": null, "MTFCC20": null, "UR20": null, "UACE20": null, "UATYPE2": null, "FUNCSTAT2": null, "ALAND20": null, "AWATER2": null, "INTPTLAT2": null, "INTPTLON2": null, "Shp_Lng": 3187.5056724199999, "Shap_Ar": 456249.50646900001, "PP_Name": "Telegraph Triangle", "FID_mss": null, "APN": null, "APN_SORT": null, "BOOK": null, "PAGE": null, "PARCEL": null, "SUB_PARCE": null, "CLCA_CATE": null, "COMMENTS": null, "DATE_CREA": null, "DATE_UPDA": null, "FID_PARCE": null, "CENTROID_X": null, "CENTROID_Y": null, "SrtPrcl": null, "PrntPrc": null, "TRAPrmr": null, "TRAScnd": null, "SitsStr": null, "StsSt_1": null, "SitsUnt": null, "SitsCty": null, "SitusZp": null, "StsZp_4": null, "Land": null, "Imps": null, "CLCALnd": null, "CLCAImp": null, "HOEX": null, "OTEX": null, "TotlNtV": null, "LatstDc": null, "LtstD_1": null, "LtstD_2": null, "MlngAdd": null, "MlngA_1": null, "MlngA_2": null, "MlngA_3": null, "MlngA_4": null, "UseCode": null, "EconUnt": null, "EcnmcUn": null, "StsAddr": null, "MlngA_5": null, "FID_P_1": null, "FID_m_1": null, "APN_1": null, "APN_SORT_1": null, "BOOK_1": null, "PAGE_1": null, "PARCEL_1": null, "SUB_PARC_1": null, "CLCA_CAT_1": null, "COMMENTS_1": null, "DATE_CRE_1": null, "DATE_UPD_1": null, "FID_PARC_2": null, "CENTROID_1": null, "CENTROID_2": null, "SrtPr_1": null, "PrntP_1": null, "TRAPr_1": null, "TRASc_1": null, "StsSt_2": null, "StsSt_3": null, "StsUnt_": null, "StsCty_": null, "StsZp_1": null, "StsZp_5": null, "Land_1": null, "Imps_1": null, "CLCAL_1": null, "CLCAI_1": null, "HOEX_1": null, "OTEX_1": null, "TtlNt_1": null, "LtstD_3": null, "LtstD_4": null, "LtstD_5": null, "MlngA_6": null, "MlngA_7": null, "MlngA_8": null, "MlngA_9": null, "Mlng_10": null, "UseCd_1": null, "EcnUn_1": null, "Ecnmc_1": null, "StsAd_1": null, "Mlng_11": null, "FID_P_3": null, "APN_12": null, "APN_SORT_2": null, "BOOK_12": null, "PAGE_12": null, "PARCEL_12": null, "SUB_PARC_2": null, "CLCA_CAT_2": null, "COMMENTS_2": null, "DATE_CRE_2": null, "DATE_UPD_2": null, "EDITOR": null, "FID_PARC_4": null, "CENTROID_3": null, "CENTROID_4": null, "SrtPr_2": null, "PrntP_2": null, "TRAPr_2": null, "TRASc_2": null, "StsSt_4": null, "StsSt_5": null, "StsUnt1": null, "StsCty1": null, "StsZp_2": null, "StsZp_6": null, "Land_12": null, "Imps_12": null, "CLCAL_2": null, "CLCAI_2": null, "HOEX_12": null, "OTEX_12": null, "TtlNt_2": null, "LtstD_6": null, "LtstD_7": null, "LtstD_8": null, "Mlng_12": null, "Mlng_13": null, "Mlng_14": null, "Mlng_15": null, "Mlng_16": null, "UsCd_12": null, "EcnUn_2": null, "Units": null, "Class": null, "EffctvY": null, "BldngAr": null, "LotSize": null, "Buldngs": null, "Stories": null, "Rooms": null, "Beds": null, "Acre": null, "LandTyp": null, "Cnfrmty": null, "Additns": null, "YearBlt": null, "Baths": null, "Condo": null, "Elevatr": null, "Pool": null, "Ecnmc_2": null, "StsAd_2": null, "Mlng_17": null, "ID": null, "BID": null, "area_cr": null, "YEAR_ES": null, "CONT_AD": null, "CONT_NA": null, "STATEFP": null, "PLACEFP": null, "PLACENS": null, "GEOID": null, "GEOIDFQ": null, "NAME": null, "NAMELSA": null, "LSAD": null, "CLASSFP": null, "PCICBSA": null, "MTFCC": null, "FUNCSTAT": null, "ALAND": null, "AWATER": null, "INTPTLAT": null, "INTPTLON": null, "NAME_1": null, "Beat_Nm": null, "FID": null, "Shp__Ar": null, "Shp__Ln": null }, "geometry": { "type": "MultiPolygon", "coordinates": [ [ [ [ -122.270597830676067, 37.812176888689628 ], [ -122.269316934590549, 37.811952993521125 ], [ -122.267859059614239, 37.811682585628894 ], [ -122.266734101180589, 37.811476263215845 ], [ -122.267906644273154, 37.809588494844206 ], [ -122.271185331566826, 37.804313110294174 ], [ -122.273143442392225, 37.810127535795345 ], [ -122.273607705205777, 37.811517997706332 ], [ -122.274009900721438, 37.812773422265245 ], [ -122.270597830676067, 37.812176888689628 ] ] ] ] } },
{ "type": "Feature", "properties": { "STATEFP2": null, "COUNTYF": null, "TRACTCE": null, "BLOCKCE": null, "GEOID20": null, "NAME20": null, "MTFCC20": null, "UR20": null, "UACE20": null, "UATYPE2": null, "FUNCSTAT2": null, "ALAND20": null, "AWATER2": null, "INTPTLAT2": null, "INTPTLON2": null, "Shp_Lng": null, "Shap_Ar": null, "PP_Name": "Old_Oakland", "FID_mss": null, "APN": null, "APN_SORT": null, "BOOK": null, "PAGE": null, "PARCEL": null, "SUB_PARCE": null, "CLCA_CATE": null, "COMMENTS": null, "DATE_CREA": null, "DATE_UPDA": null, "FID_PARCE": null, "CENTROID_X": null, "CENTROID_Y": null, "SrtPrcl": null, "PrntPrc": null, "TRAPrmr": null, "TRAScnd": null, "SitsStr": null, "StsSt_1": null, "SitsUnt": null, "SitsCty": null, "SitusZp": null, "StsZp_4": null, "Land": null, "Imps": null, "CLCALnd": null, "CLCAImp": null, "HOEX": null, "OTEX": null, "TotlNtV": null, "LatstDc": null, "LtstD_1": null, "LtstD_2": null, "MlngAdd": null, "MlngA_1": null, "MlngA_2": null, "MlngA_3": null, "MlngA_4": null, "UseCode": null, "EconUnt": null, "EcnmcUn": null, "StsAddr": null, "MlngA_5": null, "FID_P_1": null, "FID_m_1": null, "APN_1": null, "APN_SORT_1": null, "BOOK_1": null, "PAGE_1": null, "PARCEL_1": null, "SUB_PARC_1": null, "CLCA_CAT_1": null, "COMMENTS_1": null, "DATE_CRE_1": null, "DATE_UPD_1": null, "FID_PARC_2": null, "CENTROID_1": null, "CENTROID_2": null, "SrtPr_1": null, "PrntP_1": null, "TRAPr_1": null, "TRASc_1": null, "StsSt_2": null, "StsSt_3": null, "StsUnt_": null, "StsCty_": null, "StsZp_1": null, "StsZp_5": null, "Land_1": null, "Imps_1": null, "CLCAL_1": null, "CLCAI_1": null, "HOEX_1": null, "OTEX_1": null, "TtlNt_1": null, "LtstD_3": null, "LtstD_4": null, "LtstD_5": null, "MlngA_6": null, "MlngA_7": null, "MlngA_8": null, "MlngA_9": null, "Mlng_10": null, "UseCd_1": null, "EcnUn_1": null, "Ecnmc_1": null, "StsAd_1": null, "Mlng_11": null, "FID_P_3": null, "APN_12": null, "APN_SORT_2": null, "BOOK_12": null, "PAGE_12": null, "PARCEL_12": null, "SUB_PARC_2": null, "CLCA_CAT_2": null, "COMMENTS_2": null, "DATE_CRE_2": null, "DATE_UPD_2": null, "EDITOR": null, "FID_PARC_4": null, "CENTROID_3": null, "CENTROID_4": null, "SrtPr_2": null, "PrntP_2": null, "TRAPr_2": null, "TRASc_2": null, "StsSt_4": null, "StsSt_5": null, "StsUnt1": null, "StsCty1": null, "StsZp_2": null, "StsZp_6": null, "Land_12": null, "Imps_12": null, "CLCAL_2": null, "CLCAI_2": null, "HOEX_12": null, "OTEX_12": null, "TtlNt_2": null, "LtstD_6": null, "LtstD_7": null, "LtstD_8": null, "Mlng_12": null, "Mlng_13": null, "Mlng_14": null, "Mlng_15": null, "Mlng_16": null, "UsCd_12": null, "EcnUn_2": null, "Units": null, "Class": null, "EffctvY": null, "BldngAr": null, "LotSize": null, "Buldngs": null, "Stories": null, "Rooms": null, "Beds": null, "Acre": null, "LandTyp": null, "Cnfrmty": null, "Additns": null, "YearBlt": null, "Baths": null, "Condo": null, "Elevatr": null, "Pool": null, "Ecnmc_2": null, "StsAd_2": null, "Mlng_17": null, "ID": null, "BID": null, "area_cr": null, "YEAR_ES": null, "CONT_AD": null, "CONT_NA": null, "STATEFP": "06", "PLACEFP": "53000", "PLACENS": "02411292", "GEOID": "0653000", "GEOIDFQ": "1600000US0653000", "NAME": "Oakland", "NAMELSA": "Oakland city", "LSAD": "25", "CLASSFP": "C1", "PCICBSA": "Y", "MTFCC": "G4110", "FUNCSTAT": "A", "ALAND": 144944700.0, "AWATER": 57160794.0, "INTPTLAT": "+37.7698464", "INTPTLON": "-122.2256900", "NAME_1": "03Y", "Beat_Nm": "03Y", "FID": null, "Shp__Ar": null, "Shp__Ln": null }, "geometry": { "type": "MultiPolygon", "coordinates": [ [ [ [ -122.275482862993996, 37.798285832708402 ], [ -122.276178512404996, 37.798569267393603 ], [ -122.276292110333003, 37.798614938055302 ], [ -122.277473074222002, 37.799070970633899 ], [ -122.277485300807996, 37.799075593277699 ], [ -122.277962336114996, 37.799264113778698 ], [ -122.278659521749006, 37.7995385837391 ], [ -122.27983733296, 37.800006313635599 ], [ -122.281016742223997, 37.800467828377101 ], [ -122.280838174463, 37.8007445202349 ], [ -122.280829818390004, 37.800757007103201 ], [ -122.280826474256997, 37.800761864535197 ], [ -122.280748081441004, 37.800885281734097 ], [ -122.280744753780994, 37.8008908265206 ], [ -122.280679644187998, 37.800990694229903 ], [ -122.280577883185998, 37.801150173688903 ], [ -122.280572906409006, 37.801159176892298 ], [ -122.280552901563993, 37.801191067346501 ], [ -122.280529417405006, 37.801222322722097 ], [ -122.280505917943998, 37.801252893421399 ], [ -122.280478941435007, 37.801282829005203 ], [ -122.280451948423007, 37.801312077225603 ], [ -122.280424938970995, 37.801340640785298 ], [ -122.280263772519007, 37.801476980324701 ], [ -122.280206095243997, 37.8015259212142 ], [ -122.280104334662994, 37.801613295341603 ], [ -122.279956829409997, 37.801741874479298 ], [ -122.279950038815997, 37.801747471507497 ], [ -122.279865236047996, 37.801820168675803 ], [ -122.279973551637994, 37.801861796270501 ], [ -122.280331683963993, 37.8019992248786 ], [ -122.281299504290004, 37.802369852613801 ], [ -122.280782605924003, 37.803190717899199 ], [ -122.280756023989994, 37.803237129375297 ], [ -122.280731205226004, 37.803284885828099 ], [ -122.280708132100003, 37.803333303522599 ], [ -122.280686805751003, 37.803382382442599 ], [ -122.280667211945996, 37.803431434297501 ], [ -122.280651111666998, 37.803481805908199 ], [ -122.280636740597998, 37.803532153209702 ], [ -122.280625845489993, 37.803583134731497 ], [ -122.280602343547997, 37.803685806713503 ], [ -122.280599279138997, 37.803702333884203 ], [ -122.280515141440006, 37.804091592998901 ], [ -122.280505911790996, 37.804139802540703 ], [ -122.280494935307004, 37.804187350848103 ], [ -122.280482211983994, 37.804234237920703 ], [ -122.280467758368005, 37.804281153816902 ], [ -122.280451574346003, 37.804328094031902 ], [ -122.280431913154004, 37.804374400033502 ], [ -122.280412235453994, 37.804420018674698 ], [ -122.280390810943004, 37.804464977879299 ], [ -122.280365924554999, 37.804509988438703 ], [ -122.280341006371003, 37.804553626964797 ], [ -122.280277772673003, 37.804659647248101 ], [ -122.280212807305006, 37.804765693631602 ], [ -122.280144348164995, 37.8048704211039 ], [ -122.280075888766007, 37.804975145831797 ], [ -122.280005664805998, 37.805078525541802 ], [ -122.27996045914, 37.8051423845884 ], [ -122.279933711400005, 37.805181930404899 ], [ -122.279713809642004, 37.805540276768497 ], [ -122.279490167502004, 37.805887002432797 ], [ -122.279092365376002, 37.806550867956297 ], [ -122.278679096401007, 37.8072197712319 ], [ -122.278459090119, 37.807140683650999 ], [ -122.278452102703994, 37.807138042201998 ], [ -122.278445115291007, 37.8071354007526 ], [ -122.278280977003007, 37.807076073295498 ], [ -122.278270264157996, 37.8070722047187 ], [ -122.278266091324994, 37.807070698671097 ], [ -122.278263692075001, 37.807069830956998 ], [ -122.278263441191001, 37.807069741917601 ], [ -122.278262120098006, 37.807069263480898 ], [ -122.27825801486, 37.807067781647 ], [ -122.278240811307001, 37.807061569619698 ], [ -122.278237322170995, 37.807060249721196 ], [ -122.278148282218993, 37.807028631315298 ], [ -122.278012092777004, 37.8069798684649 ], [ -122.277767649683, 37.806892219962101 ], [ -122.277570355392996, 37.8068217164424 ], [ -122.277381795674003, 37.806754515384 ], [ -122.277231633693006, 37.806700467685602 ], [ -122.277135557961003, 37.806664146722802 ], [ -122.276522191205999, 37.806422739825699 ], [ -122.275976954032004, 37.8062070871133 ], [ -122.274792196495994, 37.805741482732799 ], [ -122.273605756205995, 37.8052772635452 ], [ -122.272438314406003, 37.804810687876603 ], [ -122.272122103735995, 37.804689086350102 ], [ -122.271809322063007, 37.8045660599686 ], [ -122.271496478138005, 37.804440285091196 ], [ -122.271185331731999, 37.804313110497603 ], [ -122.271501180244996, 37.803839347542002 ], [ -122.271628198694003, 37.803649282891598 ], [ -122.272058222414003, 37.8029554332646 ], [ -122.272493398421005, 37.802260128311801 ], [ -122.272930344578995, 37.801566854138699 ], [ -122.272931162858001, 37.801564783528796 ], [ -122.272931976554005, 37.801562711185497 ], [ -122.273351940946995, 37.800883426411602 ], [ -122.273773545910004, 37.800200681746396 ], [ -122.274214044464998, 37.799512157488898 ], [ -122.274379004229999, 37.799244606926997 ], [ -122.274635517711999, 37.798824603484697 ], [ -122.274657140963001, 37.798787882764998 ], [ -122.274772177748005, 37.798604174946298 ], [ -122.274793833684996, 37.798568827114501 ], [ -122.274878843013994, 37.798432266969797 ], [ -122.274943825709997, 37.798326908973202 ], [ -122.274954679371007, 37.798310265610901 ], [ -122.274954708926003, 37.798310219205497 ], [ -122.274965530713004, 37.798293620479797 ], [ -122.275015568360004, 37.798214583044498 ], [ -122.275075605140003, 37.798119601777302 ], [ -122.275482862993996, 37.798285832708402 ] ] ] ] } },
{ "type": "Feature", "properties": { "STATEFP2": null, "COUNTYF": null, "TRACTCE": null, "BLOCKCE": null, "GEOID20": null, "NAME20": null, "MTFCC20": null, "UR20": null, "UACE20": null, "UATYPE2": null, "FUNCSTAT2": null, "ALAND20": null, "AWATER2": null, "INTPTLAT2": null, "INTPTLON2": null, "Shp_Lng": 5738.9091860299995, "Shap_Ar": 346230.86132899998, "PP_Name": "Dimond", "FID_mss": null, "APN": "28-905-26-8", "APN_SORT": "028 090502608", "BOOK": "28", "PAGE": "905", "PARCEL": "26", "SUB_PARCE": "8", "CLCA_CATE": null, "COMMENTS": null, "DATE_CREA": "2004-07-18", "DATE_UPDA": "2004-07-18", "FID_PARCE": 216565.0, "CENTROID_X": 6065909.5934599992, "CENTROID_Y": 2117879.4701899998, "SrtPrcl": "028 090502608", "PrntPrc": "28-905-26-8", "TRAPrmr": "17", "TRAScnd": "001", "SitsStr": "3320", "StsSt_1": "FRUITVALE AVE", "SitsUnt": null, "SitsCty": "OAKLAND", "SitusZp": "94602", "StsZp_4": null, "Land": 1719651.0, "Imps": 5757092.0, "CLCALnd": 0.0, "CLCAImp": 0.0, "HOEX": 0.0, "OTEX": 0.0, "TotlNtV": 7867456.0, "LatstDc": "TRAN", "LtstD_1": "262990", "LtstD_2": "2008-10-20", "MlngAdd": "PO BOX 880", "MlngA_1": null, "MlngA_2": "SPARKS MD", "MlngA_3": "21152", "MlngA_4": "0880", "UseCode": "3500", "EconUnt": null, "EcnmcUn": 0.0, "StsAddr": "3320 FRUITVALE AVE OAKLAND 94602", "MlngA_5": "PO BOX 880 SPARKS MD 21152", "FID_P_1": null, "FID_m_1": null, "APN_1": null, "APN_SORT_1": null, "BOOK_1": null, "PAGE_1": null, "PARCEL_1": null, "SUB_PARC_1": null, "CLCA_CAT_1": null, "COMMENTS_1": null, "DATE_CRE_1": null, "DATE_UPD_1": null, "FID_PARC_2": null, "CENTROID_1": null, "CENTROID_2": null, "SrtPr_1": null, "PrntP_1": null, "TRAPr_1": null, "TRASc_1": null, "StsSt_2": null, "StsSt_3": null, "StsUnt_": null, "StsCty_": null, "StsZp_1": null, "StsZp_5": null, "Land_1": null, "Imps_1": null, "CLCAL_1": null, "CLCAI_1": null, "HOEX_1": null, "OTEX_1": null, "TtlNt_1": null, "LtstD_3": null, "LtstD_4": null, "LtstD_5": null, "MlngA_6": null, "MlngA_7": null, "MlngA_8": null, "MlngA_9": null, "Mlng_10": null, "UseCd_1": null, "EcnUn_1": null, "Ecnmc_1": null, "StsAd_1": null, "Mlng_11": null, "FID_P_3": null, "APN_12": null, "APN_SORT_2": null, "BOOK_12": null, "PAGE_12": null, "PARCEL_12": null, "SUB_PARC_2": null, "CLCA_CAT_2": null, "COMMENTS_2": null, "DATE_CRE_2": null, "DATE_UPD_2": null, "EDITOR": "Public Works", "FID_PARC_4": null, "CENTROID_3": null, "CENTROID_4": null, "SrtPr_2": null, "PrntP_2": null, "TRAPr_2": null, "TRASc_2": null, "StsSt_4": null, "StsSt_5": null, "StsUnt1": null, "StsCty1": null, "StsZp_2": null, "StsZp_6": null, "Land_12": null, "Imps_12": null, "CLCAL_2": null, "CLCAI_2": null, "HOEX_12": null, "OTEX_12": null, "TtlNt_2": null, "LtstD_6": null, "LtstD_7": null, "LtstD_8": null, "Mlng_12": null, "Mlng_13": null, "Mlng_14": null, "Mlng_15": null, "Mlng_16": null, "UsCd_12": null, "EcnUn_2": null, "Units": 1.0, "Class": "C7.5A", "EffctvY": 1975.0, "BldngAr": 33900.0, "LotSize": 76832.0, "Buldngs": 1.0, "Stories": 2.0, "Rooms": 0.0, "Beds": 0.0, "Acre": null, "LandTyp": null, "Cnfrmty": null, "Additns": 0.0, "YearBlt": 1974.0, "Baths": 1.0, "Condo": null, "Elevatr": "Y", "Pool": null, "Ecnmc_2": null, "StsAd_2": null, "Mlng_17": null, "ID": null, "BID": null, "area_cr": null, "YEAR_ES": null, "CONT_AD": null, "CONT_NA": null, "STATEFP": null, "PLACEFP": null, "PLACENS": null, "GEOID": null, "GEOIDFQ": null, "NAME": null, "NAMELSA": null, "LSAD": null, "CLASSFP": null, "PCICBSA": null, "MTFCC": null, "FUNCSTAT": null, "ALAND": null, "AWATER": null, "INTPTLAT": null, "INTPTLON": null, "NAME_1": null, "Beat_Nm": null, "FID": null, "Shp__Ar": null, "Shp__Ln": null }, "geometry": { "type": "MultiPolygon", "coordinates": [ [ [ [ -122.218893469121895, 37.801348096184249 ], [ -122.218880166869184, 37.801420862950124 ], [ -122.218779905900305, 37.801408406052637 ], [ -122.21879512695449, 37.801331073159936 ], [ -122.218574349803731, 37.801301315685997 ], [ -122.218409480203022, 37.801251809540425 ], [ -122.217770327980034, 37.801151952490933 ], [ -122.217587713957514, 37.80161110400207 ], [ -122.217620766570093, 37.801619165118957 ], [ -122.217568684944851, 37.801750118219019 ], [ -122.217678286596055, 37.801776855350404 ], [ -122.217605098154891, 37.801888061810715 ], [ -122.217648853295771, 37.802191749173943 ], [ -122.217592711285434, 37.80231645017323 ], [ -122.217178943672323, 37.802360370302218 ], [ -122.217227704225962, 37.802648869210742 ], [ -122.21712332448152, 37.80277404925063 ], [ -122.217138741368402, 37.802919736762455 ], [ -122.217231416963031, 37.802935854451 ], [ -122.217289533470307, 37.803116458489271 ], [ -122.217250949032248, 37.803107381842878 ], [ -122.217272752940815, 37.803240499963884 ], [ -122.217003374238246, 37.803333393413894 ], [ -122.216643130046378, 37.803386662815136 ], [ -122.216525433676168, 37.803516810026423 ], [ -122.216504689779612, 37.803582817608472 ], [ -122.216379996431684, 37.803587129484761 ], [ -122.215577360708465, 37.803385371732958 ], [ -122.215937727071207, 37.802482064369819 ], [ -122.21581894104456, 37.802452204440819 ], [ -122.215881611112039, 37.802295105483608 ], [ -122.216000397138686, 37.802324967605472 ], [ -122.21609440493485, 37.802089320412875 ], [ -122.215411272093888, 37.801917935453766 ], [ -122.214618847520526, 37.801720184175721 ], [ -122.214743136626609, 37.801405726577222 ], [ -122.214347987496069, 37.801307113298058 ], [ -122.214473518073845, 37.800992463005016 ], [ -122.214710185523671, 37.801052499891455 ], [ -122.214771576390191, 37.800901420607467 ], [ -122.215095993971886, 37.800983721832438 ], [ -122.215237215422761, 37.800629727961699 ], [ -122.214915166698475, 37.800548030384725 ], [ -122.214959772543907, 37.800438246483708 ], [ -122.214831198473917, 37.800405630267711 ], [ -122.214501523052846, 37.80032199609424 ], [ -122.21443960846851, 37.800474378343473 ], [ -122.214108326859716, 37.800394683663043 ], [ -122.214188910232281, 37.800196373238144 ], [ -122.213920437031533, 37.800128130996093 ], [ -122.213845844523576, 37.80008832997224 ], [ -122.2134701358341, 37.800440859272634 ], [ -122.213377348848397, 37.800397291484884 ], [ -122.213122460869712, 37.800227078748463 ], [ -122.213103522586877, 37.800250324895956 ], [ -122.212943373632953, 37.800143379070541 ], [ -122.213007052508502, 37.800065234253012 ], [ -122.212899923020984, 37.800001132911646 ], [ -122.212971729853223, 37.799914881923698 ], [ -122.212725100985224, 37.799776372476977 ], [ -122.212554416589697, 37.799732254903674 ], [ -122.21235396561886, 37.799626961480129 ], [ -122.212268997569396, 37.799748347734592 ], [ -122.211636310521541, 37.799588342023654 ], [ -122.211714563664245, 37.799472741905241 ], [ -122.211546179854125, 37.799431295179872 ], [ -122.211421237672823, 37.799399592050008 ], [ -122.211335946229866, 37.799518867694452 ], [ -122.210733959106832, 37.799366129276592 ], [ -122.210863829445771, 37.799250279665188 ], [ -122.210654207574237, 37.799189341267066 ], [ -122.210306987157352, 37.799099695696327 ], [ -122.210103341777369, 37.799299420177853 ], [ -122.209943553946232, 37.799199743621472 ], [ -122.210008867755576, 37.799135686247496 ], [ -122.209766413358722, 37.798984440494586 ], [ -122.209548262881881, 37.798936413477655 ], [ -122.209280926948239, 37.798763194835423 ], [ -122.209049722153679, 37.798990180793218 ], [ -122.208876839580626, 37.798944741068325 ], [ -122.208951828245603, 37.798871004379592 ], [ -122.208588324067549, 37.798775289460941 ], [ -122.208520644095742, 37.798747310477047 ], [ -122.208403553190038, 37.798844748873528 ], [ -122.20832427327295, 37.798812570622459 ], [ -122.208111979811747, 37.798716352365282 ], [ -122.207715462547029, 37.798536436742936 ], [ -122.207599834098616, 37.798484219350271 ], [ -122.207798370759548, 37.79828851737112 ], [ -122.208233534446094, 37.797859561918578 ], [ -122.208708549195293, 37.798072031856094 ], [ -122.208752113893325, 37.798137021444475 ], [ -122.209162937727257, 37.798199718948794 ], [ -122.209553597976338, 37.798298969540149 ], [ -122.209982108739894, 37.798407827461538 ], [ -122.21014668459155, 37.798449636770961 ], [ -122.210820536038966, 37.798620818250797 ], [ -122.210787468155047, 37.798702416454987 ], [ -122.210952039515121, 37.798744878632426 ], [ -122.211338263883292, 37.798842784093338 ], [ -122.211350480072852, 37.79881243859603 ], [ -122.211777925434504, 37.798920792499288 ], [ -122.211740840284619, 37.799012907033493 ], [ -122.211939565591763, 37.799060797715775 ], [ -122.21223626116381, 37.799136075936808 ], [ -122.212321047753591, 37.798925482271208 ], [ -122.212452912352447, 37.798958937436261 ], [ -122.212375931224187, 37.799150152309018 ], [ -122.212813859925205, 37.799261261930191 ], [ -122.213012376823201, 37.799309635835485 ], [ -122.213046996097631, 37.79922134331968 ], [ -122.213567878825216, 37.799348241951137 ], [ -122.213607627479917, 37.799243011153791 ], [ -122.214425138405929, 37.799424811030654 ], [ -122.21454359475085, 37.799108705402631 ], [ -122.214624406295499, 37.798956188309823 ], [ -122.214891005610582, 37.798276200490704 ], [ -122.215487968456202, 37.798417929670649 ], [ -122.216127199730934, 37.798573633556188 ], [ -122.216471888695338, 37.797705826307237 ], [ -122.216791731157301, 37.797786773898558 ], [ -122.216809348916655, 37.797742511041456 ], [ -122.216488206592487, 37.797664820815065 ], [ -122.216722029976111, 37.797077312850554 ], [ -122.216944624418659, 37.796960310422627 ], [ -122.217101156755234, 37.796566987688507 ], [ -122.216903141117143, 37.796517365505004 ], [ -122.217017789503615, 37.796229294108947 ], [ -122.217204255502097, 37.796276021741711 ], [ -122.217387647465642, 37.795815205125798 ], [ -122.217365367449986, 37.795643190879005 ], [ -122.217501901491687, 37.795300119485979 ], [ -122.218033144489453, 37.795432830735045 ], [ -122.21736858341869, 37.79710558349985 ], [ -122.217548923805211, 37.797148631499844 ], [ -122.217873911817165, 37.797230273210516 ], [ -122.21768532669293, 37.797719641734425 ], [ -122.217131874646384, 37.799037150147029 ], [ -122.217421045929584, 37.79909975319147 ], [ -122.217314125749539, 37.799367817215263 ], [ -122.21787330904759, 37.799512888939759 ], [ -122.218236290406139, 37.799309461221021 ], [ -122.218282710848456, 37.799324828713296 ], [ -122.218311387767272, 37.799336659195816 ], [ -122.218349713490511, 37.799355607696775 ], [ -122.218390647023085, 37.799380589614429 ], [ -122.218419219737342, 37.799401628506601 ], [ -122.219288495183264, 37.8005883713207 ], [ -122.219021701832091, 37.801012417575642 ], [ -122.218621275099252, 37.801084789314807 ], [ -122.218893469121895, 37.801348096184249 ] ] ] ] } }
]
}
