{
"type": "FeatureCollection",
"name": "OAK_BIDs",
"crs": { "type": "name", "properties": { "name": "urn:ogc:def:crs:OGC:1.3:CRS84" } },
"features": [
{ "type": "Feature", "properties": { "FID": 1, "BID": "Downtown", "Shp__Ar": 669747.80078125, "Shp__Ln": 4944.7052162190803 }, "geometry": { "type": "MultiPolygon", "coordinates": [ [ [ [ -122.272777026773994, 37.806636494904303 ], [ -122.272501549409, 37.8070900209865 ], [ -122.272196071907004, 37.807133039036401 ], [ -122.272394384886994, 37.807850452580801 ], [ -122.272409950894996, 37.807922203700997 ], [ -122.272139980201999, 37.807956502920597 ], [ -122.272020857307993, 37.807951102570698 ], [ -122.271776246056007, 37.807921585524298 ], [ -122.271041941582993, 37.807811887105501 ], [ -122.270640299429004, 37.807744588038901 ], [ -122.270750892820999, 37.807295859548802 ], [ -122.270676223058004, 37.807283997693098 ], [ -122.270710124578002, 37.807149341757302 ], [ -122.270212859457999, 37.8070718480868 ], [ -122.270092600194005, 37.807036232597099 ], [ -122.269781756155993, 37.806916992513699 ], [ -122.269456321682, 37.806821204981802 ], [ -122.269267290993, 37.8067465840086 ], [ -122.269132999145995, 37.806693664095597 ], [ -122.269071277699993, 37.806792272312002 ], [ -122.268450813130002, 37.806548546856497 ], [ -122.268286364839, 37.806484416364299 ], [ -122.268378223865, 37.8063384448878 ], [ -122.268490844753998, 37.806157284477997 ], [ -122.268587052523998, 37.806001155113997 ], [ -122.268039144878998, 37.805781742471403 ], [ -122.268014981096002, 37.805820455925598 ], [ -122.267548529986996, 37.805637194792297 ], [ -122.267417471176998, 37.805586787325602 ], [ -122.267492484995003, 37.805465783997803 ], [ -122.267370067079, 37.805424945347603 ], [ -122.266904780185996, 37.805242139607302 ], [ -122.267150536789998, 37.804848361299598 ], [ -122.266685269660002, 37.804665594588599 ], [ -122.266834238182, 37.8044268581558 ], [ -122.267299525075003, 37.804609631135797 ], [ -122.267513005211001, 37.804267565249503 ], [ -122.267046530745006, 37.804084288196698 ], [ -122.267084546549, 37.804023377209099 ], [ -122.267551021014995, 37.804206650154498 ], [ -122.267674278854997, 37.804009144196698 ], [ -122.267987735193998, 37.803506866084597 ], [ -122.268142829327999, 37.803567800210899 ], [ -122.268301027141007, 37.803314303268301 ], [ -122.268576108348995, 37.802873505920097 ], [ -122.268728441959993, 37.802629403413 ], [ -122.268782317521001, 37.8024054225125 ], [ -122.26891275829, 37.802196397570597 ], [ -122.268936056995003, 37.802159061333903 ], [ -122.269565829908004, 37.802404663042303 ], [ -122.270031106020994, 37.802587458061602 ], [ -122.270186194765003, 37.802648390107301 ], [ -122.270339776135998, 37.802402271775897 ], [ -122.270462639615999, 37.802205378507701 ], [ -122.270834088493999, 37.801639125198598 ], [ -122.271251889542995, 37.801808930100201 ], [ -122.272123863527995, 37.800411579138398 ], [ -122.272529554388001, 37.799739061989897 ], [ -122.273371421337004, 37.800078147073499 ], [ -122.273515188613004, 37.799824467799397 ], [ -122.273590715368996, 37.799702386055003 ], [ -122.273666982335996, 37.799579120851803 ], [ -122.273740284864004, 37.799454694897598 ], [ -122.273820892491003, 37.799324773347699 ], [ -122.273517022074003, 37.799206955351799 ], [ -122.273559837578006, 37.799136078066297 ], [ -122.273866561042993, 37.798643782394898 ], [ -122.274283584150993, 37.798807268978699 ], [ -122.274748640176995, 37.798990346890598 ], [ -122.27567746135, 37.7993550256489 ], [ -122.275246345471999, 37.800046015497301 ], [ -122.275808611787994, 37.800266766838398 ], [ -122.275501597268004, 37.800758847980298 ], [ -122.275380782846, 37.800957154055901 ], [ -122.275226739741001, 37.801204046622502 ], [ -122.275073683884003, 37.801449355522301 ], [ -122.275036300493994, 37.8015183964812 ], [ -122.275787519345002, 37.801805873740399 ], [ -122.275346647763001, 37.802509188778501 ], [ -122.274901229807995, 37.803210355720701 ], [ -122.277259435887004, 37.8041379836272 ], [ -122.276844577719999, 37.8048195399994 ], [ -122.274483042482998, 37.803912917093903 ], [ -122.273629252196002, 37.805287953049103 ], [ -122.272777026773994, 37.806636494904303 ] ] ] ] } },
{ "type": "Feature", "properties": { "FID": 2, "BID": "Chinatown", "Shp__Ar": 987399.2265625, "Shp__Ln": 4847.1901914129194 }, "geometry": { "type": "MultiPolygon", "coordinates": [ [ [ [ -122.274049305321, 37.798367869349498 ], [ -122.273559838476004, 37.799136077356501 ], [ -122.273495383455995, 37.7992427762048 ], [ -122.273798060909002, 37.799358330545203 ], [ -122.273666982335996, 37.799579120851803 ], [ -122.273393565706996, 37.800039072866099 ], [ -122.272688886774006, 37.799757122414398 ], [ -122.272502289621002, 37.799674945459401 ], [ -122.271834738058999, 37.800774851152703 ], [ -122.271226778935997, 37.801748801555703 ], [ -122.270846222936996, 37.801595022933697 ], [ -122.270186195663001, 37.802648390107301 ], [ -122.269565829908004, 37.802404663042303 ], [ -122.269513284751994, 37.802488865524303 ], [ -122.269290116286001, 37.802847322814898 ], [ -122.269038653584005, 37.802751216280697 ], [ -122.268728441959993, 37.802629403413 ], [ -122.268576108348995, 37.802873506629901 ], [ -122.268265904809994, 37.802751680478103 ], [ -122.268342699087995, 37.802628625490797 ], [ -122.268032523396997, 37.802506757767503 ], [ -122.267679464829001, 37.803070096460999 ], [ -122.267431322299998, 37.802972602597301 ], [ -122.265065159841996, 37.8020429037959 ], [ -122.265310885004993, 37.801649114818602 ], [ -122.264845630451006, 37.801466301151798 ], [ -122.264876347444002, 37.801417076905302 ], [ -122.264411980426004, 37.801234611174202 ], [ -122.264258448462002, 37.801480745463003 ], [ -122.264135625406993, 37.8016776562784 ], [ -122.263887489165995, 37.801580152768899 ], [ -122.263421574350005, 37.801397071338698 ], [ -122.263264947690999, 37.801648458260502 ], [ -122.262462485341999, 37.801373628938897 ], [ -122.262392443699, 37.801051804289202 ], [ -122.262004882637996, 37.800535349752003 ], [ -122.261835741547998, 37.800151831451103 ], [ -122.261666454931003, 37.799689706696803 ], [ -122.261894204805003, 37.798835991120903 ], [ -122.260124957581993, 37.798144168684402 ], [ -122.260942573611004, 37.7967482298288 ], [ -122.263366785203004, 37.797700398944002 ], [ -122.265139811639003, 37.794856680491201 ], [ -122.274049305321, 37.798367869349498 ] ] ] ] } },
{ "type": "Feature", "properties": { "FID": 3, "BID": "Lake Merritt", "Shp__Ar": 923483.5078125, "Shp__Ln": 5909.0557543391724 }, "geometry": { "type": "MultiPolygon", "coordinates": [ [ [ [ -122.265764851328001, 37.804700958545901 ], [ -122.265685028828997, 37.804828955701602 ], [ -122.266157108781996, 37.805014310503601 ], [ -122.266265691743996, 37.805058550549496 ], [ -122.266405407617995, 37.805111568871098 ], [ -122.266487454346006, 37.804980105735197 ], [ -122.266797641715996, 37.805101977184599 ], [ -122.266748490395003, 37.805180733453497 ], [ -122.267492484995003, 37.805465783997803 ], [ -122.267417471176998, 37.805586787325602 ], [ -122.267548529986996, 37.805637196211897 ], [ -122.268014982893007, 37.805820456635303 ], [ -122.268039144878998, 37.805781742471403 ], [ -122.268504433569007, 37.805964543327299 ], [ -122.268628368739002, 37.806017700109599 ], [ -122.268328820117006, 37.806500148592697 ], [ -122.268914504614997, 37.806730685043 ], [ -122.269071292072994, 37.806792280828901 ], [ -122.269132729652, 37.806693835144003 ], [ -122.269267063718999, 37.806746609559397 ], [ -122.269456750177994, 37.806821129748997 ], [ -122.269603020161, 37.806865001775698 ], [ -122.269783521346, 37.806916438915103 ], [ -122.270092266020995, 37.807037730149901 ], [ -122.270212859457999, 37.8070718480868 ], [ -122.270322775519006, 37.8070889776684 ], [ -122.270710124578002, 37.807149342467 ], [ -122.270666040654007, 37.8072823809092 ], [ -122.270750891922006, 37.807295860258499 ], [ -122.270656647869004, 37.807693450984203 ], [ -122.271237910859, 37.807785350174498 ], [ -122.271216976519, 37.807872858134601 ], [ -122.271067757367007, 37.8084613256596 ], [ -122.270947814311, 37.808597965015601 ], [ -122.270832122081998, 37.8090563250285 ], [ -122.270817125606996, 37.809157015248203 ], [ -122.271343536565993, 37.8092456379715 ], [ -122.271244053538993, 37.809832110196801 ], [ -122.269588420741002, 37.809574569501898 ], [ -122.269193643513006, 37.809426032826401 ], [ -122.269116892352997, 37.8095184947951 ], [ -122.269075466543995, 37.809584871743098 ], [ -122.268900163010997, 37.810248024751701 ], [ -122.268288503727007, 37.8101567049114 ], [ -122.268251206575002, 37.810218669727703 ], [ -122.26777805044, 37.810976778182599 ], [ -122.267737938866006, 37.811041566925603 ], [ -122.268036817343997, 37.811097888871203 ], [ -122.268602433477994, 37.811185976279802 ], [ -122.268483136309996, 37.811647983680402 ], [ -122.268409900258007, 37.811924489387998 ], [ -122.268338673738, 37.812190498438298 ], [ -122.268514271019995, 37.812220091134499 ], [ -122.268455266078007, 37.812454407981001 ], [ -122.268373300199002, 37.812440594600197 ], [ -122.268332293003994, 37.812574064225302 ], [ -122.26825429678, 37.812883793900497 ], [ -122.268146948102995, 37.812865701911299 ], [ -122.268141756738999, 37.812886316119197 ], [ -122.268074025562996, 37.812874913617797 ], [ -122.267972290458999, 37.8132789075594 ], [ -122.268040021635002, 37.813290309998401 ], [ -122.267999327054, 37.813451907640697 ], [ -122.267830966600002, 37.813423563764204 ], [ -122.267756907692004, 37.813700266499403 ], [ -122.267735684992999, 37.813772018322403 ], [ -122.267969951246002, 37.813816682475199 ], [ -122.267873404810999, 37.814194341021199 ], [ -122.26707760347, 37.814060365489603 ], [ -122.266998355892994, 37.814362090236202 ], [ -122.266976853817994, 37.814458665654399 ], [ -122.266587779096, 37.814394824480701 ], [ -122.266688174812003, 37.813994799464197 ], [ -122.266518850465005, 37.813966293990298 ], [ -122.266349533305998, 37.813937788505498 ], [ -122.266180213450994, 37.813909275912899 ], [ -122.266146349660005, 37.813903578644599 ], [ -122.265909304917997, 37.8138636672385 ], [ -122.265829155431007, 37.814168812699201 ], [ -122.265630270223994, 37.814304251375297 ], [ -122.265552776158003, 37.8146103374538 ], [ -122.265437079437007, 37.814590787519798 ], [ -122.265359810847997, 37.814895952684402 ], [ -122.265333820790005, 37.814968884936597 ], [ -122.264605172111004, 37.814851031575898 ], [ -122.264228887601007, 37.815521902376801 ], [ -122.264041638272005, 37.815455758566998 ], [ -122.263967854246999, 37.815442416252303 ], [ -122.263916571224996, 37.815426757604897 ], [ -122.263849934196998, 37.815402609998202 ], [ -122.263817455608006, 37.815389166192503 ], [ -122.263769888016995, 37.815367337744597 ], [ -122.263723830494001, 37.815343560561402 ], [ -122.263685274802, 37.815322094027103 ], [ -122.263657261738004, 37.815305414151602 ], [ -122.263616663277006, 37.815278967202097 ], [ -122.263577863243, 37.815250868150699 ], [ -122.263540970332997, 37.815221198606402 ], [ -122.263517482981001, 37.815200584340801 ], [ -122.263494919097994, 37.815179334921602 ], [ -122.26342358478, 37.8151003118384 ], [ -122.263405486422002, 37.815076523924297 ], [ -122.263364664280004, 37.815019420835 ], [ -122.263205116299005, 37.814479776895503 ], [ -122.263143688602, 37.814445743993502 ], [ -122.263056739766995, 37.814387570233897 ], [ -122.263002770781995, 37.814344542926499 ], [ -122.262955745772999, 37.8143012906284 ], [ -122.262886501834004, 37.814240101361001 ], [ -122.262844752632006, 37.814190653566001 ], [ -122.262815286991994, 37.814154612158099 ], [ -122.262690374455005, 37.814011384539498 ], [ -122.262630709251994, 37.813937992181998 ], [ -122.262571056626001, 37.8138609385378 ], [ -122.262405206962995, 37.813624174219903 ], [ -122.262269962901996, 37.8134272718384 ], [ -122.262142528794001, 37.813241739442702 ], [ -122.262002318846001, 37.813037604371601 ], [ -122.261989062408006, 37.813018304539298 ], [ -122.261971442852001, 37.812990204627397 ], [ -122.261968198136998, 37.812967687786603 ], [ -122.261847211238006, 37.813000253744796 ], [ -122.261518754831002, 37.812812992192399 ], [ -122.260745499406994, 37.813672529491903 ], [ -122.260646567945003, 37.813607759380197 ], [ -122.260377756976993, 37.813443687427998 ], [ -122.260375549816999, 37.813446117369203 ], [ -122.26028745024, 37.813392344255 ], [ -122.260439374219004, 37.813225019355002 ], [ -122.260017797551995, 37.812967786432601 ], [ -122.260088030535002, 37.812890434418001 ], [ -122.259859056257994, 37.812750674000803 ], [ -122.259910558469997, 37.812713128774703 ], [ -122.259953420684994, 37.812683153755202 ], [ -122.259995610960999, 37.812654754937597 ], [ -122.260029538531995, 37.812632936326402 ], [ -122.260079246808999, 37.812604707104803 ], [ -122.260131315856995, 37.812579298170199 ], [ -122.260185492353997, 37.812556832301603 ], [ -122.260255772948, 37.812533054923001 ], [ -122.260313711589006, 37.812517589403299 ], [ -122.260372870142007, 37.812505367864901 ], [ -122.260448091471005, 37.812494742413399 ], [ -122.260493683666994, 37.812490878870499 ], [ -122.260539469, 37.812488914453297 ], [ -122.260585320809, 37.812488853420099 ], [ -122.260646344264003, 37.812491732625503 ], [ -122.260706964375998, 37.812497982140101 ], [ -122.260766888294, 37.812507570736898 ], [ -122.260811198593998, 37.812516927264397 ], [ -122.260861371299001, 37.812530383657801 ], [ -122.260902761175998, 37.812544989033299 ], [ -122.260950076339995, 37.812566207984503 ], [ -122.260972619561997, 37.812578261316901 ], [ -122.261336093197002, 37.812816033903097 ], [ -122.261421513998002, 37.812572551171499 ], [ -122.261404198072, 37.812571906775297 ], [ -122.261384260862997, 37.812560993200101 ], [ -122.261356870330999, 37.812541405819701 ], [ -122.261323189796997, 37.812516262996397 ], [ -122.261278346796004, 37.812480598325401 ], [ -122.261256520429001, 37.812462305395599 ], [ -122.261224639220003, 37.812434310306003 ], [ -122.261193500917003, 37.812405653775599 ], [ -122.261173336433998, 37.812386197646397 ], [ -122.261153602243994, 37.812366465442899 ], [ -122.261134305533005, 37.812346462842498 ], [ -122.261109884831995, 37.812319987864797 ], [ -122.261079095973997, 37.8122848951093 ], [ -122.261061605776007, 37.8122638733713 ], [ -122.261044580006001, 37.812242612461503 ], [ -122.261028024054994, 37.812221119476597 ], [ -122.260996344069, 37.812177461410499 ], [ -122.260981229015997, 37.812155310522698 ], [ -122.260966604442999, 37.812132953107898 ], [ -122.260952473044995, 37.812110396972599 ], [ -122.260925709538, 37.812064714798403 ], [ -122.260900972629997, 37.812018320064297 ], [ -122.260889372685, 37.811994872519499 ], [ -122.260867730472995, 37.811947513268102 ], [ -122.260848184031005, 37.8118995841021 ], [ -122.260826507683007, 37.811838035867702 ], [ -122.260815473676004, 37.811802248801598 ], [ -122.260804932843996, 37.811755010074798 ], [ -122.260799287831006, 37.811720538744297 ], [ -122.260791541659003, 37.811673238931398 ], [ -122.260787756157995, 37.811650127673097 ], [ -122.260780032442995, 37.811602965496299 ], [ -122.260770840880994, 37.811538551256497 ], [ -122.260764157414997, 37.811489003713703 ], [ -122.260747160392, 37.811342997419104 ], [ -122.261495499244006, 37.810920416401203 ], [ -122.262128012019005, 37.811025708628001 ], [ -122.262308550933, 37.8110512529407 ], [ -122.262438781496996, 37.810763211968997 ], [ -122.262627186957999, 37.810787185086397 ], [ -122.263103023666005, 37.809451307999801 ], [ -122.263170518584005, 37.809253153900301 ], [ -122.263200006681998, 37.809173859038701 ], [ -122.263234542413002, 37.809091231242398 ], [ -122.263276632076995, 37.808999803513103 ], [ -122.263326714052994, 37.808900194696498 ], [ -122.263355883247996, 37.808846100315399 ], [ -122.263392112304004, 37.808782364295801 ], [ -122.26343188701, 37.808719138513197 ], [ -122.263472408214994, 37.808665999289303 ], [ -122.263505812968006, 37.808627687612002 ], [ -122.263554195330997, 37.808578862746103 ], [ -122.263593235214003, 37.8085440662976 ], [ -122.263620514354997, 37.808521790117602 ], [ -122.263677928378996, 37.808479571319303 ], [ -122.263723348099006, 37.808450048806399 ], [ -122.263770654279995, 37.808422453191497 ], [ -122.263836436111006, 37.808388785136302 ], [ -122.263887627505994, 37.808365968806498 ], [ -122.263949631922003, 37.808342233371697 ], [ -122.263987401587997, 37.808336354693203 ], [ -122.264010165795995, 37.808337043839302 ], [ -122.264041653543003, 37.808333996266299 ], [ -122.264075123872004, 37.808323786825 ], [ -122.264119041607998, 37.808309747687602 ], [ -122.264153731849007, 37.8082989569752 ], [ -122.264212920047001, 37.808282632506703 ], [ -122.264295274896995, 37.808265332157198 ], [ -122.264362332337001, 37.808255634421002 ], [ -122.264413095235, 37.808250810392899 ], [ -122.264478162906002, 37.808247247553098 ], [ -122.264519031760003, 37.808245248246301 ], [ -122.264548512670999, 37.808243805367098 ], [ -122.264583210997003, 37.808242107695101 ], [ -122.264655726599997, 37.807914943850101 ], [ -122.264405065195007, 37.807819736754801 ], [ -122.264372677335004, 37.807807850142702 ], [ -122.264326003568002, 37.807783621973499 ], [ -122.264277664323998, 37.807758529340497 ], [ -122.264207856243999, 37.807722292454898 ], [ -122.264144528608995, 37.807689418983102 ], [ -122.264085909046003, 37.8076582424723 ], [ -122.264039849726004, 37.807630012058503 ], [ -122.263996383842994, 37.807599301109001 ], [ -122.263971553510004, 37.807579640729003 ], [ -122.263955724295997, 37.807566258665297 ], [ -122.263918068715995, 37.807531047253804 ], [ -122.263900425803996, 37.807512680704697 ], [ -122.263875502046005, 37.807484243701801 ], [ -122.263859943225995, 37.807464726658097 ], [ -122.263838239029994, 37.807434674275697 ], [ -122.263823482405002, 37.8074129428391 ], [ -122.263793256791004, 37.807368430244999 ], [ -122.263753714748006, 37.807310196259202 ], [ -122.263726716780994, 37.807270436721801 ], [ -122.263698172812994, 37.8072284010304 ], [ -122.263601829397004, 37.807086514869901 ], [ -122.264277505322994, 37.806009689155402 ], [ -122.264444157181003, 37.805891292019098 ], [ -122.265301911733005, 37.804516738581299 ], [ -122.265764851328001, 37.804700958545901 ] ] ] ] } },
{ "type": "Feature", "properties": { "FID": 4, "BID": "Koreatown/Northgate", "Shp__Ar": 573652.921875, "Shp__Ln": 7483.4644809784368 }, "geometry": { "type": "MultiPolygon", "coordinates": [ [ [ [ -122.267077601674004, 37.814060366908997 ], [ -122.267364740069993, 37.814111514457402 ], [ -122.267704084955994, 37.814165837043802 ], [ -122.267873404810999, 37.814194341021199 ], [ -122.267890174561003, 37.814130486844903 ], [ -122.267925657115995, 37.813995384945002 ], [ -122.267957432323996, 37.813874398234702 ], [ -122.267969951246002, 37.813816682475199 ], [ -122.267735684992999, 37.813772018322403 ], [ -122.267756905894998, 37.813700265789699 ], [ -122.267830966600002, 37.813423563764204 ], [ -122.267999327054, 37.813451907640697 ], [ -122.268009265116007, 37.813412441669101 ], [ -122.268040021635002, 37.813290309998401 ], [ -122.267972290458999, 37.8132789075594 ], [ -122.267997831358997, 37.8131774841819 ], [ -122.268009254337002, 37.813132123444198 ], [ -122.268046218213996, 37.812985339037297 ], [ -122.268067243282999, 37.812901846852597 ], [ -122.268074025562996, 37.812874913617797 ], [ -122.268141756738999, 37.812886316119197 ], [ -122.268146948102995, 37.812865701911299 ], [ -122.26825429678, 37.812883793900497 ], [ -122.268273287165002, 37.812808381367702 ], [ -122.268293634006, 37.812727582241301 ], [ -122.268332293003994, 37.812574064225302 ], [ -122.268350827044998, 37.812513740765098 ], [ -122.268384081779004, 37.812442410693698 ], [ -122.268455266078007, 37.812454407981001 ], [ -122.268472221779007, 37.812387075532001 ], [ -122.268489177480006, 37.812319743021803 ], [ -122.268514271019995, 37.812220091134499 ], [ -122.268446543436994, 37.8122086771752 ], [ -122.268338673738, 37.812190498438298 ], [ -122.268409900258007, 37.811924489387998 ], [ -122.268483136309996, 37.811647983680402 ], [ -122.268588526659002, 37.811254201207397 ], [ -122.268602433477994, 37.811185976279802 ], [ -122.268407888032002, 37.811155678435902 ], [ -122.267737938866006, 37.811041566925603 ], [ -122.268021608867002, 37.8105865413727 ], [ -122.268288503727007, 37.8101567049114 ], [ -122.268900163010997, 37.810248024751701 ], [ -122.268923213780994, 37.810189529024498 ], [ -122.269001546873994, 37.809878437462302 ], [ -122.26901443141, 37.809827267109398 ], [ -122.269024218555003, 37.809788398199203 ], [ -122.269075466543995, 37.809584871743098 ], [ -122.269194390910997, 37.809426333746799 ], [ -122.269588420741002, 37.809574569501898 ], [ -122.271244053538993, 37.809832110196801 ], [ -122.272290112940993, 37.809994815462098 ], [ -122.272909503126002, 37.810091151742597 ], [ -122.273121107579001, 37.810116689991197 ], [ -122.273049100422995, 37.809823172769903 ], [ -122.272828030420996, 37.809125750642004 ], [ -122.272989729867007, 37.809083313595004 ], [ -122.273324836502994, 37.809014475591098 ], [ -122.273495573, 37.809545493838399 ], [ -122.273686063450995, 37.809617569780997 ], [ -122.273364330036003, 37.810132436349598 ], [ -122.273221251766998, 37.810369232446298 ], [ -122.273117148704003, 37.810572078260797 ], [ -122.273089679121, 37.810684266484799 ], [ -122.273046685750998, 37.810859841774104 ], [ -122.273012773451001, 37.811030059813099 ], [ -122.272946919754006, 37.811317463143197 ], [ -122.272875285398001, 37.811568416028003 ], [ -122.272829381487, 37.811743087901696 ], [ -122.272703426006998, 37.812243361185097 ], [ -122.272669254093003, 37.812377714020201 ], [ -122.272593315909006, 37.812679384610398 ], [ -122.272574864513004, 37.812752688798703 ], [ -122.272455718261995, 37.812873191213299 ], [ -122.272274421169996, 37.812842046698002 ], [ -122.272075538657006, 37.8128078874268 ], [ -122.271906360735997, 37.812778829359303 ], [ -122.271737183713995, 37.812749768441698 ], [ -122.271703960420993, 37.8127440632774 ], [ -122.271619375952994, 37.812729533168103 ], [ -122.271450199827996, 37.812700475069803 ], [ -122.271376081631004, 37.8129865249185 ], [ -122.271373565450006, 37.813050198405399 ], [ -122.271062203084, 37.813005310238701 ], [ -122.270831904689999, 37.813071536438102 ], [ -122.270797313263003, 37.8131235341611 ], [ -122.270770045801001, 37.813158913229501 ], [ -122.270742008482998, 37.813193907633497 ], [ -122.270715762405004, 37.813226670783202 ], [ -122.270665450460996, 37.813293255172702 ], [ -122.270618102957002, 37.8133611942812 ], [ -122.270573766606006, 37.813430401524002 ], [ -122.270552747824993, 37.813465452573602 ], [ -122.270532505188996, 37.813500793155399 ], [ -122.270513040493, 37.8135364062368 ], [ -122.270494361822998, 37.8135722847205 ], [ -122.270476477263998, 37.813608415832 ], [ -122.270450488104998, 37.813664544206802 ], [ -122.270429383085997, 37.813681309614303 ], [ -122.270375195808995, 37.813688020318097 ], [ -122.270185276687002, 37.813645038731998 ], [ -122.270280148661996, 37.813268263767498 ], [ -122.269400692608997, 37.813115851851002 ], [ -122.269265392853001, 37.813092402525697 ], [ -122.269197742524995, 37.813080677860299 ], [ -122.269154003553993, 37.813254376022499 ], [ -122.269131963389, 37.813341905178703 ], [ -122.269100766695999, 37.813465791800198 ], [ -122.269069355305007, 37.813541801210498 ], [ -122.269047298969994, 37.813625272090903 ], [ -122.269239698340996, 37.813657073436801 ], [ -122.269171802773002, 37.813926699842597 ], [ -122.269178581459997, 37.813927820418598 ], [ -122.269154845276006, 37.814022082159397 ], [ -122.269070117075998, 37.814008078169799 ], [ -122.269046380891993, 37.814102339808201 ], [ -122.268978561680996, 37.8143716601395 ], [ -122.268910779300995, 37.814360456575201 ], [ -122.268889483839004, 37.814439049680999 ], [ -122.268870087414996, 37.8145220483269 ], [ -122.268828883490002, 37.814685675760003 ], [ -122.268802268204993, 37.814791367836598 ], [ -122.268794973884994, 37.814820332855398 ], [ -122.268767846559996, 37.814928059348503 ], [ -122.268733936055995, 37.815062717421199 ], [ -122.268721189860003, 37.815141496420601 ], [ -122.270016677281006, 37.815359767084601 ], [ -122.269778889631993, 37.816310299666597 ], [ -122.269726826872002, 37.816542523549501 ], [ -122.269484354507995, 37.816465816803998 ], [ -122.269233753289996, 37.8164112063725 ], [ -122.268469755903993, 37.816279945024398 ], [ -122.268420298257993, 37.816431692563 ], [ -122.268384901041998, 37.816524093954101 ], [ -122.268324504611002, 37.816681753777999 ], [ -122.268295791759002, 37.816789652128001 ], [ -122.268533080843, 37.816847010030401 ], [ -122.268462906249994, 37.8170333068785 ], [ -122.268363397171001, 37.817009717578202 ], [ -122.268305907688003, 37.817162335768302 ], [ -122.268260481680002, 37.817282931045 ], [ -122.268221647510998, 37.817386024954999 ], [ -122.268155853102996, 37.817542407005902 ], [ -122.268055217536002, 37.817805182577303 ], [ -122.268221070791995, 37.817844497886497 ], [ -122.268177798047006, 37.817957490431297 ], [ -122.268333026928005, 37.817994286453803 ], [ -122.268291906545997, 37.818105552229099 ], [ -122.268336477356996, 37.818115917856602 ], [ -122.268235838197, 37.8183787034502 ], [ -122.268042091352996, 37.818333643953899 ], [ -122.268008991130003, 37.818412882142397 ], [ -122.267977848336002, 37.8184905618972 ], [ -122.267859627350006, 37.8188714104339 ], [ -122.268126901298999, 37.818932710822097 ], [ -122.268081419596996, 37.819115284683399 ], [ -122.267816518097007, 37.819073536746899 ], [ -122.267769445477995, 37.819234116903402 ], [ -122.267697685358002, 37.819521449267398 ], [ -122.267810862304003, 37.819539287000602 ], [ -122.267788437660002, 37.819629076649598 ], [ -122.267963892110004, 37.819656728393603 ], [ -122.267866416816005, 37.820047020865502 ], [ -122.267467208198994, 37.819984104896903 ], [ -122.267434551744003, 37.820160958083797 ], [ -122.267395198347998, 37.820306538202402 ], [ -122.267337425894993, 37.820520259179702 ], [ -122.267441821809001, 37.820536841369801 ], [ -122.267434562522993, 37.820563696590497 ], [ -122.267421154269002, 37.820561567048898 ], [ -122.267392533046007, 37.820641241384799 ], [ -122.267297473322998, 37.820626143012902 ], [ -122.267272064474994, 37.820720135774302 ], [ -122.267246655627005, 37.820814129125601 ], [ -122.267217617585999, 37.820921550256102 ], [ -122.267175315919005, 37.821082880703003 ], [ -122.267139017692998, 37.821217156425398 ], [ -122.267098852220002, 37.821365737500599 ], [ -122.267069712668999, 37.821473532497997 ], [ -122.267038386617998, 37.821589412530201 ], [ -122.267009246168996, 37.821697208620201 ], [ -122.266962378366003, 37.821858138577603 ], [ -122.266872441733994, 37.822190827989303 ], [ -122.26684170947, 37.822304509992499 ], [ -122.266811851266993, 37.822414959625 ], [ -122.266781993063006, 37.822525409801997 ], [ -122.266702719433994, 37.822678581421897 ], [ -122.267065548977996, 37.822764871814201 ], [ -122.266951771058999, 37.823081030871698 ], [ -122.267084436955003, 37.823112581917798 ], [ -122.267223736011005, 37.823145710359697 ], [ -122.267341764758001, 37.823173780151301 ], [ -122.267315531256997, 37.823186334847897 ], [ -122.267285751206998, 37.8232000617773 ], [ -122.267255673814006, 37.823213373596801 ], [ -122.267225307163997, 37.8232262674683 ], [ -122.267194662036999, 37.823238738424898 ], [ -122.267163747414997, 37.823250783628502 ], [ -122.267132572281, 37.823262398821797 ], [ -122.266583564200005, 37.823131315699797 ], [ -122.266283402029998, 37.823059928476702 ], [ -122.265948056441999, 37.822990593311197 ], [ -122.265116811173996, 37.8228670576 ], [ -122.265341465453005, 37.822235043551899 ], [ -122.265724348987007, 37.822333412457397 ], [ -122.265779595376998, 37.822205739417697 ], [ -122.265816019366994, 37.822071008513902 ], [ -122.265859955967002, 37.821908490940999 ], [ -122.265894213221003, 37.821781772996097 ], [ -122.265907280115002, 37.821733438647001 ], [ -122.265937770731995, 37.821620656956902 ], [ -122.265851080611995, 37.8216060235737 ], [ -122.265877941138001, 37.821506668771598 ], [ -122.265539311309993, 37.821449506082601 ], [ -122.265553322333005, 37.821397680270898 ], [ -122.265893577214001, 37.821455117616203 ], [ -122.265925402728001, 37.821337395243198 ], [ -122.265585148745998, 37.821279958515902 ], [ -122.265593126683996, 37.821250447507801 ], [ -122.265640548747996, 37.8211714216987 ], [ -122.265636684195002, 37.821089331018399 ], [ -122.265729997593994, 37.820744167394501 ], [ -122.265696812030001, 37.820738565741301 ], [ -122.265744579046995, 37.820561875019898 ], [ -122.265900008252999, 37.820588112870503 ], [ -122.266009225424995, 37.820184114222002 ], [ -122.266015453444993, 37.820161693244501 ], [ -122.266057588923005, 37.820168253630598 ], [ -122.266076164287, 37.820100300207699 ], [ -122.266132013445997, 37.820109582682598 ], [ -122.266250527283006, 37.819671247914599 ], [ -122.266138280093998, 37.819652012262999 ], [ -122.266221989602997, 37.819281617662902 ], [ -122.266571204279998, 37.8193450912838 ], [ -122.266600185727995, 37.819266263548499 ], [ -122.266691541697, 37.818925564174798 ], [ -122.266712016998, 37.818848998282803 ], [ -122.266723871165993, 37.818804669989902 ], [ -122.266733569378005, 37.818768401624901 ], [ -122.266755122657003, 37.818687805588503 ], [ -122.266787452125001, 37.818566911723899 ], [ -122.266819780695997, 37.818446016951597 ], [ -122.266830557784004, 37.818405719123298 ], [ -122.266853188143003, 37.818321093399298 ], [ -122.266889224959002, 37.818186331276898 ], [ -122.266875543617004, 37.818092667397899 ], [ -122.266852448828999, 37.8179974968442 ], [ -122.266960896144994, 37.817594468995701 ], [ -122.266706876838001, 37.817551390334501 ], [ -122.266797524935001, 37.817212488377301 ], [ -122.266879326422995, 37.817226307961498 ], [ -122.267035094293007, 37.817252622929601 ], [ -122.267119750627003, 37.817266925063201 ], [ -122.267218106268999, 37.8168763950627 ], [ -122.267239050490005, 37.816799049272298 ], [ -122.267027872735994, 37.816762791985902 ], [ -122.267045553377997, 37.816682552132001 ], [ -122.266659533825006, 37.816619982442802 ], [ -122.266170130760003, 37.816530875364499 ], [ -122.265828699986002, 37.816473190067804 ], [ -122.264258072966001, 37.816207821652 ], [ -122.264355158390998, 37.815822388477301 ], [ -122.264400276276007, 37.815663706330099 ], [ -122.264228887601007, 37.815521902376801 ], [ -122.264605172111004, 37.814851031575898 ], [ -122.265333820790005, 37.814968884936597 ], [ -122.265359810847997, 37.814895952684402 ], [ -122.265437079437007, 37.814590787519798 ], [ -122.265552776158003, 37.8146103374538 ], [ -122.265630270223994, 37.814304251375297 ], [ -122.265829155431007, 37.814168812699201 ], [ -122.265909304917997, 37.8138636672385 ], [ -122.266688174812003, 37.813994799464197 ], [ -122.266608621806995, 37.814297664919799 ], [ -122.266587779096, 37.814394824480701 ], [ -122.266976853817994, 37.814458665654399 ], [ -122.266998355892994, 37.814362090236202 ], [ -122.267077601674004, 37.814060366908997 ] ] ] ] } },
{ "type": "Feature", "properties": { "FID": 5, "BID": "Montclair", "Shp__Ar": 73144.0234375, "Shp__Ln": 1706.2952236577817 }, "geometry": { "type": "MultiPolygon", "coordinates": [ [ [ [ -122.208929512297004, 37.8256086523836 ], [ -122.209057220391003, 37.825579325463799 ], [ -122.209065867573997, 37.8255773393985 ], [ -122.209475359207005, 37.8254833024438 ], [ -122.209601324568993, 37.825465471823598 ], [ -122.209696670854996, 37.8254519752142 ], [ -122.209743327553994, 37.825428265849901 ], [ -122.209895998931998, 37.825617283497301 ], [ -122.209942693360006, 37.825675094335899 ], [ -122.210082777544002, 37.825848525870398 ], [ -122.210176166400998, 37.825964147139999 ], [ -122.210344268140005, 37.826172264684999 ], [ -122.210529011169996, 37.826400983562301 ], [ -122.210603860595995, 37.826492833922401 ], [ -122.210650849672007, 37.826550495778498 ], [ -122.210697837848997, 37.826608156879999 ], [ -122.210744826924994, 37.826665818645999 ], [ -122.210877387718, 37.826828488230099 ], [ -122.210995723688995, 37.826964048426397 ], [ -122.211131999914002, 37.827130966123804 ], [ -122.211123429088005, 37.827135322036 ], [ -122.211174545923001, 37.827196715606902 ], [ -122.210989801096005, 37.827295895295997 ], [ -122.210892421923006, 37.827348167527198 ], [ -122.210999164236995, 37.827473260282503 ], [ -122.210475147286999, 37.827754555012 ], [ -122.210483324650994, 37.827768623800203 ], [ -122.210508390342, 37.827813813058903 ], [ -122.210532459801996, 37.827859342159897 ], [ -122.210555522250004, 37.827905196911701 ], [ -122.210577573196005, 37.827951364542002 ], [ -122.210598605450997, 37.827997830149897 ], [ -122.210618610932997, 37.828044580253497 ], [ -122.210637079397003, 37.828090344778801 ], [ -122.210976026330002, 37.827879962114302 ], [ -122.211066845106998, 37.828013513092998 ], [ -122.210697288079999, 37.828262322472803 ], [ -122.210611922976, 37.828319795628701 ], [ -122.210604340296001, 37.828324900031198 ], [ -122.210683009359002, 37.828572356699397 ], [ -122.210751769105997, 37.8287759940008 ], [ -122.210783315244001, 37.828867553335201 ], [ -122.210924790019007, 37.8293686939693 ], [ -122.210834153600004, 37.829374856911997 ], [ -122.210523517972007, 37.829395980206101 ], [ -122.210460811073006, 37.829238886780601 ], [ -122.210398105072997, 37.829081793730197 ], [ -122.210335900333007, 37.828925956923399 ], [ -122.210597377453993, 37.8288598464109 ], [ -122.210690849854998, 37.828922572464002 ], [ -122.210546678336001, 37.828467542892099 ], [ -122.210478907634993, 37.828424259135502 ], [ -122.210357529069995, 37.828346737418997 ], [ -122.210192327990995, 37.828244625207503 ], [ -122.209977372821996, 37.828111759351302 ], [ -122.209910621708005, 37.828071796026201 ], [ -122.209869816633997, 37.8280473651931 ], [ -122.209723917656007, 37.827960625452803 ], [ -122.209406270675998, 37.827771776292501 ], [ -122.209382202114995, 37.827757466970397 ], [ -122.209237774577005, 37.827671994841602 ], [ -122.209228459046997, 37.827666438415399 ], [ -122.209104587658004, 37.827592529605802 ], [ -122.208651465751004, 37.827321096944601 ], [ -122.208592899186996, 37.827285045628201 ], [ -122.208530644142002, 37.827244790941201 ], [ -122.208889147397997, 37.827066496607102 ], [ -122.208816436860999, 37.826976475468904 ], [ -122.208724911109996, 37.826863159694597 ], [ -122.208928987681006, 37.826759454616599 ], [ -122.208835598823995, 37.826643832464399 ], [ -122.208923059699003, 37.826599387519401 ], [ -122.208829671740006, 37.826483765825998 ], [ -122.208736282882995, 37.826368143241801 ], [ -122.208689589353, 37.826310332236602 ], [ -122.208541249652001, 37.8261266742307 ], [ -122.208888109843997, 37.826047022845799 ], [ -122.209064261386999, 37.826010586326397 ], [ -122.208968891743993, 37.825885518054903 ], [ -122.208929512297004, 37.8256086523836 ] ] ] ] } },
{ "type": "Feature", "properties": { "FID": 6, "BID": "Rockridge", "Shp__Ar": 213557.87109375, "Shp__Ln": 8311.5037926081986 }, "geometry": { "type": "MultiPolygon", "coordinates": [ [ [ [ -122.251907654453007, 37.834789591428901 ], [ -122.251905345783001, 37.834789765249901 ], [ -122.251903847392995, 37.834789851805802 ], [ -122.251902347205998, 37.8347899177869 ], [ -122.251900846121003, 37.834789962483697 ], [ -122.251899344137996, 37.834789986605799 ], [ -122.251897842155003, 37.834789990153197 ], [ -122.251896340171996, 37.834789972416303 ], [ -122.251894838189003, 37.834789934814196 ], [ -122.251893338002006, 37.834789875218398 ], [ -122.251891838714002, 37.834789795757402 ], [ -122.251890342121001, 37.834789695011999 ], [ -122.251888847323997, 37.834789574401498 ], [ -122.251887356121003, 37.834789432506703 ], [ -122.251885867612003, 37.834789270037199 ], [ -122.251884382697, 37.834789086992899 ], [ -122.251882903172003, 37.834788883373903 ], [ -122.251881427239994, 37.834788659180198 ], [ -122.251879956698005, 37.834788415121203 ], [ -122.251878492444007, 37.834788150487398 ], [ -122.251877033580001, 37.834787865278898 ], [ -122.251875581004001, 37.8347875602051 ], [ -122.251874135614997, 37.8347872345566 ], [ -122.251872698309995, 37.834786889752202 ], [ -122.251871268192005, 37.834786525082698 ], [ -122.251869846158996, 37.8347861398383 ], [ -122.251868433108996, 37.834785736147701 ], [ -122.251867029042003, 37.8347853118823 ], [ -122.251865633959, 37.834784868461099 ], [ -122.251864249655, 37.834784406593499 ], [ -122.251862876131, 37.834783924860702 ], [ -122.251861512488006, 37.834783424681603 ], [ -122.251860160524004, 37.8347829053467 ], [ -122.251858819339006, 37.834782366855997 ], [ -122.251857491628996, 37.8347818106284 ], [ -122.251856175596998, 37.834781235954502 ], [ -122.251854872142005, 37.834780643543702 ], [ -122.251853582161004, 37.834780032686602 ], [ -122.251847801501995, 37.834777304049702 ], [ -122.251843730337001, 37.8347752898529 ], [ -122.251839704087999, 37.834773219607698 ], [ -122.251835724551, 37.834771094023502 ], [ -122.251831792624998, 37.834768913809597 ], [ -122.251827909208998, 37.834766678966197 ], [ -122.251824075198996, 37.834764390912198 ], [ -122.251820292393006, 37.834762050357099 ], [ -122.251816560791994, 37.834759658010199 ], [ -122.251812883089002, 37.834757213871598 ], [ -122.251809260182995, 37.834754719360298 ], [ -122.251805692074996, 37.834752175185699 ], [ -122.251802180560006, 37.834749582057299 ], [ -122.251798727437006, 37.834746940684497 ], [ -122.251795331804999, 37.834744252486402 ], [ -122.251791996359998, 37.834741516753397 ], [ -122.251788722000995, 37.834738735613897 ], [ -122.251785508726996, 37.8347359097774 ], [ -122.251782358335007, 37.834733039244 ], [ -122.251779271724004, 37.834730126141899 ], [ -122.251776249791007, 37.834727170471297 ], [ -122.251773292538005, 37.834724173650997 ], [ -122.251770402657002, 37.834721136390499 ], [ -122.251767580150997, 37.8347180593994 ], [ -122.251764825018, 37.834714944096497 ], [ -122.251762139055003, 37.834711790481798 ], [ -122.251759523160999, 37.834708600683797 ], [ -122.251756977335006, 37.8347053754119 ], [ -122.251754503374997, 37.834702114666101 ], [ -122.251752101280005, 37.8346988205749 ], [ -122.251749771947999, 37.834695493847697 ], [ -122.251747517176995, 37.834692135193997 ], [ -122.251745335169005, 37.834688746032697 ], [ -122.251743229517999, 37.834685327073302 ], [ -122.251741198426998, 37.834681879734802 ], [ -122.251739243692995, 37.834678404016998 ], [ -122.251737365316004, 37.834674902758103 ], [ -122.251735565092005, 37.834671375248398 ], [ -122.251733842123997, 37.8346678236164 ], [ -122.251732198206994, 37.834664249280898 ], [ -122.251730633340998, 37.8346606522421 ], [ -122.251729147527996, 37.834657033918901 ], [ -122.251727740766, 37.8346533957302 ], [ -122.251726414852996, 37.834649738385501 ], [ -122.251725169788003, 37.834646063303701 ], [ -122.251656147733001, 37.834435018233201 ], [ -122.25169861469, 37.8344262817293 ], [ -122.251690790363995, 37.834402356729299 ], [ -122.251689963912995, 37.834399918964202 ], [ -122.251689084462996, 37.8343974925506 ], [ -122.251688152011994, 37.834395078907598 ], [ -122.251687165660996, 37.834392678035101 ], [ -122.251686127208998, 37.834390292061599 ], [ -122.251685036653996, 37.8343879202775 ], [ -122.251683893996997, 37.8343855641019 ], [ -122.251682699238003, 37.834383224244199 ], [ -122.251681453274003, 37.834380900704403 ], [ -122.251680157006007, 37.8343785956109 ], [ -122.251678809533004, 37.834376308254299 ], [ -122.251677411754002, 37.834374040053603 ], [ -122.251675964567994, 37.834371791008699 ], [ -122.251674468873006, 37.834369563248003 ], [ -122.251672923770997, 37.834367356062202 ], [ -122.251671329261001, 37.834365170160602 ], [ -122.251669688039001, 37.834363007671797 ], [ -122.251667999206006, 37.834360867176599 ], [ -122.251666263660994, 37.8343587515132 ], [ -122.251662664112004, 37.834354602485597 ], [ -122.251658100669999, 37.834349627625201 ], [ -122.251653429431002, 37.834344717326999 ], [ -122.251648650394003, 37.834339872300497 ], [ -122.251643764457, 37.834335094674103 ], [ -122.251638775214005, 37.834330384447803 ], [ -122.251633683563, 37.834325744459598 ], [ -122.251628489504, 37.8343211754189 ], [ -122.251623196630007, 37.834316679454297 ], [ -122.251617804942001, 37.834312256565603 ], [ -122.251612317134004, 37.834307909590798 ], [ -122.251606734104001, 37.834303639239501 ], [ -122.251601058548005, 37.834299446930601 ], [ -122.251595291363998, 37.834295333373603 ], [ -122.251589434348006, 37.834291300696897 ], [ -122.251583487500994, 37.834287348191097 ], [ -122.251475512699002, 37.8342168472577 ], [ -122.251415118064003, 37.834230737443903 ], [ -122.251414183815996, 37.834230945321401 ], [ -122.251413248670005, 37.834231139718597 ], [ -122.251412309032006, 37.834231320635901 ], [ -122.251411365801005, 37.8342314887825 ], [ -122.251410418079004, 37.8342316441584 ], [ -122.251409468559004, 37.834231786054197 ], [ -122.251408515446997, 37.834231915179501 ], [ -122.251407558740993, 37.834232030824602 ], [ -122.251406601137006, 37.834232132989598 ], [ -122.251405640838001, 37.834232221674498 ], [ -122.251404677843993, 37.834232297588798 ], [ -122.251403713952001, 37.834232360023002 ], [ -122.251402749161002, 37.834232408977002 ], [ -122.251401783472005, 37.834232445160403 ], [ -122.251400816884995, 37.834232467154301 ], [ -122.251399850298, 37.834232476377501 ], [ -122.251398882811998, 37.834232471411198 ], [ -122.251397916225002, 37.834232453674197 ], [ -122.251396950536005, 37.834232422457099 ], [ -122.251395984846994, 37.834232378469402 ], [ -122.251395020955002, 37.834232320292102 ], [ -122.251394057960994, 37.834232248634699 ], [ -122.251393096762996, 37.834232164206703 ], [ -122.251392138260996, 37.834232066298597 ], [ -122.251391180656995, 37.834231955619799 ], [ -122.251390226645995, 37.834231830751399 ], [ -122.251389275329998, 37.834231693821899 ], [ -122.251388327607003, 37.834231542702803 ], [ -122.251387382580006, 37.8342313788132 ], [ -122.251386442043994, 37.8342312021528 ], [ -122.251385505100998, 37.834231012012403 ], [ -122.251384572649002, 37.834230809810798 ], [ -122.251383644689994, 37.834230594129103 ], [ -122.251382721222001, 37.834230365676802 ], [ -122.251381804041998, 37.834230124453903 ], [ -122.251380891352994, 37.834229870460298 ], [ -122.251379984953005, 37.8342296044055 ], [ -122.251379083942993, 37.834229324870698 ], [ -122.251378189221001, 37.834229033984201 ], [ -122.251377301686006, 37.8342287296176 ], [ -122.251376420438007, 37.834228413899297 ], [ -122.251375546378, 37.8342280861199 ], [ -122.251374679503002, 37.834227745569798 ], [ -122.251373820713994, 37.834227393668101 ], [ -122.251372970009001, 37.834227029705197 ], [ -122.251372126491006, 37.834226653681199 ], [ -122.251371291956005, 37.8342262663055 ], [ -122.251370466405007, 37.834225867578098 ], [ -122.251369648937995, 37.834225457499102 ], [ -122.251368841352004, 37.834225036068403 ], [ -122.251368042750002, 37.834224603995501 ], [ -122.251367254029006, 37.834224160570898 ], [ -122.251366474291004, 37.834223705794699 ], [ -122.251365706231994, 37.834223241085702 ], [ -122.251364947154997, 37.834222765024997 ], [ -122.251364199757006, 37.8342222790317 ], [ -122.251363462239993, 37.834221783105697 ], [ -122.251362736402001, 37.834221276537399 ], [ -122.251362021342999, 37.834220760036402 ], [ -122.251361317961994, 37.8342202336028 ], [ -122.251360626259, 37.834219697945898 ], [ -122.251359946234004, 37.834219152356198 ], [ -122.251359278785998, 37.834218597543298 ], [ -122.251358623914001, 37.834218033507298 ], [ -122.251357980720002, 37.834217460957397 ], [ -122.251357351001005, 37.834216879184297 ], [ -122.251356732961, 37.834216288897402 ], [ -122.251356129293001, 37.834215690096798 ], [ -122.251355538200997, 37.8342150827824 ], [ -122.251354960583996, 37.834214467663799 ], [ -122.251354396441997, 37.834213844740901 ], [ -122.251353846672998, 37.834213214013701 ], [ -122.251353310379002, 37.834212575482098 ], [ -122.251352788457993, 37.834211930565402 ], [ -122.251352280909998, 37.834211277134798 ], [ -122.251351787735004, 37.834210618028401 ], [ -122.251351308932996, 37.834209951827198 ], [ -122.251350845402001, 37.834209278531198 ], [ -122.251350396245002, 37.834208599559297 ], [ -122.251349962358006, 37.834207914202103 ], [ -122.251349543743004, 37.834207223169102 ], [ -122.251349139501002, 37.834206525750801 ], [ -122.251348752327999, 37.834205823366098 ], [ -122.251348379527002, 37.834205116014999 ], [ -122.251348021997003, 37.8342044029881 ], [ -122.251347680636997, 37.834203685704303 ], [ -122.251347355446995, 37.834202963454203 ], [ -122.251347045527993, 37.8342022369471 ], [ -122.251346752678003, 37.834201506183199 ], [ -122.251346475098003, 37.8342007711625 ], [ -122.251346213689004, 37.834200033303702 ], [ -122.251345968448007, 37.834199291188 ], [ -122.251345740275994, 37.834198546234497 ], [ -122.251345528274001, 37.834197797733601 ], [ -122.251345332441005, 37.834197046394699 ], [ -122.251345153675999, 37.834196292927402 ], [ -122.251344991080998, 37.834195537331702 ], [ -122.251344845554001, 37.834194778897903 ], [ -122.251344716196996, 37.834194019045299 ], [ -122.251344604805993, 37.8341932570642 ], [ -122.251344508686003, 37.834192493664098 ], [ -122.251344429634003, 37.834191729554497 ], [ -122.251344368548999, 37.834190964026 ], [ -122.251344323633006, 37.834190198497502 ], [ -122.251344294887005, 37.834189431550001 ], [ -122.251344284107006, 37.834188664602401 ], [ -122.251344289496998, 37.8341878976549 ], [ -122.251344311954995, 37.834187131416897 ], [ -122.251344351480995, 37.834186365178901 ], [ -122.251344407176006, 37.834185598940799 ], [ -122.251344480838, 37.834184834831099 ], [ -122.25134457067, 37.834184070721498 ], [ -122.251344676670996, 37.8341833087403 ], [ -122.251344800639004, 37.834182548177999 ], [ -122.251344940775994, 37.834181789034702 ], [ -122.251345097083004, 37.834181032729298 ], [ -122.251345270456994, 37.834180277842897 ], [ -122.251345460899998, 37.834179525794397 ], [ -122.251345666614995, 37.834178777293197 ], [ -122.251345890294999, 37.834178030920498 ], [ -122.251346129246997, 37.8341772873857 ], [ -122.251346385266999, 37.834176548107799 ], [ -122.251346656557999, 37.834175812377303 ], [ -122.251346944917003, 37.8341750801941 ], [ -122.251347249445999, 37.834174352267901 ], [ -122.251347569245993, 37.834173628598499 ], [ -122.251347905215994, 37.834172909185902 ], [ -122.251348256457007, 37.8341721947398 ], [ -122.251348623867997, 37.834171485259901 ], [ -122.251349007448994, 37.834170781455903 ], [ -122.251349405403005, 37.8341700826183 ], [ -122.251349819525998, 37.834169389456498 ], [ -122.251350248022007, 37.834168701970498 ], [ -122.251350692689002, 37.834168020869797 ], [ -122.251351150828995, 37.834167345445003 ], [ -122.251352301571004, 37.834165731378299 ], [ -122.251353232225995, 37.8341644834032 ], [ -122.251354190727994, 37.834163248198699 ], [ -122.251355177077997, 37.834162026474303 ], [ -122.251356188580999, 37.834160818230004 ], [ -122.251357227932004, 37.8341596241752 ], [ -122.251358292435995, 37.834158445019597 ], [ -122.251359382990998, 37.834157280763002 ], [ -122.251360498698006, 37.834156132114799 ], [ -122.251361640457006, 37.834154998365896 ], [ -122.251362806469999, 37.834153880934799 ], [ -122.251363996737993, 37.834152780531397 ], [ -122.251365211259994, 37.834151695736402 ], [ -122.251366449138999, 37.834150627969002 ], [ -122.251367710373003, 37.834149577938497 ], [ -122.251368994963997, 37.8341485456451 ], [ -122.251370301115003, 37.834147531088597 ], [ -122.251371630620994, 37.834146534269102 ], [ -122.251372980789, 37.834145556605598 ], [ -122.251374353415002, 37.834144597388502 ], [ -122.251375745803998, 37.834143658036901 ], [ -122.251377158853003, 37.8341427371317 ], [ -122.251378592565004, 37.8341418368015 ], [ -122.251380045139996, 37.834140955627198 ], [ -122.251381517479004, 37.834140095737197 ], [ -122.251383008683007, 37.834139255712799 ], [ -122.251384517852003, 37.834138436263203 ], [ -122.251386044987996, 37.834137638097999 ], [ -122.251387589192007, 37.834136861217303 ], [ -122.251389149565995, 37.8341361056209 ], [ -122.251390727008001, 37.834135372018402 ], [ -122.251392320619004, 37.834134660409802 ], [ -122.251393929501006, 37.834133970085603 ], [ -122.251395553655996, 37.834133303174198 ], [ -122.251397191283999, 37.834132658256699 ], [ -122.251398843285997, 37.834132036752003 ], [ -122.251400508762998, 37.834131437241297 ], [ -122.251402187714007, 37.834130861852799 ], [ -122.251403878342998, 37.834130309167698 ], [ -122.251405581548994, 37.834129780604897 ], [ -122.251407295535003, 37.8341292747455 ], [ -122.251409020300002, 37.834128793717902 ], [ -122.251410755845001, 37.834128336103198 ], [ -122.251412501272, 37.834127902610803 ], [ -122.251414255680999, 37.8341274932407 ], [ -122.251416019074, 37.834127107992899 ], [ -122.251417790551997, 37.834126747576903 ], [ -122.251419569215997, 37.834126411992699 ], [ -122.251421355066995, 37.834126100530902 ], [ -122.251423148103996, 37.834125813900798 ], [ -122.251424946531998, 37.834125552812097 ], [ -122.251426751246996, 37.834125315845696 ], [ -122.251428560454002, 37.8341251044206 ], [ -122.251430374153003, 37.834124917827303 ], [ -122.251432191443996, 37.834124756065798 ], [ -122.251434012329, 37.834124619845603 ], [ -122.251435835010994, 37.8341245091666 ], [ -122.251992678197993, 37.834343033025803 ], [ -122.251997480591001, 37.834345001118301 ], [ -122.252000130621994, 37.834346152601299 ], [ -122.252002754599999, 37.834347340977203 ], [ -122.252005352528002, 37.834348564827003 ], [ -122.252007923506994, 37.834349824860098 ], [ -122.252010464841007, 37.834351120367103 ], [ -122.252012979225, 37.834352451348103 ], [ -122.252015462168004, 37.834353816383903 ], [ -122.252017915466993, 37.834355215474602 ], [ -122.252020338224, 37.8343566486203 ], [ -122.252022727742002, 37.834358114401901 ], [ -122.252025085819994, 37.834359613529003 ], [ -122.252027409761993, 37.834361145292 ], [ -122.252029700465997, 37.834362708981502 ], [ -122.252031955237001, 37.834364303888002 ], [ -122.252034175871998, 37.834365929302002 ], [ -122.252036359677007, 37.834367585933101 ], [ -122.252038506649995, 37.834369272362103 ], [ -122.252040615894998, 37.834370987879701 ], [ -122.252042687409997, 37.834372732485797 ], [ -122.252044720296993, 37.834374506180602 ], [ -122.252046713658999, 37.834376306835402 ], [ -122.252048667495004, 37.834378135159803 ], [ -122.252050580906001, 37.834379990444297 ], [ -122.252052452995002, 37.834381871979502 ], [ -122.252054282863, 37.834383779055798 ], [ -122.252056071409001, 37.834385710963801 ], [ -122.252057815936993, 37.834387666993997 ], [ -122.252059518245005, 37.834389647146402 ], [ -122.252061176534994, 37.834391650711403 ], [ -122.252062789909004, 37.834393676979701 ], [ -122.252064359266001, 37.834395725241798 ], [ -122.252065882809006, 37.834397794788202 ], [ -122.252067360536998, 37.834399885618701 ], [ -122.252068792451993, 37.834401995605198 ], [ -122.252070176756007, 37.834404126166397 ], [ -122.252071515246001, 37.834406275173997 ], [ -122.252072805226007, 37.834408441918498 ], [ -122.252074047595997, 37.834410626399801 ], [ -122.252075242356, 37.834412827908501 ], [ -122.252076387708001, 37.834415045735199 ], [ -122.252077484550995, 37.834417279170303 ], [ -122.252078531986001, 37.834419526794903 ], [ -122.252079529116003, 37.834421789318398 ], [ -122.252080476838998, 37.834424064612399 ], [ -122.252081374255994, 37.834426353386498 ], [ -122.252082221367004, 37.834428653512099 ], [ -122.252083018172996, 37.8344309656988 ], [ -122.252083762875998, 37.834433287818001 ], [ -122.252084457273995, 37.834435620579399 ], [ -122.252085099569001, 37.834437962563896 ], [ -122.252085690661005, 37.834440312352598 ], [ -122.252086230548002, 37.834442670654902 ], [ -122.252086717435006, 37.834445036051903 ], [ -122.252087153117998, 37.834447407834098 ], [ -122.252087535800001, 37.834449784582603 ], [ -122.252087866379995, 37.834452167006901 ], [ -122.252088143959995, 37.834454553687799 ], [ -122.252088369437004, 37.834456943206703 ], [ -122.252088542812004, 37.8344593362729 ], [ -122.252088662288003, 37.834461730757901 ], [ -122.252088729660997, 37.8344641266618 ], [ -122.252088744933005, 37.834466523275097 ], [ -122.252088706305003, 37.834468919178903 ], [ -122.252088616473998, 37.834471315082602 ], [ -122.252088472742997, 37.834473708857701 ], [ -122.252088276910001, 37.834476100504403 ], [ -122.252088028076997, 37.834478488603601 ], [ -122.252087726243005, 37.834480873864798 ], [ -122.252087373205001, 37.834483253450102 ], [ -122.252086967167003, 37.834485628778502 ], [ -122.252086509026, 37.834487997012097 ], [ -122.252085998783002, 37.834490359569699 ], [ -122.252085436437994, 37.834492714322998 ], [ -122.252084822887994, 37.834495060562602 ], [ -122.252084157236993, 37.834497398288299 ], [ -122.252083440381, 37.834499726790803 ], [ -122.252082672320995, 37.834502044651003 ], [ -122.252081853956, 37.834504351869001 ], [ -122.252080984387007, 37.834506647025897 ], [ -122.252080064512, 37.834508929412102 ], [ -122.252079095230002, 37.834511199737101 ], [ -122.252078075642004, 37.834513455163098 ], [ -122.252077005749001, 37.834515697108898 ], [ -122.252075888243994, 37.834517923446199 ], [ -122.252074720433995, 37.834520134174902 ], [ -122.252073505013996, 37.834522328585599 ], [ -122.252072241083994, 37.834524505259303 ], [ -122.252070930442002, 37.834526664196098 ], [ -122.252361264144994, 37.834806459878003 ], [ -122.252671616805003, 37.834928265063702 ], [ -122.252518029146003, 37.835174404093003 ], [ -122.252673205925007, 37.835235306407299 ], [ -122.252828383601994, 37.835296208671302 ], [ -122.252814352814994, 37.835318694578703 ], [ -122.252751592915999, 37.835419279448502 ], [ -122.252729879737998, 37.835454071033098 ], [ -122.253040213532003, 37.835575909913302 ], [ -122.253024855036003, 37.835600524133802 ], [ -122.252714520343005, 37.835478685294099 ], [ -122.252681760580998, 37.835531186561802 ], [ -122.252644520022997, 37.835516565869597 ], [ -122.252587692597999, 37.8356076372404 ], [ -122.252485281960006, 37.8355674296619 ], [ -122.252345631663005, 37.835512602077998 ], [ -122.252166438424993, 37.835799771029301 ], [ -122.251981214796999, 37.835910914183202 ], [ -122.251735482447003, 37.836304709848299 ], [ -122.251734183482995, 37.8363068382262 ], [ -122.251732932129997, 37.836308984340498 ], [ -122.251731728387995, 37.836311147481801 ], [ -122.251730571357996, 37.8363133262311 ], [ -122.251729462835996, 37.836315521297898 ], [ -122.251728403723007, 37.836317731972798 ], [ -122.251727392220005, 37.836319956127298 ], [ -122.251726430123995, 37.836322193761497 ], [ -122.251725518333998, 37.836324444875402 ], [ -122.251724655052996, 37.836326708049903 ], [ -122.251723842077993, 37.836328983285199 ], [ -122.251723079407995, 37.836331269162301 ], [ -122.251722367043996, 37.836333564971802 ], [ -122.251721705883995, 37.836335870004199 ], [ -122.251721095030007, 37.836338184968803 ], [ -122.251720535378993, 37.836340507028098 ], [ -122.251720026033993, 37.836342836891298 ], [ -122.251719568791998, 37.836345173139598 ], [ -122.251719163651998, 37.8363475157729 ], [ -122.251718808817003, 37.836349863372398 ], [ -122.251718506982996, 37.836352215938 ], [ -122.251718256353001, 37.836354572050801 ], [ -122.251718056927004, 37.836356931001397 ], [ -122.251717910501995, 37.836359292789702 ], [ -122.251717815280998, 37.836361655996903 ], [ -122.251717773059994, 37.836364019913503 ], [ -122.251717782043002, 37.836366384539403 ], [ -122.251717843128006, 37.836368748455797 ], [ -122.251717956316, 37.8363711116627 ], [ -122.251718121606004, 37.836373472031703 ], [ -122.251718338998003, 37.836375830272203 ], [ -122.251718608492993, 37.836378184965398 ], [ -122.251718929191, 37.836380536111101 ], [ -122.251719301093999, 37.836382881581201 ], [ -122.251719725098994, 37.8363852220849 ], [ -122.251720201205998, 37.836387556203498 ], [ -122.251720727619002, 37.836389883936803 ], [ -122.251721305234994, 37.836392203156599 ], [ -122.251721934954006, 37.836394514572198 ], [ -122.251722614081004, 37.836396816764903 ], [ -122.251723344411005, 37.836399109025002 ], [ -122.251724125047005, 37.836401391352702 ], [ -122.251724955089998, 37.836403661619499 ], [ -122.251725836337997, 37.8364059212443 ], [ -122.251726766093995, 37.836408167389401 ], [ -122.251727745257995, 37.836410400764102 ], [ -122.251728773829001, 37.836412619949598 ], [ -122.251729850909001, 37.836414824945898 ], [ -122.251730976497996, 37.836417014334103 ], [ -122.251732149698, 37.836419188114 ], [ -122.251734428722997, 37.836423137667801 ], [ -122.251733151319002, 37.836424474287 ], [ -122.251731902661007, 37.836425828642597 ], [ -122.251730684544995, 37.836427200025199 ], [ -122.251729496972999, 37.8364285884347 ], [ -122.251728339044007, 37.836429992452402 ], [ -122.251727213454998, 37.836431412787498 ], [ -122.251726118408996, 37.836432848021097 ], [ -122.251725055701996, 37.836434298862898 ], [ -122.251724024436001, 37.836435763184397 ], [ -122.251723026408001, 37.836437242404401 ], [ -122.251722060719004, 37.836438735104103 ], [ -122.251721127368995, 37.836440240573999 ], [ -122.251720228154994, 37.836441758814097 ], [ -122.251719362179003, 37.836443289824402 ], [ -122.251718530339005, 37.836444832185997 ], [ -122.251717731737003, 37.836446385189497 ], [ -122.251716968169006, 37.836447949544301 ], [ -122.251716238737004, 37.836449524540903 ], [ -122.251715544340001, 37.836451109469898 ], [ -122.251714884975996, 37.836452702912297 ], [ -122.251714260647006, 37.836454306287102 ], [ -122.251713671351993, 37.836455917465898 ], [ -122.251713117989993, 37.836457536448698 ], [ -122.251712600559998, 37.836459163235602 ], [ -122.251712118165003, 37.836460796407501 ], [ -122.251711672601004, 37.836462436673898 ], [ -122.251711262968996, 37.836464082615898 ], [ -122.251710890167999, 37.8364657335242 ], [ -122.251710553300001, 37.836467390107998 ], [ -122.251710252364006, 37.836469050239202 ], [ -122.251709988258995, 37.836470714626998 ], [ -122.251709760986003, 37.836472382562 ], [ -122.251709570542999, 37.836474053334904 ], [ -122.25171494157, 37.836511184212299 ], [ -122.251715917140004, 37.836513489239103 ], [ -122.251716301618998, 37.836514361162202 ], [ -122.251717033746004, 37.836515934738401 ], [ -122.251717800009004, 37.8365174983822 ], [ -122.251718601305996, 37.836519050674703 ], [ -122.251719436740004, 37.8365205923254 ], [ -122.251720305410004, 37.836522121915102 ], [ -122.251721208217006, 37.836523638734597 ], [ -122.251722143364006, 37.836525143493397 ], [ -122.251723111746998, 37.836526634772298 ], [ -122.251724113368994, 37.8365281125716 ], [ -122.251725147330006, 37.836529576181697 ], [ -122.251726212731995, 37.836531025602703 ], [ -122.251727310473001, 37.836532459415501 ], [ -122.251728439654997, 37.836533878329803 ], [ -122.251729599379999, 37.836535280926498 ], [ -122.251730789647993, 37.836536667915098 ], [ -122.251732010458994, 37.8365380378767 ], [ -122.251733261812007, 37.836539390101898 ], [ -122.251734541911006, 37.836540726009503 ], [ -122.251735851654999, 37.836542043471198 ], [ -122.251737190144993, 37.836543342486998 ], [ -122.251738533126002, 37.836544600354301 ], [ -122.251739952464007, 37.836545883762 ], [ -122.251741374497001, 37.836547125311697 ], [ -122.251742823480001, 37.836548346996601 ], [ -122.251744300309994, 37.836549548816699 ], [ -122.251745802293001, 37.836550730062498 ], [ -122.251747330328001, 37.836551890024701 ], [ -122.251748884413004, 37.836553028703001 ], [ -122.251750461854996, 37.836554145388199 ], [ -122.251752064448993, 37.8365552407897 ], [ -122.251753691298006, 37.836556312779003 ], [ -122.251755340605001, 37.836557362775203 ], [ -122.251757013268005, 37.836558390068802 ], [ -122.251758708389005, 37.836559393950203 ], [ -122.251760425068994, 37.836560373710199 ], [ -122.251762163308996, 37.836561330057997 ], [ -122.251763922210998, 37.836562261574798 ], [ -122.251764549235006, 37.8365625822493 ], [ -122.251707389432994, 37.836649968123901 ], [ -122.251631248229998, 37.836766373442799 ], [ -122.251789036410997, 37.836761549858899 ], [ -122.251906863036993, 37.836757947246802 ], [ -122.251868585823004, 37.8368324385603 ], [ -122.251828597317996, 37.836910262101703 ], [ -122.251816141277999, 37.836934502704501 ], [ -122.251763695834995, 37.837036566707503 ], [ -122.25175018697, 37.8370628554568 ], [ -122.251711250392006, 37.837138630569299 ], [ -122.251670505505999, 37.837217924478701 ], [ -122.251408369020993, 37.837085092517597 ], [ -122.251410021023005, 37.837281471354103 ], [ -122.251667338046005, 37.8374118610393 ], [ -122.251818698782003, 37.837488558784997 ], [ -122.251620376817996, 37.837734854572602 ], [ -122.251737100312994, 37.837794001025003 ], [ -122.251854554138006, 37.837853517050497 ], [ -122.251971278531002, 37.837912662698301 ], [ -122.252088002025999, 37.837971809008202 ], [ -122.251983165038993, 37.838102005923801 ], [ -122.252024192895007, 37.838122795410001 ], [ -122.251857868922002, 37.838329351236801 ], [ -122.251999369748006, 37.838401051448798 ], [ -122.251929478123998, 37.838487849149402 ], [ -122.251906180318002, 37.8385167821666 ], [ -122.251859585602006, 37.838574647457399 ], [ -122.251916401349007, 37.838603437134203 ], [ -122.251910757234, 37.838619145491101 ], [ -122.251876775762994, 37.838713718355599 ], [ -122.251837149278998, 37.838824000121598 ], [ -122.251797522795997, 37.8389342817227 ], [ -122.251778542292001, 37.838987104742102 ], [ -122.251757896312, 37.8390445631589 ], [ -122.251748801768002, 37.839069871466002 ], [ -122.251718268930006, 37.839154844430297 ], [ -122.251678642445995, 37.839265125536699 ], [ -122.251618419389004, 37.839432726253797 ], [ -122.251568885386007, 37.839570577446501 ], [ -122.251669620665993, 37.8396216214758 ], [ -122.251463648648993, 37.840154761342497 ], [ -122.251726325020996, 37.840287791379701 ], [ -122.251650253885998, 37.840410171367097 ], [ -122.251765628111997, 37.840468601289203 ], [ -122.251699238119997, 37.840551047112299 ], [ -122.251806000197007, 37.840605115421297 ], [ -122.251771694435007, 37.840647717375802 ], [ -122.251740765438996, 37.840686126650397 ], [ -122.251832703516996, 37.840732686394098 ], [ -122.251861889780997, 37.840747467799503 ], [ -122.251852570658002, 37.840759040511301 ], [ -122.252041641771001, 37.840854791809001 ], [ -122.252137140770003, 37.840903154779497 ], [ -122.252112910511997, 37.840933245323598 ], [ -122.252071906013001, 37.840984166390598 ], [ -122.252060443510004, 37.840998401496698 ], [ -122.252007025191006, 37.841064738076298 ], [ -122.251959180919002, 37.841124154273203 ], [ -122.251930607307003, 37.841159636972698 ], [ -122.251985187147, 37.841187277101902 ], [ -122.251949677642003, 37.841299635163402 ], [ -122.251935053967003, 37.841345909336702 ], [ -122.251914167238994, 37.8414119987291 ], [ -122.251899524699994, 37.8414583274565 ], [ -122.251872931872001, 37.841542474045298 ], [ -122.251863996330002, 37.841570744695403 ], [ -122.251828149058994, 37.841684172668799 ], [ -122.251619735421002, 37.841696155271201 ], [ -122.251633595528006, 37.841833030347203 ], [ -122.251784569988004, 37.841822937625302 ], [ -122.251912261013999, 37.841887603522601 ], [ -122.251669634140001, 37.842188903788497 ], [ -122.251702241187999, 37.842510895304102 ], [ -122.251733414525006, 37.842818726567302 ], [ -122.251923401919996, 37.842804297437802 ], [ -122.251942986090995, 37.842812511542803 ], [ -122.251968809062006, 37.842834232557799 ], [ -122.251984459510993, 37.842856094736199 ], [ -122.251996521191003, 37.842874707874003 ], [ -122.252004022123003, 37.8429097584186 ], [ -122.252084537223993, 37.843015355452501 ], [ -122.252165429616994, 37.843121446782597 ], [ -122.252245567425007, 37.8432265490666 ], [ -122.252325705233005, 37.8433316504914 ], [ -122.252503633643002, 37.843104172333398 ], [ -122.252854160759, 37.843281771723497 ], [ -122.252648485186, 37.843529396007497 ], [ -122.252532940281, 37.8436155889489 ], [ -122.252435948281999, 37.843662261054902 ], [ -122.252303647101002, 37.843712364441501 ], [ -122.251863556155996, 37.843869610779002 ], [ -122.251936654765004, 37.844825615043703 ], [ -122.253921022447997, 37.844053508372397 ], [ -122.253913566430995, 37.844059890707001 ], [ -122.253902292573997, 37.844069883808899 ], [ -122.2538912415, 37.844080031555301 ], [ -122.253880414106007, 37.844090330399098 ], [ -122.253869815781997, 37.844100777502902 ], [ -122.253859449223995, 37.844111370028898 ], [ -122.253849317125002, 37.844122104430198 ], [ -122.253839423081004, 37.844132977159902 ], [ -122.253829768887002, 37.8441439853802 ], [ -122.253814627782006, 37.8441621229058 ], [ -122.253791011971998, 37.844190600401099 ], [ -122.253771900314007, 37.844212680667503 ], [ -122.253752304464996, 37.844234492780501 ], [ -122.253732232508, 37.844256030355901 ], [ -122.253711688935994, 37.844277287009497 ], [ -122.253690680934, 37.844298256357 ], [ -122.253669214791998, 37.844318932014403 ], [ -122.253647296797993, 37.844339306887903 ], [ -122.253624933238996, 37.844359375303 ], [ -122.253602132200001, 37.844379131584503 ], [ -122.253578899071996, 37.8443985686392 ], [ -122.253555241938997, 37.844417682210903 ], [ -122.253531167988001, 37.844436464496603 ], [ -122.253506684404996, 37.844454911240398 ], [ -122.253481797478003, 37.844473016058103 ], [ -122.253456517089006, 37.844490773984198 ], [ -122.253430849527007, 37.844508178634598 ], [ -122.253404802874996, 37.844525226462601 ], [ -122.253378384320996, 37.844541910374602 ], [ -122.253351602847005, 37.844558226114799 ], [ -122.253324466538999, 37.844574169426899 ], [ -122.253296983480993, 37.844589733926902 ], [ -122.253269162657006, 37.8446049160681 ], [ -122.253241011252996, 37.844619710884999 ], [ -122.253212538251006, 37.844634113412297 ], [ -122.253183752637, 37.844648120103201 ], [ -122.253154663391001, 37.844661726701801 ], [ -122.253125279497993, 37.844674928242497 ], [ -122.253095609042006, 37.844687720469402 ], [ -122.253065661906007, 37.844700101254503 ], [ -122.253035446173001, 37.844712064923002 ], [ -122.252441272596002, 37.844941102296097 ], [ -122.252425732640006, 37.844946946137398 ], [ -122.252413012496007, 37.8449514911105 ], [ -122.252400194434998, 37.844955859448604 ], [ -122.252387282051004, 37.844960049733203 ], [ -122.252374279836005, 37.844964060545301 ], [ -122.252361190483995, 37.8449678904664 ], [ -122.252348019384996, 37.844971538787 ], [ -122.252334770133004, 37.844975004797803 ], [ -122.252321446321005, 37.844978286370797 ], [ -122.25230805244, 37.844981382796398 ], [ -122.252294592083004, 37.844984294074798 ], [ -122.252281069743006, 37.844987018078001 ], [ -122.252267489911006, 37.8449895548058 ], [ -122.252253856180005, 37.844991903549001 ], [ -122.252240173041997, 37.844994062888802 ], [ -122.252226444089004, 37.844996032115802 ], [ -122.252212673814, 37.8449978119394 ], [ -122.252198866708, 37.8449994002316 ], [ -122.252185027262996, 37.845000797701701 ], [ -122.252171158172999, 37.845002002930997 ], [ -122.252157264828995, 37.845003015919403 ], [ -122.251955914644995, 37.845015788226803 ], [ -122.251984728107999, 37.845300298339097 ], [ -122.252222725962, 37.845208559355399 ], [ -122.252269417695999, 37.845285222037603 ], [ -122.252353266444999, 37.845422892751998 ], [ -122.252477856485996, 37.845374867568999 ], [ -122.252347316004006, 37.8451605340328 ], [ -122.252807694501996, 37.844983072529701 ], [ -122.253003486810002, 37.845304538260102 ], [ -122.252910045850996, 37.845340560199503 ], [ -122.25310625857, 37.845662715297301 ], [ -122.252062190733, 37.846065160685903 ], [ -122.252080049241002, 37.846241490277997 ], [ -122.252223889280998, 37.846186044968803 ], [ -122.252297956274006, 37.846305302483898 ], [ -122.252420371495006, 37.8465024058575 ], [ -122.252437950626003, 37.846495630038802 ], [ -122.252501257598993, 37.846598904458197 ], [ -122.252392239852995, 37.846640926240902 ], [ -122.252395761249005, 37.846646671346399 ], [ -122.252523465750002, 37.846854997268103 ], [ -122.252495432025, 37.846865802205798 ], [ -122.252156510244006, 37.8469964423752 ], [ -122.252176154603006, 37.847190405716802 ], [ -122.252502066980995, 37.847064781036799 ], [ -122.252527884562994, 37.847153339801103 ], [ -122.25264372142, 37.847345659158897 ], [ -122.252801095478006, 37.8473382223005 ], [ -122.252941042220002, 37.847331609000399 ], [ -122.253001144902001, 37.847431732015501 ], [ -122.252868255326007, 37.847524696830099 ], [ -122.252884255219001, 37.8475327969132 ], [ -122.252840194651, 37.8476734058153 ], [ -122.253358745352003, 37.847935929384398 ], [ -122.253265409495995, 37.848051591230501 ], [ -122.252796133185001, 37.8478140137398 ], [ -122.252752217245003, 37.847954158901899 ], [ -122.252708140508005, 37.848094815945402 ], [ -122.252664063769998, 37.848235473429902 ], [ -122.252637564367006, 37.848320038601798 ], [ -122.252619987032006, 37.848376130646102 ], [ -122.252612934358993, 37.848398635974299 ], [ -122.252606736882001, 37.8484184131635 ], [ -122.252575909396, 37.848516787593901 ], [ -122.252798753570005, 37.848629862272503 ], [ -122.252612845426, 37.848860233092701 ], [ -122.252375117065, 37.849154815836201 ], [ -122.252413779657005, 37.849500856647602 ], [ -122.252868838332006, 37.849440054778903 ], [ -122.252924556338002, 37.849814039706096 ], [ -122.252890361067998, 37.849818608496399 ], [ -122.252946300058994, 37.850194073994302 ], [ -122.252830588966006, 37.8502095344559 ], [ -122.252816901336004, 37.850072349345702 ], [ -122.252719221226997, 37.8500853910286 ], [ -122.252666454186993, 37.850092436771 ], [ -122.252475363661006, 37.850117951247597 ], [ -122.252489057579993, 37.850255166773998 ], [ -122.252504417872998, 37.850409075269503 ], [ -122.252734917490002, 37.850378277849103 ], [ -122.252776799643001, 37.8505766017187 ], [ -122.252902986888998, 37.850559846821099 ], [ -122.252926975500998, 37.850737116154598 ], [ -122.252932474088993, 37.850777750986197 ], [ -122.252563642002997, 37.850826723848101 ], [ -122.252546327874001, 37.850829022752997 ], [ -122.252342130928, 37.850853333968999 ], [ -122.251098722438002, 37.851247595318902 ], [ -122.251001257924003, 37.851198141110999 ], [ -122.251767058229007, 37.850244558816001 ], [ -122.252223143679004, 37.849679412415803 ], [ -122.252159418090997, 37.849289316404203 ], [ -122.251329421481003, 37.849552021483902 ], [ -122.251265782131, 37.849448183024897 ], [ -122.251239657325996, 37.849405554943303 ], [ -122.251413253161999, 37.849344698377202 ], [ -122.251571636028004, 37.849289174537297 ], [ -122.251730017995001, 37.849233651364798 ], [ -122.251614784805994, 37.849054361772502 ], [ -122.251781844499007, 37.848989985185 ], [ -122.251599380494994, 37.848693887341703 ], [ -122.251654671801006, 37.848672580888802 ], [ -122.251766812989004, 37.848629367152697 ], [ -122.251891414708993, 37.848581351860702 ], [ -122.251740033312004, 37.848334344644996 ], [ -122.252050576415002, 37.848214675444602 ], [ -122.252035694924004, 37.8480677394978 ], [ -122.251755344198003, 37.848175773549301 ], [ -122.251611620939002, 37.847940899781698 ], [ -122.251555771780005, 37.8478496287062 ], [ -122.251541272072998, 37.847825933632897 ], [ -122.251581097981997, 37.847810586876697 ], [ -122.251677358753, 37.847773492189503 ], [ -122.251770815881997, 37.847737477822697 ], [ -122.251700966479007, 37.847619815824899 ], [ -122.251707196295996, 37.8476174146735 ], [ -122.251638600939998, 37.847501864223901 ], [ -122.251569508816999, 37.847385478685197 ], [ -122.251951680885, 37.847238205561503 ], [ -122.251933823274996, 37.847061881899499 ], [ -122.251619188346993, 37.847183129156903 ], [ -122.251543046245004, 37.847058884161697 ], [ -122.251472656055995, 37.846944025878699 ], [ -122.251415132437003, 37.846850162994301 ], [ -122.251367619643005, 37.846772634393297 ], [ -122.251331875678005, 37.846714308775901 ], [ -122.251484558734006, 37.846655470954602 ], [ -122.251562775045997, 37.846625329543201 ], [ -122.251549541963001, 37.846478889819799 ], [ -122.251565178937, 37.846472863793998 ], [ -122.251424399458003, 37.846243146642301 ], [ -122.251834884627002, 37.846084961200503 ], [ -122.251817027914996, 37.845908636909201 ], [ -122.251732773127998, 37.845076684543699 ], [ -122.251622447434997, 37.843987262444699 ], [ -122.251290452564007, 37.8441156312998 ], [ -122.251142444340999, 37.843862547416798 ], [ -122.251267058636998, 37.843814524764603 ], [ -122.251262698215001, 37.843807069105999 ], [ -122.251330333271, 37.843781004089202 ], [ -122.251315762597002, 37.843756089689997 ], [ -122.251314385480001, 37.843705283329498 ], [ -122.251321386051004, 37.843702585526302 ], [ -122.251219102974005, 37.843527687796801 ], [ -122.251245957210998, 37.843517339217001 ], [ -122.251321735494997, 37.843646914141502 ], [ -122.251446348892998, 37.843598891348798 ], [ -122.251370570608998, 37.843469316340098 ], [ -122.251562505550993, 37.843395349584597 ], [ -122.251547625857, 37.843248412547503 ], [ -122.251420748704007, 37.843297308120597 ], [ -122.251349605727, 37.843181214600399 ], [ -122.251269379883993, 37.843050300230502 ], [ -122.251393972621003, 37.8430022855621 ], [ -122.251317742484005, 37.842877890934297 ], [ -122.251242058523005, 37.842754387099703 ], [ -122.251487968738999, 37.842659300136603 ], [ -122.251470103943007, 37.842482885364099 ], [ -122.251282244657006, 37.842555525748899 ], [ -122.251122162179001, 37.842294745179302 ], [ -122.251069109474997, 37.842208320847803 ], [ -122.251016057669005, 37.842121896415001 ], [ -122.250961489507006, 37.842033003154299 ], [ -122.251407126651003, 37.841860966046298 ], [ -122.251389266347005, 37.841684594766299 ], [ -122.251378182034998, 37.841575127421997 ], [ -122.251061834018998, 37.8416972534339 ], [ -122.251001045921996, 37.841600803753202 ], [ -122.250954538342995, 37.841527011057103 ], [ -122.250964577914999, 37.8415231391023 ], [ -122.250797348440003, 37.841263926938403 ], [ -122.251326021357997, 37.841060016929099 ], [ -122.251308163748007, 37.840883669982198 ], [ -122.251216076549994, 37.840919188977502 ], [ -122.251148661580999, 37.840809266470899 ], [ -122.251098283161994, 37.840727121019697 ], [ -122.251002364648997, 37.840764116385998 ], [ -122.250980169075007, 37.840772677622802 ], [ -122.250938925623998, 37.840705427760902 ], [ -122.250989500773997, 37.840685920919398 ], [ -122.250910168754999, 37.840556564968999 ], [ -122.251019165840006, 37.840514524112102 ], [ -122.250943434267995, 37.840391039730797 ], [ -122.251246445895006, 37.840274166238601 ], [ -122.251236126048994, 37.8400949130356 ], [ -122.250961485014997, 37.840200843980803 ], [ -122.250764295826997, 37.839879711425802 ], [ -122.250751347510999, 37.839858625185599 ], [ -122.250791780681993, 37.839717097573804 ], [ -122.250820693856994, 37.839615892139797 ], [ -122.250826350549005, 37.839596093435503 ], [ -122.250846072163, 37.839527061126198 ], [ -122.250865793776001, 37.8394580308806 ], [ -122.250885514491998, 37.839389002698702 ], [ -122.250905236104998, 37.839319970905102 ], [ -122.250925452691007, 37.839249206616401 ], [ -122.250959135920994, 37.8391313026383 ], [ -122.251000065859998, 37.838988033390599 ], [ -122.250782517253995, 37.838951354250497 ], [ -122.250864336709, 37.838820408251699 ], [ -122.250951702362002, 37.838680586970803 ], [ -122.250998598012998, 37.838605533521097 ], [ -122.251207573995998, 37.838625871663403 ], [ -122.251205497090993, 37.838519026119101 ], [ -122.251058424014005, 37.838509785688302 ], [ -122.251200886038006, 37.838281783280301 ], [ -122.251193890856996, 37.837921859927803 ], [ -122.251191488762004, 37.837798253438102 ], [ -122.250945140168994, 37.837701443935899 ], [ -122.250960515732999, 37.837676836092101 ], [ -122.250969964212999, 37.837588600097597 ], [ -122.250697535729998, 37.837481541635199 ], [ -122.250547359872996, 37.837422524761401 ], [ -122.250719039602004, 37.837153121820002 ], [ -122.250862361314006, 37.836915458138897 ], [ -122.251265723741, 37.8362495564607 ], [ -122.251626355107007, 37.8356811123423 ], [ -122.251646382147001, 37.835649226835997 ], [ -122.251667979443994, 37.835610450273101 ], [ -122.251707872726996, 37.835539815805397 ], [ -122.251747749841002, 37.835468493796299 ], [ -122.251785879731003, 37.835396510494 ], [ -122.251822278568, 37.835324554081197 ], [ -122.251858660337007, 37.8352519108319 ], [ -122.251901740842996, 37.835169554154803 ], [ -122.251946550605993, 37.835087171844698 ], [ -122.251993108491007, 37.835005449960903 ], [ -122.252041413599002, 37.834924389215097 ], [ -122.252141792247002, 37.834771930493403 ], [ -122.251907654453007, 37.834789591428901 ] ] ] ] } },
{ "type": "Feature", "properties": { "FID": 7, "BID": "Temescal/Telegraph", "Shp__Ar": 789555.27734375, "Shp__Ln": 17637.196318059829 }, "geometry": { "type": "MultiPolygon", "coordinates": [ [ [ [ -122.261908759308994, 37.8454579711698 ], [ -122.261704220105997, 37.845489155833697 ], [ -122.261712867289006, 37.8455237702915 ], [ -122.261770091768994, 37.845752849124601 ], [ -122.261837416008007, 37.846022354016498 ], [ -122.261605099099, 37.846053422105797 ], [ -122.261638760769003, 37.846188174480297 ], [ -122.261546517263994, 37.846200510323598 ], [ -122.261556615225999, 37.8462409355555 ], [ -122.261580178935006, 37.846335262429299 ], [ -122.261226646954995, 37.846382539318903 ], [ -122.261202948499005, 37.846552813049001 ], [ -122.261571776094002, 37.8465034911803 ], [ -122.261624486539006, 37.846774949739803 ], [ -122.261602485899999, 37.846777892159302 ], [ -122.261516638399996, 37.846789372417597 ], [ -122.261502275237007, 37.846887875287003 ], [ -122.261488812184993, 37.846980196691398 ], [ -122.261475218878999, 37.847073418862102 ], [ -122.261123953348005, 37.847120391674402 ], [ -122.261100253994002, 37.847290665828901 ], [ -122.261373462215005, 37.8472541312697 ], [ -122.261426172661004, 37.847525590612797 ], [ -122.261478884005001, 37.8477970496659 ], [ -122.261021257045996, 37.847858244449696 ], [ -122.260997557693003, 37.848028518318998 ], [ -122.261338900433003, 37.847982873273402 ], [ -122.261391542607001, 37.848254341283202 ], [ -122.261362184765005, 37.848258267504299 ], [ -122.261248345759995, 37.848273490032099 ], [ -122.261274701432001, 37.848409219371 ], [ -122.261301057105001, 37.848544949169302 ], [ -122.260918558948006, 37.848596096935303 ], [ -122.260894858696005, 37.8487663705194 ], [ -122.261305861295, 37.8487114115879 ], [ -122.261332318475993, 37.848847127352599 ], [ -122.261358775657996, 37.8489828428674 ], [ -122.261294705116995, 37.848991410952898 ], [ -122.261362259324997, 37.8492702984367 ], [ -122.260814523258006, 37.849343541453699 ], [ -122.260792403143, 37.849502463285503 ], [ -122.260989934589006, 37.849476049871399 ], [ -122.261030302183002, 37.849662236681098 ], [ -122.261049544095997, 37.849750986682302 ], [ -122.261100351012004, 37.849744202650101 ], [ -122.261121723729005, 37.8498324205557 ], [ -122.261166282862007, 37.850016342292399 ], [ -122.260712514168006, 37.850076414497998 ], [ -122.26068645494, 37.850263629022201 ], [ -122.261028452551997, 37.850218354209503 ], [ -122.26097527588, 37.850599397906699 ], [ -122.260995346938998, 37.850708113452797 ], [ -122.261015417997001, 37.850816828838603 ], [ -122.260920837973998, 37.850829349039998 ], [ -122.260940527247996, 37.850929762382201 ], [ -122.260960785156001, 37.851033078115599 ], [ -122.261065073273002, 37.851019272664999 ], [ -122.261084733800999, 37.851122696089099 ], [ -122.261100222552997, 37.851204175262403 ], [ -122.261121586287004, 37.8513165584936 ], [ -122.261050382224994, 37.851326225036601 ], [ -122.261047573192997, 37.8513126721571 ], [ -122.260968979588, 37.851322915373601 ], [ -122.260958751371007, 37.851422212292903 ], [ -122.260955017971995, 37.851456582089703 ], [ -122.260999106387999, 37.851450836649597 ], [ -122.260991538081996, 37.851520526679998 ], [ -122.260907053325994, 37.851531537344101 ], [ -122.260912215046005, 37.8515563859875 ], [ -122.260775508527004, 37.8515742024994 ], [ -122.260794497115995, 37.851665603024401 ], [ -122.260836979344006, 37.851870093715704 ], [ -122.260456040663001, 37.8519189481067 ], [ -122.260432382632004, 37.852088901212703 ], [ -122.260691525031007, 37.852055667312399 ], [ -122.260742848478998, 37.852304387092502 ], [ -122.260869303422993, 37.852287906379502 ], [ -122.260894470623995, 37.852409868533798 ], [ -122.260744091747, 37.852429466611703 ], [ -122.260788833237996, 37.852646287112002 ], [ -122.260805002015005, 37.852724644384899 ], [ -122.260335371766999, 37.852785812381399 ], [ -122.259980476145003, 37.852832035370803 ], [ -122.259766650157999, 37.852859803764296 ], [ -122.259735295360997, 37.852706128779701 ], [ -122.259622510080007, 37.852720826215503 ], [ -122.259601921591994, 37.852619920219503 ], [ -122.259594852749004, 37.852585273627597 ], [ -122.259567195418001, 37.852449720790503 ], [ -122.259699597210002, 37.852432466968402 ], [ -122.259649970680002, 37.852189239780998 ], [ -122.260077591213005, 37.852134401855103 ], [ -122.260101249244997, 37.851964448144699 ], [ -122.259770617117994, 37.852006849186701 ], [ -122.259754812159002, 37.851929399066499 ], [ -122.259721617612001, 37.851766736596602 ], [ -122.259710553063002, 37.851712515457201 ], [ -122.259582389523004, 37.851729216894498 ], [ -122.259579347827994, 37.851729613399399 ], [ -122.259557218729, 37.851621171735196 ], [ -122.259537631862003, 37.8515251925404 ], [ -122.259557790057002, 37.851522565954703 ], [ -122.259694497474001, 37.851504750139597 ], [ -122.259831204891, 37.851486935029598 ], [ -122.259769246288997, 37.851193654686803 ], [ -122.260216772589999, 37.851134560120499 ], [ -122.260240461164003, 37.850964384216603 ], [ -122.259997961851994, 37.850996406384397 ], [ -122.259983057005002, 37.850925621379901 ], [ -122.259966422900007, 37.850846624516798 ], [ -122.259863643055994, 37.850858797855899 ], [ -122.259830197878998, 37.850699957682203 ], [ -122.259941120952007, 37.850685274739199 ], [ -122.259925418400996, 37.850610701658198 ], [ -122.260034782896994, 37.850596448546497 ], [ -122.260018992311004, 37.850521456166 ], [ -122.259984726073995, 37.850358721785497 ], [ -122.260331174838001, 37.8503126979844 ], [ -122.260357524222002, 37.850123408804997 ], [ -122.259997424659005, 37.850171077651197 ], [ -122.259938877859, 37.849895858675303 ], [ -122.259924750053997, 37.849829447757003 ], [ -122.260068087037993, 37.849810282388397 ], [ -122.260024449575994, 37.849605147585898 ], [ -122.260437348517996, 37.849549938885403 ], [ -122.260459469531995, 37.849391017155902 ], [ -122.260105210814999, 37.8494383857184 ], [ -122.260084494766005, 37.849341199233102 ], [ -122.260064587201001, 37.849247804014396 ], [ -122.260045539323997, 37.849158443378897 ], [ -122.260182147926002, 37.849140177983003 ], [ -122.260166292660998, 37.849050425663201 ], [ -122.260178188151997, 37.849018812647003 ], [ -122.260151160540005, 37.848865813458801 ], [ -122.260539808562996, 37.848813846593302 ], [ -122.260563508814997, 37.8486435731188 ], [ -122.260222002581997, 37.848689236907603 ], [ -122.260169153795005, 37.848417796744599 ], [ -122.260374082867997, 37.848390394827099 ], [ -122.260450472905006, 37.848380886792 ], [ -122.260428058141997, 37.848273964583399 ], [ -122.260393692191997, 37.848110028576102 ], [ -122.260642510254996, 37.848075994158698 ], [ -122.260666210506997, 37.847905721108297 ], [ -122.260460297779005, 37.847933255144603 ], [ -122.260433872937, 37.847797534860497 ], [ -122.260228945660998, 37.847824936288902 ], [ -122.260215733240003, 37.847757076433098 ], [ -122.260202520817998, 37.847689216514901 ], [ -122.260373277078997, 37.847666383250299 ], [ -122.260357422713, 37.847584951240698 ], [ -122.260473547928996, 37.8475694235498 ], [ -122.260436553508995, 37.847379415137802 ], [ -122.260745211048004, 37.847338142143499 ], [ -122.260768910402007, 37.8471678688081 ], [ -122.260374121496, 37.847220658975203 ], [ -122.260334485130002, 37.847017078261501 ], [ -122.260321273607005, 37.846949218371599 ], [ -122.260492044241005, 37.846926383459198 ], [ -122.260484117507005, 37.846885671313103 ], [ -122.260465621194996, 37.846790666996803 ], [ -122.260439195455007, 37.846654942481599 ], [ -122.260847909145994, 37.846600289838797 ], [ -122.260871608499997, 37.846430016218299 ], [ -122.260492871590003, 37.846480661095299 ], [ -122.260440023700994, 37.846209220605203 ], [ -122.260525407670997, 37.846197802680599 ], [ -122.260472559782997, 37.845926362568001 ], [ -122.260950605448002, 37.845862437244797 ], [ -122.260974303902998, 37.845692163339301 ], [ -122.260611618989003, 37.845740662883202 ], [ -122.260558771099994, 37.845469221797302 ], [ -122.260644154171999, 37.8454578044675 ], [ -122.260626487004998, 37.845367061638299 ], [ -122.260617730228006, 37.845322084592901 ], [ -122.260591306283004, 37.845186363759197 ], [ -122.261053299953005, 37.845124584361699 ], [ -122.261076997510003, 37.844954310880603 ], [ -122.260732083068007, 37.845000434501401 ], [ -122.260705730091004, 37.844864704563101 ], [ -122.260685965357993, 37.844762907477502 ], [ -122.260679377114002, 37.844728974375101 ], [ -122.260764760184998, 37.844717556930703 ], [ -122.260751583696006, 37.844649692087202 ], [ -122.260741337512002, 37.844651061898098 ], [ -122.260721572779005, 37.844549265227002 ], [ -122.260701808047003, 37.844447467705997 ], [ -122.261155991763005, 37.8443867311898 ], [ -122.261179689320002, 37.844216457423798 ], [ -122.260577943843998, 37.844296926265002 ], [ -122.260520248646003, 37.844016776419203 ], [ -122.260493621682997, 37.843887484480398 ], [ -122.260490814448005, 37.843873851491701 ], [ -122.260708820296003, 37.843789304630697 ], [ -122.260713237312004, 37.843758359021102 ], [ -122.260729643244005, 37.8436434175646 ], [ -122.260746049176007, 37.843528468125598 ], [ -122.260765911825004, 37.843389305572003 ], [ -122.260589324600005, 37.843406423888403 ], [ -122.260598190072997, 37.843351340365601 ], [ -122.260607056444996, 37.843296255382803 ], [ -122.260635123407994, 37.8431218802221 ], [ -122.260669545951004, 37.843124888760897 ], [ -122.260684720293, 37.8430156973807 ], [ -122.260686966080996, 37.842999537366197 ], [ -122.261334654994997, 37.843102983389201 ], [ -122.261357538677998, 37.8429385520785 ], [ -122.261064417502993, 37.842891736216501 ], [ -122.260846281398997, 37.842856896354 ], [ -122.260851027198001, 37.842822797794597 ], [ -122.260864475876005, 37.842726165142402 ], [ -122.260883471650999, 37.8425896790556 ], [ -122.260889019646996, 37.842549819341599 ], [ -122.260898668451006, 37.8424804897206 ], [ -122.260906115485, 37.842426979665802 ], [ -122.260917663328001, 37.842344003179299 ], [ -122.260923212221002, 37.842304139075999 ], [ -122.260966926039998, 37.841990045169403 ], [ -122.261052401637002, 37.841935823225299 ], [ -122.261491735302997, 37.841974274393401 ], [ -122.261679627826993, 37.840624120725799 ], [ -122.261608510002006, 37.840617928927202 ], [ -122.261144872415997, 37.840715224099299 ], [ -122.261163277997994, 37.840579164198701 ], [ -122.261077219393997, 37.840571671323303 ], [ -122.261090147947002, 37.840476099141 ], [ -122.261127086672005, 37.840203033965899 ], [ -122.261730910848996, 37.840255607069899 ], [ -122.261753702904997, 37.840091822789603 ], [ -122.261375049538003, 37.840058855191202 ], [ -122.261397842492002, 37.8398950711833 ], [ -122.261413037495004, 37.839785882115599 ], [ -122.261275346423005, 37.8397738935275 ], [ -122.261294340400994, 37.839637406943503 ], [ -122.261313334380006, 37.839500920816199 ], [ -122.261332847584001, 37.839360700706898 ], [ -122.260812325979003, 37.839311562027099 ], [ -122.260590783463996, 37.839166872847102 ], [ -122.260308340562005, 37.838964171590803 ], [ -122.260200576863994, 37.838886831922302 ], [ -122.260118412457004, 37.838827864414398 ], [ -122.259844426295004, 37.8390954443827 ], [ -122.259803292437994, 37.839074624665102 ], [ -122.260139643239995, 37.8387515185225 ], [ -122.260247760873995, 37.838579868207603 ], [ -122.260226950502002, 37.838530367194302 ], [ -122.260159776281995, 37.838487055997398 ], [ -122.260374583230004, 37.838344307645997 ], [ -122.260695401261998, 37.8381796734676 ], [ -122.260930299929001, 37.838344145184301 ], [ -122.261015738696003, 37.838270101635402 ], [ -122.261026014524006, 37.8382774677548 ], [ -122.261064413908997, 37.838238214410403 ], [ -122.261237848047998, 37.838142251849497 ], [ -122.261238652938005, 37.838142980446001 ], [ -122.261247023440006, 37.838150289822799 ], [ -122.261255552943993, 37.838157482141 ], [ -122.261264240551, 37.8381645552724 ], [ -122.26127308177, 37.838171507088603 ], [ -122.261282073906003, 37.838178336170799 ], [ -122.261291216060997, 37.838185038971801 ], [ -122.261305232474001, 37.838194874664303 ], [ -122.261480649193999, 37.838314753091801 ], [ -122.261591108736994, 37.838208976933799 ], [ -122.261418258502999, 37.838090852075403 ], [ -122.261407644010006, 37.838083403642003 ], [ -122.261400720693999, 37.838078327582899 ], [ -122.261393910565999, 37.838073156458101 ], [ -122.261387215422005, 37.838067892395998 ], [ -122.261380637059005, 37.838062535396602 ], [ -122.261374178172005, 37.838057089007002 ], [ -122.261367838761004, 37.838051553227302 ], [ -122.261361623317995, 37.838045931604597 ], [ -122.261355531842, 37.838040224139 ], [ -122.261349567028006, 37.8380344329587 ], [ -122.261343730674, 37.8380285609014 ], [ -122.261338024574997, 37.838022608676702 ], [ -122.261332450528997, 37.8380165777032 ], [ -122.261327009433003, 37.838010471528399 ], [ -122.261321703983, 37.838004290152099 ], [ -122.261316535077, 37.837998036412102 ], [ -122.261312901392003, 37.837993555569803 ], [ -122.261199149524003, 37.837853276548799 ], [ -122.261626930855002, 37.837458283088502 ], [ -122.261718547336002, 37.837474398203 ], [ -122.261750911839002, 37.837355145562903 ], [ -122.261761536213996, 37.837316000273503 ], [ -122.261789126170996, 37.8373207103091 ], [ -122.261818272010998, 37.837213317306798 ], [ -122.262146462516995, 37.837269338340597 ], [ -122.262145957664004, 37.837100699746202 ], [ -122.261695709467006, 37.837023844098802 ], [ -122.261768141526005, 37.836755288209602 ], [ -122.261879856912998, 37.8367743576474 ], [ -122.261916072494003, 37.836640079725598 ], [ -122.261684832664997, 37.836600607706799 ], [ -122.26163509205, 37.8365921169313 ], [ -122.261671308529003, 37.836457839387201 ], [ -122.261707524108999, 37.836323560889298 ], [ -122.261826009200007, 37.836343786147403 ], [ -122.261951264893995, 37.836365167817704 ], [ -122.261987479576007, 37.836230889150997 ], [ -122.262024718337997, 37.836237245912599 ], [ -122.262060933019995, 37.836102967722503 ], [ -122.262097147703003, 37.8359686899975 ], [ -122.262435676020999, 37.836026474989502 ], [ -122.262479132921001, 37.835865341097502 ], [ -122.262035858345996, 37.835789676062902 ], [ -122.262144999160995, 37.8353873157875 ], [ -122.261975698171, 37.8353585660047 ], [ -122.262010655211995, 37.835229691664701 ], [ -122.262048526388, 37.835090077837897 ], [ -122.262105185828005, 37.8350996996829 ], [ -122.262216634414997, 37.835118624816801 ], [ -122.262238362865006, 37.835038058696902 ], [ -122.262323012910997, 37.835052432587901 ], [ -122.262355605585995, 37.834931582557303 ], [ -122.262409925813003, 37.834730165163002 ], [ -122.262768841397005, 37.834791113250297 ], [ -122.262812297398995, 37.8346299787883 ], [ -122.262504293833999, 37.834577676951398 ], [ -122.262558296056994, 37.834376206089502 ], [ -122.262541366407007, 37.8343733312852 ], [ -122.262559366849004, 37.834306174206397 ], [ -122.262447629901999, 37.834287199910101 ], [ -122.262483630785994, 37.834152885534401 ], [ -122.262314332491002, 37.834124136689503 ], [ -122.262374952602997, 37.833897978860499 ], [ -122.262587754509994, 37.8338805000486 ], [ -122.262770393685997, 37.833199098436502 ], [ -122.263207867839, 37.833163162800801 ], [ -122.263253553458995, 37.832993749988198 ], [ -122.262949169207005, 37.833018753161703 ], [ -122.262914626289003, 37.832727793911999 ], [ -122.262883521223998, 37.8327302104476 ], [ -122.262850361711997, 37.8324347653326 ], [ -122.262970981199999, 37.832425396430303 ], [ -122.263416146729, 37.832390816266503 ], [ -122.263461750603, 37.832221706764798 ], [ -122.262718791761003, 37.832279418066101 ], [ -122.262683531986994, 37.8320062125756 ], [ -122.262772785001005, 37.831999279334902 ], [ -122.262903737810007, 37.831989107931904 ], [ -122.263041583391995, 37.831978400144898 ], [ -122.263220782917998, 37.831964480445102 ], [ -122.263203410399001, 37.8318278573771 ], [ -122.263186038778002, 37.831691234056201 ], [ -122.263613759921995, 37.831658008700899 ], [ -122.263659362897002, 37.831488898938602 ], [ -122.263092824194004, 37.831532908140403 ], [ -122.263058038731003, 37.831260014197497 ], [ -122.263416144933004, 37.831230691652301 ], [ -122.263398730193003, 37.8310940729016 ], [ -122.263380687530002, 37.830952535569502 ], [ -122.263809051867995, 37.830933793839797 ], [ -122.263854084412998, 37.830766793926898 ], [ -122.263451614912, 37.830784403317303 ], [ -122.263545070244007, 37.830413786456099 ], [ -122.263428418613998, 37.830394362035101 ], [ -122.263295359256006, 37.830372205261398 ], [ -122.263300907250994, 37.830350203865301 ], [ -122.263169288791005, 37.830329375293701 ], [ -122.26303464211, 37.830308067082903 ], [ -122.263051619370003, 37.830240743114501 ], [ -122.263233809387998, 37.8302695743577 ], [ -122.263250785750003, 37.830202250354098 ], [ -122.263378120145006, 37.8302224006625 ], [ -122.263509971269002, 37.830243266159101 ], [ -122.263527320432004, 37.830174460657503 ], [ -122.263663144804994, 37.830195954091202 ], [ -122.263723543930993, 37.829956413310803 ], [ -122.263747510084997, 37.829792179031003 ], [ -122.263123805291002, 37.829693478077303 ], [ -122.263203005258006, 37.829397961201998 ], [ -122.262884000924998, 37.8293474784289 ], [ -122.261980342461001, 37.829204466895703 ], [ -122.260830587830995, 37.828994491839403 ], [ -122.259777034682003, 37.828831016035998 ], [ -122.259671933590994, 37.828810006105101 ], [ -122.259560522732997, 37.829198916261099 ], [ -122.258569734873006, 37.829051635913103 ], [ -122.258658588136001, 37.828646263818101 ], [ -122.258253867456006, 37.828589794906399 ], [ -122.257742020882006, 37.828450190509997 ], [ -122.256954503805005, 37.828213702167297 ], [ -122.257083211723995, 37.828007323074203 ], [ -122.256527926215995, 37.827800611338603 ], [ -122.256899954508, 37.8272257041397 ], [ -122.258032472265, 37.827656900746099 ], [ -122.258211643943, 37.8273822469869 ], [ -122.258872919875003, 37.827508399033398 ], [ -122.258811420312, 37.827736651857798 ], [ -122.258472442835995, 37.827680701634897 ], [ -122.258447114836997, 37.827774703150602 ], [ -122.258786095906004, 37.827830654721303 ], [ -122.258987939264998, 37.827868195096499 ], [ -122.259118687257995, 37.827897191879998 ], [ -122.259102405294001, 37.827957619843197 ], [ -122.259386856828996, 37.828005723773003 ], [ -122.259405957705994, 37.827869114660899 ], [ -122.25980554182, 37.827936690551198 ], [ -122.259994968664998, 37.82802209071 ], [ -122.261047663922, 37.828188711556201 ], [ -122.262236197026994, 37.828376820313402 ], [ -122.263427342433005, 37.828555247002498 ], [ -122.263905231791, 37.8286308726275 ], [ -122.264227421550999, 37.827488355125098 ], [ -122.264337548716, 37.827077410166403 ], [ -122.264435009636003, 37.826866219984097 ], [ -122.264517289926005, 37.826450195411198 ], [ -122.264579532395999, 37.826272769072602 ], [ -122.264761633480006, 37.825956942280101 ], [ -122.264830191106, 37.825701107566502 ], [ -122.265197125949996, 37.825784809496099 ], [ -122.265366192480002, 37.825827722991498 ], [ -122.265280319826999, 37.826145473236501 ], [ -122.265689043400002, 37.826209755525397 ], [ -122.266063467498, 37.826270235958397 ], [ -122.266032978677998, 37.826384014563303 ], [ -122.265888265474999, 37.826360640408303 ], [ -122.265857579924003, 37.826475158938401 ], [ -122.265779834328995, 37.826452364517898 ], [ -122.265736526549006, 37.826579179457397 ], [ -122.265943511865004, 37.826679941567697 ], [ -122.266800251321001, 37.826794082830901 ], [ -122.266109927466999, 37.829423037256099 ], [ -122.265183140079998, 37.829232678416801 ], [ -122.265105087261006, 37.829390909935 ], [ -122.265025180319995, 37.829689086839998 ], [ -122.264899756641995, 37.829668371605599 ], [ -122.264885358444005, 37.829722098096603 ], [ -122.264863762047, 37.829802687759702 ], [ -122.264820567455004, 37.829963866821899 ], [ -122.264441557455996, 37.829901268658197 ], [ -122.264398107743006, 37.830062405643403 ], [ -122.264749640073006, 37.830120465588301 ], [ -122.264691712211999, 37.830352147231103 ], [ -122.264672515214002, 37.830428925396703 ], [ -122.264655676293998, 37.8304962747359 ], [ -122.264638836475996, 37.830563624013699 ], [ -122.264562536271001, 37.8308687806121 ], [ -122.264196009261994, 37.830811891951001 ], [ -122.264152553260004, 37.830973051070899 ], [ -122.264631167557994, 37.8310473360822 ], [ -122.264558824432001, 37.831336947510003 ], [ -122.264452394732004, 37.831320428764201 ], [ -122.264459665695995, 37.831291322642798 ], [ -122.264391702755006, 37.831280775103103 ], [ -122.264370168341003, 37.831366980938803 ], [ -122.264438131282006, 37.831377529175597 ], [ -122.264416597766001, 37.831463735607798 ], [ -122.264393814694003, 37.8315549404021 ], [ -122.264012049562993, 37.8314941003242 ], [ -122.263968595357994, 37.831655246601798 ], [ -122.264323768560004, 37.8317118493922 ], [ -122.264432400928996, 37.831729161275099 ], [ -122.264364374207005, 37.8319984407051 ], [ -122.264340632632994, 37.831994656937603 ], [ -122.264272550214997, 37.8322639268846 ], [ -122.263823745611006, 37.832192403048801 ], [ -122.263780290507995, 37.832353549220201 ], [ -122.264146415970004, 37.8324118975464 ], [ -122.264112282683996, 37.8325465180462 ], [ -122.264078150296001, 37.832681138300401 ], [ -122.264213941430995, 37.8327027785786 ], [ -122.264247889664006, 37.832708188469802 ], [ -122.264178704116006, 37.832977282696703 ], [ -122.263637478139998, 37.832883142363002 ], [ -122.263664016171006, 37.833063331881299 ], [ -122.264132500168003, 37.8331379865608 ], [ -122.264100483313001, 37.833272949128101 ], [ -122.264068467355997, 37.833407907191599 ], [ -122.264004435442999, 37.833677822577997 ], [ -122.263740073831002, 37.833635693371903 ], [ -122.263762926072999, 37.833807406983901 ], [ -122.264119161083997, 37.833864177689499 ], [ -122.264088491701997, 37.833999317008299 ], [ -122.264050203707995, 37.834133308140601 ], [ -122.264186792546994, 37.834155093436202 ], [ -122.264220746169997, 37.834160486193298 ], [ -122.264196890508998, 37.834254726352697 ], [ -122.264173545990005, 37.834346947216901 ], [ -122.264152587395998, 37.834429743978802 ], [ -122.263839099616007, 37.834379786114702 ], [ -122.263861951858999, 37.834551500123197 ], [ -122.264291850519001, 37.834620008529598 ], [ -122.264224082512996, 37.834889329199903 ], [ -122.264305559709001, 37.834902313262702 ], [ -122.264390432536999, 37.834915837941502 ], [ -122.264322988822002, 37.835183871262601 ], [ -122.263937886449995, 37.835122072134901 ], [ -122.263960748573993, 37.8352938589099 ], [ -122.264262893326006, 37.835342344717198 ], [ -122.264220128128997, 37.835509171805299 ], [ -122.264355925551996, 37.835530809125501 ], [ -122.264335209503002, 37.835611707446802 ], [ -122.264329696542006, 37.835633238317101 ], [ -122.264414543319006, 37.835646757186097 ], [ -122.264584290772007, 37.835673804139702 ], [ -122.264787988254, 37.8357062593359 ], [ -122.264869831962997, 37.835719299302703 ], [ -122.264823161788996, 37.835812455538097 ], [ -122.264795300540996, 37.835821102485298 ], [ -122.264764573666, 37.835822590231203 ], [ -122.264685024255002, 37.8358502259753 ], [ -122.264604342965995, 37.835875265072801 ], [ -122.264528173914002, 37.8359106935402 ], [ -122.264515835553993, 37.835919037535199 ], [ -122.264533521584994, 37.836006682416397 ], [ -122.264546300120003, 37.836070003307498 ], [ -122.264555400952005, 37.836115102346803 ], [ -122.264576614668002, 37.836220449446103 ], [ -122.264598376356005, 37.836330195041299 ], [ -122.264462140554002, 37.836347602326903 ], [ -122.264487764997995, 37.836470541519297 ], [ -122.264224634976998, 37.836504161293902 ], [ -122.264235240486997, 37.836557396119701 ], [ -122.264316408663007, 37.836547025987699 ], [ -122.264358569294004, 37.836741644679599 ], [ -122.264156863376996, 37.836767415631897 ], [ -122.264176885027993, 37.836917851834798 ], [ -122.264571997326996, 37.836867369950298 ], [ -122.264599925949, 37.837006035422597 ], [ -122.264621803520001, 37.837114647564498 ], [ -122.264643680191995, 37.837223260255897 ], [ -122.264665529016, 37.837331737282497 ], [ -122.264802280449999, 37.837314264959801 ], [ -122.264820058110004, 37.837311993302102 ], [ -122.264773158864998, 37.837626683910202 ], [ -122.26638890916, 37.837384805500101 ], [ -122.266193919046998, 37.836450035350602 ], [ -122.266193581281001, 37.836448326975898 ], [ -122.266193283039996, 37.836446617891703 ], [ -122.266193021630002, 37.836444904550802 ], [ -122.266192798847996, 37.836443188372002 ], [ -122.266192612897001, 37.836441468645802 ], [ -122.266192465572999, 37.836439747500698 ], [ -122.266192355979001, 37.8364380242271 ], [ -122.266192284113998, 37.836436299534597 ], [ -122.266192249978005, 37.836434574132603 ], [ -122.266192253571006, 37.836432848730603 ], [ -122.266192296689994, 37.836431123328502 ], [ -122.266192375741994, 37.8364293986359 ], [ -122.266192494319, 37.836427676071601 ], [ -122.266192649727998, 37.836425954926099 ], [ -122.266192843764003, 37.836424235909 ], [ -122.266193075529003, 37.8364225204392 ], [ -122.266193345024007, 37.836420807807102 ], [ -122.266193651348999, 37.8364191001412 ], [ -122.266193995403995, 37.836417396022597 ], [ -122.266194378086993, 37.836415697579497 ], [ -122.266194796701001, 37.8364140041027 ], [ -122.266195253046007, 37.836412317010897 ], [ -122.266195747118999, 37.836410636304201 ], [ -122.266196277125005, 37.836408963401603 ], [ -122.266196843962007, 37.836407296883998 ], [ -122.266197447630006, 37.836405639589302 ], [ -122.266198088129002, 37.836403990098702 ], [ -122.266198764560002, 37.836402349830898 ], [ -122.266199476924001, 37.8364007194956 ], [ -122.266200224322006, 37.836399099092603 ], [ -122.266201007652995, 37.836397489331503 ], [ -122.266201826916998, 37.836395890921601 ], [ -122.266202681215006, 37.836394303863102 ], [ -122.266203569648994, 37.836392728865299 ], [ -122.266204493117002, 37.836391165928298 ], [ -122.266205449821996, 37.836389616471003 ], [ -122.266206441562005, 37.8363880804933 ], [ -122.266207466539996, 37.836386558704802 ], [ -122.266208524755996, 37.836385051105403 ], [ -122.266209616208997, 37.836383558404599 ], [ -122.266210740898998, 37.836382081311903 ], [ -122.266211897030999, 37.836380619827203 ], [ -122.266213085502002, 37.836379173950597 ], [ -122.266214305413996, 37.836377745100997 ], [ -122.266215556768003, 37.836376333987801 ], [ -122.266216839562006, 37.836374939901603 ], [ -122.266218152001002, 37.836373563551902 ], [ -122.266219494981996, 37.836372205647997 ], [ -122.266220866709006, 37.8363708668995 ], [ -122.266222268979007, 37.836369547306298 ], [ -122.266223699096997, 37.836368246868503 ], [ -122.266225157961003, 37.836366967004999 ], [ -122.266226644672997, 37.836365707006401 ], [ -122.266228159232995, 37.8363644682914 ], [ -122.266229700742002, 37.836363250150697 ], [ -122.266231268301993, 37.836362054003303 ], [ -122.266232862812004, 37.836360879849003 ], [ -122.266234482474005, 37.836359727687999 ], [ -122.266236127289005, 37.836358598229502 ], [ -122.266237796358993, 37.836357491473898 ], [ -122.266239489683002, 37.8363564081302 ], [ -122.266241207261999, 37.836355348198801 ], [ -122.266242947299006, 37.836354312388899 ], [ -122.266244709793995, 37.836353300700601 ], [ -122.266246493848001, 37.8363523138433 ], [ -122.266248300360004, 37.8363513518171 ], [ -122.266250127532999, 37.836350414621897 ], [ -122.266251974469, 37.836349502967302 ], [ -122.266253841167995, 37.836348616853101 ], [ -122.266255727631005, 37.8363477569889 ], [ -122.266257632956993, 37.836346923374698 ], [ -122.266259555351994, 37.836346116010503 ], [ -122.266261495712996, 37.836345335605699 ], [ -122.266263453142003, 37.836344582160301 ], [ -122.266265426741001, 37.836343855674301 ], [ -122.266267416508995, 37.836343156857303 ], [ -122.266269420650005, 37.836342485709103 ], [ -122.266271439164996, 37.836341842229899 ], [ -122.266273472052006, 37.836341227128898 ], [ -122.266275518415, 37.8363406396969 ], [ -122.266277576454996, 37.836340081352702 ], [ -122.266279647071997, 37.836339551386899 ], [ -122.266281729366, 37.8363390497993 ], [ -122.266283821542999, 37.836338577299699 ], [ -122.266285924499002, 37.8363381338878 ], [ -122.266288036437999, 37.836337719563701 ], [ -122.266290157360004, 37.836337334327503 ], [ -122.266292286368, 37.836336978888603 ], [ -122.266294422561003, 37.836336653246903 ], [ -122.266296565942, 37.836336356693003 ], [ -122.266389038517005, 37.836340641115903 ], [ -122.266391229508002, 37.836341943682498 ], [ -122.266393137530002, 37.836343121384402 ], [ -122.266395018601997, 37.836344325336199 ], [ -122.266396872724997, 37.836345555537903 ], [ -122.266398699898005, 37.836346811280201 ], [ -122.266400499222996, 37.836348091853502 ], [ -122.266402269802995, 37.8363493965484 ], [ -122.266404011635998, 37.836350726783799 ], [ -122.266405723825002, 37.836352079721898 ], [ -122.266407405471, 37.836353456781502 ], [ -122.266409057472998, 37.836354857253198 ], [ -122.266410678034006, 37.836356279718203 ], [ -122.266412267153996, 37.836357724885801 ], [ -122.266413823934002, 37.836359191337102 ], [ -122.266415348375006, 37.8363606790722 ], [ -122.266416839578, 37.836362188091002 ], [ -122.266418297544007, 37.836363717684101 ], [ -122.266419721374007, 37.8363652671419 ], [ -122.266421111965997, 37.8363668357552 ], [ -122.266422466625002, 37.836368423523801 ], [ -122.266423786250996, 37.836370029738198 ], [ -122.266425070840995, 37.836371653689099 ], [ -122.266426319499999, 37.836373296085902 ], [ -122.266427531326997, 37.836374954800199 ], [ -122.266428707222005, 37.836376629832102 ], [ -122.266429845386995, 37.8363783211814 ], [ -122.266430945823004, 37.836380028138699 ], [ -122.266432009428996, 37.8363817499947 ], [ -122.266433035304999, 37.836383486749298 ], [ -122.266434021655002, 37.836385236274097 ], [ -122.266434969377002, 37.836386999988001 ], [ -122.266435879371002, 37.836388776472099 ], [ -122.266436748939995, 37.836390565726397 ], [ -122.266437579881995, 37.836392366331999 ], [ -122.266438370399001, 37.8363941775795 ], [ -122.266439121391002, 37.836396000178198 ], [ -122.266439831957996, 37.836397832709402 ], [ -122.266440502101005, 37.8363996751728 ], [ -122.266441130922004, 37.8364015261498 ], [ -122.266441720217003, 37.836403385640097 ], [ -122.266442267290998, 37.836405252934497 ], [ -122.266442773940994, 37.836407128032903 ], [ -122.266443239268, 37.836409009516402 ], [ -122.266443662374996, 37.836410896675503 ], [ -122.266444045057, 37.836412790219597 ], [ -122.266444384620002, 37.836414688020497 ], [ -122.266444683759005, 37.836416590787501 ], [ -122.266444939779007, 37.836418497101697 ], [ -122.266445154476003, 37.8364204069632 ], [ -122.266445326953004, 37.836422318952998 ], [ -122.266445458107, 37.836424233780697 ], [ -122.266445546141995, 37.836426150027101 ], [ -122.266445591956, 37.836428066982997 ], [ -122.266445596446999, 37.8364299839388 ], [ -122.266445557820006, 37.836431900894603 ], [ -122.266445476971001, 37.8364338171409 ], [ -122.266445354800993, 37.836435731968201 ], [ -122.266445190409001, 37.8364376446671 ], [ -122.266444982897994, 37.836439555237497 ], [ -122.266444734065004, 37.836441462260602 ], [ -122.266444443908995, 37.8364433657364 ], [ -122.266444111531996, 37.836445264246002 ], [ -122.266443736935003, 37.8364471584987 ], [ -122.266443321015004, 37.836449047075703 ], [ -122.266442863771999, 37.836450929976998 ], [ -122.266442364309, 37.836452805783701 ], [ -122.266441824420994, 37.836454674495698 ], [ -122.266441244109998, 37.836456536113197 ], [ -122.266440621577004, 37.836458388507602 ], [ -122.266439959519005, 37.836460232388497 ], [ -122.266439256138, 37.8364620663369 ], [ -122.266438512332996, 37.836463891062401 ], [ -122.266437729002007, 37.836465705145898 ], [ -122.266436906145003, 37.836467507878098 ], [ -122.266436043762994, 37.836469298549403 ], [ -122.266435141854004, 37.8364710771598 ], [ -122.266434200419994, 37.836472843709601 ], [ -122.266433221255994, 37.836474596070097 ], [ -122.266432202565994, 37.836476334950802 ], [ -122.266431147046006, 37.836478059642303 ], [ -122.266430052898002, 37.8364797694353 ], [ -122.266428921021003, 37.836481463619997 ], [ -122.266427752313007, 37.836483142196698 ], [ -122.266426546773005, 37.836484803746401 ], [ -122.267500798003994, 37.836355451070297 ], [ -122.268221822681994, 37.837149654732102 ], [ -122.268350830637999, 37.837300023467101 ], [ -122.268425848050001, 37.837418370939901 ], [ -122.268059305769, 37.837465398853801 ], [ -122.268083915115994, 37.837587432347902 ], [ -122.26849923412, 37.837534145766298 ], [ -122.268795426634995, 37.838001416908 ], [ -122.267362657774996, 37.838184461486598 ], [ -122.267288037418993, 37.8378144153017 ], [ -122.267151313832997, 37.837832028685497 ], [ -122.267172046051002, 37.837934842747501 ], [ -122.267035322465006, 37.8379524561024 ], [ -122.266898649184, 37.837970316339501 ], [ -122.266877867559003, 37.837867254730902 ], [ -122.266803517596003, 37.837498537169402 ], [ -122.266598411554995, 37.837524849875301 ], [ -122.266642156814996, 37.837741797915903 ], [ -122.266522511100007, 37.837757146767501 ], [ -122.266394319713001, 37.837773592418202 ], [ -122.266350574453, 37.837556643761602 ], [ -122.264671978920006, 37.837917945217001 ], [ -122.264713531392005, 37.838123434617003 ], [ -122.264657445975004, 37.838245118687098 ], [ -122.264620913288994, 37.838319067905601 ], [ -122.264582758245993, 37.838392500578301 ], [ -122.264542993421998, 37.838465393295103 ], [ -122.264501630493996, 37.838537724774497 ], [ -122.264496154363997, 37.838546873684301 ], [ -122.264397965808996, 37.838559520120398 ], [ -122.264359200808997, 37.8382696887411 ], [ -122.264133255651004, 37.838298757346898 ], [ -122.264149350766004, 37.8384191038352 ], [ -122.263807528325003, 37.838463080525401 ], [ -122.263783286389, 37.838343781951203 ], [ -122.263761248918996, 37.838235329115001 ], [ -122.263750230183007, 37.838181102282299 ], [ -122.263613501207004, 37.838198692876396 ], [ -122.263476772231002, 37.838216282756797 ], [ -122.263340044152997, 37.838233872633097 ], [ -122.263203315176995, 37.838251462505099 ], [ -122.263066586201006, 37.838269051663602 ], [ -122.262929857225004, 37.838286640817799 ], [ -122.262909347789005, 37.838289279225997 ], [ -122.262772618813003, 37.838306869084903 ], [ -122.262677354272995, 37.838319123951401 ], [ -122.262738760410997, 37.838405044172298 ], [ -122.262823262235003, 37.838523278490399 ], [ -122.262866738897998, 37.838584109933898 ], [ -122.262884964817005, 37.838581765243298 ], [ -122.262986941568002, 37.838724449995397 ], [ -122.263789490155006, 37.838621204277402 ], [ -122.263813733887005, 37.838740502402899 ], [ -122.263835774951005, 37.838848955205798 ], [ -122.263857815117007, 37.8389574078493 ], [ -122.263879855281999, 37.839065860333299 ], [ -122.263904099913006, 37.839185158449098 ], [ -122.263365716208, 37.839254420933997 ], [ -122.263467694754993, 37.839397105094299 ], [ -122.263901806514994, 37.839341257358498 ], [ -122.263611320097993, 37.839625905707798 ], [ -122.263697965302001, 37.839747133975997 ], [ -122.263438132098003, 37.8399630567475 ], [ -122.263365489831997, 37.840005571104399 ], [ -122.262938032791993, 37.839968302229302 ], [ -122.262817554340003, 37.839957797786298 ], [ -122.262645442521006, 37.839942790625699 ], [ -122.262607527328001, 37.8402152729102 ], [ -122.262404056221001, 37.840197531690102 ], [ -122.262205145861003, 37.8401694414164 ], [ -122.262093799682006, 37.840151497999898 ], [ -122.261961432025998, 37.841102715101101 ], [ -122.262305637696997, 37.841132894949801 ], [ -122.262279132006, 37.8413233756078 ], [ -122.262277148525996, 37.841337624836598 ], [ -122.262274204747001, 37.841358780176201 ], [ -122.262260040111002, 37.8414605720289 ], [ -122.262258156344004, 37.841474111112198 ], [ -122.262086052610996, 37.841459021968603 ], [ -122.262049950218, 37.841718455491197 ], [ -122.261877845586, 37.841703365688197 ], [ -122.261855053529999, 37.841867149227603 ], [ -122.262199262793999, 37.841897329472999 ], [ -122.262184987666004, 37.841999912277799 ], [ -122.262178370675997, 37.842047464357897 ], [ -122.262170296617995, 37.842105482947602 ], [ -122.262159377596006, 37.842183950738601 ], [ -122.262155482501001, 37.842211942347603 ], [ -122.262140667484999, 37.842318401594 ], [ -122.262140384516002, 37.842320437576198 ], [ -122.262125472481998, 37.842427591168899 ], [ -122.262121391435997, 37.842456924161198 ], [ -122.262110278376994, 37.8425367805823 ], [ -122.262102397456999, 37.842593410493599 ], [ -122.262095083374007, 37.842645969834003 ], [ -122.262083687346006, 37.8427278613119 ], [ -122.262079889269003, 37.842755158924 ], [ -122.262064694266002, 37.842864347852299 ], [ -122.262043801249007, 37.843014483606296 ], [ -122.261699589290004, 37.842984284664503 ], [ -122.261676795438007, 37.843148068196903 ], [ -122.261647924483995, 37.843355527903597 ], [ -122.261992138238995, 37.843385726693498 ], [ -122.26198264125, 37.843453970095901 ], [ -122.261973144261006, 37.8435222134352 ], [ -122.261954745864998, 37.843654425857999 ], [ -122.261930936916997, 37.843825505366397 ], [ -122.261574930977005, 37.843880028829197 ], [ -122.261556708651, 37.844050642457802 ], [ -122.261882285957995, 37.844000779782696 ], [ -122.261937044562998, 37.844219989442799 ], [ -122.262039091381993, 37.844204505734503 ], [ -122.262094611758997, 37.844426761581303 ], [ -122.261665338325002, 37.844492322561898 ], [ -122.261777236968996, 37.844933463022997 ], [ -122.261817615341997, 37.845095103461802 ], [ -122.261908759308994, 37.8454579711698 ] ] ] ] } },
{ "type": "Feature", "properties": { "FID": 8, "BID": "Fruitvale", "Shp__Ar": 621010.6015625, "Shp__Ln": 18292.493865667504 }, "geometry": { "type": "MultiPolygon", "coordinates": [ [ [ [ -122.225405670129007, 37.775689438421701 ], [ -122.225091419679003, 37.7761039746158 ], [ -122.224877668252006, 37.776385752616001 ], [ -122.224877053805002, 37.776386577676902 ], [ -122.224835148295, 37.776442023593098 ], [ -122.224465849084993, 37.776263132277997 ], [ -122.224377082060002, 37.776380154698401 ], [ -122.224525225929, 37.776451070854002 ], [ -122.224599298312, 37.776486529261199 ], [ -122.224747443078996, 37.776557445314801 ], [ -122.224542200494, 37.776828017299302 ], [ -122.224719638424006, 37.776913561067197 ], [ -122.224898109416998, 37.776678280853297 ], [ -122.224942727837998, 37.776619461037903 ], [ -122.225239100915005, 37.776761183476999 ], [ -122.225313193960005, 37.776796614044301 ], [ -122.225402429007005, 37.776678973844902 ], [ -122.225447046531002, 37.776620153320003 ], [ -122.225513971916996, 37.776531923154899 ], [ -122.225558588542995, 37.776473103222997 ], [ -122.225580897303999, 37.776443692884499 ], [ -122.225512731343997, 37.776411097317698 ], [ -122.225615764514004, 37.776273576202101 ], [ -122.225626113106003, 37.7762736060237 ], [ -122.225655455676005, 37.7762740959487 ], [ -122.225684782076996, 37.776274993434498 ], [ -122.225714084223, 37.776276296351 ], [ -122.225743354030001, 37.776278005408201 ], [ -122.225772580718001, 37.776280119185998 ], [ -122.225801757998994, 37.776282638394399 ], [ -122.225830874194003, 37.776285560193202 ], [ -122.225859922116996, 37.776288885292402 ], [ -122.225897711545997, 37.776293873295899 ], [ -122.225729060936004, 37.776513323817703 ], [ -122.225803154879003, 37.7765487545038 ], [ -122.225848201797007, 37.776490139785203 ], [ -122.225893247816998, 37.776431525020101 ], [ -122.225938293837004, 37.776372909498498 ], [ -122.226081089136002, 37.776441191432497 ], [ -122.226153829317994, 37.776346540912598 ], [ -122.226172405580002, 37.776351677309599 ], [ -122.226199947926006, 37.776359724141599 ], [ -122.226227308812994, 37.776368150131702 ], [ -122.226254481053999, 37.7763769545695 ], [ -122.226256097122999, 37.776377525437901 ], [ -122.226257189475007, 37.7763779344182 ], [ -122.226258272842998, 37.776378357599199 ], [ -122.226259347227995, 37.776378796400998 ], [ -122.226260410833007, 37.776379249403497 ], [ -122.226261464556998, 37.776379718026703 ], [ -122.226262508399003, 37.776380200850703 ], [ -122.226263541462004, 37.776380697875403 ], [ -122.226264562845998, 37.776381209100698 ], [ -122.226265573451002, 37.776381733816798 ], [ -122.226266571479002, 37.776382273443602 ], [ -122.226267558727997, 37.776382825851002 ], [ -122.226268532502004, 37.776383392459103 ], [ -122.226269494597005, 37.776383972557802 ], [ -122.226270443217999, 37.7763845661472 ], [ -122.226271378364004, 37.776385172517301 ], [ -122.226272300933999, 37.776385790957903 ], [ -122.226273209130994, 37.776386422889303 ], [ -122.226274103853001, 37.776387067601199 ], [ -122.226274983303995, 37.7763877236737 ], [ -122.22627584928, 37.776388392526798 ], [ -122.226276699983998, 37.7763890727405 ], [ -122.226277535416997, 37.776389765024803 ], [ -122.226278355578998, 37.776390468669597 ], [ -122.226279159571007, 37.776391183675003 ], [ -122.226279948292003, 37.7763919100409 ], [ -122.226280721742, 37.7763926470573 ], [ -122.226281477225001, 37.776393394014299 ], [ -122.226282217437003, 37.776394151621801 ], [ -122.226282940580006, 37.776394919879699 ], [ -122.226283646656, 37.776395697368201 ], [ -122.226284335664005, 37.776396484797097 ], [ -122.226285006705993, 37.776397282166499 ], [ -122.226285660678997, 37.776398088056297 ], [ -122.226286296685998, 37.776398903176499 ], [ -122.226286913829, 37.776399726817203 ], [ -122.226287513903998, 37.776400558978303 ], [ -122.226288095114, 37.776401398949702 ], [ -122.226288658357007, 37.776402247441602 ], [ -122.226289201838, 37.7764031030338 ], [ -122.226289727351997, 37.776403966436298 ], [ -122.226290233103995, 37.7764048369393 ], [ -122.226290719990999, 37.776405713832503 ], [ -122.226291188012993, 37.776406597826004 ], [ -122.226291635373997, 37.776407488209898 ], [ -122.226292063871, 37.776408384274099 ], [ -122.226292472604001, 37.776409286728502 ], [ -122.226292861573995, 37.7764101941532 ], [ -122.226293229884007, 37.776411107258099 ], [ -122.226293578430003, 37.776412024623298 ], [ -122.226293907213005, 37.776412947668597 ], [ -122.226294214437004, 37.7764138742642 ], [ -122.226294501897996, 37.776414805830001 ], [ -122.226294769595995, 37.776415740946 ], [ -122.226295015735005, 37.776416678902102 ], [ -122.226295241212, 37.776417621118398 ], [ -122.226295446028004, 37.776418565464802 ], [ -122.226295631081001, 37.776419512651302 ], [ -122.226295793676002, 37.776420462677898 ], [ -122.226295936507995, 37.776421414834701 ], [ -122.226296057780004, 37.776422368411403 ], [ -122.226296158392003, 37.776423323408302 ], [ -122.226296237442995, 37.776424280535203 ], [ -122.226296295834004, 37.776425237662203 ], [ -122.226296333562999, 37.776426196209101 ], [ -122.226296349733005, 37.776427154756099 ], [ -122.226296345240996, 37.776428113303098 ], [ -122.226296319189998, 37.776429071850004 ], [ -122.226296272477995, 37.7764300296869 ], [ -122.226296204205994, 37.7764309868137 ], [ -122.226296115272007, 37.776431942520503 ], [ -122.226296005677995, 37.776432897517203 ], [ -122.226295874523998, 37.776433850383803 ], [ -122.226295721810004, 37.776434801120303 ], [ -122.226295549333997, 37.776435750436697 ], [ -122.226295356196005, 37.7764366962029 ], [ -122.226295141498994, 37.776437639839003 ], [ -122.226294906139998, 37.776438579924999 ], [ -122.226294650119996, 37.7764395171708 ], [ -122.226294374337002, 37.776440450156301 ], [ -122.226294076995003, 37.776441379591702 ], [ -122.226293759889998, 37.776442304766803 ], [ -122.226293422123007, 37.7764432249717 ], [ -122.226293064594003, 37.776444140206301 ], [ -122.226292687300997, 37.776445051180801 ], [ -122.226292289347995, 37.776445956474902 ], [ -122.226291871631005, 37.776446856088697 ], [ -122.226568504230002, 37.776519053791503 ], [ -122.226455147620001, 37.7767448435185 ], [ -122.226388770206, 37.776877056279801 ], [ -122.226635890452002, 37.777024702707699 ], [ -122.226567077704999, 37.7771332859502 ], [ -122.226517929078994, 37.777210840138501 ], [ -122.226554704310004, 37.777228705132202 ], [ -122.226539370967004, 37.777252901431503 ], [ -122.226812863055002, 37.777375931232697 ], [ -122.226541242156998, 37.777784614491402 ], [ -122.226719357416997, 37.777869782971202 ], [ -122.226880008528994, 37.777628066600101 ], [ -122.227162538567001, 37.777760849349498 ], [ -122.227248278269997, 37.777653826949297 ], [ -122.227523329833005, 37.777821306276202 ], [ -122.227240104499003, 37.778118783342599 ], [ -122.227418917749006, 37.778204283725699 ], [ -122.227774159223003, 37.7778311663427 ], [ -122.227836753831994, 37.777765420470899 ], [ -122.228182554013003, 37.777964239125502 ], [ -122.228192987046995, 37.777953281385699 ], [ -122.228332826889002, 37.778033682601396 ], [ -122.228326573716004, 37.778040260220401 ], [ -122.228410655128002, 37.7780886025783 ], [ -122.228416908301, 37.7780820242535 ], [ -122.228500989712998, 37.778130366584101 ], [ -122.228083324310006, 37.778569712612097 ], [ -122.228249085038996, 37.778668924250901 ], [ -122.229103245432, 37.777770413345003 ], [ -122.230022115069005, 37.778224020795598 ], [ -122.229109211144007, 37.779183723959903 ], [ -122.228933206926001, 37.779353554912902 ], [ -122.228719027002001, 37.7795693305982 ], [ -122.228442651321998, 37.779403985250198 ], [ -122.228332161237006, 37.779337786372899 ], [ -122.228117979516995, 37.7795535606841 ], [ -122.227802271101993, 37.779364602615999 ], [ -122.227585946001994, 37.779582533842699 ], [ -122.227609134214006, 37.779596413009003 ], [ -122.227588843966998, 37.7796175739755 ], [ -122.227569022639997, 37.779639013967603 ], [ -122.227549674726006, 37.779660724464797 ], [ -122.227530808308003, 37.779682699787003 ], [ -122.227512426980994, 37.779704933543798 ], [ -122.227511272645003, 37.779706384080598 ], [ -122.227494537929999, 37.779727417925102 ], [ -122.227477145647995, 37.779750146540501 ], [ -122.227460255523994, 37.779773112999798 ], [ -122.227431622623001, 37.779814303082098 ], [ -122.227420946145003, 37.779829540438897 ], [ -122.227412965512002, 37.779840392820397 ], [ -122.227404746825997, 37.779851133019903 ], [ -122.227399402748006, 37.779857849637601 ], [ -122.227396292780995, 37.779861758197598 ], [ -122.227387606969998, 37.779872264093498 ], [ -122.227378691191007, 37.779882648577598 ], [ -122.227369548138, 37.77989290739 ], [ -122.227360181405004, 37.779903038400597 ], [ -122.227350593685998, 37.779913038059703 ], [ -122.227340786778001, 37.779922903527201 ], [ -122.227330764274001, 37.779932631253203 ], [ -122.227320529767994, 37.779942219107703 ], [ -122.227310086852995, 37.7799516635407 ], [ -122.227492535585, 37.779580707001202 ], [ -122.227479639370998, 37.779539104985901 ], [ -122.227428881863005, 37.779375359924799 ], [ -122.227351701307995, 37.779351034389101 ], [ -122.227415425100006, 37.7792233715234 ], [ -122.227530627747001, 37.778992576695103 ], [ -122.227208910501005, 37.778891482541198 ], [ -122.227397098569, 37.778514469225797 ], [ -122.227246866117994, 37.778442634869698 ], [ -122.226996769753001, 37.778943671180002 ], [ -122.226836647748996, 37.778893202898097 ], [ -122.226675854703004, 37.778842522998303 ], [ -122.226739759954, 37.778714917475298 ], [ -122.226803665204997, 37.778587311732203 ], [ -122.226482081808001, 37.778485951478402 ], [ -122.226647338581998, 37.778155965584098 ], [ -122.226497135775006, 37.778084144369899 ], [ -122.226426005373995, 37.778226177118803 ], [ -122.226104424672002, 37.778124815659801 ], [ -122.226031572200995, 37.778270285523398 ], [ -122.225967666052, 37.778397891103801 ], [ -122.225915071488998, 37.778502910184997 ], [ -122.225871806827996, 37.778589298351399 ], [ -122.226193389325999, 37.778690660593597 ], [ -122.226065666859, 37.778945692580201 ], [ -122.225424224831002, 37.778743511105901 ], [ -122.225360370784003, 37.7788711329097 ], [ -122.225611205563993, 37.778950196177298 ], [ -122.225555652848001, 37.779061226834401 ], [ -122.225700365151994, 37.779106839959901 ], [ -122.225644812436997, 37.779217871091802 ], [ -122.225589258823007, 37.779328902056903 ], [ -122.225533706107996, 37.779439932855198 ], [ -122.225617317700994, 37.779466286847601 ], [ -122.225582836767003, 37.779535202798797 ], [ -122.225479929361001, 37.7795027669262 ], [ -122.225428845764995, 37.779604864190198 ], [ -122.225384146493994, 37.779694199003103 ], [ -122.225258728206001, 37.779654667422697 ], [ -122.225133309917993, 37.7796151351113 ], [ -122.225037526151993, 37.779806567607203 ], [ -122.224912106964993, 37.779767035376899 ], [ -122.224835480671999, 37.779920180672498 ], [ -122.225115260967002, 37.780008367743697 ], [ -122.225211737332998, 37.780038777054202 ], [ -122.225060399056005, 37.780341240027397 ], [ -122.225009313661999, 37.780443336843298 ], [ -122.225144381652996, 37.780485910334001 ], [ -122.225266585770001, 37.7805244283063 ], [ -122.225382357949002, 37.780560919222602 ], [ -122.225530289814998, 37.780607546005001 ], [ -122.225658925868004, 37.780648091657497 ], [ -122.225787562820003, 37.780688636577899 ], [ -122.225916198874003, 37.780729181475898 ], [ -122.226044835826002, 37.7807697263517 ], [ -122.226173472778001, 37.780810270495301 ], [ -122.226385711442006, 37.780877164556102 ], [ -122.226350167801002, 37.780920332769902 ], [ -122.226004367621002, 37.781263203973197 ], [ -122.225932405379993, 37.781354418248597 ], [ -122.225844357008, 37.781326666253499 ], [ -122.225899911520003, 37.7812156354492 ], [ -122.225755194724002, 37.781170022205004 ], [ -122.225626556874005, 37.781129477548802 ], [ -122.225497919922006, 37.781088932160301 ], [ -122.225369282969993, 37.781048386749603 ], [ -122.225240646017994, 37.781007841316601 ], [ -122.225112009065995, 37.780967295861402 ], [ -122.224983373011995, 37.780926750383998 ], [ -122.224854736059996, 37.780886204174301 ], [ -122.224726100005995, 37.7808456579424 ], [ -122.224665001092006, 37.780967765875602 ], [ -122.224603915653006, 37.781089848757397 ], [ -122.224540057113998, 37.781217469350203 ], [ -122.224234545475994, 37.781121171379702 ], [ -122.224170686937001, 37.781248792628503 ], [ -122.224669154902003, 37.7814059100713 ], [ -122.224483555777994, 37.781776833311604 ], [ -122.224644358705007, 37.781827504809797 ], [ -122.224805161632005, 37.781878176273302 ], [ -122.224965964559999, 37.781928847701899 ], [ -122.225126768386005, 37.781979518385903 ], [ -122.225287572211002, 37.782030189035197 ], [ -122.225448376036994, 37.782080859649703 ], [ -122.225541642723002, 37.782110247866001 ], [ -122.225390805705999, 37.7826428383053 ], [ -122.224808774657006, 37.782459436603602 ], [ -122.224810032297995, 37.782459509021301 ], [ -122.224811198311002, 37.782459759643103 ], [ -122.224812368816004, 37.782459993935497 ], [ -122.224813545608995, 37.782460211898403 ], [ -122.224814725995003, 37.782460414241697 ], [ -122.224815910873005, 37.782460599545701 ], [ -122.224817100243001, 37.782460768520203 ], [ -122.224818292307006, 37.782460921165203 ], [ -122.224819487964993, 37.782461056770799 ], [ -122.224820686317003, 37.782461176046901 ], [ -122.224821887364996, 37.782461278993502 ], [ -122.224823090209, 37.7824613656107 ], [ -122.224824294849995, 37.782461434478499 ], [ -122.224825501287, 37.7824614877267 ], [ -122.224826708622999, 37.782461523935503 ], [ -122.224827915958997, 37.782461543104901 ], [ -122.224829123294001, 37.782461545234803 ], [ -122.224830331527997, 37.782461531035302 ], [ -122.224831538863995, 37.782461500506301 ], [ -122.224832745301995, 37.782461452937902 ], [ -122.224833949941996, 37.782461388329899 ], [ -122.224835153685007, 37.782461307392602 ], [ -122.224836355630998, 37.782461210125803 ], [ -122.224837554882001, 37.7824610958195 ], [ -122.224838751438, 37.782460965183802 ], [ -122.224839944400003, 37.7824608175086 ], [ -122.224841134667997, 37.782460653504003 ], [ -122.224842321341995, 37.782460473169799 ], [ -122.224843502626996, 37.7824602765062 ], [ -122.224844680318, 37.782460063513199 ], [ -122.224845853518005, 37.782459834190703 ], [ -122.224847021328003, 37.782459587828697 ], [ -122.224848182849996, 37.782459326557202 ], [ -122.224849338981002, 37.782459048246302 ], [ -122.224850488824998, 37.7824587550259 ], [ -122.224851631481997, 37.782458445475903 ], [ -122.224852767851004, 37.782458119596498 ], [ -122.224853897033, 37.782457778807697 ], [ -122.224855018130995, 37.782457421689301 ], [ -122.224856131143, 37.782457049661403 ], [ -122.224857236071003, 37.782456662014098 ], [ -122.224858332015998, 37.782456259457199 ], [ -122.224859418977005, 37.7824558412808 ], [ -122.224860496057005, 37.782455408194899 ], [ -122.224861564153997, 37.782454960909398 ], [ -122.224862622369997, 37.782454498004498 ], [ -122.224863669805003, 37.782454020899998 ], [ -122.224864707359004, 37.782453529595998 ], [ -122.224865733235006, 37.782453024092497 ], [ -122.224866748332005, 37.782452503679401 ], [ -122.224867750851999, 37.782451969776702 ], [ -122.224868742591994, 37.782451422384597 ], [ -122.224869721754999, 37.7824508607928 ], [ -122.224870688343003, 37.782450286421501 ], [ -122.224871641454996, 37.782449697850602 ], [ -122.224872582889006, 37.782449096500102 ], [ -122.224873509950996, 37.7824484823701 ], [ -122.224874423537003, 37.782447855460397 ], [ -122.224875323649002, 37.782447215771199 ], [ -122.224876209388, 37.782446564012297 ], [ -122.224877079856, 37.782445900183802 ], [ -122.224877936848998, 37.782445224285702 ], [ -122.224878777672004, 37.782444536318003 ], [ -122.224879604121995, 37.782443836990701 ], [ -122.224880414401994, 37.782443126303697 ], [ -122.224881209410995, 37.782442404257097 ], [ -122.224881988250004, 37.782441671560797 ], [ -122.224882750920003, 37.782440928214903 ], [ -122.224883497419995, 37.782440174219303 ], [ -122.224884226851998, 37.782439410283999 ], [ -122.224884939215997, 37.782438636408997 ], [ -122.224885635410999, 37.782437852594299 ], [ -122.224886312739997, 37.782437058840003 ], [ -122.224886973899999, 37.782436256565902 ], [ -122.224887616196, 37.782435445062099 ], [ -122.224888241423002, 37.782434625038597 ], [ -122.224888847786005, 37.782433795785302 ], [ -122.224889436183005, 37.782432958722303 ], [ -122.224890006612995, 37.782432113139599 ], [ -122.224890558178004, 37.782431260457102 ], [ -122.224891089981, 37.782430399964802 ], [ -122.224891603816999, 37.782429532372802 ], [ -122.224892097891001, 37.782428657681002 ], [ -122.224893028544997, 37.782426888417902 ], [ -122.224931334505996, 37.7823503130817 ], [ -122.223798180741994, 37.781993237356403 ], [ -122.223734320405995, 37.782120858519399 ], [ -122.224058967957006, 37.782223161611 ], [ -122.223963199463, 37.782414599422196 ], [ -122.224107923445004, 37.782460204088601 ], [ -122.224063231361001, 37.782549541840297 ], [ -122.224015347562997, 37.782645260740203 ], [ -122.224031427406999, 37.782650327832101 ], [ -122.223951620178994, 37.782809859755403 ], [ -122.223790815455004, 37.782759187510699 ], [ -122.223750592488997, 37.7828395913089 ], [ -122.223711008226999, 37.782918718489199 ], [ -122.223386280726004, 37.782816390091199 ], [ -122.223322419492007, 37.782944010542899 ], [ -122.223614999882003, 37.783036208894202 ], [ -122.223551153022001, 37.783163833936101 ], [ -122.223744120128003, 37.783224641428603 ], [ -122.223686657594001, 37.783339503754398 ], [ -122.223629195059999, 37.783454366611601 ], [ -122.223598267862002, 37.783516187697501 ], [ -122.223552578647997, 37.783607516337 ], [ -122.223391773025995, 37.783556843219301 ], [ -122.223260073717, 37.783820096836699 ], [ -122.222938236096994, 37.783711752025098 ], [ -122.222841162349994, 37.783858063559798 ], [ -122.223193164498994, 37.783976562748002 ], [ -122.223110140404003, 37.784184901593598 ], [ -122.222747218335002, 37.784093804404897 ], [ -122.222519218729005, 37.784064856443401 ], [ -122.222416955415, 37.784321468005501 ], [ -122.222401303170003, 37.784360745764602 ], [ -122.221888560077005, 37.784232037970902 ], [ -122.221772991815996, 37.784203027586997 ], [ -122.221734190884007, 37.784253430477101 ], [ -122.220959119965002, 37.783877600330399 ], [ -122.221346863383999, 37.783373259193901 ], [ -122.221164802724005, 37.7832937107788 ], [ -122.220938672512005, 37.7835878396317 ], [ -122.220643284887004, 37.7834447912822 ], [ -122.220569438880005, 37.783409028796598 ], [ -122.220506354688993, 37.783491081850897 ], [ -122.220358660876002, 37.783419556907198 ], [ -122.220137121953996, 37.783312270071796 ], [ -122.220359764905993, 37.783022680389699 ], [ -122.220157447236005, 37.782969481500899 ], [ -122.219972509271003, 37.783210026705099 ], [ -122.219697095686996, 37.783110525103403 ], [ -122.219555204092998, 37.783059262368901 ], [ -122.219474616228993, 37.783136319750497 ], [ -122.219296220695, 37.7830187982658 ], [ -122.219158777557993, 37.782928254128301 ], [ -122.219269281118002, 37.782822593838702 ], [ -122.219153766754999, 37.782746513764302 ], [ -122.219043263195999, 37.782852174162798 ], [ -122.218759352446995, 37.782665181217801 ], [ -122.219020847533997, 37.782415146814699 ], [ -122.218990188931997, 37.782186464201402 ], [ -122.218765390024004, 37.782401411593099 ], [ -122.218600947122994, 37.782178427233298 ], [ -122.218719544503003, 37.782092122779197 ], [ -122.218639600730995, 37.782024404110103 ], [ -122.218547217088997, 37.781899132111697 ], [ -122.218829367140003, 37.781689201428101 ], [ -122.218780301159001, 37.781537487578902 ], [ -122.218530314389, 37.781723488689302 ], [ -122.218361024177995, 37.781466930585999 ], [ -122.218523259918996, 37.7813488711163 ], [ -122.218516978, 37.781236959249597 ], [ -122.218362810029006, 37.7810976281175 ], [ -122.218586760928005, 37.780939048856901 ], [ -122.218524502289, 37.780799111539402 ], [ -122.218200693764999, 37.781028399097103 ], [ -122.218004890676994, 37.780854207669698 ], [ -122.217912748681997, 37.780772235467197 ], [ -122.217859766944997, 37.780725101143297 ], [ -122.217766814669005, 37.780790920352104 ], [ -122.217629968013995, 37.780887819405997 ], [ -122.217485374286994, 37.780990203723299 ], [ -122.217283919, 37.780810981198002 ], [ -122.217327498968999, 37.780780229278598 ], [ -122.217405078374995, 37.780725485249803 ], [ -122.217482656883007, 37.780670741890503 ], [ -122.217560236289998, 37.7806159977807 ], [ -122.217652115977003, 37.7805511624695 ], [ -122.217537155874993, 37.780448671754698 ], [ -122.217422115822998, 37.780346110608001 ], [ -122.217306042708998, 37.780242627031399 ], [ -122.217637282097002, 37.780010232204702 ], [ -122.217495573758995, 37.779884229041102 ], [ -122.217395101685995, 37.779954860674898 ], [ -122.217257577701005, 37.779831277104101 ], [ -122.217143506930995, 37.779911307786499 ], [ -122.217013880934005, 37.780002251800099 ], [ -122.216899351124994, 37.779899330773198 ], [ -122.216784821315997, 37.779796409603101 ], [ -122.216670292405993, 37.779693488289702 ], [ -122.216555764392993, 37.779590566832901 ], [ -122.216487015425997, 37.779528836184298 ], [ -122.216371793915002, 37.779425240702601 ], [ -122.216711181920999, 37.779186757115298 ], [ -122.216526848523003, 37.779022847261601 ], [ -122.216343250845, 37.77915185949 ], [ -122.216205633434996, 37.779028482609597 ], [ -122.216068015126993, 37.778905106233204 ], [ -122.215912571548003, 37.779014334242902 ], [ -122.215855231185003, 37.778962927375403 ], [ -122.215843763292, 37.778952645713602 ], [ -122.215786422929995, 37.7789012388033 ], [ -122.215774955037006, 37.778890957132901 ], [ -122.215717614674006, 37.778839550179697 ], [ -122.215662567709998, 37.778790199385703 ], [ -122.215660274311006, 37.778788143190702 ], [ -122.215591466055002, 37.778726454472697 ], [ -122.215497428614, 37.778642146806099 ], [ -122.215430913757999, 37.778582514877201 ], [ -122.215419445864995, 37.7785722331624 ], [ -122.215339170614001, 37.778500263249597 ], [ -122.215316234827995, 37.778479700505898 ], [ -122.215258895364002, 37.7784282932666 ], [ -122.215201555001002, 37.778376885991598 ], [ -122.215190087107999, 37.778366604248298 ], [ -122.215121279751003, 37.778304915888597 ], [ -122.215086876071993, 37.778274071334401 ], [ -122.215213608594993, 37.778185019522503 ], [ -122.215075363262997, 37.778062085500302 ], [ -122.215282619869996, 37.777916450502303 ], [ -122.215144375435997, 37.7777935167435 ], [ -122.214978567995004, 37.777910025526602 ], [ -122.214863363551004, 37.7778075801413 ], [ -122.214696970407999, 37.7779245007141 ], [ -122.214610962109006, 37.777847389617698 ], [ -122.214524953809999, 37.777770277730802 ], [ -122.214467615244004, 37.777718869998203 ], [ -122.214438946409999, 37.777693166473497 ], [ -122.214410277575993, 37.777667462939903 ], [ -122.214352939009999, 37.777616055135802 ], [ -122.214256836342003, 37.777529893039699 ], [ -122.214586220708995, 37.777297174432803 ], [ -122.214447712170994, 37.777174429221603 ], [ -122.214150497372003, 37.777384418879102 ], [ -122.214124652842003, 37.777402678605 ], [ -122.213917604643001, 37.777218054725097 ], [ -122.213825583920993, 37.777135999677199 ], [ -122.213733563198005, 37.777053944538203 ], [ -122.213634641617006, 37.776965735481703 ], [ -122.213796171281999, 37.776851611623499 ], [ -122.213689216066996, 37.776756238816901 ], [ -122.213850486119, 37.7766418831647 ], [ -122.213712409669995, 37.776518832971 ], [ -122.213389869566996, 37.776747543059102 ], [ -122.213182522229999, 37.776563133393203 ], [ -122.213113406749997, 37.776501662929 ], [ -122.213090367657998, 37.7764811727629 ], [ -122.212838235709995, 37.776256913779299 ], [ -122.212846909842995, 37.7762533657272 ], [ -122.212872886425998, 37.776242282057297 ], [ -122.212898615073996, 37.776230839817202 ], [ -122.212924087702007, 37.776219043266899 ], [ -122.212949298021996, 37.776206895956598 ], [ -122.212974237051, 37.776194400726098 ], [ -122.212998897602006, 37.7761815618355 ], [ -122.213023271590998, 37.776168383544899 ], [ -122.213047352729006, 37.776154869404301 ], [ -122.213071132931006, 37.776141023673702 ], [ -122.213094605010994, 37.776126851323099 ], [ -122.213117761782001, 37.776112355192502 ], [ -122.213140596059006, 37.776097540962098 ], [ -122.213163101551004, 37.7760824121819 ], [ -122.213195846939996, 37.7760594147544 ], [ -122.213057610590994, 37.775936469386998 ], [ -122.213027558351996, 37.775957601579599 ], [ -122.213007817873006, 37.7759708715028 ], [ -122.212987788136999, 37.775983865928502 ], [ -122.212967476329993, 37.775996580596598 ], [ -122.212946887841994, 37.776009012667103 ], [ -122.21292602986, 37.776021157169801 ], [ -122.212904906874002, 37.776033010554698 ], [ -122.212883526970003, 37.7760445699817 ], [ -122.212865934364004, 37.776053761429097 ], [ -122.212640335057003, 37.775856163165898 ], [ -122.212668596056005, 37.775849627244902 ], [ -122.212704336426995, 37.775840821324103 ], [ -122.212739878272004, 37.775831521924196 ], [ -122.212775209910006, 37.775821731175 ], [ -122.212810320562994, 37.775811452626499 ], [ -122.212845200348994, 37.775800689828799 ], [ -122.212888892608007, 37.775786412326902 ], [ -122.212667755232005, 37.775589733564701 ], [ -122.212609430315993, 37.775605409888598 ], [ -122.212578880410007, 37.775612937050703 ], [ -122.212548169705002, 37.775620039606501 ], [ -122.212517307184996, 37.775626716136202 ], [ -122.212486302732003, 37.775632963089599 ], [ -122.212455166224998, 37.775638780466899 ], [ -122.212423905752004, 37.775644165427998 ], [ -122.212392532091002, 37.775649115842803 ], [ -122.212361054224999, 37.7756536317114 ], [ -122.212329482035997, 37.775657710193798 ], [ -122.212297824507004, 37.775661351289997 ], [ -122.212285937101001, 37.775662603094297 ], [ -122.212230049314002, 37.7756128958682 ], [ -122.212149416534004, 37.775541180109897 ], [ -122.212068783754006, 37.775469464281997 ], [ -122.211988150973994, 37.775397748384599 ], [ -122.211910742247994, 37.775452604995699 ], [ -122.211827986749, 37.7753790316047 ], [ -122.211504460295998, 37.775091401105399 ], [ -122.211831427296005, 37.774845893213701 ], [ -122.211957460931004, 37.774669267361503 ], [ -122.212393005503003, 37.774341004065001 ], [ -122.212632052589996, 37.774539551458297 ], [ -122.212707324223999, 37.774482820338697 ], [ -122.212755134359995, 37.774522529357803 ], [ -122.212802039893006, 37.774487176516502 ], [ -122.212992591429, 37.774646532923697 ], [ -122.213135506203997, 37.774766049471097 ], [ -122.213492793141995, 37.775064840349401 ], [ -122.213595338527, 37.775150595621298 ], [ -122.213552594888995, 37.775194375689203 ], [ -122.213522990908999, 37.775223376828002 ], [ -122.213492753615995, 37.775251963288397 ], [ -122.213461892892994, 37.775280126550598 ], [ -122.213430416823996, 37.775307858094301 ], [ -122.213398336188007, 37.775335149399503 ], [ -122.213365660868007, 37.775361991946298 ], [ -122.213332399847005, 37.7753883779245 ], [ -122.213298563902995, 37.775414299524201 ], [ -122.213264162919003, 37.7754397475152 ], [ -122.213229207674999, 37.775464716217797 ], [ -122.213193708052003, 37.775489195691797 ], [ -122.213157676625002, 37.7755131802572 ], [ -122.213121122380002, 37.775536662104301 ], [ -122.213084058790002, 37.775559634132897 ], [ -122.213046493939004, 37.775582088533099 ], [ -122.213008442201996, 37.775604019625 ], [ -122.213175777678003, 37.7757528465538 ], [ -122.213288816284006, 37.775648678456697 ], [ -122.213449638973998, 37.775571185823502 ], [ -122.213476402482002, 37.775586492929101 ], [ -122.213541641730998, 37.775623804252 ], [ -122.213625857889994, 37.775671967839301 ], [ -122.213672906254999, 37.775698875587601 ], [ -122.213710074049999, 37.775720132105398 ], [ -122.213771158591001, 37.775755066852803 ], [ -122.213794290208995, 37.775768296340097 ], [ -122.213892541646999, 37.775824487552498 ], [ -122.213831792177999, 37.77589129311 ], [ -122.214005165231001, 37.775990446570098 ], [ -122.214140585362003, 37.776067894031499 ], [ -122.213867576566997, 37.776368116759997 ], [ -122.214009126801002, 37.776494007341299 ], [ -122.214241396098998, 37.776238585606798 ], [ -122.214563714318004, 37.776423777830601 ], [ -122.214661811246003, 37.776480140373103 ], [ -122.214732685626998, 37.776402200579199 ], [ -122.214886838325995, 37.776490770295503 ], [ -122.214815963945, 37.776568710706002 ], [ -122.214745089564005, 37.776646651034298 ], [ -122.214885648956994, 37.776727410817202 ], [ -122.215018057036005, 37.7768034864364 ], [ -122.214749285595005, 37.777152269256497 ], [ -122.214894076950998, 37.777280177818199 ], [ -122.215015036002001, 37.7771232106521 ], [ -122.215181995981993, 37.7772046905922 ], [ -122.21525794854, 37.777106126664002 ], [ -122.21540532345, 37.777178048232201 ], [ -122.215360634061, 37.777236042551898 ], [ -122.215508219178005, 37.777307691343601 ], [ -122.215370794007001, 37.777486029151902 ], [ -122.215518380022004, 37.777557678411398 ], [ -122.215391416630993, 37.777722437150601 ], [ -122.215534879379007, 37.777852072206997 ], [ -122.215606065475001, 37.777759693433701 ], [ -122.215694617802995, 37.777802683122601 ], [ -122.215784886809999, 37.777685540119997 ], [ -122.215888197560005, 37.777735693976602 ], [ -122.215991508309003, 37.777785847799102 ], [ -122.215947544759004, 37.777842900863902 ], [ -122.216095131672006, 37.777914548357401 ], [ -122.216022917005006, 37.778008263194003 ], [ -122.215948895824994, 37.778104320263502 ], [ -122.216096483635994, 37.778175968213702 ], [ -122.216016234437006, 37.778280108609103 ], [ -122.216160642212003, 37.778408518620402 ], [ -122.216341180228, 37.778174232219598 ], [ -122.216562342756006, 37.778281265226802 ], [ -122.216674027601002, 37.778333707062302 ], [ -122.216610982036997, 37.778415776401097 ], [ -122.216647909982001, 37.778433647493799 ], [ -122.216938952456005, 37.778574497397599 ], [ -122.216698744745997, 37.778887005210898 ], [ -122.216831165401999, 37.779004754078201 ], [ -122.217068232602003, 37.7786963314676 ], [ -122.217265575401996, 37.778791833833502 ], [ -122.217413290774005, 37.778863319234802 ], [ -122.217561005247006, 37.778934803856799 ], [ -122.217856435992005, 37.779077773603703 ], [ -122.217965866065001, 37.778935320034599 ], [ -122.218037917239002, 37.778841526142003 ], [ -122.218127980532003, 37.778724283253801 ], [ -122.218181619836002, 37.778654456309397 ], [ -122.218525678182999, 37.778820956393098 ], [ -122.218264583744002, 37.779160846778602 ], [ -122.218201539079004, 37.779242916619197 ], [ -122.218138494414006, 37.779324987078603 ], [ -122.218075448850996, 37.779407057446903 ], [ -122.218012404185998, 37.779489127724197 ], [ -122.217949358623002, 37.7795711979103 ], [ -122.217799724448994, 37.779765985992903 ], [ -122.217889529028, 37.779809204555796 ], [ -122.218116023058002, 37.779918204739097 ], [ -122.218011836450998, 37.780054585914698 ], [ -122.21813232209, 37.780161717018999 ], [ -122.218194994852993, 37.780079678728498 ], [ -122.218409507152998, 37.780182911193698 ], [ -122.218478576818001, 37.780092499192101 ], [ -122.218547645585005, 37.780002086369997 ], [ -122.218658600099005, 37.780055482644599 ], [ -122.218629132662997, 37.780094056931198 ], [ -122.218702354342, 37.780122289348597 ], [ -122.218656994810004, 37.780196397617999 ], [ -122.218688117840998, 37.780208398013102 ], [ -122.218642758309002, 37.780282506196201 ], [ -122.218982007075994, 37.780413312517403 ], [ -122.218782277453002, 37.7807396254791 ], [ -122.218866507984998, 37.7809225472338 ], [ -122.219255558453, 37.781072554108903 ], [ -122.219217153678002, 37.781135298753497 ], [ -122.219213373567996, 37.781141474952499 ], [ -122.219171793247995, 37.781209406717203 ], [ -122.219126433715999, 37.781283515316701 ], [ -122.219204243988997, 37.781313516569597 ], [ -122.219136203792999, 37.781424678574403 ], [ -122.219447446683006, 37.781544683283599 ], [ -122.219379406486993, 37.781655845650697 ], [ -122.219334046954998, 37.781729953802603 ], [ -122.219186383684999, 37.781971200952697 ], [ -122.219360434966006, 37.7821267960827 ], [ -122.219881998616998, 37.7812746724139 ], [ -122.220268216696994, 37.781396408315103 ], [ -122.220301790332002, 37.781341478725999 ], [ -122.220524879745994, 37.781411795863001 ], [ -122.220715875050999, 37.781030080354803 ], [ -122.220968609767993, 37.781109740544601 ], [ -122.220749300464007, 37.7815480436455 ], [ -122.220832915651002, 37.781574398306397 ], [ -122.220940194259001, 37.781359993779901 ], [ -122.22132610781, 37.781481629432498 ], [ -122.220611186286007, 37.782910434530301 ], [ -122.220795985010994, 37.7829875623543 ], [ -122.220910908281994, 37.782757886838397 ], [ -122.221083206949999, 37.782812121020903 ], [ -122.221091288194003, 37.782795949243699 ], [ -122.221210269154994, 37.782833399632402 ], [ -122.221247901379002, 37.782758089181002 ], [ -122.221392647819002, 37.782803650327097 ], [ -122.221537394259002, 37.782849210735101 ], [ -122.221503588858994, 37.7829168626211 ], [ -122.221793082637006, 37.783007982559603 ], [ -122.221770490905996, 37.783053194955798 ], [ -122.221658232037996, 37.783277850073397 ], [ -122.221859421424, 37.7833222018226 ], [ -122.221987868832002, 37.783065147319 ], [ -122.222316131203002, 37.783168080267103 ], [ -122.222422333628998, 37.783201382114299 ], [ -122.222458791755002, 37.78312841991 ], [ -122.222537141914998, 37.782971619936298 ], [ -122.222102678016995, 37.782835385427497 ], [ -122.222176129664007, 37.7826883888727 ], [ -122.222610592665006, 37.782824623652502 ], [ -122.222646310578995, 37.7827531420821 ], [ -122.222664169086997, 37.7827174012711 ], [ -122.222708816253999, 37.7826280495227 ], [ -122.222771321031999, 37.7825029567516 ], [ -122.222833826707998, 37.782377863768801 ], [ -122.222896331485003, 37.782252770574203 ], [ -122.222958837161002, 37.782127677877902 ], [ -122.223021341937994, 37.782002584969902 ], [ -122.223083845817996, 37.781877491850203 ], [ -122.223146350595002, 37.7817523992288 ], [ -122.223208854473995, 37.781627306395599 ], [ -122.223096217416, 37.781591986771303 ], [ -122.223147240825995, 37.781489870242403 ], [ -122.223198264234995, 37.781387753572297 ], [ -122.223249287645004, 37.781285636761297 ], [ -122.223778769945, 37.781451663037302 ], [ -122.223839410718, 37.781323033246203 ], [ -122.223507936870007, 37.7812190952245 ], [ -122.223661199339006, 37.780912805438298 ], [ -122.223600053713, 37.780893632109802 ], [ -122.223651153478997, 37.7807915096461 ], [ -122.223661797616998, 37.7807702382567 ], [ -122.223715012916003, 37.780663889027799 ], [ -122.223723528047003, 37.780646871887399 ], [ -122.223785257578001, 37.780523506022199 ], [ -122.223823875253998, 37.780535615703499 ], [ -122.223872828945005, 37.7804377811227 ], [ -122.223970749803001, 37.780242087432804 ], [ -122.224324747110003, 37.780353087749603 ], [ -122.224404594762007, 37.7802009515488 ], [ -122.223918653804006, 37.780048578604898 ], [ -122.223972342516007, 37.779941126416098 ], [ -122.224007699306995, 37.779952271301497 ], [ -122.224052638426997, 37.779862332588998 ], [ -122.224100179068998, 37.779767185187502 ], [ -122.224050210281007, 37.779751434485703 ], [ -122.224096186956004, 37.7796595479887 ], [ -122.224137055810004, 37.779577870533103 ], [ -122.224178742129993, 37.779494559265103 ], [ -122.224193532890993, 37.779499221869997 ], [ -122.224251004408003, 37.779384362806297 ], [ -122.224218846517999, 37.779374226044503 ], [ -122.224266738400999, 37.779278510718797 ], [ -122.224314631181997, 37.779182794558999 ], [ -122.224359330452003, 37.779093459838101 ], [ -122.224404029721995, 37.779004125009301 ], [ -122.224447451588006, 37.778917343271601 ], [ -122.224461500340993, 37.778889266596401 ], [ -122.224545994978001, 37.778915899819502 ], [ -122.224609771770005, 37.778788253952598 ], [ -122.224614874200995, 37.778778041847701 ], [ -122.224673548561995, 37.778660607865199 ], [ -122.224624585887, 37.778645174303698 ], [ -122.224662899034001, 37.778568601439801 ], [ -122.224699934776993, 37.778494581000302 ], [ -122.224717176141993, 37.778460123257602 ], [ -122.224763789722005, 37.778366959966398 ], [ -122.224809765497994, 37.778275072458399 ], [ -122.224935181990006, 37.778314604776497 ], [ -122.225062913439999, 37.778059317135799 ], [ -122.225419764695005, 37.7781720354239 ], [ -122.225483617844006, 37.778044413123098 ], [ -122.225521999262995, 37.777967862357599 ], [ -122.225200442814995, 37.777866293218302 ], [ -122.225162038939004, 37.777943049994903 ], [ -122.224693821740999, 37.777794941046999 ], [ -122.224535233161006, 37.777744846872501 ], [ -122.224528836258003, 37.777757605258998 ], [ -122.224521859042994, 37.7777554006407 ], [ -122.224664703749994, 37.777567209061999 ], [ -122.224565065313001, 37.7775357358286 ], [ -122.224422220606996, 37.7777239274875 ], [ -122.224332877761995, 37.777695706224399 ], [ -122.224514341041996, 37.777456636967003 ], [ -122.22438986329, 37.777397112715597 ], [ -122.224375044680997, 37.777390026661003 ], [ -122.224179738361997, 37.777647333078598 ], [ -122.224049407186996, 37.777606163799597 ], [ -122.223920813353999, 37.777565543346 ], [ -122.224052326711998, 37.777372236969001 ], [ -122.224055371101997, 37.777373541996198 ], [ -122.224061537138994, 37.777358698907499 ], [ -122.224097195764003, 37.777306284781403 ], [ -122.224015050220999, 37.777280336864102 ], [ -122.224029528368007, 37.777261263417302 ], [ -122.223973581292, 37.777243590138603 ], [ -122.223962337977994, 37.777263685318601 ], [ -122.223887615215006, 37.7772400818954 ], [ -122.224050617217998, 37.776914261156797 ], [ -122.223876320697002, 37.776830912095399 ], [ -122.223697641295004, 37.776741578792397 ], [ -122.223594093391, 37.776948558443301 ], [ -122.223465587592997, 37.776887745787697 ], [ -122.223429769066996, 37.776934722091603 ], [ -122.223287117498003, 37.7768672152569 ], [ -122.223225910786994, 37.776947489138401 ], [ -122.223121567872994, 37.776914601261304 ], [ -122.223014954917005, 37.776879123888399 ], [ -122.222643785413993, 37.776762134919302 ], [ -122.222746663175997, 37.776594029783702 ], [ -122.222860995355006, 37.7766538152637 ], [ -122.223019953142995, 37.776420873788098 ], [ -122.222890206772007, 37.776359472789103 ], [ -122.222572448400996, 37.776207968822298 ], [ -122.222529905087995, 37.776508233584003 ], [ -122.222356790749004, 37.776425470553498 ], [ -122.222310106202002, 37.776486604524898 ], [ -122.222236007768004, 37.7764511794893 ], [ -122.222118402126995, 37.7763949539614 ], [ -122.222087812694994, 37.7763803293671 ], [ -122.222013589395004, 37.776345068298802 ], [ -122.221939617622994, 37.776309479177002 ], [ -122.221791422549998, 37.776238628919103 ], [ -122.222017458438998, 37.7759426367898 ], [ -122.221870732111995, 37.775869864811703 ], [ -122.221530151143, 37.775706816694502 ], [ -122.221368502901001, 37.775918077941597 ], [ -122.221314620154004, 37.7759884982231 ], [ -122.220982159955, 37.775829335709403 ], [ -122.221018196770999, 37.7757824460381 ], [ -122.220938219762004, 37.775721705557501 ], [ -122.220698233934996, 37.775606812932899 ], [ -122.220721658404003, 37.775576333635101 ], [ -122.220865809260999, 37.775388768449098 ], [ -122.220688040751995, 37.7753036624351 ], [ -122.220309717964994, 37.775795921904603 ], [ -122.219940632554, 37.775617619781499 ], [ -122.219891242280994, 37.775681882865797 ], [ -122.219522177531005, 37.775503588988101 ], [ -122.219738243018, 37.775222458027997 ], [ -122.219948094859006, 37.774949409906903 ], [ -122.219785142263007, 37.774871393944103 ], [ -122.219533887070995, 37.775198313607703 ], [ -122.219328714555004, 37.775100055165197 ], [ -122.219210214192998, 37.775043304594298 ], [ -122.219121338471993, 37.775000741459998 ], [ -122.218988025789002, 37.7749368960026 ], [ -122.219050291613996, 37.774854453575699 ], [ -122.219112557439999, 37.774772011056903 ], [ -122.219038494938005, 37.774736541176502 ], [ -122.218831985728997, 37.774637640943297 ], [ -122.218955612776995, 37.774474241472198 ], [ -122.218777850555, 37.774389132985398 ], [ -122.218528463859002, 37.774718748005697 ], [ -122.218350701636993, 37.774633639090297 ], [ -122.218122331925997, 37.774524300230098 ], [ -122.218104548875999, 37.774547857656799 ], [ -122.218095737301994, 37.774559675775301 ], [ -122.217928858169998, 37.774479776339398 ], [ -122.218001013548005, 37.774386032888003 ], [ -122.217923983012994, 37.774349151233601 ], [ -122.217775847229007, 37.774278225251201 ], [ -122.217983295178001, 37.774008712572098 ], [ -122.217805532057994, 37.773923601419199 ], [ -122.217625142263998, 37.774157960225601 ], [ -122.217589065024001, 37.774204831045701 ], [ -122.217264294404004, 37.774047327647096 ], [ -122.217192139025997, 37.7741410693978 ], [ -122.217129002731994, 37.774223092977103 ], [ -122.217065866439, 37.774305116465399 ], [ -122.217061437745002, 37.774302969258599 ], [ -122.217080301468002, 37.774278463119799 ], [ -122.216877054939999, 37.774162035950297 ], [ -122.216385618987005, 37.773880520717199 ], [ -122.216789002075004, 37.773436887860598 ], [ -122.216610639779006, 37.773351486343202 ], [ -122.216268463402997, 37.773727804567102 ], [ -122.216085552037995, 37.773623943203702 ], [ -122.215958920125004, 37.773552038769701 ], [ -122.215875644502006, 37.7734589324889 ], [ -122.216215072034004, 37.773162083542097 ], [ -122.216545961079007, 37.772999787805503 ], [ -122.216701442385997, 37.772794845650502 ], [ -122.216993083137993, 37.772572415280898 ], [ -122.217108391786994, 37.772627626183798 ], [ -122.217366123830999, 37.772287898190903 ], [ -122.217510297146006, 37.772177937385798 ], [ -122.217613862118995, 37.772227524078303 ], [ -122.217477129548996, 37.772407759386198 ], [ -122.217551193847996, 37.772443221863 ], [ -122.217773389439003, 37.772549609901198 ], [ -122.217195810440003, 37.773310940238801 ], [ -122.217373568170004, 37.773396050676901 ], [ -122.217553259075004, 37.773159194282897 ], [ -122.217878822906997, 37.773315140981602 ], [ -122.217923683874005, 37.7733366296657 ], [ -122.218026937131, 37.773386088479697 ], [ -122.218145429407997, 37.773442846003199 ], [ -122.218294870443998, 37.773514427464903 ], [ -122.218115266675994, 37.773751172661498 ], [ -122.218302998401001, 37.773855307219101 ], [ -122.218471216023005, 37.773601400161098 ], [ -122.218590151170005, 37.773444624002003 ], [ -122.219033418557999, 37.7736565272184 ], [ -122.219012605491997, 37.773683959015202 ], [ -122.219309805917007, 37.773826033590801 ], [ -122.219229489344002, 37.7739319055568 ], [ -122.219033192183005, 37.774190659033998 ], [ -122.219210953506007, 37.774275767039299 ], [ -122.219568641093005, 37.773804270255702 ], [ -122.219939075772999, 37.773981140304201 ], [ -122.220310210240996, 37.774158341525997 ], [ -122.220243280362993, 37.774246568843303 ], [ -122.219901637584996, 37.774083448270602 ], [ -122.219834695130999, 37.774171669996797 ], [ -122.219923640920001, 37.774214137750803 ], [ -122.220012586709998, 37.774256606190498 ], [ -122.220176350483996, 37.774334796765501 ], [ -122.219951987258995, 37.774630550364002 ], [ -122.220129751277, 37.774715656442801 ], [ -122.220353672531004, 37.774420484008999 ], [ -122.220723460425006, 37.774597269507197 ], [ -122.220678832122005, 37.774656084541 ], [ -122.220752929658005, 37.7746915075966 ], [ -122.220827026296007, 37.774726931345299 ], [ -122.220901122933995, 37.774762354366899 ], [ -122.221049789621006, 37.7748334268653 ], [ -122.220870208310998, 37.775070153637401 ], [ -122.221047975025002, 37.775155259210202 ], [ -122.221271073422002, 37.774861165677002 ], [ -122.221564890791996, 37.7750018292543 ], [ -122.222040938603996, 37.775229731032503 ], [ -122.222015059038995, 37.775263845908597 ], [ -122.221817842003006, 37.7755238259397 ], [ -122.221965982277993, 37.775594745756798 ], [ -122.222233697300993, 37.775241831640301 ], [ -122.222375911390003, 37.775309913676097 ], [ -122.222501830938, 37.775370195096002 ], [ -122.222234116813993, 37.775723110019698 ], [ -122.222404478713997, 37.775804666767201 ], [ -122.222582955096996, 37.775569390124701 ], [ -122.222731095371998, 37.775640309188098 ], [ -122.222885800534996, 37.775714369407702 ], [ -122.222707325051005, 37.7759496470089 ], [ -122.222885095357995, 37.776034748729103 ], [ -122.223012498025, 37.7760957388858 ], [ -122.223191026508999, 37.7758603907455 ], [ -122.223265097096004, 37.775895850146199 ], [ -122.223359907985994, 37.775941237302099 ], [ -122.223416972566, 37.775968554644997 ], [ -122.223486301845, 37.775877159763802 ], [ -122.223597201561006, 37.775930248730702 ], [ -122.223707855140006, 37.775784375929398 ], [ -122.223648311209999, 37.775755872039603 ], [ -122.223611532384993, 37.775738265145002 ], [ -122.223302820049994, 37.775590479819698 ], [ -122.223300816806997, 37.775589483629602 ], [ -122.223299810693007, 37.7755889539376 ], [ -122.223298816257994, 37.775588410044797 ], [ -122.223297833500993, 37.775587852661097 ], [ -122.223296863320996, 37.775587281786699 ], [ -122.223295905716995, 37.775586697421403 ], [ -122.223294960689003, 37.775586100275397 ], [ -122.223294030035007, 37.775585489638502 ], [ -122.223293111955996, 37.775584866220903 ], [ -122.223292208250996, 37.775584230732498 ], [ -122.223291318918996, 37.775583582463398 ], [ -122.223290443061998, 37.775582921413402 ], [ -122.223289582475999, 37.775582249002802 ], [ -122.223288737160999, 37.775581564521403 ], [ -122.223287906218999, 37.775580868679398 ], [ -122.223287091447006, 37.775580161476597 ], [ -122.223286291947005, 37.775579442913198 ], [ -122.223285508616001, 37.775578713699097 ], [ -122.223284740555997, 37.7755779731243 ], [ -122.223283989565005, 37.775577222608902 ], [ -122.223283255640993, 37.775576461442803 ], [ -122.223282537887002, 37.775575690336197 ], [ -122.223281838099993, 37.775574909288899 ], [ -122.223281154481995, 37.775574118301101 ], [ -122.22328048883, 37.775573318792702 ], [ -122.223279841145001, 37.775572510053699 ], [ -122.223279210526997, 37.7755716920841 ], [ -122.223278598774996, 37.775570865594098 ], [ -122.223278004988003, 37.775570030583502 ], [ -122.223277429167993, 37.7755691877624 ], [ -122.223276873111004, 37.775568337130899 ], [ -122.223276335020003, 37.775567478688899 ], [ -122.223275815793997, 37.775566613146403 ], [ -122.223275316330998, 37.775565740503502 ], [ -122.223274835731999, 37.775564860760099 ], [ -122.223274374895993, 37.775563974626401 ], [ -122.223273932924997, 37.775563082812198 ], [ -122.223273510716993, 37.775562184607701 ], [ -122.223273109169995, 37.775561280722897 ], [ -122.223272726488005, 37.775560371157603 ], [ -122.223272364466993, 37.775559456622098 ], [ -122.223272022207993, 37.775558537116297 ], [ -122.223271700612003, 37.775557613350102 ], [ -122.223271399675994, 37.775556684613697 ], [ -122.223271118503007, 37.775555752327101 ], [ -122.223270857992006, 37.7755548164901 ], [ -122.223270619039994, 37.7755538771031 ], [ -122.223270399851003, 37.775552934165702 ], [ -122.223270201323004, 37.775551988388202 ], [ -122.223270024355003, 37.775551040480501 ], [ -122.223269867149995, 37.775550089732697 ], [ -122.223269731504004, 37.7755491368547 ], [ -122.223269617417998, 37.775548182556598 ], [ -122.223269523094999, 37.775547226838398 ], [ -122.223269451229996, 37.775546270410103 ], [ -122.223269399128, 37.775545312561697 ], [ -122.223269368584994, 37.775544354003401 ], [ -122.223269359602, 37.775543395444998 ], [ -122.223269371279997, 37.775542436886496 ], [ -122.223269403619, 37.775541478328101 ], [ -122.223269457518001, 37.775540520479701 ], [ -122.223269532078007, 37.7755395640513 ], [ -122.223269628197997, 37.7755386083331 ], [ -122.223269744979007, 37.7755376540348 ], [ -122.223269882420993, 37.775536701866699 ], [ -122.223270041423007, 37.775535751828698 ], [ -122.223270221085997, 37.775534803920799 ], [ -122.223270421411002, 37.775533858143099 ], [ -122.223270642396002, 37.775532915915498 ], [ -122.223270884941002, 37.7755319765281 ], [ -122.223271147248994, 37.7755310406909 ], [ -122.223271430219, 37.775530109114001 ], [ -122.223271733849003, 37.775529181087201 ], [ -122.223272057242994, 37.775528257320801 ], [ -122.223272401296995, 37.775527338524597 ], [ -122.223272766012997, 37.775526424698697 ], [ -122.223273149593993, 37.7755255158431 ], [ -122.223273553835995, 37.7755246119577 ], [ -122.223273978739002, 37.7755237144628 ], [ -122.223274421609005, 37.775522823358301 ], [ -122.223274885139006, 37.775521937934101 ], [ -122.223275367534995, 37.775521058900203 ], [ -122.223275869692998, 37.775520186966801 ], [ -122.223276390715995, 37.775519322133803 ], [ -122.223276930603006, 37.775518464401202 ], [ -122.223277489354999, 37.775517614479199 ], [ -122.223278066074002, 37.775516772367602 ], [ -122.223278661657005, 37.775515938776401 ], [ -122.223279276103995, 37.775515112995798 ], [ -122.223482018677004, 37.775247840050802 ], [ -122.223750154111997, 37.774894357658802 ], [ -122.223822595154004, 37.774798858068401 ], [ -122.223876862381005, 37.774727316193001 ], [ -122.225447343873, 37.775640875091803 ], [ -122.225405670129007, 37.775689438421701 ] ] ] ] } },
{ "type": "Feature", "properties": { "FID": 9, "BID": "Lakeshore", "Shp__Ar": 75025.98828125, "Shp__Ln": 2311.2607615598608 }, "geometry": { "type": "MultiPolygon", "coordinates": [ [ [ [ -122.242479271403994, 37.811564768184603 ], [ -122.242296833450993, 37.811657222507201 ], [ -122.242173275574004, 37.811568981656698 ], [ -122.241875892791001, 37.811879729701197 ], [ -122.241741618012, 37.811784023834498 ], [ -122.241438372822998, 37.8115678809164 ], [ -122.241299607366003, 37.8114858086537 ], [ -122.241466535906, 37.811310503828999 ], [ -122.241880903593, 37.8115555783153 ], [ -122.241882136081998, 37.811556326336202 ], [ -122.241882985887997, 37.811556864996398 ], [ -122.241883823118002, 37.811557415011798 ], [ -122.241884648669995, 37.811557977092001 ], [ -122.241885461644998, 37.811558550527401 ], [ -122.241886262044005, 37.811559134608203 ], [ -122.241887048967996, 37.811559730044202 ], [ -122.241887822417993, 37.811560336125602 ], [ -122.241888583291001, 37.811560952852503 ], [ -122.241889329790993, 37.811561580224797 ], [ -122.241890062815997, 37.811562217532902 ], [ -122.241890781468001, 37.811562864776803 ], [ -122.241891485747004, 37.811563521956302 ], [ -122.241892175653007, 37.811564189071703 ], [ -122.241892850287996, 37.811564865413096 ], [ -122.24189351055, 37.8115655516903 ], [ -122.241894155539995, 37.811566245774102 ], [ -122.241894785259007, 37.811566949793701 ], [ -122.241895398809007, 37.811567661619897 ], [ -122.241895997086999, 37.811568381962601 ], [ -122.241896579195, 37.811569110821502 ], [ -122.241897145134004, 37.8115698474871 ], [ -122.241897695801001, 37.811570591959402 ], [ -122.241898228501995, 37.811571344238402 ], [ -122.241898745032998, 37.811572102904599 ], [ -122.241899245395004, 37.8115728693775 ], [ -122.241899727789999, 37.811573642237597 ], [ -122.241900194015997, 37.811574422194703 ], [ -122.241900642274999, 37.8115752078293 ], [ -122.241901074365003, 37.8115759998513 ], [ -122.241901488487997, 37.811576797550799 ], [ -122.241901883747005, 37.811577600927897 ], [ -122.241902262836007, 37.811578409982502 ], [ -122.24190262306, 37.811579224005001 ], [ -122.241902966216998, 37.811580042995402 ], [ -122.241903290509001, 37.811580866244 ], [ -122.241903597732005, 37.811581693750703 ], [ -122.241903885192997, 37.811582526225301 ], [ -122.241904155585999, 37.811583361538602 ], [ -122.241904407114006, 37.8115842011102 ], [ -122.241904639777999, 37.811585043520502 ], [ -122.241904854474996, 37.811585889479304 ], [ -122.241905049409993, 37.811586738276901 ], [ -122.241905227276007, 37.811587589913202 ], [ -122.241905385379994, 37.811588442968997 ], [ -122.241905524619, 37.811589298863503 ], [ -122.241905644992997, 37.811590156177402 ], [ -122.241905746501999, 37.811591015620401 ], [ -122.241905830045994, 37.811591875772997 ], [ -122.241905893826001, 37.811592736635397 ], [ -122.241905938741994, 37.811593598917199 ], [ -122.241905964793006, 37.811594461198901 ], [ -122.241905971980003, 37.8115953241903 ], [ -122.241905959402999, 37.811596187181699 ], [ -122.241905928860007, 37.811597049463401 ], [ -122.241905878555002, 37.811597911035399 ], [ -122.241905809385003, 37.8115987718977 ], [ -122.241905722248006, 37.811599632050303 ], [ -122.241905615348003, 37.811600490783398 ], [ -122.241905489583999, 37.811601348097199 ], [ -122.241905344955995, 37.811602202572203 ], [ -122.241905182360995, 37.8116030556277 ], [ -122.241905000002006, 37.811603906554197 ], [ -122.241904799677997, 37.811604754641898 ], [ -122.241904580489006, 37.8116055991811 ], [ -122.241904342436001, 37.811606441591103 ], [ -122.241904086416, 37.8116072797431 ], [ -122.241903811531003, 37.811608114346498 ], [ -122.241903517782006, 37.811608945401403 ], [ -122.241903206965006, 37.811609772198103 ], [ -122.241902877282996, 37.811610594026902 ], [ -122.241902530534006, 37.811611412307201 ], [ -122.241902164918997, 37.81161222491 ], [ -122.241901781338996, 37.811613031835201 ], [ -122.241901380689995, 37.8116138337924 ], [ -122.241891364474995, 37.811624504081699 ], [ -122.241893338072998, 37.8116250512577 ], [ -122.242139405494001, 37.811365917154703 ], [ -122.242085924294003, 37.811334287278903 ], [ -122.242295259602997, 37.811113258168902 ], [ -122.242351294713998, 37.811146165601599 ], [ -122.242609191149995, 37.8110570001081 ], [ -122.242411254564004, 37.8109421971944 ], [ -122.242510289332998, 37.810837202924198 ], [ -122.242699130477007, 37.810678329087096 ], [ -122.242811314784007, 37.8107624036152 ], [ -122.243051142506999, 37.810736472413303 ], [ -122.242907733658996, 37.810607987282999 ], [ -122.242844685400001, 37.810560716565099 ], [ -122.242983724843, 37.810444623340402 ], [ -122.24302212872, 37.810464113337403 ], [ -122.243197094486007, 37.810552908370198 ], [ -122.243296146323004, 37.810428330573302 ], [ -122.243538714805993, 37.810545445801701 ], [ -122.243549227789998, 37.810538336666497 ], [ -122.243686471499998, 37.8104455204112 ], [ -122.243823716109006, 37.810352704039197 ], [ -122.243960959820001, 37.8102598875506 ], [ -122.244098203530996, 37.810167070945297 ], [ -122.244270069210998, 37.810050839417599 ], [ -122.244313401246004, 37.809955006270798 ], [ -122.243850266715995, 37.809731400315798 ], [ -122.244034947762003, 37.809499119522698 ], [ -122.245044248103, 37.8098254545001 ], [ -122.244928228887005, 37.810045427155799 ], [ -122.244974725686006, 37.810045044621198 ], [ -122.245058434298002, 37.810044356200699 ], [ -122.245155001393996, 37.8098612631061 ], [ -122.245703610622996, 37.810038638052497 ], [ -122.245991538637995, 37.810131728767701 ], [ -122.246214596610997, 37.810060282841299 ], [ -122.247067268495996, 37.810322335592197 ], [ -122.247196649252999, 37.810376728388903 ], [ -122.247235334302005, 37.810402250925101 ], [ -122.247279534108998, 37.810441423976897 ], [ -122.247316940855995, 37.810486191632798 ], [ -122.247347814156001, 37.810547538017801 ], [ -122.247545985201995, 37.811097394918903 ], [ -122.247565763409995, 37.811128690626802 ], [ -122.247577199861993, 37.811143409122103 ], [ -122.247403202479006, 37.811203561954301 ], [ -122.246973748485004, 37.811352028342199 ], [ -122.246971867412995, 37.811352652877602 ], [ -122.246970742721999, 37.8113530020496 ], [ -122.246969609946007, 37.811353335608203 ], [ -122.246968469983997, 37.8113536528437 ], [ -122.246967322835005, 37.811353955175598 ], [ -122.246966169399002, 37.811354241184397 ], [ -122.246965009674, 37.811354510870103 ], [ -122.246963844559005, 37.811354764942401 ], [ -122.246962674054004, 37.811355002691599 ], [ -122.246961499056994, 37.811355224117797 ], [ -122.246960317773002, 37.811355429220797 ], [ -122.246959133792998, 37.811355618000803 ], [ -122.246957945321995, 37.811355790457696 ], [ -122.246956752360006, 37.8113559458819 ], [ -122.246955557600003, 37.811356085692601 ], [ -122.246954359247994, 37.811356208470599 ], [ -122.2469531582, 37.811356314215701 ], [ -122.246951955355996, 37.811356403637802 ], [ -122.246950750715001, 37.811356476736798 ], [ -122.246949543379003, 37.811356532803103 ], [ -122.246948336941998, 37.811356572546202 ], [ -122.246947128708001, 37.811356595256598 ], [ -122.246945920474005, 37.811356600934197 ], [ -122.246944712239994, 37.811356590288703 ], [ -122.246943504005998, 37.811356563320103 ], [ -122.246942297567998, 37.811356518609102 ], [ -122.246941091131006, 37.811356457575002 ], [ -122.246939886489997, 37.811356380217802 ], [ -122.246938684544006, 37.811356285827799 ], [ -122.246937484395005, 37.811356175114703 ], [ -122.246936286042001, 37.811356048078501 ], [ -122.246935092181005, 37.811355904009602 ], [ -122.246933901014998, 37.811355742907899 ], [ -122.246932713443002, 37.811355566192802 ], [ -122.246931529462998, 37.811355372444901 ], [ -122.246930350873001, 37.811355163083697 ], [ -122.246929176774998, 37.811354936689597 ], [ -122.246928007169004, 37.811354694682201 ], [ -122.246926843850005, 37.811354435642002 ], [ -122.246925685921994, 37.811354161698098 ], [ -122.246924534282002, 37.811353870721398 ], [ -122.246923389827998, 37.811353564131402 ], [ -122.246922251662994, 37.811353241927897 ], [ -122.246921120683993, 37.811352904111097 ], [ -122.246919997790002, 37.811352550680901 ], [ -122.246918882979998, 37.811352181637297 ], [ -122.246917775358, 37.811351796980297 ], [ -122.246916677615999, 37.8113513974196 ], [ -122.246915587960004, 37.811350982955297 ], [ -122.246914508185, 37.811350552877599 ], [ -122.246913437393005, 37.811350107896097 ], [ -122.246912377380994, 37.8113496487207 ], [ -122.246911327250999, 37.811349174641599 ], [ -122.246910287001, 37.8113486856588 ], [ -122.246909258429994, 37.811348183191797 ], [ -122.246908240639002, 37.811347665821003 ], [ -122.246907235424004, 37.811347134965999 ], [ -122.246906240989006, 37.811346589916901 ], [ -122.246905259130997, 37.8113460313836 ], [ -122.246904289848999, 37.811345459365903 ], [ -122.246903332244997, 37.811344873864101 ], [ -122.246902389013997, 37.811344274877797 ], [ -122.246901458359005, 37.811343663117 ], [ -122.246900541179002, 37.811343039291401 ], [ -122.246885106326005, 37.8113323405735 ], [ -122.247056203946002, 37.811175648712698 ], [ -122.247004859838, 37.8110506667267 ], [ -122.246881634337001, 37.810965256865998 ], [ -122.246904430884001, 37.8109445896037 ], [ -122.246815796809997, 37.810883155545397 ], [ -122.246774086235007, 37.8108542457583 ], [ -122.246643726314005, 37.8107638904469 ], [ -122.246706336193995, 37.810667352777998 ], [ -122.246675527573004, 37.8106548307277 ], [ -122.246552293088996, 37.810604744634503 ], [ -122.246398249085999, 37.810542137147699 ], [ -122.246310383072, 37.810506425392099 ], [ -122.246337023509994, 37.8102856975595 ], [ -122.246337257969998, 37.810284024774298 ], [ -122.246337420564998, 37.810283075183001 ], [ -122.246337603821004, 37.810282127720797 ], [ -122.246337807738996, 37.810281182387698 ], [ -122.246338032317993, 37.810280240603198 ], [ -122.246338278455994, 37.810279302367199 ], [ -122.246338544357002, 37.810278366970003 ], [ -122.246338830919996, 37.810277435831097 ], [ -122.246339138143995, 37.810276508240698 ], [ -122.246339466028999, 37.8102755856182 ], [ -122.246339813676997, 37.810274667254099 ], [ -122.246340181088001, 37.810273754567497 ], [ -122.246340569159997, 37.810272846849003 ], [ -122.246340976995, 37.810271944098403 ], [ -122.246341404592997, 37.8102710477351 ], [ -122.246341851954, 37.810270157049601 ], [ -122.246342318179998, 37.810269272751398 ], [ -122.246342805067002, 37.810268395550303 ], [ -122.246343309919993, 37.810267524736503 ], [ -122.246343834536006, 37.810266661019902 ], [ -122.246344378017, 37.810265804400402 ], [ -122.246344940361993, 37.810264956297303 ], [ -122.246345520673998, 37.810264115291297 ], [ -122.246346119850003, 37.810263282801898 ], [ -122.246346736993004, 37.810262458828902 ], [ -122.246347372101994, 37.810261643372499 ], [ -122.246348025176999, 37.810260837142202 ], [ -122.246348696218007, 37.810260039428499 ], [ -122.246349385225997, 37.810259251650699 ], [ -122.246350090403993, 37.810258473099204 ], [ -122.246350812648998, 37.810257705193202 ], [ -122.246351551963002, 37.810256946513498 ], [ -122.246352308344001, 37.810256199189098 ], [ -122.246353079996993, 37.810255461800701 ], [ -122.246353868718003, 37.810254735057903 ], [ -122.246354672709998, 37.810254019670403 ], [ -122.246355492871999, 37.810253315638299 ], [ -122.246356328304998, 37.810252622961499 ], [ -122.246357178110998, 37.810251941640097 ], [ -122.246358043189005, 37.810251272383802 ], [ -122.246358923537997, 37.810250615192501 ], [ -122.246359817362006, 37.810249970066302 ], [ -122.246360725558006, 37.8102493377149 ], [ -122.246361647230003, 37.810248718138197 ], [ -122.246362582375994, 37.8102481113363 ], [ -122.246363530997002, 37.8102475173092 ], [ -122.246364492194004, 37.810246936766497 ], [ -122.246365466865996, 37.810246369708302 ], [ -122.246366453216993, 37.810245816134596 ], [ -122.246367451245007, 37.8102452760454 ], [ -122.246368461849997, 37.810244750150403 ], [ -122.246369483234005, 37.810244238449599 ], [ -122.246370516297006, 37.810243740943001 ], [ -122.246371559240998, 37.810243257630503 ], [ -122.246372613863002, 37.810242788512397 ], [ -122.246373677468, 37.810242334298003 ], [ -122.246374751852997, 37.810241894987598 ], [ -122.246375835221002, 37.810241470581097 ], [ -122.246376927572996, 37.810241061788098 ], [ -122.246378028907003, 37.810240667189497 ], [ -122.246379139224999, 37.810240288914102 ], [ -122.246380257628005, 37.810239925542596 ], [ -122.246381383216999, 37.810239577075102 ], [ -122.246382516891003, 37.810239244930798 ], [ -122.246383656852998, 37.810238928400203 ], [ -122.246384804900003, 37.810238628192899 ], [ -122.246385958336006, 37.810238343599202 ], [ -122.246387118060994, 37.8102380746191 ], [ -122.246388284074996, 37.810237821962403 ], [ -122.246389454579997, 37.810237585628997 ], [ -122.246390631373004, 37.810237365618903 ], [ -122.246391811758997, 37.8102371619322 ], [ -122.246392996636999, 37.810236974568703 ], [ -122.246394186006, 37.810236803528703 ], [ -122.246395378071, 37.810236648811902 ], [ -122.246396573728006, 37.810236511128103 ], [ -122.246397772080996, 37.810236389767702 ], [ -122.246398973127995, 37.810236284730699 ], [ -122.246400176871006, 37.810236196726599 ], [ -122.246401381512001, 37.810236125045897 ], [ -122.246402587949007, 37.810236070398197 ], [ -122.246403795285005, 37.810236032073902 ], [ -122.246405003519001, 37.810236010782603 ], [ -122.246406211752998, 37.810236006524399 ], [ -122.246407419986994, 37.8102360185894 ], [ -122.246408627323007, 37.810236047687603 ], [ -122.246409834657996, 37.810236093108998 ], [ -122.246411040197003, 37.810236154853698 ], [ -122.246412244837998, 37.810236234341303 ], [ -122.246413446784004, 37.810236330152101 ], [ -122.246414646933005, 37.810236442286303 ], [ -122.246415844387997, 37.810236570743797 ], [ -122.246417038249007, 37.8102367162343 ], [ -122.246418229414999, 37.810236878048201 ], [ -122.246419416988005, 37.810237056895097 ], [ -122.246420600069001, 37.810237251355602 ], [ -122.246421778658004, 37.810237462849202 ], [ -122.246422951857994, 37.810237689956402 ], [ -122.246424120566004, 37.810237933386901 ], [ -122.246425283885003, 37.810238193850402 ], [ -122.246426440915002, 37.810238469217801 ], [ -122.246427591656996, 37.810238760908597 ], [ -122.246428736110005, 37.810239068922698 ], [ -122.246429873376997, 37.8102393925505 ], [ -122.246431004355998, 37.810239731791803 ], [ -122.246432126352005, 37.8102400866468 ], [ -122.246433241161, 37.810240457115299 ], [ -122.246434346987996, 37.810240842487801 ], [ -122.246435444729002, 37.810241243473897 ], [ -122.246436537978994, 37.810241652266797 ], [ -122.246374557817006, 37.810216342588198 ], [ -122.246246264022005, 37.810163954605898 ], [ -122.246221651978999, 37.810172378870803 ], [ -122.246004245308001, 37.810246797663403 ], [ -122.246006768675002, 37.810245971561102 ], [ -122.246008179029999, 37.810245541476903 ], [ -122.246009597470007, 37.810245131264701 ], [ -122.246011025791006, 37.8102447402145 ], [ -122.246012461299003, 37.810244369036297 ], [ -122.246013905789994, 37.810244018439597 ], [ -122.246015357467996, 37.810243687714802 ], [ -122.246016816332002, 37.810243376861798 ], [ -122.246018281483998, 37.810243085880799 ], [ -122.246019752923999, 37.810242816191 ], [ -122.246021230653, 37.810242566373198 ], [ -122.246022712873, 37.810242337136799 ], [ -122.246024199584994, 37.810242128482102 ], [ -122.246025691686995, 37.810241940409 ], [ -122.246027187381998, 37.8102417729175 ], [ -122.246028686670002, 37.810241626007503 ], [ -122.246030188652995, 37.810241500388898 ], [ -122.246031692432993, 37.810241395351802 ], [ -122.246033199806007, 37.810241310896402 ], [ -122.246034708077005, 37.810241247732201 ], [ -122.246036217246996, 37.810241205149602 ], [ -122.246037727314999, 37.810241183858302 ], [ -122.246039237383002, 37.810241183148598 ], [ -122.246040747451005, 37.810241203020396 ], [ -122.246042257518994, 37.810241244893298 ], [ -122.246043765790006, 37.810241306638098 ], [ -122.246045272264993, 37.810241389674097 ], [ -122.246046776943004, 37.810241493291798 ], [ -122.246048279825004, 37.810241618200699 ], [ -122.246049778214001, 37.810241763691302 ], [ -122.246051274807996, 37.8102419297634 ], [ -122.246052766011005, 37.810242116417101 ], [ -122.246054253620997, 37.810242323652297 ], [ -122.246055736740004, 37.810242551469301 ], [ -122.246057214467996, 37.810242800577399 ], [ -122.246058685909006, 37.810243069557501 ], [ -122.246060151959, 37.810243358409402 ], [ -122.246061610823006, 37.810243668552602 ], [ -122.246063063399006, 37.810243997858002 ], [ -122.246064507889997, 37.810244347744998 ], [ -122.246065944296006, 37.810244717503799 ], [ -122.246067372618, 37.810245107134499 ], [ -122.246068792854004, 37.810245515927399 ], [ -122.246070202311003, 37.810245944592097 ], [ -122.246071603683006, 37.8102463931288 ], [ -122.246072994274996, 37.810246860827498 ], [ -122.246074374087002, 37.810247347688502 ], [ -122.246075743118993, 37.810247853711601 ], [ -122.246077101371995, 37.810248378187197 ], [ -122.246078447048006, 37.8102489218249 ], [ -122.246079781047001, 37.810249483915101 ], [ -122.246081103367004, 37.810250063748001 ], [ -122.246082411314006, 37.810250662743101 ], [ -122.246083706684004, 37.810251279480902 ], [ -122.246084987681996, 37.810251913961501 ], [ -122.246086254307002, 37.810252565475103 ], [ -122.246087507455997, 37.810253235441103 ], [ -122.246088745335001, 37.810253922440197 ], [ -122.246089967044, 37.810254625762603 ], [ -122.246091174379004, 37.810255346827702 ], [ -122.246092364646998, 37.8102560842161 ], [ -122.246093538745001, 37.810256837218198 ], [ -122.246094696674007, 37.810257607253298 ], [ -122.246095836636002, 37.8102583929019 ], [ -122.246096960428005, 37.810259194164203 ], [ -122.246098065355994, 37.8102600110401 ], [ -122.246099152317001, 37.810260842819901 ], [ -122.246100220413993, 37.810261690213302 ], [ -122.246101270544997, 37.810262551091199 ], [ -122.246102301811007, 37.810263427582598 ], [ -122.246103312415002, 37.810264317558598 ], [ -122.246104304156006, 37.810265221728699 ], [ -122.246105275234001, 37.810266138673597 ], [ -122.246106226549998, 37.810267069812603 ], [ -122.246107157205003, 37.8102680137265 ], [ -122.246108066299996, 37.810268970415102 ], [ -122.246108954733998, 37.810269939168698 ], [ -122.246109822506, 37.8102709206971 ], [ -122.246110666923002, 37.810271913580898 ], [ -122.246111490678004, 37.810272917819901 ], [ -122.246112291974995, 37.810273934124098 ], [ -122.246113069916007, 37.810274961073802 ], [ -122.246113826298, 37.810275998669198 ], [ -122.246114559323004, 37.810277046200603 ], [ -122.246115268992, 37.810278103667798 ], [ -122.246115955305001, 37.8102791717806 ], [ -122.246116618260999, 37.810280247700298 ], [ -122.246117256963998, 37.8102813335558 ], [ -122.246117872309995, 37.810282427927902 ], [ -122.246118463401004, 37.810283530816498 ], [ -122.246119029339994, 37.810284641511799 ], [ -122.246119571921994, 37.810285760013898 ], [ -122.246120089352004, 37.810286886322899 ], [ -122.246120581628006, 37.810288019019197 ], [ -122.246121048752002, 37.810289158102798 ], [ -122.246121491622006, 37.810290304283498 ], [ -122.246121908440003, 37.810291456141996 ], [ -122.246122300105995, 37.810292612968297 ], [ -122.246122666618007, 37.810293775472303 ], [ -122.246123006180994, 37.810294942944203 ], [ -122.246123321490003, 37.810296114674401 ], [ -122.246123610748, 37.810297291372599 ], [ -122.246123873954005, 37.810298470909501 ], [ -122.246124111108998, 37.8102996547047 ], [ -122.246124321314994, 37.810300841338702 ], [ -122.246124506368005, 37.810302030811499 ], [ -122.246124665370004, 37.810303222413502 ], [ -122.246124797421999, 37.810304416144497 ], [ -122.246124903422995, 37.810305611294901 ], [ -122.246124983372994, 37.810306807864798 ], [ -122.246125037271995, 37.8103080051443 ], [ -122.246125064221999, 37.8103092031335 ], [ -122.246125065119998, 37.810310401832403 ], [ -122.246125039966998, 37.810311599821603 ], [ -122.246124987865002, 37.810312797101098 ], [ -122.246098086914998, 37.810536663177302 ], [ -122.245934075205994, 37.810592865567699 ], [ -122.24580696, 37.810636423792602 ], [ -122.245679844793997, 37.810679982701402 ], [ -122.245648065992, 37.810690872424601 ], [ -122.245520949888004, 37.810734430591602 ], [ -122.245362055881003, 37.810788878441699 ], [ -122.245203160974995, 37.8108433262516 ], [ -122.245044266069002, 37.810897774021299 ], [ -122.244885370264996, 37.810952221041198 ], [ -122.244726475359002, 37.811006668021001 ], [ -122.244567579554996, 37.811061114960602 ], [ -122.244440462553001, 37.811104672199498 ], [ -122.244408683751004, 37.811115561859999 ], [ -122.244313345549998, 37.811148229412602 ], [ -122.244249787049, 37.811170008009597 ], [ -122.244186387548993, 37.811191731953201 ], [ -122.244090890346001, 37.811224454119099 ], [ -122.244064037008002, 37.811233655384903 ], [ -122.243931993643997, 37.811278900188398 ], [ -122.243916263244998, 37.811284290359097 ], [ -122.243773096940998, 37.811333345507798 ], [ -122.243614200238994, 37.811387791496799 ], [ -122.243487082338007, 37.811431347833299 ], [ -122.243455302637997, 37.811442236735999 ], [ -122.243359963539007, 37.811474903434402 ], [ -122.243296405037995, 37.811496681934997 ], [ -122.243232845638005, 37.811518459719501 ], [ -122.243177232734993, 37.811537515098202 ], [ -122.243137508334996, 37.811551126384202 ], [ -122.243151233693993, 37.811576338376803 ], [ -122.243119577063993, 37.811587185386003 ], [ -122.243071784893999, 37.8116035609319 ], [ -122.242992458264993, 37.811630740895097 ], [ -122.242952612592006, 37.811644394036001 ], [ -122.242833439391006, 37.811685227117501 ], [ -122.242713214264, 37.811726419992198 ], [ -122.242479271403994, 37.811564768184603 ] ] ] ] } },
{ "type": "Feature", "properties": { "FID": 10, "BID": "Jack London", "Shp__Ar": 1511391.890625, "Shp__Ln": 6082.4213683949683 }, "geometry": { "type": "MultiPolygon", "coordinates": [ [ [ [ -122.278639901239004, 37.795110899278797 ], [ -122.278542999071007, 37.795265406222697 ], [ -122.278220927888995, 37.795757038694198 ], [ -122.281644932950996, 37.797101580023899 ], [ -122.283912432544, 37.797991690770097 ], [ -122.283761422151002, 37.7982347516743 ], [ -122.283856342635005, 37.798274144837798 ], [ -122.283049322235001, 37.799552635618099 ], [ -122.281881976795006, 37.799088899379299 ], [ -122.280679643770995, 37.800990694186503 ], [ -122.270621460859999, 37.797072727307203 ], [ -122.267158535389001, 37.795635210032898 ], [ -122.265195419150999, 37.794863737186603 ], [ -122.267066444598001, 37.7917737650261 ], [ -122.267346533015001, 37.791380638294697 ], [ -122.268215379067001, 37.789932104704498 ], [ -122.268272986228993, 37.790170543682201 ], [ -122.268481040541005, 37.790254643685799 ], [ -122.268501673944002, 37.790222605803301 ], [ -122.268907155994555, 37.790102998017773 ], [ -122.268973652774477, 37.790105993368215 ], [ -122.269584437611002, 37.790343971305603 ], [ -122.269627257604995, 37.790333401587297 ], [ -122.269690415279271, 37.790231598967956 ], [ -122.269702, 37.790223 ], [ -122.26974004004289, 37.790151609782505 ], [ -122.269862507025209, 37.789954207650077 ], [ -122.270262273435947, 37.790097713541115 ], [ -122.270275995483146, 37.790104519992589 ], [ -122.270125, 37.790333 ], [ -122.270221, 37.790333 ], [ -122.270381, 37.790339 ], [ -122.270547, 37.790383 ], [ -122.27117, 37.790724 ], [ -122.271218, 37.790845 ], [ -122.271287, 37.790889 ], [ -122.271535, 37.791061 ], [ -122.272346, 37.791625 ], [ -122.272575, 37.791647 ], [ -122.272748, 37.791719 ], [ -122.272879, 37.791812 ], [ -122.273004, 37.791917 ], [ -122.273135, 37.791994 ], [ -122.273308, 37.792049 ], [ -122.273681, 37.79221 ], [ -122.273793, 37.792258 ], [ -122.273837, 37.792306 ], [ -122.273903, 37.792378 ], [ -122.27398, 37.792499 ], [ -122.273986, 37.792664 ], [ -122.273944, 37.792818 ], [ -122.27391, 37.792944 ], [ -122.273965, 37.792963 ], [ -122.274463, 37.793134 ], [ -122.274935, 37.793296 ], [ -122.275212, 37.792851 ], [ -122.275316, 37.792895 ], [ -122.275088, 37.793278 ], [ -122.275052, 37.79334 ], [ -122.27517, 37.793401 ], [ -122.275031, 37.793692 ], [ -122.275863, 37.79403 ], [ -122.275924, 37.794055 ], [ -122.276188, 37.793659 ], [ -122.276049, 37.793588 ], [ -122.276215, 37.793357 ], [ -122.276596, 37.793522 ], [ -122.276485, 37.793703 ], [ -122.277357, 37.794061 ], [ -122.277427, 37.793995 ], [ -122.277471, 37.793979 ], [ -122.27751, 37.793995 ], [ -122.27753, 37.794044 ], [ -122.27751, 37.794116 ], [ -122.277433, 37.79427 ], [ -122.277944, 37.794492 ], [ -122.278153, 37.794583 ], [ -122.278513, 37.794534 ], [ -122.278596, 37.794568 ], [ -122.27890084964362, 37.794694813473285 ], [ -122.278639901239004, 37.795110899278797 ] ] ] ] } },
{ "type": "Feature", "properties": { "FID": 11, "BID": "Laurel", "Shp__Ar": 141955.31640625, "Shp__Ln": 4161.1827907061206 }, "geometry": { "type": "MultiPolygon", "coordinates": [ [ [ [ -122.200750266295003, 37.794145748858703 ], [ -122.200749578186006, 37.794146152771702 ], [ -122.200638276023994, 37.794211473061203 ], [ -122.200526972963999, 37.794276793292802 ], [ -122.200415669902995, 37.794342114176601 ], [ -122.200257337343004, 37.794172221123901 ], [ -122.200368829948005, 37.794107106660498 ], [ -122.200160957994001, 37.793887516001199 ], [ -122.200092372520999, 37.793813564143697 ], [ -122.199989800186998, 37.793702965242801 ], [ -122.199914793554996, 37.793622090552297 ], [ -122.199836922196994, 37.7936675690447 ], [ -122.199590415499998, 37.793401771542797 ], [ -122.199966835655005, 37.793181784807103 ], [ -122.199865499401994, 37.793070470826301 ], [ -122.199575741518998, 37.793239811291699 ], [ -122.199380768474995, 37.793029721155797 ], [ -122.199329462994001, 37.792974436756602 ], [ -122.199303807109999, 37.792946791347099 ], [ -122.199149883480999, 37.792780932160298 ], [ -122.199446902445999, 37.792610657151798 ], [ -122.199379068862996, 37.792536143211002 ], [ -122.199277734407005, 37.792424829677202 ], [ -122.198987977421993, 37.792594168073002 ], [ -122.198870991619003, 37.792468108986299 ], [ -122.198799165023999, 37.7923907106535 ], [ -122.198741703389004, 37.792328792638699 ], [ -122.198717076974006, 37.792302255823699 ], [ -122.198640120099995, 37.792219329457801 ], [ -122.198563163225998, 37.7921364029988 ], [ -122.198495431151997, 37.792063416251302 ], [ -122.198791312850005, 37.791890498812499 ], [ -122.198679273170995, 37.7917854412526 ], [ -122.198257989354005, 37.792031644650002 ], [ -122.198011719812001, 37.791766267905203 ], [ -122.198059871308004, 37.791738127251897 ], [ -122.198157403194998, 37.791681128925902 ], [ -122.198090708674997, 37.791609259093903 ], [ -122.198029143536004, 37.791542917102397 ], [ -122.197977839852001, 37.791487633010497 ], [ -122.197911134552001, 37.791415751632101 ], [ -122.198192859700001, 37.791251108603497 ], [ -122.198103728857006, 37.791132663673402 ], [ -122.197810994855004, 37.791303740716302 ], [ -122.197719818549004, 37.791203533729899 ], [ -122.197659041232001, 37.791136737042301 ], [ -122.197608384334998, 37.791081062914699 ], [ -122.197557620538007, 37.791025270902701 ], [ -122.197506910640001, 37.790969538479601 ], [ -122.197456200741996, 37.790913805304697 ], [ -122.197405641762003, 37.790858238203398 ], [ -122.197698401813994, 37.790687191364498 ], [ -122.197597102393004, 37.790575858717602 ], [ -122.197303701842003, 37.790747279930002 ], [ -122.197216526630996, 37.790670329160001 ], [ -122.197158411022002, 37.790619029075401 ], [ -122.196955003696004, 37.790439477788901 ], [ -122.196853919869994, 37.790350248250903 ], [ -122.196872880610997, 37.7903301743764 ], [ -122.196731631312005, 37.790205490057602 ], [ -122.196796276775004, 37.790164833934 ], [ -122.196707645396003, 37.790067421004103 ], [ -122.196551373570998, 37.789895664558898 ], [ -122.196832307302998, 37.789735293912898 ], [ -122.196731015067996, 37.789623964801002 ], [ -122.196450082233994, 37.789784334268802 ], [ -122.196369048806005, 37.789695271477797 ], [ -122.196359932701995, 37.789685251135097 ], [ -122.196287914766003, 37.789606096413998 ], [ -122.196277785362994, 37.789594962922898 ], [ -122.196206881337005, 37.7895170326982 ], [ -122.196135978209995, 37.789439101681403 ], [ -122.196194125260007, 37.789409310310702 ], [ -122.196123221234998, 37.789331379180297 ], [ -122.196065074185, 37.789361171292299 ], [ -122.195994171058004, 37.789283240111097 ], [ -122.195923267930993, 37.789205309557602 ], [ -122.195852364803997, 37.7891273782121 ], [ -122.195796655782004, 37.7890661467885 ], [ -122.195781461677001, 37.7890494474942 ], [ -122.195710559448003, 37.788971516694197 ], [ -122.195639656321006, 37.788893585811998 ], [ -122.195549070208003, 37.788794019450897 ], [ -122.195839927628995, 37.788644561395301 ], [ -122.195717149488999, 37.788509451206203 ], [ -122.195397254924998, 37.788673856132199 ], [ -122.195255680436006, 37.788517581904898 ], [ -122.195184894090005, 37.788439444667397 ], [ -122.195114106844997, 37.788361307347103 ], [ -122.195043320498996, 37.7882831699443 ], [ -122.194972534152996, 37.788205032458897 ], [ -122.194901747806995, 37.788126894890901 ], [ -122.194830961460994, 37.788048757240098 ], [ -122.194760176013006, 37.787970620216797 ], [ -122.194689472312007, 37.787892573981097 ], [ -122.194687509492994, 37.787890446336903 ], [ -122.194685383180996, 37.7878881419214 ], [ -122.194598358888001, 37.787932865743898 ], [ -122.194393130677, 37.787707050557998 ], [ -122.194495261040004, 37.787654667197501 ], [ -122.194565876705994, 37.787618375723298 ], [ -122.194392863876999, 37.787412822380297 ], [ -122.194124938648002, 37.787175268307898 ], [ -122.194337509689007, 37.787022245244501 ], [ -122.194403167553006, 37.787080459728799 ], [ -122.194607462414993, 37.786973345752102 ], [ -122.194884153404004, 37.7868341262445 ], [ -122.194674145256997, 37.786615847231602 ], [ -122.194743187973003, 37.786580410011801 ], [ -122.195328806893002, 37.786897162750499 ], [ -122.195348721645004, 37.786921575254397 ], [ -122.195131844081004, 37.787033039775203 ], [ -122.195303924458003, 37.787243000715897 ], [ -122.195303325281998, 37.787243305986102 ], [ -122.195511317609999, 37.787473470192502 ], [ -122.195581892852005, 37.787551568695498 ], [ -122.195523564341997, 37.787581541846698 ], [ -122.195624386757999, 37.7876931111511 ], [ -122.195671962434005, 37.7877465103887 ], [ -122.195714017962004, 37.787751719116002 ], [ -122.195745651235995, 37.787784990500803 ], [ -122.195798563802995, 37.787863387552903 ], [ -122.195888224651995, 37.787965706833198 ], [ -122.195934771756001, 37.787942060682497 ], [ -122.196005314659004, 37.788020122484198 ], [ -122.196166665559005, 37.788198668721002 ], [ -122.196217078114003, 37.788254453638203 ], [ -122.195926218897, 37.788403913902698 ], [ -122.196043527195002, 37.788539940789398 ], [ -122.196334462769002, 37.788390440334702 ], [ -122.196555382751995, 37.788633257379097 ], [ -122.196606027971001, 37.788688921992403 ], [ -122.196656674088004, 37.788744586563801 ], [ -122.196707319308004, 37.7888002510932 ], [ -122.196757964526995, 37.788855915580697 ], [ -122.196859255863004, 37.788967244429898 ], [ -122.196909901081995, 37.789022908791502 ], [ -122.196940288392994, 37.789056308098303 ], [ -122.197144101757999, 37.788950305162103 ], [ -122.197175825762002, 37.788985394807298 ], [ -122.197246397411007, 37.789063451247401 ], [ -122.197316969059997, 37.789141507605002 ], [ -122.197387541607, 37.789219563880202 ], [ -122.197458113256005, 37.789297620072901 ], [ -122.197528685802993, 37.789375676893002 ], [ -122.197775722505995, 37.789247192226597 ], [ -122.198139858199994, 37.789688120580898 ], [ -122.197871370626004, 37.789845199495701 ], [ -122.197947344743, 37.789928699999798 ], [ -122.198008123855999, 37.789995499909203 ], [ -122.197868840970003, 37.790076986956699 ], [ -122.197970140391007, 37.790188320355298 ], [ -122.198051180107996, 37.790277386811397 ], [ -122.198152480428007, 37.790388720617997 ], [ -122.198253780746995, 37.790500053546999 ], [ -122.197975213177997, 37.7906630285689 ], [ -122.198096810931006, 37.790796607122502 ], [ -122.198194308682005, 37.790739566186303 ], [ -122.198387634216004, 37.790626461711902 ], [ -122.198623355739997, 37.790885408054301 ], [ -122.19866639672, 37.790932689945798 ], [ -122.198795011214003, 37.790857408334801 ], [ -122.198856637438993, 37.790923714027201 ], [ -122.198923399332998, 37.790995544062 ], [ -122.198780807052998, 37.791079007061597 ], [ -122.198822787123007, 37.791125121764203 ], [ -122.198866940217002, 37.7911736245185 ], [ -122.198924115289998, 37.791236431576898 ], [ -122.198968272876002, 37.791284939937299 ], [ -122.199005177464997, 37.791325479022397 ], [ -122.199081174040003, 37.791408961526201 ], [ -122.199157169716003, 37.791492443935702 ], [ -122.199160806994996, 37.791496438487002 ], [ -122.199226324722005, 37.791568409942897 ], [ -122.199302674334007, 37.791652279061502 ], [ -122.199400282577997, 37.791595145790403 ], [ -122.199510291166007, 37.791713504082601 ], [ -122.199408397957995, 37.791771917899098 ], [ -122.199591187151995, 37.791969223025497 ], [ -122.199312357275005, 37.7921318973656 ], [ -122.199433957723002, 37.792265473263797 ], [ -122.199712797481993, 37.7921027928288 ], [ -122.199815817176997, 37.792215957513001 ], [ -122.199896882047, 37.792305004487901 ], [ -122.19998945703, 37.792251932251098 ], [ -122.200037146791999, 37.792224591820897 ], [ -122.200053158364, 37.792242180590797 ], [ -122.200118211662001, 37.792313638785402 ], [ -122.200182868802003, 37.792384662463398 ], [ -122.200199276530995, 37.7924026856425 ], [ -122.200247724470998, 37.792455903296599 ], [ -122.200318659936997, 37.792533823322998 ], [ -122.200389595404005, 37.792611742557298 ], [ -122.200460531768996, 37.792689662419299 ], [ -122.200531468132993, 37.792767582199197 ], [ -122.200602404497999, 37.792845501896899 ], [ -122.200673340863005, 37.792923420802502 ], [ -122.200744277227002, 37.793001340335799 ], [ -122.200807271586996, 37.793070535424903 ], [ -122.200815214490007, 37.793079259787 ], [ -122.201117258631996, 37.792902461701203 ], [ -122.201189159787006, 37.792979816195498 ], [ -122.200969456123005, 37.793107993384702 ], [ -122.201151863532999, 37.7933083544943 ], [ -122.201334395808999, 37.793551765866397 ], [ -122.201485856256994, 37.793713425159197 ], [ -122.201458904104001, 37.7937293106 ], [ -122.201361661473996, 37.7937866225273 ], [ -122.201236633953002, 37.793860309631299 ], [ -122.201298372468003, 37.793926553000098 ], [ -122.201187236493993, 37.793992052370001 ], [ -122.201372280458997, 37.794190597379298 ], [ -122.201460689954999, 37.7942741369842 ], [ -122.201066793075995, 37.794479266619703 ], [ -122.200996524158995, 37.794411121316301 ], [ -122.200750266295003, 37.794145748858703 ] ] ] ] } }
]
}
