{
"type": "FeatureCollection",
"name": "OAK_BIDs_ACS",
"crs": { "type": "name", "properties": { "name": "urn:ogc:def:crs:OGC:1.3:CRS84" } },
"features": [
{ "type": "Feature", "properties": { "FID": 1, "BID": "Downtown", "Shp__Ar": 669747.80078125, "Shp__Ln": 4944.7052162190803, "pop_count": 2606.0477952223173, "pop_count_coverage": 1.0, "total_households": 1476.5276684488354, "total_households_coverage": 1.0, "total_housing_units": 1821.54266323819, "total_housing_units_coverage": 1.0, "total_employed": null, "total_employed_coverage": 0.0, "purchasing_power_index": 122817815.78281641, "purchasing_power_index_coverage": 0.92022549698754041, "median_household_income": 94939.682354335207, "median_household_income_coverage": 0.92022549698754041, "median_home_value": 611215.61018717312, "median_home_value_coverage": 0.70861923933623916, "median_gross_rent": 2066.944186182905, "median_gross_rent_coverage": 1.0, "per_capita_income": 78153.692778501369, "per_capita_income_coverage": 1.0, "avg_household_size": 1.6093701180759201, "avg_household_size_coverage": 1.0, "median_age": 43.289312352335017, "median_age_coverage": 1.0, "median_year_built": 1992.4148890264066, "median_year_built_coverage": 1.0, "pop_density": 6243.3651969875782, "pop_density_coverage": 1.0, "pop_density_sqmi": 16170.248268560066, "pop_density_sqmi_coverage": 1.0, "purchasing_power_density": 828135531.63628316, "purchasing_power_density_coverage": 0.92022549698754041, "drive_alone_share": 0.22253814535084215, "drive_alone_share_coverage": 1.0, "active_transit_share": 0.0040743245045550443, "active_transit_share_coverage": 1.0, "zero_vehicle_rate": null, "zero_vehicle_rate_coverage": 0.0, "renter_share": 0.82262905349877447, "renter_share_coverage": 1.0, "foreign_born_share": null, "foreign_born_share_coverage": 0.0, "low_income_share": 0.32667195433991963, "low_income_share_coverage": 1.0, "retail_food_service_share": null, "retail_food_service_share_coverage": 0.0 }, "geometry": { "type": "MultiPolygon", "coordinates": [ [ [ [ -122.272777026774008, 37.806636494904282 ], [ -122.272501549409014, 37.807090020986507 ], [ -122.272196071907004, 37.807133039036437 ], [ -122.272394384886994, 37.80785045258078 ], [ -122.272409950894996, 37.807922203700976 ], [ -122.272139980201999, 37.80795650292059 ], [ -122.272020857308007, 37.807951102570698 ], [ -122.271776246056007, 37.807921585524255 ], [ -122.271041941583007, 37.807811887105544 ], [ -122.270640299429004, 37.807744588038908 ], [ -122.270750892820999, 37.807295859548773 ], [ -122.270676223058004, 37.807283997693055 ], [ -122.270710124578017, 37.807149341757246 ], [ -122.270212859458013, 37.807071848086771 ], [ -122.270092600194005, 37.807036232597099 ], [ -122.269781756155993, 37.806916992513692 ], [ -122.269456321682, 37.806821204981809 ], [ -122.269267290993, 37.806746584008607 ], [ -122.269132999145995, 37.806693664095569 ], [ -122.269071277699993, 37.806792272312009 ], [ -122.268450813130002, 37.806548546856526 ], [ -122.268286364839, 37.806484416364256 ], [ -122.268378223865, 37.806338444887793 ], [ -122.268490844754012, 37.806157284478019 ], [ -122.268587052523998, 37.806001155113989 ], [ -122.268039144879012, 37.80578174247136 ], [ -122.268014981096002, 37.805820455925549 ], [ -122.267548529986996, 37.805637194792304 ], [ -122.267417471177012, 37.805586787325645 ], [ -122.267492484995003, 37.805465783997818 ], [ -122.267370067079, 37.805424945347617 ], [ -122.266904780185996, 37.805242139607266 ], [ -122.267150536789998, 37.804848361299626 ], [ -122.266685269659988, 37.804665594588592 ], [ -122.266834238182, 37.804426858155814 ], [ -122.267299525075003, 37.804609631135733 ], [ -122.267513005211015, 37.804267565249475 ], [ -122.26704653074502, 37.804084288196698 ], [ -122.267084546549015, 37.804023377209084 ], [ -122.267551021015009, 37.804206650154491 ], [ -122.267674278854997, 37.804009144196698 ], [ -122.267987735193998, 37.803506866084589 ], [ -122.268142829328013, 37.803567800210871 ], [ -122.268301027140993, 37.803314303268273 ], [ -122.268576108348995, 37.80287350592009 ], [ -122.268728441959993, 37.802629403412958 ], [ -122.268782317521001, 37.802405422512507 ], [ -122.268912758290014, 37.802196397570555 ], [ -122.268936056995003, 37.802159061333889 ], [ -122.269565829908004, 37.80240466304231 ], [ -122.270031106020994, 37.802587458061616 ], [ -122.270186194765003, 37.802648390107343 ], [ -122.270339776135998, 37.802402271775918 ], [ -122.270462639615999, 37.802205378507686 ], [ -122.270834088493984, 37.80163912519857 ], [ -122.271251889542995, 37.801808930100158 ], [ -122.272123863527995, 37.800411579138384 ], [ -122.272529554388015, 37.799739061989847 ], [ -122.273371421337004, 37.800078147073506 ], [ -122.273515188613004, 37.799824467799411 ], [ -122.273590715369011, 37.799702386054982 ], [ -122.273666982335982, 37.799579120851796 ], [ -122.27374028486399, 37.79945469489757 ], [ -122.273820892491017, 37.799324773347728 ], [ -122.273517022074003, 37.799206955351792 ], [ -122.273559837578006, 37.799136078066311 ], [ -122.273866561042993, 37.798643782394855 ], [ -122.274283584150993, 37.798807268978706 ], [ -122.274748640177009, 37.798990346890598 ], [ -122.27567746135, 37.799355025648921 ], [ -122.275246345472013, 37.800046015497294 ], [ -122.275808611788008, 37.800266766838369 ], [ -122.275501597268018, 37.800758847980283 ], [ -122.275380782846014, 37.800957154055929 ], [ -122.275226739741001, 37.801204046622544 ], [ -122.275073683884003, 37.80144935552233 ], [ -122.275036300493994, 37.80151839648115 ], [ -122.275787519345002, 37.801805873740371 ], [ -122.275346647763016, 37.802509188778473 ], [ -122.274901229807995, 37.803210355720687 ], [ -122.277259435887004, 37.804137983627221 ], [ -122.276844577719984, 37.804819539999414 ], [ -122.274483042482998, 37.803912917093911 ], [ -122.273629252196002, 37.805287953049088 ], [ -122.272777026774008, 37.806636494904282 ] ] ] ] } },
{ "type": "Feature", "properties": { "FID": 2, "BID": "Chinatown", "Shp__Ar": 987399.2265625, "Shp__Ln": 4847.1901914129194, "pop_count": 4460.3047063395643, "pop_count_coverage": 1.0, "total_households": 2442.7871159518218, "total_households_coverage": 1.0, "total_housing_units": 2760.199260395807, "total_housing_units_coverage": 1.0, "total_employed": null, "total_employed_coverage": 0.0, "purchasing_power_index": 149339355.37489837, "purchasing_power_index_coverage": 0.99545684890645592, "median_household_income": 73161.775697813442, "median_household_income_coverage": 0.99545684890645592, "median_home_value": 607278.69576178875, "median_home_value_coverage": 0.64662836118913225, "median_gross_rent": 2161.7740010671614, "median_gross_rent_coverage": 0.90305977516597047, "per_capita_income": 66656.779358362735, "per_capita_income_coverage": 1.0, "avg_household_size": 1.8338744430672407, "avg_household_size_coverage": 0.90760292625951455, "median_age": 44.015003027672172, "median_age_coverage": 1.0, "median_year_built": 1976.036632295964, "median_year_built_coverage": 1.0, "pop_density": 7247.2172729472513, "pop_density_coverage": 1.0, "pop_density_sqmi": 18770.214277437703, "pop_density_sqmi_coverage": 1.0, "purchasing_power_density": 631330157.46731794, "purchasing_power_density_coverage": 0.99545684890645592, "drive_alone_share": 0.26533647030654212, "drive_alone_share_coverage": 1.0, "active_transit_share": 0.06318255665490341, "active_transit_share_coverage": 1.0, "zero_vehicle_rate": null, "zero_vehicle_rate_coverage": 0.0, "renter_share": 0.82947874217779338, "renter_share_coverage": 1.0, "foreign_born_share": null, "foreign_born_share_coverage": 0.0, "low_income_share": 0.30825559905152988, "low_income_share_coverage": 1.0, "retail_food_service_share": null, "retail_food_service_share_coverage": 0.0 }, "geometry": { "type": "MultiPolygon", "coordinates": [ [ [ [ -122.274049305320986, 37.798367869349534 ], [ -122.27355983847599, 37.799136077356515 ], [ -122.273495383455995, 37.7992427762048 ], [ -122.273798060909002, 37.799358330545218 ], [ -122.273666982335982, 37.799579120851796 ], [ -122.273393565706996, 37.800039072866085 ], [ -122.272688886774006, 37.799757122414434 ], [ -122.272502289621002, 37.799674945459429 ], [ -122.271834738059013, 37.800774851152688 ], [ -122.271226778935997, 37.801748801555703 ], [ -122.270846222936996, 37.801595022933697 ], [ -122.270186195662987, 37.802648390107315 ], [ -122.269565829908004, 37.80240466304231 ], [ -122.269513284751994, 37.802488865524367 ], [ -122.269290116286015, 37.802847322814884 ], [ -122.269038653584005, 37.802751216280718 ], [ -122.268728441959993, 37.802629403412958 ], [ -122.268576108348995, 37.802873506629894 ], [ -122.268265904809979, 37.802751680478124 ], [ -122.268342699087995, 37.802628625490762 ], [ -122.268032523396997, 37.802506757767489 ], [ -122.267679464828987, 37.803070096460992 ], [ -122.267431322299998, 37.802972602597308 ], [ -122.265065159841981, 37.802042903795943 ], [ -122.265310885004993, 37.801649114818602 ], [ -122.264845630451006, 37.801466301151756 ], [ -122.264876347443987, 37.801417076905338 ], [ -122.26441198042599, 37.801234611174259 ], [ -122.264258448462002, 37.801480745462996 ], [ -122.264135625406993, 37.801677656278393 ], [ -122.263887489166009, 37.801580152768949 ], [ -122.263421574350005, 37.801397071338677 ], [ -122.263264947691013, 37.801648458260502 ], [ -122.262462485341999, 37.801373628938869 ], [ -122.262392443699, 37.801051804289195 ], [ -122.26200488263801, 37.800535349752025 ], [ -122.261835741548012, 37.800151831451103 ], [ -122.261666454930989, 37.799689706696853 ], [ -122.261894204805017, 37.798835991120853 ], [ -122.260124957581993, 37.798144168684416 ], [ -122.260942573611018, 37.796748229828786 ], [ -122.263366785203004, 37.797700398944023 ], [ -122.265139811639003, 37.794856680491193 ], [ -122.274049305320986, 37.798367869349534 ] ] ] ] } },
{ "type": "Feature", "properties": { "FID": 3, "BID": "Lake Merritt", "Shp__Ar": 923483.5078125, "Shp__Ln": 5909.0557543391724, "pop_count": 4052.7088978297206, "pop_count_coverage": 1.0, "total_households": 2563.4902561821518, "total_households_coverage": 1.0, "total_housing_units": 3194.1689158073759, "total_housing_units_coverage": 1.0, "total_employed": null, "total_employed_coverage": 0.0, "purchasing_power_index": 265044318.66475669, "purchasing_power_index_coverage": 1.0, "median_household_income": 105463.86738946597, "median_household_income_coverage": 1.0, "median_home_value": 860998.82542003109, "median_home_value_coverage": 0.43841530757982289, "median_gross_rent": 2497.5823604342686, "median_gross_rent_coverage": 1.0, "per_capita_income": 102959.93242848314, "per_capita_income_coverage": 1.0, "avg_household_size": 1.5516607632523527, "avg_household_size_coverage": 1.0, "median_age": 36.677031771539021, "median_age_coverage": 1.0, "median_year_built": 2005.604971964131, "median_year_built_coverage": 1.0, "pop_density": 7042.7051663939656, "pop_density_coverage": 1.0, "pop_density_sqmi": 18240.530135544403, "pop_density_sqmi_coverage": 1.0, "purchasing_power_density": 1192917873.8814166, "purchasing_power_density_coverage": 1.0, "drive_alone_share": 0.26222539290777763, "drive_alone_share_coverage": 1.0, "active_transit_share": 0.022810334123847236, "active_transit_share_coverage": 1.0, "zero_vehicle_rate": null, "zero_vehicle_rate_coverage": 0.0, "renter_share": 0.92985747522067352, "renter_share_coverage": 1.0, "foreign_born_share": null, "foreign_born_share_coverage": 0.0, "low_income_share": 0.2104272753533033, "low_income_share_coverage": 1.0, "retail_food_service_share": null, "retail_food_service_share_coverage": 0.0 }, "geometry": { "type": "MultiPolygon", "coordinates": [ [ [ [ -122.265764851328001, 37.804700958545922 ], [ -122.265685028828997, 37.804828955701645 ], [ -122.266157108781996, 37.805014310503672 ], [ -122.266265691743996, 37.805058550549532 ], [ -122.266405407617995, 37.805111568871069 ], [ -122.266487454346006, 37.804980105735211 ], [ -122.266797641715996, 37.805101977184606 ], [ -122.266748490395017, 37.805180733453497 ], [ -122.267492484995003, 37.805465783997818 ], [ -122.267417471177012, 37.805586787325645 ], [ -122.267548529986996, 37.805637196211883 ], [ -122.268014982893007, 37.805820456635303 ], [ -122.268039144879012, 37.80578174247136 ], [ -122.268504433569007, 37.805964543327256 ], [ -122.268628368739002, 37.806017700109578 ], [ -122.268328820116992, 37.80650014859269 ], [ -122.268914504615012, 37.806730685042986 ], [ -122.269071292073008, 37.80679228082893 ], [ -122.269132729652, 37.806693835143975 ], [ -122.269267063719013, 37.806746609559383 ], [ -122.269456750178009, 37.806821129749032 ], [ -122.269603020161014, 37.80686500177567 ], [ -122.269783521346, 37.806916438915124 ], [ -122.270092266020995, 37.807037730149922 ], [ -122.270212859458013, 37.807071848086771 ], [ -122.270322775519006, 37.807088977668386 ], [ -122.270710124578017, 37.807149342467021 ], [ -122.270666040654021, 37.807282380909193 ], [ -122.270750891921992, 37.807295860258513 ], [ -122.270656647869018, 37.807693450984182 ], [ -122.271237910859014, 37.80778535017447 ], [ -122.271216976519014, 37.807872858134623 ], [ -122.271067757367007, 37.808461325659565 ], [ -122.270947814311015, 37.808597965015586 ], [ -122.270832122081984, 37.8090563250285 ], [ -122.270817125606996, 37.809157015248232 ], [ -122.271343536566008, 37.8092456379715 ], [ -122.271244053538993, 37.809832110196751 ], [ -122.269588420741002, 37.809574569501883 ], [ -122.26919364351302, 37.809426032826416 ], [ -122.269116892352997, 37.809518494795064 ], [ -122.269075466543995, 37.809584871743091 ], [ -122.268900163010983, 37.810248024751736 ], [ -122.268288503727021, 37.810156704911449 ], [ -122.268251206575002, 37.810218669727711 ], [ -122.26777805044, 37.810976778182564 ], [ -122.26773793886602, 37.811041566925596 ], [ -122.268036817343997, 37.81109788887121 ], [ -122.268602433477994, 37.811185976279788 ], [ -122.26848313631001, 37.811647983680366 ], [ -122.268409900258007, 37.811924489388012 ], [ -122.268338673738015, 37.812190498438255 ], [ -122.26851427102001, 37.812220091134492 ], [ -122.268455266078007, 37.812454407980987 ], [ -122.268373300199002, 37.812440594600226 ], [ -122.268332293003994, 37.812574064225331 ], [ -122.26825429678, 37.812883793900518 ], [ -122.268146948102995, 37.812865701911299 ], [ -122.268141756738999, 37.812886316119176 ], [ -122.26807402556301, 37.812874913617819 ], [ -122.267972290458985, 37.8132789075594 ], [ -122.268040021635017, 37.813290309998379 ], [ -122.267999327054, 37.813451907640712 ], [ -122.267830966600002, 37.813423563764225 ], [ -122.267756907692004, 37.813700266499431 ], [ -122.267735684993013, 37.813772018322382 ], [ -122.267969951246002, 37.813816682475156 ], [ -122.267873404810985, 37.814194341021228 ], [ -122.26707760347, 37.814060365489567 ], [ -122.266998355892994, 37.814362090236152 ], [ -122.266976853817994, 37.814458665654357 ], [ -122.266587779096, 37.814394824480715 ], [ -122.266688174812003, 37.813994799464197 ], [ -122.266518850465005, 37.813966293990333 ], [ -122.266349533305984, 37.813937788505463 ], [ -122.266180213451008, 37.813909275912906 ], [ -122.266146349660005, 37.81390357864462 ], [ -122.265909304918011, 37.813863667238529 ], [ -122.265829155431007, 37.814168812699222 ], [ -122.265630270223994, 37.814304251375368 ], [ -122.265552776158003, 37.814610337453828 ], [ -122.265437079437007, 37.814590787519805 ], [ -122.265359810847983, 37.814895952684438 ], [ -122.265333820790019, 37.814968884936604 ], [ -122.264605172111004, 37.814851031575905 ], [ -122.264228887601007, 37.815521902376837 ], [ -122.264041638272005, 37.815455758567019 ], [ -122.263967854246999, 37.815442416252267 ], [ -122.263916571224996, 37.815426757604833 ], [ -122.263849934197012, 37.815402609998252 ], [ -122.263817455608006, 37.815389166192496 ], [ -122.263769888016995, 37.815367337744604 ], [ -122.263723830494015, 37.815343560561423 ], [ -122.263685274802, 37.815322094027046 ], [ -122.263657261738004, 37.815305414151624 ], [ -122.263616663276991, 37.815278967202119 ], [ -122.263577863243, 37.815250868150684 ], [ -122.263540970332997, 37.815221198606409 ], [ -122.263517482981015, 37.815200584340801 ], [ -122.263494919097994, 37.815179334921574 ], [ -122.263423584779986, 37.815100311838442 ], [ -122.263405486422002, 37.815076523924297 ], [ -122.263364664280019, 37.815019420835014 ], [ -122.263205116298991, 37.81447977689551 ], [ -122.263143688602014, 37.814445743993502 ], [ -122.263056739766995, 37.814387570233919 ], [ -122.263002770781995, 37.814344542926477 ], [ -122.262955745773013, 37.81430129062835 ], [ -122.262886501834018, 37.814240101360987 ], [ -122.262844752632006, 37.814190653566001 ], [ -122.262815286991994, 37.814154612158113 ], [ -122.262690374455005, 37.814011384539505 ], [ -122.26263070925198, 37.813937992181998 ], [ -122.262571056626001, 37.813860938537793 ], [ -122.262405206962995, 37.813624174219889 ], [ -122.26226996290201, 37.813427271838357 ], [ -122.262142528794001, 37.813241739442624 ], [ -122.262002318846001, 37.813037604371566 ], [ -122.261989062408006, 37.81301830453932 ], [ -122.261971442852001, 37.812990204627383 ], [ -122.261968198136998, 37.81296768778661 ], [ -122.26184721123802, 37.813000253744789 ], [ -122.261518754830988, 37.812812992192406 ], [ -122.260745499407008, 37.813672529491889 ], [ -122.260646567945003, 37.813607759380183 ], [ -122.260377756976993, 37.813443687427984 ], [ -122.260375549816999, 37.813446117369246 ], [ -122.26028745024, 37.813392344254972 ], [ -122.260439374219004, 37.813225019355031 ], [ -122.260017797551995, 37.812967786432623 ], [ -122.260088030535002, 37.812890434418001 ], [ -122.259859056257994, 37.81275067400081 ], [ -122.259910558469983, 37.812713128774689 ], [ -122.259953420684994, 37.81268315375516 ], [ -122.259995610960999, 37.812654754937583 ], [ -122.260029538531995, 37.812632936326395 ], [ -122.260079246808999, 37.812604707104796 ], [ -122.260131315857009, 37.812579298170206 ], [ -122.260185492354012, 37.812556832301617 ], [ -122.260255772948014, 37.812533054923009 ], [ -122.260313711589006, 37.812517589403271 ], [ -122.260372870142007, 37.812505367864908 ], [ -122.260448091471019, 37.812494742413399 ], [ -122.260493683666994, 37.81249087887047 ], [ -122.26053946899998, 37.812488914453304 ], [ -122.260585320808985, 37.812488853420057 ], [ -122.260646344264018, 37.812491732625531 ], [ -122.260706964376013, 37.812497982140052 ], [ -122.260766888293986, 37.812507570736848 ], [ -122.260811198593984, 37.812516927264362 ], [ -122.260861371299001, 37.812530383657823 ], [ -122.260902761175998, 37.812544989033313 ], [ -122.260950076339995, 37.812566207984531 ], [ -122.260972619562011, 37.812578261316915 ], [ -122.261336093197016, 37.812816033903133 ], [ -122.261421513998016, 37.81257255117152 ], [ -122.261404198072, 37.812571906775275 ], [ -122.261384260862997, 37.812560993200137 ], [ -122.261356870330999, 37.812541405819701 ], [ -122.261323189796997, 37.812516262996397 ], [ -122.26127834679599, 37.812480598325415 ], [ -122.261256520429001, 37.812462305395584 ], [ -122.261224639220003, 37.812434310305967 ], [ -122.261193500916988, 37.81240565377562 ], [ -122.261173336433998, 37.812386197646383 ], [ -122.261153602243994, 37.812366465442878 ], [ -122.261134305532991, 37.812346462842491 ], [ -122.26110988483201, 37.812319987864818 ], [ -122.261079095973997, 37.812284895109293 ], [ -122.261061605776007, 37.812263873371322 ], [ -122.261044580006015, 37.81224261246151 ], [ -122.261028024054994, 37.812221119476604 ], [ -122.260996344069, 37.812177461410478 ], [ -122.260981229016011, 37.812155310522662 ], [ -122.260966604442999, 37.812132953107898 ], [ -122.260952473044995, 37.812110396972621 ], [ -122.260925709538, 37.812064714798396 ], [ -122.260900972630012, 37.812018320064318 ], [ -122.260889372685014, 37.811994872519506 ], [ -122.260867730473009, 37.811947513268095 ], [ -122.260848184031019, 37.811899584102079 ], [ -122.260826507683007, 37.811838035867709 ], [ -122.260815473676004, 37.811802248801591 ], [ -122.260804932843996, 37.811755010074833 ], [ -122.26079928783102, 37.811720538744254 ], [ -122.260791541659003, 37.811673238931377 ], [ -122.26078775615801, 37.811650127673126 ], [ -122.260780032442995, 37.811602965496242 ], [ -122.260770840880994, 37.81153855125649 ], [ -122.260764157415011, 37.811489003713689 ], [ -122.260747160392, 37.811342997419089 ], [ -122.26149549924402, 37.810920416401203 ], [ -122.262128012019005, 37.81102570862798 ], [ -122.262308550933, 37.811051252940658 ], [ -122.262438781496996, 37.810763211969004 ], [ -122.262627186957999, 37.810787185086376 ], [ -122.263103023666005, 37.809451307999765 ], [ -122.263170518584019, 37.809253153900293 ], [ -122.263200006681998, 37.809173859038708 ], [ -122.263234542413002, 37.809091231242348 ], [ -122.263276632077009, 37.808999803513082 ], [ -122.263326714052994, 37.808900194696484 ], [ -122.263355883247982, 37.808846100315407 ], [ -122.263392112304018, 37.808782364295809 ], [ -122.263431887009986, 37.808719138513261 ], [ -122.263472408214994, 37.808665999289282 ], [ -122.26350581296802, 37.808627687612002 ], [ -122.263554195330997, 37.808578862746053 ], [ -122.263593235214017, 37.808544066297635 ], [ -122.263620514354997, 37.808521790117652 ], [ -122.263677928378982, 37.808479571319282 ], [ -122.263723348099006, 37.808450048806414 ], [ -122.263770654279995, 37.808422453191511 ], [ -122.263836436110992, 37.808388785136252 ], [ -122.263887627505994, 37.80836596880652 ], [ -122.263949631922017, 37.808342233371675 ], [ -122.263987401587997, 37.808336354693225 ], [ -122.26401016579598, 37.808337043839316 ], [ -122.264041653543003, 37.808333996266306 ], [ -122.264075123872004, 37.808323786825021 ], [ -122.264119041607998, 37.808309747687559 ], [ -122.264153731849007, 37.808298956975158 ], [ -122.264212920047015, 37.808282632506696 ], [ -122.264295274897009, 37.808265332157127 ], [ -122.264362332337001, 37.808255634420959 ], [ -122.264413095234985, 37.808250810392884 ], [ -122.264478162906002, 37.808247247553112 ], [ -122.264519031760017, 37.80824524824633 ], [ -122.264548512671013, 37.808243805367084 ], [ -122.264583210997017, 37.808242107695115 ], [ -122.264655726599997, 37.807914943850093 ], [ -122.264405065195007, 37.807819736754816 ], [ -122.264372677335004, 37.807807850142702 ], [ -122.264326003568002, 37.807783621973464 ], [ -122.264277664323998, 37.807758529340525 ], [ -122.264207856243999, 37.807722292454876 ], [ -122.264144528609009, 37.807689418983102 ], [ -122.264085909046017, 37.807658242472264 ], [ -122.264039849726018, 37.807630012058482 ], [ -122.263996383843008, 37.807599301109022 ], [ -122.263971553510004, 37.807579640728974 ], [ -122.263955724296011, 37.807566258665325 ], [ -122.263918068715981, 37.807531047253789 ], [ -122.263900425803982, 37.807512680704733 ], [ -122.263875502046005, 37.807484243701808 ], [ -122.263859943226009, 37.807464726658097 ], [ -122.263838239029994, 37.807434674275676 ], [ -122.263823482405016, 37.807412942839079 ], [ -122.263793256791004, 37.807368430245056 ], [ -122.263753714747992, 37.80731019625923 ], [ -122.263726716781008, 37.80727043672178 ], [ -122.263698172812994, 37.807228401030407 ], [ -122.263601829397004, 37.807086514869859 ], [ -122.26427750532298, 37.806009689155388 ], [ -122.264444157180989, 37.805891292019105 ], [ -122.265301911733019, 37.804516738581285 ], [ -122.265764851328001, 37.804700958545922 ] ] ] ] } },
{ "type": "Feature", "properties": { "FID": 4, "BID": "Koreatown/Northgate", "Shp__Ar": 573652.921875, "Shp__Ln": 7483.4644809784368, "pop_count": 3262.3354078917405, "pop_count_coverage": 1.0, "total_households": 1910.3085969983385, "total_households_coverage": 1.0, "total_housing_units": 2176.8638011717894, "total_housing_units_coverage": 1.0, "total_employed": null, "total_employed_coverage": 0.0, "purchasing_power_index": 174484842.35755068, "purchasing_power_index_coverage": 1.0, "median_household_income": 111900.34141200453, "median_household_income_coverage": 1.0, "median_home_value": 931958.96373884019, "median_home_value_coverage": 0.32202105135194914, "median_gross_rent": 2463.0336967284293, "median_gross_rent_coverage": 0.92772758679661804, "per_capita_income": 71442.601599430753, "per_capita_income_coverage": 1.0, "avg_household_size": 1.7062022653353976, "avg_household_size_coverage": 1.0, "median_age": 36.965750188006105, "median_age_coverage": 1.0, "median_year_built": 1996.2131355918762, "median_year_built_coverage": 1.0, "pop_density": 9127.6046340825269, "pop_density_coverage": 1.0, "pop_density_sqmi": 23640.397185413509, "pop_density_sqmi_coverage": 1.0, "purchasing_power_density": 1264398187.3195682, "purchasing_power_density_coverage": 1.0, "drive_alone_share": 0.32058532572276432, "drive_alone_share_coverage": 1.0, "active_transit_share": 0.048728674246796937, "active_transit_share_coverage": 1.0, "zero_vehicle_rate": null, "zero_vehicle_rate_coverage": 0.0, "renter_share": 0.89033778181865242, "renter_share_coverage": 1.0, "foreign_born_share": null, "foreign_born_share_coverage": 0.0, "low_income_share": 0.19961663340221972, "low_income_share_coverage": 1.0, "retail_food_service_share": null, "retail_food_service_share_coverage": 0.0 }, "geometry": { "type": "MultiPolygon", "coordinates": [ [ [ [ -122.267077601674004, 37.81406036690899 ], [ -122.267364740069993, 37.814111514457352 ], [ -122.267704084956009, 37.814165837043838 ], [ -122.267873404810985, 37.814194341021228 ], [ -122.267890174561003, 37.814130486844896 ], [ -122.267925657115995, 37.813995384944995 ], [ -122.26795743232401, 37.813874398234695 ], [ -122.267969951246002, 37.813816682475156 ], [ -122.267735684993013, 37.813772018322382 ], [ -122.267756905895013, 37.813700265789734 ], [ -122.267830966600002, 37.813423563764225 ], [ -122.267999327054, 37.813451907640712 ], [ -122.268009265116021, 37.813412441669129 ], [ -122.268040021635017, 37.813290309998379 ], [ -122.267972290458985, 37.8132789075594 ], [ -122.267997831358997, 37.813177484181892 ], [ -122.268009254337017, 37.81313212344422 ], [ -122.268046218213996, 37.81298533903729 ], [ -122.268067243283014, 37.812901846852604 ], [ -122.26807402556301, 37.812874913617819 ], [ -122.268141756738999, 37.812886316119176 ], [ -122.268146948102995, 37.812865701911299 ], [ -122.26825429678, 37.812883793900518 ], [ -122.268273287165002, 37.812808381367724 ], [ -122.268293634005985, 37.812727582241287 ], [ -122.268332293003994, 37.812574064225331 ], [ -122.268350827044998, 37.812513740765112 ], [ -122.268384081779004, 37.81244241069372 ], [ -122.268455266078007, 37.812454407980987 ], [ -122.268472221779007, 37.812387075531973 ], [ -122.268489177479992, 37.81231974302176 ], [ -122.26851427102001, 37.812220091134492 ], [ -122.268446543436994, 37.812208677175178 ], [ -122.268338673738015, 37.812190498438255 ], [ -122.268409900258007, 37.811924489388012 ], [ -122.26848313631001, 37.811647983680366 ], [ -122.268588526659002, 37.811254201207383 ], [ -122.268602433477994, 37.811185976279788 ], [ -122.268407888032002, 37.811155678435931 ], [ -122.26773793886602, 37.811041566925596 ], [ -122.268021608867002, 37.810586541372714 ], [ -122.268288503727021, 37.810156704911449 ], [ -122.268900163010983, 37.810248024751736 ], [ -122.268923213781008, 37.810189529024505 ], [ -122.269001546874009, 37.809878437462338 ], [ -122.26901443141, 37.809827267109434 ], [ -122.269024218555003, 37.809788398199188 ], [ -122.269075466543995, 37.809584871743091 ], [ -122.269194390911011, 37.809426333746792 ], [ -122.269588420741002, 37.809574569501883 ], [ -122.271244053538993, 37.809832110196751 ], [ -122.272290112940993, 37.809994815462048 ], [ -122.272909503126002, 37.810091151742576 ], [ -122.273121107579001, 37.810116689991197 ], [ -122.273049100423009, 37.809823172769931 ], [ -122.272828030420996, 37.809125750641961 ], [ -122.272989729867007, 37.809083313594975 ], [ -122.273324836502994, 37.809014475591084 ], [ -122.273495573, 37.809545493838428 ], [ -122.273686063450995, 37.809617569781004 ], [ -122.273364330036003, 37.810132436349619 ], [ -122.273221251766998, 37.810369232446298 ], [ -122.273117148704003, 37.810572078260805 ], [ -122.273089679121, 37.81068426648482 ], [ -122.273046685751012, 37.810859841774111 ], [ -122.273012773451001, 37.811030059813049 ], [ -122.272946919753991, 37.811317463143176 ], [ -122.272875285398015, 37.811568416028024 ], [ -122.272829381487, 37.811743087901711 ], [ -122.272703426007013, 37.812243361185132 ], [ -122.272669254093003, 37.812377714020158 ], [ -122.272593315909006, 37.812679384610426 ], [ -122.272574864513004, 37.812752688798739 ], [ -122.272455718262009, 37.812873191213249 ], [ -122.27227442117001, 37.812842046697973 ], [ -122.272075538657006, 37.812807887426857 ], [ -122.271906360735997, 37.812778829359317 ], [ -122.271737183714009, 37.812749768441662 ], [ -122.271703960420993, 37.812744063277414 ], [ -122.271619375953009, 37.812729533168117 ], [ -122.271450199827996, 37.81270047506986 ], [ -122.27137608163099, 37.812986524918465 ], [ -122.27137356545002, 37.813050198405406 ], [ -122.271062203083986, 37.813005310238715 ], [ -122.270831904690013, 37.813071536438088 ], [ -122.270797313263003, 37.813123534161129 ], [ -122.270770045801001, 37.813158913229501 ], [ -122.270742008483012, 37.813193907633519 ], [ -122.270715762405018, 37.813226670783195 ], [ -122.27066545046101, 37.813293255172695 ], [ -122.270618102957002, 37.813361194281235 ], [ -122.27057376660602, 37.813430401524037 ], [ -122.270552747824993, 37.813465452573617 ], [ -122.270532505188996, 37.813500793155399 ], [ -122.270513040493015, 37.813536406236786 ], [ -122.270494361822998, 37.813572284720486 ], [ -122.270476477264012, 37.813608415832007 ], [ -122.270450488104998, 37.813664544206794 ], [ -122.270429383085997, 37.813681309614282 ], [ -122.270375195808995, 37.813688020318097 ], [ -122.270185276687002, 37.81364503873197 ], [ -122.270280148661996, 37.813268263767498 ], [ -122.269400692609011, 37.813115851851016 ], [ -122.269265392853001, 37.813092402525704 ], [ -122.269197742524995, 37.813080677860306 ], [ -122.269154003553993, 37.813254376022492 ], [ -122.269131963389, 37.813341905178675 ], [ -122.269100766695999, 37.813465791800212 ], [ -122.269069355305021, 37.813541801210498 ], [ -122.269047298970008, 37.813625272090896 ], [ -122.269239698341011, 37.813657073436794 ], [ -122.269171802773002, 37.81392669984259 ], [ -122.269178581460011, 37.81392782041857 ], [ -122.269154845276006, 37.814022082159369 ], [ -122.269070117075998, 37.814008078169842 ], [ -122.269046380892007, 37.814102339808237 ], [ -122.268978561680996, 37.814371660139535 ], [ -122.268910779300995, 37.814360456575244 ], [ -122.268889483839018, 37.814439049680949 ], [ -122.268870087414982, 37.814522048326936 ], [ -122.268828883490002, 37.814685675760018 ], [ -122.268802268205008, 37.814791367836577 ], [ -122.268794973884994, 37.814820332855419 ], [ -122.26876784656001, 37.814928059348532 ], [ -122.268733936055995, 37.815062717421164 ], [ -122.268721189860017, 37.815141496420594 ], [ -122.270016677281021, 37.815359767084601 ], [ -122.269778889631993, 37.816310299666647 ], [ -122.269726826871988, 37.816542523549494 ], [ -122.269484354508009, 37.816465816803969 ], [ -122.269233753289996, 37.816411206372472 ], [ -122.268469755903993, 37.816279945024377 ], [ -122.268420298258008, 37.816431692562979 ], [ -122.268384901042012, 37.816524093954072 ], [ -122.268324504611002, 37.816681753778042 ], [ -122.268295791758987, 37.816789652127994 ], [ -122.268533080843014, 37.816847010030379 ], [ -122.268462906250008, 37.817033306878479 ], [ -122.268363397171001, 37.817009717578159 ], [ -122.268305907688003, 37.817162335768259 ], [ -122.268260481680016, 37.817282931044964 ], [ -122.268221647510998, 37.817386024955013 ], [ -122.268155853102996, 37.817542407005867 ], [ -122.268055217535988, 37.817805182577324 ], [ -122.268221070791995, 37.817844497886512 ], [ -122.26817779804702, 37.817957490431297 ], [ -122.268333026928005, 37.817994286453789 ], [ -122.268291906546011, 37.818105552229113 ], [ -122.268336477356996, 37.818115917856588 ], [ -122.268235838197015, 37.818378703450193 ], [ -122.26804209135301, 37.818333643953899 ], [ -122.268008991130017, 37.818412882142404 ], [ -122.267977848336017, 37.8184905618972 ], [ -122.26785962735002, 37.818871410433921 ], [ -122.268126901298999, 37.818932710822068 ], [ -122.268081419596996, 37.819115284683384 ], [ -122.267816518097007, 37.819073536746927 ], [ -122.267769445477995, 37.819234116903353 ], [ -122.267697685358016, 37.819521449267377 ], [ -122.267810862304017, 37.819539287000602 ], [ -122.267788437660002, 37.819629076649598 ], [ -122.267963892110004, 37.819656728393596 ], [ -122.267866416816005, 37.820047020865509 ], [ -122.267467208198994, 37.819984104896925 ], [ -122.267434551744003, 37.820160958083797 ], [ -122.267395198347998, 37.820306538202388 ], [ -122.267337425895008, 37.82052025917973 ], [ -122.267441821809001, 37.820536841369822 ], [ -122.267434562522979, 37.820563696590497 ], [ -122.267421154269002, 37.820561567048912 ], [ -122.267392533045992, 37.820641241384806 ], [ -122.267297473322998, 37.820626143012909 ], [ -122.267272064474994, 37.820720135774309 ], [ -122.267246655627005, 37.820814129125601 ], [ -122.267217617585999, 37.820921550256081 ], [ -122.267175315919005, 37.821082880702988 ], [ -122.267139017693012, 37.821217156425391 ], [ -122.267098852220016, 37.821365737500592 ], [ -122.267069712668984, 37.821473532497983 ], [ -122.267038386617998, 37.821589412530209 ], [ -122.267009246168982, 37.821697208620236 ], [ -122.266962378366017, 37.821858138577589 ], [ -122.266872441734009, 37.822190827989331 ], [ -122.26684170947, 37.82230450999247 ], [ -122.266811851267008, 37.822414959625029 ], [ -122.266781993063006, 37.82252540980199 ], [ -122.266702719434008, 37.822678581421862 ], [ -122.267065548977982, 37.822764871814172 ], [ -122.266951771058999, 37.823081030871712 ], [ -122.267084436955003, 37.823112581917862 ], [ -122.267223736011005, 37.823145710359732 ], [ -122.267341764758015, 37.823173780151336 ], [ -122.267315531256997, 37.823186334847883 ], [ -122.267285751206998, 37.823200061777321 ], [ -122.267255673814006, 37.823213373596786 ], [ -122.267225307163997, 37.823226267468264 ], [ -122.267194662037014, 37.823238738424905 ], [ -122.267163747414983, 37.823250783628524 ], [ -122.267132572281, 37.823262398821825 ], [ -122.266583564199991, 37.823131315699825 ], [ -122.266283402030012, 37.823059928476717 ], [ -122.265948056442014, 37.822990593311168 ], [ -122.265116811173982, 37.82286705759995 ], [ -122.265341465453005, 37.822235043551899 ], [ -122.265724348987021, 37.822333412457375 ], [ -122.265779595376998, 37.822205739417733 ], [ -122.265816019367008, 37.822071008513937 ], [ -122.265859955967002, 37.821908490941027 ], [ -122.265894213221003, 37.821781772996076 ], [ -122.265907280115016, 37.821733438647044 ], [ -122.265937770732009, 37.821620656956888 ], [ -122.265851080612009, 37.821606023573686 ], [ -122.265877941138001, 37.821506668771598 ], [ -122.265539311309993, 37.821449506082594 ], [ -122.265553322333005, 37.821397680270863 ], [ -122.265893577214001, 37.82145511761621 ], [ -122.265925402728016, 37.821337395243191 ], [ -122.265585148745998, 37.821279958515909 ], [ -122.265593126683996, 37.821250447507758 ], [ -122.26564054874801, 37.821171421698729 ], [ -122.265636684194988, 37.821089331018385 ], [ -122.265729997593994, 37.820744167394444 ], [ -122.265696812029987, 37.820738565741316 ], [ -122.265744579046995, 37.820561875019905 ], [ -122.265900008252999, 37.820588112870496 ], [ -122.266009225424995, 37.820184114222009 ], [ -122.266015453444979, 37.820161693244529 ], [ -122.266057588923019, 37.820168253630605 ], [ -122.266076164287, 37.820100300207685 ], [ -122.266132013446011, 37.820109582682591 ], [ -122.266250527283006, 37.819671247914577 ], [ -122.266138280093998, 37.819652012262992 ], [ -122.266221989602997, 37.819281617662881 ], [ -122.266571204280012, 37.819345091283793 ], [ -122.266600185727995, 37.819266263548492 ], [ -122.266691541697014, 37.818925564174769 ], [ -122.266712016998014, 37.818848998282832 ], [ -122.266723871165979, 37.818804669989916 ], [ -122.266733569378005, 37.818768401624922 ], [ -122.266755122656988, 37.81868780558851 ], [ -122.266787452125001, 37.818566911723892 ], [ -122.266819780695997, 37.818446016951604 ], [ -122.266830557784019, 37.818405719123277 ], [ -122.266853188143017, 37.818321093399291 ], [ -122.266889224959002, 37.81818633127687 ], [ -122.266875543617004, 37.818092667397877 ], [ -122.266852448829013, 37.817997496844228 ], [ -122.266960896144994, 37.817594468995708 ], [ -122.266706876837986, 37.817551390334486 ], [ -122.266797524935015, 37.817212488377294 ], [ -122.266879326422995, 37.817226307961469 ], [ -122.267035094292993, 37.817252622929573 ], [ -122.267119750626989, 37.817266925063173 ], [ -122.267218106268999, 37.816876395062707 ], [ -122.267239050490005, 37.816799049272298 ], [ -122.267027872735994, 37.816762791985909 ], [ -122.267045553377983, 37.816682552131979 ], [ -122.266659533825006, 37.816619982442823 ], [ -122.266170130760003, 37.816530875364499 ], [ -122.265828699986017, 37.81647319006786 ], [ -122.264258072966015, 37.816207821651979 ], [ -122.264355158391012, 37.81582238847728 ], [ -122.264400276276007, 37.815663706330085 ], [ -122.264228887601007, 37.815521902376837 ], [ -122.264605172111004, 37.814851031575905 ], [ -122.265333820790019, 37.814968884936604 ], [ -122.265359810847983, 37.814895952684438 ], [ -122.265437079437007, 37.814590787519805 ], [ -122.265552776158003, 37.814610337453828 ], [ -122.265630270223994, 37.814304251375368 ], [ -122.265829155431007, 37.814168812699222 ], [ -122.265909304918011, 37.813863667238529 ], [ -122.266688174812003, 37.813994799464197 ], [ -122.266608621806995, 37.814297664919771 ], [ -122.266587779096, 37.814394824480715 ], [ -122.266976853817994, 37.814458665654357 ], [ -122.266998355892994, 37.814362090236152 ], [ -122.267077601674004, 37.81406036690899 ] ] ] ] } },
{ "type": "Feature", "properties": { "FID": 5, "BID": "Montclair", "Shp__Ar": 73144.0234375, "Shp__Ln": 1706.2952236577817, "pop_count": 75.348466348546381, "pop_count_coverage": 1.0, "total_households": 34.584774417385184, "total_households_coverage": 1.0, "total_housing_units": 35.786230600619412, "total_housing_units_coverage": 1.0, "total_employed": null, "total_employed_coverage": 0.0, "purchasing_power_index": 8646228.1891207136, "purchasing_power_index_coverage": 1.0, "median_household_income": 250001.0, "median_household_income_coverage": 1.0, "median_home_value": 1554700.0, "median_home_value_coverage": 1.0, "median_gross_rent": null, "median_gross_rent_coverage": 0.0, "per_capita_income": 134932.0, "per_capita_income_coverage": 1.0, "avg_household_size": 2.18, "avg_household_size_coverage": 1.0, "median_age": 41.9, "median_age_coverage": 1.0, "median_year_built": 1962.0, "median_year_built_coverage": 1.0, "pop_density": 1653.927213137652, "pop_density_coverage": 1.0, "pop_density_sqmi": 4283.6535763545689, "pop_density_sqmi_coverage": 1.0, "purchasing_power_density": 491548774.63566536, "purchasing_power_density_coverage": 1.0, "drive_alone_share": 0.31061343719571566, "drive_alone_share_coverage": 1.0, "active_transit_share": 0.0, "active_transit_share_coverage": 1.0, "zero_vehicle_rate": null, "zero_vehicle_rate_coverage": 0.0, "renter_share": 0.022332506203473945, "renter_share_coverage": 1.0, "foreign_born_share": null, "foreign_born_share_coverage": 0.0, "low_income_share": 0.021091811414392061, "low_income_share_coverage": 1.0, "retail_food_service_share": null, "retail_food_service_share_coverage": 0.0 }, "geometry": { "type": "MultiPolygon", "coordinates": [ [ [ [ -122.208929512297004, 37.825608652383586 ], [ -122.209057220391003, 37.825579325463828 ], [ -122.209065867573997, 37.825577339398535 ], [ -122.209475359207005, 37.825483302443757 ], [ -122.209601324568993, 37.825465471823556 ], [ -122.20969667085501, 37.825451975214222 ], [ -122.20974332755398, 37.825428265849879 ], [ -122.209895998931998, 37.82561728349733 ], [ -122.209942693360006, 37.825675094335914 ], [ -122.210082777543988, 37.825848525870384 ], [ -122.210176166401013, 37.825964147139977 ], [ -122.21034426814002, 37.826172264684999 ], [ -122.210529011169996, 37.826400983562309 ], [ -122.210603860595981, 37.826492833922387 ], [ -122.210650849672007, 37.82655049577847 ], [ -122.210697837849011, 37.82660815688002 ], [ -122.210744826925009, 37.826665818645978 ], [ -122.210877387718, 37.826828488230078 ], [ -122.21099572368901, 37.826964048426404 ], [ -122.211131999914002, 37.827130966123811 ], [ -122.211123429088019, 37.827135322036028 ], [ -122.211174545922987, 37.827196715606895 ], [ -122.210989801096005, 37.827295895295947 ], [ -122.21089242192302, 37.827348167527198 ], [ -122.210999164236981, 37.82747326028251 ], [ -122.210475147287013, 37.827754555012021 ], [ -122.210483324651008, 37.827768623800168 ], [ -122.210508390342, 37.827813813058889 ], [ -122.210532459801996, 37.827859342159947 ], [ -122.210555522250019, 37.827905196911679 ], [ -122.210577573196005, 37.827951364542031 ], [ -122.210598605451011, 37.82799783014994 ], [ -122.210618610933011, 37.828044580253454 ], [ -122.210637079397003, 37.828090344778744 ], [ -122.210976026330002, 37.827879962114316 ], [ -122.211066845106984, 37.828013513093033 ], [ -122.210697288079999, 37.828262322472781 ], [ -122.210611922976014, 37.828319795628722 ], [ -122.210604340296001, 37.828324900031205 ], [ -122.210683009359002, 37.828572356699411 ], [ -122.210751769106011, 37.828775994000779 ], [ -122.210783315244015, 37.828867553335222 ], [ -122.210924790019021, 37.829368693969329 ], [ -122.210834153600004, 37.829374856911976 ], [ -122.210523517972021, 37.82939598020608 ], [ -122.21046081107302, 37.829238886780601 ], [ -122.210398105073011, 37.829081793730168 ], [ -122.210335900333007, 37.828925956923378 ], [ -122.210597377454008, 37.8288598464109 ], [ -122.210690849855013, 37.828922572463995 ], [ -122.210546678336001, 37.82846754289212 ], [ -122.210478907635007, 37.828424259135524 ], [ -122.210357529069995, 37.828346737419011 ], [ -122.210192327990995, 37.828244625207496 ], [ -122.209977372821996, 37.82811175935133 ], [ -122.209910621708019, 37.82807179602618 ], [ -122.209869816633997, 37.828047365193051 ], [ -122.209723917656007, 37.827960625452825 ], [ -122.209406270675984, 37.827771776292494 ], [ -122.209382202114995, 37.827757466970411 ], [ -122.209237774577019, 37.82767199484163 ], [ -122.209228459046997, 37.82766643841537 ], [ -122.209104587658004, 37.827592529605759 ], [ -122.208651465751004, 37.827321096944608 ], [ -122.208592899186996, 37.827285045628187 ], [ -122.208530644142016, 37.827244790941194 ], [ -122.208889147397983, 37.827066496607081 ], [ -122.208816436860999, 37.82697647546896 ], [ -122.208724911109982, 37.826863159694589 ], [ -122.20892898768102, 37.826759454616592 ], [ -122.208835598823995, 37.82664383246432 ], [ -122.208923059699003, 37.826599387519366 ], [ -122.208829671740006, 37.826483765825998 ], [ -122.208736282883009, 37.826368143241801 ], [ -122.208689589353, 37.826310332236616 ], [ -122.208541249652001, 37.826126674230686 ], [ -122.208888109843997, 37.826047022845792 ], [ -122.209064261387013, 37.826010586326404 ], [ -122.208968891743993, 37.825885518054889 ], [ -122.208929512297004, 37.825608652383586 ] ] ] ] } },
{ "type": "Feature", "properties": { "FID": 6, "BID": "Rockridge", "Shp__Ar": 213557.87109375, "Shp__Ln": 8311.5037926081986, "pop_count": 637.16310919777027, "pop_count_coverage": 1.0, "total_households": 319.63479110907207, "total_households_coverage": 1.0, "total_housing_units": 328.43474111683639, "total_housing_units_coverage": 1.0, "total_employed": null, "total_employed_coverage": 0.0, "purchasing_power_index": 56258107.538570821, "purchasing_power_index_coverage": 1.0, "median_household_income": 192119.4935149604, "median_household_income_coverage": 1.0, "median_home_value": 1735869.3871882791, "median_home_value_coverage": 1.0, "median_gross_rent": 2492.9670710779178, "median_gross_rent_coverage": 1.0, "per_capita_income": 114884.97050858053, "per_capita_income_coverage": 1.0, "avg_household_size": 2.1069116978174338, "avg_household_size_coverage": 1.0, "median_age": 43.91651496136307, "median_age_coverage": 1.0, "median_year_built": 1943.8612445994986, "median_year_built_coverage": 1.0, "pop_density": 4803.9373167866088, "pop_density_coverage": 1.0, "pop_density_sqmi": 12442.145642308533, "pop_density_sqmi_coverage": 1.0, "purchasing_power_density": 1098575164.5867624, "purchasing_power_density_coverage": 1.0, "drive_alone_share": 0.27559295099038705, "drive_alone_share_coverage": 1.0, "active_transit_share": 0.025012206825982625, "active_transit_share_coverage": 1.0, "zero_vehicle_rate": null, "zero_vehicle_rate_coverage": 0.0, "renter_share": 0.48784411149847584, "renter_share_coverage": 1.0, "foreign_born_share": null, "foreign_born_share_coverage": 0.0, "low_income_share": 0.089581127583929165, "low_income_share_coverage": 1.0, "retail_food_service_share": null, "retail_food_service_share_coverage": 0.0 }, "geometry": { "type": "MultiPolygon", "coordinates": [ [ [ [ -122.251907654453007, 37.83478959142893 ], [ -122.251905345783015, 37.834789765249909 ], [ -122.251903847392995, 37.834789851805795 ], [ -122.251902347206013, 37.834789917786935 ], [ -122.251900846121018, 37.834789962483732 ], [ -122.25189934413801, 37.834789986605784 ], [ -122.251897842155003, 37.834789990153212 ], [ -122.251896340171996, 37.834789972416296 ], [ -122.251894838189017, 37.834789934814218 ], [ -122.251893338002006, 37.834789875218391 ], [ -122.251891838714002, 37.834789795757381 ], [ -122.251890342120987, 37.834789695011935 ], [ -122.251888847323997, 37.834789574401498 ], [ -122.251887356120989, 37.834789432506682 ], [ -122.251885867612017, 37.834789270037199 ], [ -122.251884382697014, 37.834789086992892 ], [ -122.251882903172003, 37.834788883373911 ], [ -122.251881427240008, 37.834788659180184 ], [ -122.251879956698005, 37.834788415121196 ], [ -122.251878492444007, 37.834788150487391 ], [ -122.251877033580016, 37.834787865278884 ], [ -122.251875581004001, 37.834787560205086 ], [ -122.251874135614997, 37.834787234556593 ], [ -122.251872698309995, 37.834786889752188 ], [ -122.251871268192005, 37.834786525082741 ], [ -122.251869846159011, 37.834786139838322 ], [ -122.251868433108996, 37.834785736147737 ], [ -122.251867029042003, 37.834785311882328 ], [ -122.251865633959, 37.834784868461121 ], [ -122.251864249655014, 37.834784406593513 ], [ -122.251862876131, 37.83478392486073 ], [ -122.251861512488006, 37.834783424681575 ], [ -122.251860160524004, 37.8347829053467 ], [ -122.251858819339006, 37.834782366855976 ], [ -122.251857491628996, 37.834781810628407 ], [ -122.251856175596984, 37.834781235954544 ], [ -122.251854872142019, 37.834780643543688 ], [ -122.25185358216099, 37.834780032686602 ], [ -122.251847801501995, 37.834777304049702 ], [ -122.251843730337001, 37.834775289852921 ], [ -122.251839704088013, 37.834773219607719 ], [ -122.251835724551, 37.83477109402353 ], [ -122.251831792625012, 37.834768913809576 ], [ -122.251827909209013, 37.834766678966183 ], [ -122.251824075198982, 37.834764390912198 ], [ -122.251820292392992, 37.834762050357064 ], [ -122.251816560791994, 37.834759658010199 ], [ -122.251812883089016, 37.834757213871569 ], [ -122.251809260182995, 37.834754719360291 ], [ -122.251805692074996, 37.834752175185692 ], [ -122.25180218056002, 37.83474958205732 ], [ -122.25179872743702, 37.834746940684504 ], [ -122.251795331805013, 37.834744252486438 ], [ -122.251791996360012, 37.834741516753404 ], [ -122.251788722000995, 37.834738735613875 ], [ -122.251785508726982, 37.834735909777372 ], [ -122.251782358335007, 37.834733039244007 ], [ -122.251779271724018, 37.834730126141928 ], [ -122.251776249790993, 37.834727170471304 ], [ -122.25177329253799, 37.834724173651011 ], [ -122.251770402657002, 37.834721136390506 ], [ -122.251767580150997, 37.834718059399421 ], [ -122.251764825018, 37.834714944096454 ], [ -122.251762139054989, 37.834711790481791 ], [ -122.251759523160999, 37.834708600683783 ], [ -122.25175697733502, 37.834705375411858 ], [ -122.251754503375011, 37.834702114666108 ], [ -122.251752101280019, 37.834698820574879 ], [ -122.251749771947999, 37.834695493847683 ], [ -122.25174751717698, 37.834692135194025 ], [ -122.251745335168991, 37.83468874603269 ], [ -122.251743229518013, 37.834685327073274 ], [ -122.251741198427013, 37.834681879734795 ], [ -122.251739243692995, 37.834678404016984 ], [ -122.251737365315989, 37.834674902758131 ], [ -122.251735565092019, 37.834671375248398 ], [ -122.251733842123997, 37.834667823616385 ], [ -122.25173219820698, 37.834664249280891 ], [ -122.251730633340998, 37.834660652242086 ], [ -122.251729147527982, 37.834657033918894 ], [ -122.251727740766, 37.834653395730186 ], [ -122.251726414852982, 37.834649738385487 ], [ -122.251725169788017, 37.834646063303659 ], [ -122.251656147733016, 37.834435018233208 ], [ -122.25169861469, 37.834426281729321 ], [ -122.251690790363995, 37.834402356729292 ], [ -122.251689963912995, 37.834399918964159 ], [ -122.25168908446301, 37.8343974925506 ], [ -122.251688152012008, 37.834395078907569 ], [ -122.251687165661011, 37.834392678035101 ], [ -122.251686127209013, 37.834390292061613 ], [ -122.25168503665401, 37.834387920277528 ], [ -122.251683893996997, 37.83438556410195 ], [ -122.251682699238017, 37.834383224244228 ], [ -122.251681453274017, 37.834380900704417 ], [ -122.251680157006007, 37.834378595610914 ], [ -122.251678809533018, 37.834376308254306 ], [ -122.251677411753988, 37.834374040053625 ], [ -122.251675964567994, 37.834371791008749 ], [ -122.251674468873006, 37.834369563248039 ], [ -122.251672923770982, 37.834367356062202 ], [ -122.251671329260986, 37.834365170160645 ], [ -122.251669688039001, 37.834363007671818 ], [ -122.25166799920602, 37.834360867176599 ], [ -122.251666263660994, 37.834358751513193 ], [ -122.251662664112018, 37.834354602485597 ], [ -122.251658100669999, 37.83434962762523 ], [ -122.251653429431016, 37.834344717327006 ], [ -122.251648650394003, 37.834339872300475 ], [ -122.251643764456986, 37.834335094674131 ], [ -122.251638775214019, 37.83433038444781 ], [ -122.251633683563, 37.834325744459612 ], [ -122.251628489504014, 37.834321175418907 ], [ -122.251623196630021, 37.834316679454268 ], [ -122.251617804941986, 37.834312256565596 ], [ -122.251612317134018, 37.83430790959077 ], [ -122.251606734104001, 37.834303639239465 ], [ -122.251601058548005, 37.834299446930608 ], [ -122.251595291363998, 37.834295333373625 ], [ -122.251589434348006, 37.834291300696883 ], [ -122.251583487500994, 37.834287348191111 ], [ -122.251475512699017, 37.834216847257721 ], [ -122.251415118064003, 37.83423073744391 ], [ -122.25141418381601, 37.834230945321394 ], [ -122.251413248670005, 37.834231139718604 ], [ -122.25141230903202, 37.834231320635894 ], [ -122.251411365801005, 37.834231488782493 ], [ -122.251410418079004, 37.834231644158415 ], [ -122.251409468559018, 37.83423178605419 ], [ -122.251408515446997, 37.834231915179501 ], [ -122.251407558740993, 37.834232030824644 ], [ -122.25140660113702, 37.834232132989598 ], [ -122.251405640838016, 37.83423222167449 ], [ -122.251404677843993, 37.834232297588777 ], [ -122.251403713952016, 37.834232360022952 ], [ -122.251402749161002, 37.834232408976973 ], [ -122.251401783472005, 37.834232445160424 ], [ -122.25140081688501, 37.834232467154315 ], [ -122.251399850298, 37.834232476377508 ], [ -122.251398882811998, 37.834232471411227 ], [ -122.251397916225017, 37.834232453674218 ], [ -122.251396950536019, 37.834232422457163 ], [ -122.251395984846994, 37.834232378469402 ], [ -122.251395020954988, 37.834232320292131 ], [ -122.251394057960994, 37.834232248634692 ], [ -122.251393096762996, 37.834232164206689 ], [ -122.251392138260982, 37.834232066298647 ], [ -122.251391180656995, 37.834231955619813 ], [ -122.251390226645995, 37.834231830751328 ], [ -122.251389275330013, 37.834231693821863 ], [ -122.251388327607003, 37.834231542702753 ], [ -122.251387382580006, 37.8342313788132 ], [ -122.25138644204398, 37.834231202152807 ], [ -122.251385505100998, 37.83423101201236 ], [ -122.251384572649002, 37.834230809810784 ], [ -122.251383644689994, 37.834230594129139 ], [ -122.251382721221987, 37.834230365676795 ], [ -122.251381804041998, 37.834230124453939 ], [ -122.251380891353008, 37.834229870460291 ], [ -122.251379984953019, 37.834229604405515 ], [ -122.251379083942993, 37.834229324870734 ], [ -122.251378189221001, 37.834229033984165 ], [ -122.251377301685991, 37.834228729617607 ], [ -122.251376420438007, 37.834228413899297 ], [ -122.251375546378, 37.834228086119936 ], [ -122.251374679503002, 37.834227745569763 ], [ -122.251373820714008, 37.834227393668073 ], [ -122.251372970009015, 37.834227029705183 ], [ -122.251372126491006, 37.834226653681192 ], [ -122.251371291956019, 37.834226266305464 ], [ -122.251370466405007, 37.834225867578091 ], [ -122.25136964893801, 37.83422545749913 ], [ -122.25136884135199, 37.834225036068418 ], [ -122.251368042750002, 37.834224603995537 ], [ -122.251367254029006, 37.834224160570869 ], [ -122.251366474291018, 37.83422370579467 ], [ -122.251365706231994, 37.834223241085709 ], [ -122.251364947154983, 37.834222765025046 ], [ -122.251364199757006, 37.834222279031707 ], [ -122.251363462239979, 37.834221783105711 ], [ -122.251362736402015, 37.834221276537392 ], [ -122.251362021342999, 37.834220760036409 ], [ -122.251361317962008, 37.834220233602814 ], [ -122.251360626258986, 37.834219697945905 ], [ -122.251359946234004, 37.834219152356177 ], [ -122.251359278786012, 37.83421859754332 ], [ -122.251358623914001, 37.834218033507277 ], [ -122.251357980720016, 37.834217460957362 ], [ -122.251357351001005, 37.834216879184325 ], [ -122.251356732961014, 37.834216288897387 ], [ -122.251356129293001, 37.834215690096798 ], [ -122.251355538200983, 37.83421508278245 ], [ -122.251354960583996, 37.834214467663848 ], [ -122.251354396442011, 37.834213844740844 ], [ -122.251353846672998, 37.834213214013687 ], [ -122.251353310378988, 37.83421257548212 ], [ -122.251352788457979, 37.834211930565402 ], [ -122.251352280909998, 37.834211277134749 ], [ -122.251351787735004, 37.834210618028379 ], [ -122.25135130893301, 37.834209951827148 ], [ -122.251350845401987, 37.834209278531226 ], [ -122.251350396245002, 37.834208599559332 ], [ -122.251349962358006, 37.834207914202075 ], [ -122.251349543743018, 37.834207223169066 ], [ -122.251349139501002, 37.834206525750773 ], [ -122.251348752328013, 37.834205823366077 ], [ -122.251348379527002, 37.834205116014971 ], [ -122.251348021997018, 37.834204402988092 ], [ -122.251347680637011, 37.834203685704296 ], [ -122.251347355446995, 37.834202963454196 ], [ -122.251347045527993, 37.834202236947057 ], [ -122.251346752677989, 37.834201506183184 ], [ -122.251346475098003, 37.834200771162465 ], [ -122.251346213689004, 37.834200033303659 ], [ -122.251345968448021, 37.834199291188035 ], [ -122.251345740275994, 37.834198546234525 ], [ -122.251345528274001, 37.834197797733559 ], [ -122.251345332441019, 37.834197046394728 ], [ -122.251345153676013, 37.834196292927416 ], [ -122.251344991080984, 37.834195537331659 ], [ -122.251344845554001, 37.834194778897832 ], [ -122.251344716196996, 37.834194019045313 ], [ -122.251344604805979, 37.834193257064193 ], [ -122.251344508686003, 37.834192493664133 ], [ -122.251344429634003, 37.834191729554519 ], [ -122.251344368549013, 37.834190964025964 ], [ -122.25134432363302, 37.834190198497502 ], [ -122.251344294887005, 37.834189431550058 ], [ -122.25134428410702, 37.834188664602443 ], [ -122.251344289497013, 37.834187897654857 ], [ -122.251344311954981, 37.834187131416869 ], [ -122.251344351480981, 37.834186365178915 ], [ -122.251344407176006, 37.83418559894082 ], [ -122.251344480838014, 37.834184834831113 ], [ -122.25134457067, 37.834184070721513 ], [ -122.251344676670996, 37.834183308740307 ], [ -122.251344800638989, 37.834182548177999 ], [ -122.251344940775994, 37.834181789034673 ], [ -122.251345097083004, 37.83418103272929 ], [ -122.251345270456994, 37.834180277842925 ], [ -122.251345460900012, 37.834179525794447 ], [ -122.251345666615009, 37.834178777293189 ], [ -122.251345890294999, 37.834178030920476 ], [ -122.251346129246983, 37.834177287385771 ], [ -122.251346385267013, 37.834176548107791 ], [ -122.251346656557999, 37.834175812377346 ], [ -122.251346944917003, 37.834175080194086 ], [ -122.251347249445999, 37.834174352267858 ], [ -122.251347569245993, 37.834173628598521 ], [ -122.251347905215994, 37.834172909185952 ], [ -122.251348256457021, 37.834172194739814 ], [ -122.251348623868012, 37.834171485259887 ], [ -122.251349007449008, 37.834170781455924 ], [ -122.251349405403005, 37.834170082618265 ], [ -122.251349819526013, 37.834169389456513 ], [ -122.251350248022021, 37.834168701970469 ], [ -122.251350692689002, 37.834168020869782 ], [ -122.251351150829009, 37.834167345444996 ], [ -122.251352301571018, 37.834165731378299 ], [ -122.251353232225995, 37.834164483403221 ], [ -122.251354190728009, 37.834163248198713 ], [ -122.251355177078011, 37.834162026474267 ], [ -122.251356188581013, 37.834160818230025 ], [ -122.251357227932004, 37.834159624175186 ], [ -122.251358292436009, 37.834158445019547 ], [ -122.251359382990998, 37.834157280762966 ], [ -122.251360498698006, 37.834156132114764 ], [ -122.25136164045702, 37.834154998365953 ], [ -122.251362806469984, 37.834153880934792 ], [ -122.251363996738007, 37.834152780531376 ], [ -122.251365211260008, 37.834151695736345 ], [ -122.251366449139013, 37.834150627968974 ], [ -122.251367710373003, 37.834149577938454 ], [ -122.251368994964011, 37.834148545645071 ], [ -122.251370301114989, 37.834147531088576 ], [ -122.251371630620994, 37.834146534269095 ], [ -122.251372980789, 37.834145556605613 ], [ -122.251374353415002, 37.834144597388487 ], [ -122.251375745803983, 37.834143658036879 ], [ -122.251377158853003, 37.834142737131771 ], [ -122.251378592565004, 37.834141836801528 ], [ -122.251380045139996, 37.83414095562722 ], [ -122.251381517479018, 37.834140095737212 ], [ -122.251383008683021, 37.834139255712842 ], [ -122.251384517852017, 37.834138436263181 ], [ -122.251386044987996, 37.83413763809795 ], [ -122.251387589191992, 37.834136861217317 ], [ -122.251389149565995, 37.834136105620892 ], [ -122.251390727008015, 37.834135372018373 ], [ -122.251392320619004, 37.834134660409767 ], [ -122.25139392950102, 37.834133970085631 ], [ -122.251395553655996, 37.834133303174163 ], [ -122.251397191284013, 37.834132658256657 ], [ -122.251398843285997, 37.834132036752031 ], [ -122.251400508762998, 37.834131437241233 ], [ -122.251402187713992, 37.834130861852792 ], [ -122.251403878342998, 37.834130309167712 ], [ -122.251405581548994, 37.834129780604904 ], [ -122.251407295535003, 37.83412927474545 ], [ -122.251409020300002, 37.834128793717902 ], [ -122.251410755845015, 37.834128336103198 ], [ -122.251412501272, 37.834127902610753 ], [ -122.251414255680999, 37.834127493240736 ], [ -122.251416019074, 37.834127107992934 ], [ -122.251417790551983, 37.834126747576889 ], [ -122.251419569215997, 37.834126411992706 ], [ -122.251421355066995, 37.834126100530881 ], [ -122.251423148103981, 37.834125813900847 ], [ -122.251424946531984, 37.834125552812097 ], [ -122.25142675124701, 37.834125315845753 ], [ -122.251428560454016, 37.834125104420586 ], [ -122.251430374153003, 37.834124917827374 ], [ -122.251432191443996, 37.834124756065812 ], [ -122.251434012329, 37.834124619845561 ], [ -122.251435835010994, 37.834124509166564 ], [ -122.251992678197993, 37.834343033025789 ], [ -122.251997480591015, 37.834345001118329 ], [ -122.252000130621994, 37.834346152601306 ], [ -122.252002754600014, 37.834347340977239 ], [ -122.252005352527988, 37.834348564826975 ], [ -122.252007923507009, 37.834349824860084 ], [ -122.252010464841007, 37.834351120367138 ], [ -122.252012979225, 37.834352451348117 ], [ -122.252015462168018, 37.83435381638386 ], [ -122.252017915467007, 37.834355215474638 ], [ -122.252020338224, 37.834356648620307 ], [ -122.252022727742016, 37.834358114401908 ], [ -122.25202508581998, 37.834359613529024 ], [ -122.252027409762007, 37.834361145292029 ], [ -122.252029700466011, 37.834362708981473 ], [ -122.252031955237001, 37.834364303887988 ], [ -122.252034175872012, 37.834365929302038 ], [ -122.252036359677007, 37.834367585933066 ], [ -122.252038506649995, 37.834369272362132 ], [ -122.252040615894998, 37.834370987879694 ], [ -122.252042687409983, 37.834372732485754 ], [ -122.252044720297008, 37.834374506180588 ], [ -122.252046713658999, 37.834376306835424 ], [ -122.252048667495004, 37.834378135159795 ], [ -122.252050580906015, 37.834379990444283 ], [ -122.252052452995002, 37.834381871979467 ], [ -122.252054282863, 37.834383779055798 ], [ -122.252056071409015, 37.834385710963851 ], [ -122.252057815936993, 37.834387666994019 ], [ -122.252059518245005, 37.83438964714643 ], [ -122.252061176534994, 37.834391650711439 ], [ -122.252062789909019, 37.834393676979715 ], [ -122.252064359266015, 37.834395725241748 ], [ -122.252065882809006, 37.83439779478821 ], [ -122.252067360536998, 37.834399885618694 ], [ -122.252068792452008, 37.834401995605198 ], [ -122.252070176756007, 37.834404126166383 ], [ -122.252071515246016, 37.83440627517404 ], [ -122.252072805226021, 37.834408441918498 ], [ -122.252074047595997, 37.834410626399823 ], [ -122.252075242355986, 37.834412827908523 ], [ -122.252076387708001, 37.834415045735163 ], [ -122.252077484550995, 37.834417279170268 ], [ -122.252078531986015, 37.834419526794903 ], [ -122.252079529116017, 37.834421789318412 ], [ -122.252080476838998, 37.834424064612399 ], [ -122.25208137425598, 37.834426353386498 ], [ -122.252082221367004, 37.834428653512141 ], [ -122.252083018172996, 37.834430965698836 ], [ -122.252083762876012, 37.83443328781798 ], [ -122.252084457273995, 37.834435620579434 ], [ -122.252085099569001, 37.834437962563875 ], [ -122.252085690661019, 37.834440312352584 ], [ -122.252086230548016, 37.834442670654909 ], [ -122.252086717435006, 37.834445036051925 ], [ -122.252087153117998, 37.834447407834062 ], [ -122.252087535799987, 37.834449784582631 ], [ -122.252087866380009, 37.83445216700688 ], [ -122.25208814395998, 37.834454553687813 ], [ -122.252088369437018, 37.834456943206703 ], [ -122.252088542812004, 37.834459336272872 ], [ -122.252088662288017, 37.834461730757816 ], [ -122.252088729660983, 37.834464126661778 ], [ -122.25208874493299, 37.834466523275161 ], [ -122.252088706305003, 37.834468919178882 ], [ -122.252088616473998, 37.834471315082595 ], [ -122.252088472743011, 37.834473708857644 ], [ -122.252088276910001, 37.834476100504425 ], [ -122.252088028077011, 37.834478488603573 ], [ -122.252087726243005, 37.834480873864862 ], [ -122.252087373205001, 37.834483253450109 ], [ -122.252086967166989, 37.834485628778445 ], [ -122.252086509026, 37.834487997012118 ], [ -122.252085998783002, 37.834490359569728 ], [ -122.252085436438009, 37.83449271432297 ], [ -122.252084822887994, 37.834495060562638 ], [ -122.252084157237007, 37.834497398288306 ], [ -122.252083440381, 37.834499726790774 ], [ -122.252082672321009, 37.834502044650989 ], [ -122.252081853956, 37.834504351869008 ], [ -122.252080984387007, 37.834506647025897 ], [ -122.252080064512015, 37.834508929412095 ], [ -122.252079095230016, 37.834511199737129 ], [ -122.252078075642018, 37.834513455163105 ], [ -122.252077005749015, 37.834515697108877 ], [ -122.252075888244008, 37.834517923446178 ], [ -122.252074720433995, 37.834520134174916 ], [ -122.252073505013996, 37.834522328585642 ], [ -122.252072241083994, 37.834524505259303 ], [ -122.252070930442002, 37.834526664196112 ], [ -122.252361264144994, 37.834806459878031 ], [ -122.252671616805003, 37.834928265063752 ], [ -122.252518029146003, 37.835174404093038 ], [ -122.252673205925007, 37.835235306407327 ], [ -122.252828383602008, 37.835296208671288 ], [ -122.252814352814994, 37.835318694578724 ], [ -122.252751592915999, 37.835419279448516 ], [ -122.252729879737998, 37.835454071033062 ], [ -122.253040213532003, 37.835575909913317 ], [ -122.253024855036003, 37.835600524133774 ], [ -122.252714520343019, 37.835478685294113 ], [ -122.252681760580998, 37.83553118656183 ], [ -122.252644520023011, 37.835516565869568 ], [ -122.252587692597999, 37.835607637240408 ], [ -122.252485281959991, 37.835567429661914 ], [ -122.252345631663005, 37.835512602077991 ], [ -122.252166438425007, 37.835799771029322 ], [ -122.251981214796999, 37.835910914183245 ], [ -122.251735482447017, 37.836304709848299 ], [ -122.251734183483009, 37.836306838226172 ], [ -122.251732932129997, 37.836308984340498 ], [ -122.251731728387995, 37.836311147481808 ], [ -122.251730571357996, 37.836313326231078 ], [ -122.251729462835996, 37.836315521297912 ], [ -122.251728403723007, 37.836317731972798 ], [ -122.251727392220005, 37.836319956127298 ], [ -122.251726430123995, 37.836322193761511 ], [ -122.251725518334013, 37.836324444875373 ], [ -122.251724655052996, 37.83632670804991 ], [ -122.251723842078007, 37.836328983285199 ], [ -122.251723079407995, 37.836331269162301 ], [ -122.251722367043996, 37.836333564971824 ], [ -122.251721705883995, 37.836335870004206 ], [ -122.251721095030007, 37.836338184968817 ], [ -122.251720535378993, 37.836340507028069 ], [ -122.251720026033993, 37.836342836891291 ], [ -122.251719568792012, 37.836345173139591 ], [ -122.251719163651984, 37.8363475157729 ], [ -122.251718808817017, 37.836349863372405 ], [ -122.251718506982982, 37.836352215937978 ], [ -122.251718256353016, 37.836354572050766 ], [ -122.25171805692699, 37.836356931001426 ], [ -122.251717910501995, 37.836359292789638 ], [ -122.251717815280998, 37.83636165599691 ], [ -122.251717773059994, 37.836364019913461 ], [ -122.251717782043002, 37.836366384539389 ], [ -122.251717843127992, 37.836368748455818 ], [ -122.251717956316, 37.836371111662672 ], [ -122.251718121606018, 37.836373472031696 ], [ -122.251718338998003, 37.836375830272203 ], [ -122.251718608492993, 37.836378184965398 ], [ -122.251718929191014, 37.836380536111093 ], [ -122.251719301094013, 37.836382881581237 ], [ -122.251719725098994, 37.836385222084878 ], [ -122.251720201205998, 37.836387556203491 ], [ -122.251720727619016, 37.83638988393681 ], [ -122.251721305234994, 37.836392203156585 ], [ -122.251721934954006, 37.836394514572191 ], [ -122.251722614081004, 37.836396816764932 ], [ -122.251723344411019, 37.836399109024995 ], [ -122.251724125046991, 37.836401391352702 ], [ -122.251724955089983, 37.836403661619485 ], [ -122.251725836337997, 37.8364059212443 ], [ -122.251726766094009, 37.836408167389393 ], [ -122.251727745257995, 37.836410400764095 ], [ -122.251728773829001, 37.836412619949627 ], [ -122.251729850909001, 37.836414824945912 ], [ -122.251730976497996, 37.836417014334081 ], [ -122.251732149698, 37.836419188113993 ], [ -122.251734428723012, 37.836423137667808 ], [ -122.251733151319002, 37.836424474287021 ], [ -122.251731902661021, 37.836425828642604 ], [ -122.251730684545009, 37.83642720002522 ], [ -122.251729496973013, 37.836428588434693 ], [ -122.251728339044021, 37.836429992452395 ], [ -122.251727213454998, 37.836431412787526 ], [ -122.25172611840901, 37.836432848021126 ], [ -122.251725055701996, 37.836434298862869 ], [ -122.251724024436001, 37.83643576318439 ], [ -122.251723026408015, 37.836437242404415 ], [ -122.25172206071899, 37.836438735104089 ], [ -122.251721127368995, 37.836440240574014 ], [ -122.251720228154994, 37.836441758814082 ], [ -122.251719362179003, 37.836443289824416 ], [ -122.251718530339005, 37.836444832186011 ], [ -122.251717731737003, 37.836446385189483 ], [ -122.251716968169006, 37.836447949544286 ], [ -122.251716238737004, 37.836449524540896 ], [ -122.251715544339987, 37.836451109469856 ], [ -122.251714884975996, 37.836452702912283 ], [ -122.251714260647006, 37.836454306287095 ], [ -122.251713671351993, 37.836455917465869 ], [ -122.251713117989993, 37.836457536448705 ], [ -122.251712600559998, 37.836459163235595 ], [ -122.251712118165017, 37.836460796407493 ], [ -122.251711672601004, 37.836462436673898 ], [ -122.251711262968996, 37.836464082615926 ], [ -122.251710890167999, 37.836465733524165 ], [ -122.251710553300001, 37.836467390107998 ], [ -122.251710252364006, 37.836469050239153 ], [ -122.251709988258995, 37.836470714627012 ], [ -122.251709760985989, 37.836472382561972 ], [ -122.251709570542999, 37.836474053334882 ], [ -122.25171494157, 37.836511184212299 ], [ -122.251715917140004, 37.836513489239081 ], [ -122.251716301618998, 37.836514361162202 ], [ -122.251717033746019, 37.836515934738422 ], [ -122.251717800009018, 37.836517498382193 ], [ -122.251718601305996, 37.836519050674688 ], [ -122.251719436740004, 37.836520592325435 ], [ -122.251720305410004, 37.836522121915102 ], [ -122.251721208217006, 37.836523638734612 ], [ -122.251722143364006, 37.836525143493361 ], [ -122.251723111747012, 37.836526634772326 ], [ -122.251724113368994, 37.836528112571585 ], [ -122.251725147330021, 37.836529576181718 ], [ -122.251726212731995, 37.836531025602739 ], [ -122.251727310473015, 37.836532459415473 ], [ -122.251728439655011, 37.83653387832981 ], [ -122.251729599379999, 37.836535280926505 ], [ -122.251730789647993, 37.836536667915098 ], [ -122.251732010458994, 37.836538037876679 ], [ -122.251733261812007, 37.836539390101933 ], [ -122.25173454191102, 37.836540726009474 ], [ -122.251735851655013, 37.836542043471184 ], [ -122.251737190144979, 37.836543342487019 ], [ -122.251738533126002, 37.836544600354308 ], [ -122.251739952464007, 37.836545883761978 ], [ -122.251741374497001, 37.836547125311718 ], [ -122.251742823480001, 37.836548346996594 ], [ -122.251744300309994, 37.836549548816677 ], [ -122.251745802292987, 37.83655073006252 ], [ -122.251747330328001, 37.836551890024687 ], [ -122.251748884413018, 37.836553028703015 ], [ -122.251750461854982, 37.836554145388192 ], [ -122.251752064448993, 37.836555240789721 ], [ -122.251753691298006, 37.836556312779003 ], [ -122.251755340605015, 37.836557362775252 ], [ -122.251757013268005, 37.836558390068795 ], [ -122.251758708389005, 37.836559393950175 ], [ -122.251760425068994, 37.836560373710228 ], [ -122.251762163308982, 37.836561330057997 ], [ -122.251763922210998, 37.836562261574805 ], [ -122.251764549235006, 37.836562582249286 ], [ -122.251707389433008, 37.836649968123872 ], [ -122.251631248229998, 37.836766373442778 ], [ -122.251789036410997, 37.836761549858871 ], [ -122.251906863037007, 37.836757947246781 ], [ -122.251868585823019, 37.83683243856035 ], [ -122.251828597317996, 37.836910262101718 ], [ -122.251816141278013, 37.836934502704516 ], [ -122.251763695834981, 37.837036566707532 ], [ -122.25175018697, 37.837062855456786 ], [ -122.25171125039202, 37.837138630569314 ], [ -122.251670505505999, 37.837217924478736 ], [ -122.251408369021007, 37.837085092517647 ], [ -122.25141002102302, 37.837281471354075 ], [ -122.251667338045991, 37.837411861039371 ], [ -122.251818698782003, 37.837488558784948 ], [ -122.251620376817996, 37.837734854572595 ], [ -122.251737100312994, 37.837794001024996 ], [ -122.251854554137992, 37.837853517050533 ], [ -122.251971278531002, 37.837912662698301 ], [ -122.252088002025999, 37.837971809008174 ], [ -122.251983165038993, 37.83810200592383 ], [ -122.252024192895007, 37.838122795410015 ], [ -122.251857868922016, 37.838329351236787 ], [ -122.251999369748006, 37.838401051448763 ], [ -122.251929478123998, 37.838487849149374 ], [ -122.251906180317988, 37.838516782166636 ], [ -122.251859585601991, 37.838574647457399 ], [ -122.251916401349007, 37.838603437134147 ], [ -122.251910757234015, 37.83861914549113 ], [ -122.251876775763009, 37.838713718355599 ], [ -122.251837149278998, 37.838824000121612 ], [ -122.251797522795997, 37.838934281722693 ], [ -122.251778542292016, 37.838987104742095 ], [ -122.251757896311986, 37.839044563158886 ], [ -122.251748801768017, 37.839069871465995 ], [ -122.251718268929991, 37.839154844430297 ], [ -122.251678642445995, 37.839265125536706 ], [ -122.251618419389004, 37.839432726253804 ], [ -122.251568885386007, 37.83957057744648 ], [ -122.251669620665993, 37.839621621475793 ], [ -122.251463648649008, 37.840154761342532 ], [ -122.251726325020996, 37.840287791379694 ], [ -122.251650253886012, 37.840410171367132 ], [ -122.251765628112011, 37.840468601289189 ], [ -122.251699238119997, 37.840551047112299 ], [ -122.251806000197007, 37.840605115421333 ], [ -122.251771694435021, 37.840647717375816 ], [ -122.251740765438996, 37.84068612665039 ], [ -122.251832703516982, 37.840732686394098 ], [ -122.251861889780997, 37.840747467799474 ], [ -122.251852570657988, 37.840759040511259 ], [ -122.252041641771015, 37.840854791809001 ], [ -122.252137140770003, 37.840903154779497 ], [ -122.252112910511997, 37.84093324532359 ], [ -122.252071906013015, 37.840984166390598 ], [ -122.252060443510018, 37.840998401496726 ], [ -122.252007025191006, 37.841064738076305 ], [ -122.251959180919002, 37.841124154273238 ], [ -122.251930607306988, 37.841159636972691 ], [ -122.251985187147014, 37.841187277101866 ], [ -122.251949677642003, 37.841299635163381 ], [ -122.251935053967017, 37.841345909336702 ], [ -122.251914167238994, 37.841411998729122 ], [ -122.251899524700008, 37.841458327456515 ], [ -122.251872931872015, 37.841542474045255 ], [ -122.251863996330016, 37.841570744695431 ], [ -122.251828149058994, 37.841684172668792 ], [ -122.251619735421002, 37.841696155271222 ], [ -122.251633595527991, 37.841833030347217 ], [ -122.251784569988004, 37.841822937625281 ], [ -122.251912261014013, 37.841887603522586 ], [ -122.251669634140001, 37.842188903788482 ], [ -122.251702241187985, 37.842510895304081 ], [ -122.251733414525006, 37.842818726567337 ], [ -122.251923401919996, 37.842804297437766 ], [ -122.251942986091009, 37.842812511542768 ], [ -122.251968809062021, 37.842834232557806 ], [ -122.251984459511007, 37.842856094736234 ], [ -122.251996521191018, 37.842874707874017 ], [ -122.252004022123018, 37.842909758418649 ], [ -122.252084537224007, 37.843015355452529 ], [ -122.252165429616994, 37.843121446782554 ], [ -122.252245567425007, 37.843226549066635 ], [ -122.252325705233005, 37.843331650491415 ], [ -122.252503633643002, 37.843104172333426 ], [ -122.252854160758986, 37.843281771723497 ], [ -122.252648485186, 37.843529396007533 ], [ -122.252532940281014, 37.843615588948893 ], [ -122.252435948282013, 37.843662261054916 ], [ -122.252303647101002, 37.843712364441487 ], [ -122.25186355615601, 37.843869610779009 ], [ -122.251936654765018, 37.844825615043703 ], [ -122.253921022448012, 37.844053508372397 ], [ -122.253913566430995, 37.84405989070703 ], [ -122.253902292573997, 37.844069883808885 ], [ -122.2538912415, 37.844080031555265 ], [ -122.253880414106007, 37.844090330399126 ], [ -122.253869815782011, 37.844100777502888 ], [ -122.253859449224009, 37.844111370028884 ], [ -122.253849317125002, 37.844122104430198 ], [ -122.253839423081018, 37.844132977159909 ], [ -122.253829768887016, 37.84414398538015 ], [ -122.253814627782006, 37.844162122905765 ], [ -122.253791011971998, 37.844190600401106 ], [ -122.253771900314021, 37.844212680667518 ], [ -122.253752304464982, 37.844234492780494 ], [ -122.253732232507986, 37.844256030355886 ], [ -122.253711688936008, 37.844277287009518 ], [ -122.253690680934, 37.84429825635695 ], [ -122.253669214791998, 37.844318932014382 ], [ -122.253647296797993, 37.844339306887917 ], [ -122.253624933238996, 37.844359375302979 ], [ -122.253602132200001, 37.844379131584539 ], [ -122.253578899071996, 37.844398568639242 ], [ -122.253555241939011, 37.844417682210917 ], [ -122.253531167988015, 37.844436464496617 ], [ -122.253506684404982, 37.844454911240398 ], [ -122.253481797478003, 37.84447301605811 ], [ -122.253456517089006, 37.844490773984198 ], [ -122.253430849526993, 37.844508178634605 ], [ -122.253404802875011, 37.844525226462544 ], [ -122.25337838432101, 37.844541910374595 ], [ -122.253351602847019, 37.844558226114778 ], [ -122.253324466538999, 37.844574169426863 ], [ -122.253296983480993, 37.844589733926881 ], [ -122.253269162657006, 37.844604916068093 ], [ -122.253241011252996, 37.844619710884999 ], [ -122.253212538251006, 37.844634113412269 ], [ -122.253183752637014, 37.84464812010318 ], [ -122.253154663390987, 37.84466172670178 ], [ -122.253125279498008, 37.844674928242469 ], [ -122.253095609042006, 37.844687720469352 ], [ -122.253065661906007, 37.84470010125451 ], [ -122.253035446173016, 37.844712064923037 ], [ -122.252441272596016, 37.844941102296112 ], [ -122.252425732640006, 37.844946946137412 ], [ -122.252413012496021, 37.844951491110493 ], [ -122.252400194434998, 37.844955859448568 ], [ -122.252387282051004, 37.844960049733203 ], [ -122.252374279836019, 37.844964060545308 ], [ -122.25236119048401, 37.844967890466414 ], [ -122.252348019384996, 37.844971538787014 ], [ -122.252334770133018, 37.844975004797796 ], [ -122.252321446321005, 37.84497828637079 ], [ -122.252308052440014, 37.844981382796362 ], [ -122.252294592083018, 37.844984294074827 ], [ -122.25228106974302, 37.844987018078029 ], [ -122.252267489911006, 37.844989554805835 ], [ -122.252253856180005, 37.844991903549044 ], [ -122.252240173041997, 37.844994062888752 ], [ -122.25222644408899, 37.844996032115795 ], [ -122.252212673813986, 37.844997811939393 ], [ -122.252198866708014, 37.844999400231657 ], [ -122.252185027262996, 37.845000797701694 ], [ -122.252171158172999, 37.845002002931004 ], [ -122.252157264828995, 37.845003015919374 ], [ -122.251955914645009, 37.845015788226824 ], [ -122.251984728108013, 37.845300298339119 ], [ -122.252222725962, 37.845208559355434 ], [ -122.252269417696013, 37.845285222037596 ], [ -122.252353266445013, 37.845422892752026 ], [ -122.252477856485996, 37.845374867568992 ], [ -122.252347316004006, 37.845160534032786 ], [ -122.25280769450201, 37.844983072529686 ], [ -122.253003486810002, 37.845304538260095 ], [ -122.252910045850982, 37.845340560199553 ], [ -122.253106258570014, 37.845662715297301 ], [ -122.252062190733, 37.846065160685832 ], [ -122.252080049241002, 37.846241490278018 ], [ -122.252223889280998, 37.846186044968789 ], [ -122.25229795627402, 37.846305302483948 ], [ -122.252420371495006, 37.846502405857528 ], [ -122.252437950626017, 37.846495630038859 ], [ -122.252501257598993, 37.846598904458197 ], [ -122.252392239853009, 37.846640926240866 ], [ -122.252395761249005, 37.846646671346399 ], [ -122.252523465750002, 37.846854997268117 ], [ -122.252495432024986, 37.846865802205784 ], [ -122.252156510244006, 37.846996442375193 ], [ -122.252176154603006, 37.847190405716823 ], [ -122.252502066981009, 37.847064781036799 ], [ -122.252527884562994, 37.847153339801089 ], [ -122.25264372142, 37.847345659158869 ], [ -122.252801095477992, 37.847338222300486 ], [ -122.252941042220016, 37.847331609000364 ], [ -122.253001144902015, 37.847431732015515 ], [ -122.252868255326021, 37.847524696830106 ], [ -122.252884255219016, 37.847532796913164 ], [ -122.252840194651, 37.847673405815321 ], [ -122.253358745352003, 37.847935929384384 ], [ -122.253265409495995, 37.848051591230465 ], [ -122.252796133185001, 37.847814013739814 ], [ -122.252752217245003, 37.847954158901878 ], [ -122.252708140508005, 37.848094815945423 ], [ -122.252664063769998, 37.848235473429916 ], [ -122.252637564367006, 37.848320038601749 ], [ -122.252619987031991, 37.84837613064613 ], [ -122.252612934359007, 37.848398635974299 ], [ -122.252606736882001, 37.848418413163515 ], [ -122.252575909396015, 37.848516787593844 ], [ -122.252798753570019, 37.848629862272503 ], [ -122.252612845426015, 37.848860233092687 ], [ -122.252375117065, 37.849154815836179 ], [ -122.252413779657005, 37.849500856647587 ], [ -122.252868838331992, 37.849440054778924 ], [ -122.252924556338002, 37.849814039706075 ], [ -122.252890361067998, 37.849818608496363 ], [ -122.252946300058994, 37.850194073994281 ], [ -122.252830588966006, 37.850209534455928 ], [ -122.252816901336004, 37.850072349345702 ], [ -122.252719221227011, 37.850085391028585 ], [ -122.252666454186979, 37.850092436771 ], [ -122.252475363661006, 37.850117951247597 ], [ -122.252489057579993, 37.850255166773962 ], [ -122.252504417873013, 37.850409075269503 ], [ -122.252734917490002, 37.850378277849067 ], [ -122.252776799643016, 37.85057660171865 ], [ -122.252902986888998, 37.850559846821106 ], [ -122.252926975500998, 37.85073711615459 ], [ -122.252932474088993, 37.850777750986168 ], [ -122.252563642002983, 37.850826723848066 ], [ -122.252546327874015, 37.850829022753025 ], [ -122.252342130928, 37.850853333968999 ], [ -122.251098722438002, 37.851247595318881 ], [ -122.251001257923988, 37.851198141110984 ], [ -122.251767058229007, 37.85024455881603 ], [ -122.252223143679004, 37.849679412415817 ], [ -122.252159418090997, 37.849289316404203 ], [ -122.251329421481017, 37.849552021483923 ], [ -122.251265782131014, 37.849448183024876 ], [ -122.251239657325996, 37.849405554943353 ], [ -122.251413253161999, 37.849344698377209 ], [ -122.25157163602799, 37.849289174537333 ], [ -122.251730017994987, 37.849233651364806 ], [ -122.251614784805994, 37.849054361772524 ], [ -122.251781844499021, 37.848989985185028 ], [ -122.251599380494994, 37.848693887341675 ], [ -122.25165467180102, 37.84867258088881 ], [ -122.251766812989004, 37.848629367152725 ], [ -122.251891414708993, 37.848581351860716 ], [ -122.251740033312004, 37.848334344645004 ], [ -122.252050576415002, 37.848214675444588 ], [ -122.252035694924004, 37.848067739497807 ], [ -122.251755344198003, 37.848175773549293 ], [ -122.251611620939016, 37.847940899781705 ], [ -122.251555771780005, 37.847849628706243 ], [ -122.251541272073013, 37.847825933632926 ], [ -122.251581097981997, 37.847810586876705 ], [ -122.251677358753, 37.847773492189518 ], [ -122.251770815881997, 37.84773747782269 ], [ -122.251700966479007, 37.847619815824892 ], [ -122.25170719629601, 37.847617414673465 ], [ -122.251638600939998, 37.847501864223879 ], [ -122.251569508816999, 37.847385478685148 ], [ -122.251951680885014, 37.847238205561517 ], [ -122.251933823274996, 37.847061881899492 ], [ -122.251619188346993, 37.847183129156861 ], [ -122.251543046245004, 37.84705888416169 ], [ -122.251472656055995, 37.846944025878727 ], [ -122.251415132437003, 37.846850162994258 ], [ -122.251367619643005, 37.846772634393311 ], [ -122.251331875678005, 37.846714308775894 ], [ -122.25148455873402, 37.84665547095458 ], [ -122.251562775046011, 37.846625329543222 ], [ -122.251549541963001, 37.846478889819778 ], [ -122.251565178937, 37.846472863794006 ], [ -122.251424399458017, 37.84624314664233 ], [ -122.251834884627016, 37.846084961200539 ], [ -122.25181702791501, 37.845908636909201 ], [ -122.251732773127998, 37.845076684543677 ], [ -122.251622447434997, 37.843987262444685 ], [ -122.251290452564021, 37.844115631299822 ], [ -122.251142444341014, 37.843862547416776 ], [ -122.251267058637012, 37.84381452476461 ], [ -122.251262698215015, 37.843807069106006 ], [ -122.251330333271014, 37.843781004089188 ], [ -122.251315762597002, 37.843756089690004 ], [ -122.251314385480001, 37.843705283329491 ], [ -122.251321386051004, 37.843702585526309 ], [ -122.251219102974005, 37.843527687796794 ], [ -122.251245957210998, 37.843517339216994 ], [ -122.251321735495011, 37.843646914141495 ], [ -122.251446348892998, 37.843598891348826 ], [ -122.251370570608998, 37.843469316340112 ], [ -122.251562505550993, 37.843395349584604 ], [ -122.251547625857, 37.843248412547538 ], [ -122.251420748704021, 37.84329730812059 ], [ -122.251349605726986, 37.843181214600413 ], [ -122.251269379883979, 37.843050300230509 ], [ -122.251393972621017, 37.843002285562115 ], [ -122.251317742483991, 37.842877890934318 ], [ -122.251242058523005, 37.84275438709966 ], [ -122.251487968738999, 37.842659300136575 ], [ -122.251470103943007, 37.842482885364106 ], [ -122.251282244657006, 37.842555525748878 ], [ -122.251122162179016, 37.842294745179288 ], [ -122.251069109474997, 37.842208320847817 ], [ -122.251016057669005, 37.842121896414987 ], [ -122.250961489506992, 37.842033003154256 ], [ -122.251407126651003, 37.841860966046276 ], [ -122.251389266347005, 37.841684594766299 ], [ -122.251378182035012, 37.841575127421976 ], [ -122.251061834018998, 37.841697253433836 ], [ -122.251001045921981, 37.841600803753224 ], [ -122.250954538342981, 37.841527011057124 ], [ -122.250964577914999, 37.841523139102321 ], [ -122.250797348439988, 37.841263926938424 ], [ -122.251326021357983, 37.841060016929134 ], [ -122.251308163748021, 37.84088366998219 ], [ -122.251216076549994, 37.840919188977459 ], [ -122.251148661581013, 37.840809266470913 ], [ -122.251098283162008, 37.840727121019711 ], [ -122.251002364648983, 37.840764116385934 ], [ -122.250980169075021, 37.840772677622795 ], [ -122.250938925623998, 37.840705427760909 ], [ -122.250989500774011, 37.840685920919377 ], [ -122.250910168754999, 37.840556564968978 ], [ -122.251019165840006, 37.840514524112059 ], [ -122.250943434267995, 37.840391039730761 ], [ -122.251246445895006, 37.840274166238572 ], [ -122.251236126048994, 37.840094913035678 ], [ -122.250961485015011, 37.840200843980774 ], [ -122.250764295826997, 37.839879711425837 ], [ -122.250751347510985, 37.839858625185613 ], [ -122.250791780682007, 37.839717097573825 ], [ -122.250820693856994, 37.839615892139769 ], [ -122.250826350548991, 37.839596093435482 ], [ -122.250846072163014, 37.839527061126176 ], [ -122.250865793776015, 37.839458030880614 ], [ -122.250885514491983, 37.839389002698681 ], [ -122.250905236105012, 37.839319970905109 ], [ -122.250925452691021, 37.839249206616451 ], [ -122.250959135920979, 37.839131302638293 ], [ -122.251000065859984, 37.838988033390564 ], [ -122.250782517254009, 37.838951354250526 ], [ -122.250864336709, 37.838820408251735 ], [ -122.250951702362016, 37.838680586970781 ], [ -122.250998598013012, 37.838605533521118 ], [ -122.251207573995998, 37.838625871663346 ], [ -122.251205497090993, 37.838519026119094 ], [ -122.251058424014005, 37.838509785688288 ], [ -122.251200886037992, 37.838281783280287 ], [ -122.251193890856996, 37.837921859927782 ], [ -122.251191488762004, 37.837798253438095 ], [ -122.250945140169009, 37.837701443935899 ], [ -122.250960515733013, 37.837676836092122 ], [ -122.250969964213013, 37.837588600097575 ], [ -122.250697535729998, 37.837481541635164 ], [ -122.250547359872996, 37.837422524761372 ], [ -122.250719039602004, 37.837153121819959 ], [ -122.25086236131402, 37.836915458138883 ], [ -122.251265723741014, 37.836249556460714 ], [ -122.251626355107021, 37.835681112342328 ], [ -122.251646382147001, 37.835649226835976 ], [ -122.251667979444008, 37.835610450273116 ], [ -122.251707872726996, 37.835539815805348 ], [ -122.251747749841002, 37.835468493796306 ], [ -122.251785879731003, 37.835396510494007 ], [ -122.251822278568, 37.835324554081211 ], [ -122.251858660337021, 37.835251910831929 ], [ -122.251901740842996, 37.835169554154788 ], [ -122.251946550605993, 37.835087171844663 ], [ -122.251993108491007, 37.835005449960896 ], [ -122.252041413599002, 37.834924389215132 ], [ -122.252141792247002, 37.834771930493417 ], [ -122.251907654453007, 37.83478959142893 ] ] ] ] } },
{ "type": "Feature", "properties": { "FID": 7, "BID": "Temescal/Telegraph", "Shp__Ar": 789555.27734375, "Shp__Ln": 17637.196318059829, "pop_count": 3258.0700914681283, "pop_count_coverage": 1.0, "total_households": 1510.2837821189883, "total_households_coverage": 1.0, "total_housing_units": 1613.365457003481, "total_housing_units_coverage": 1.0, "total_employed": null, "total_employed_coverage": 0.0, "purchasing_power_index": 172960123.76546291, "purchasing_power_index_coverage": 1.0, "median_household_income": 118690.93602835448, "median_household_income_coverage": 1.0, "median_home_value": 1187731.7068259462, "median_home_value_coverage": 1.0, "median_gross_rent": 2329.6277854828445, "median_gross_rent_coverage": 1.0, "per_capita_income": 86259.818517141786, "per_capita_income_coverage": 1.0, "avg_household_size": 2.197133683819676, "avg_household_size_coverage": 1.0, "median_age": 35.285644526794862, "median_age_coverage": 1.0, "median_year_built": 1961.2140598053315, "median_year_built_coverage": 1.0, "pop_density": 6627.8912146961493, "pop_density_coverage": 1.0, "pop_density_sqmi": 17166.166491487093, "pop_density_sqmi_coverage": 1.0, "purchasing_power_density": 911294784.21019852, "purchasing_power_density_coverage": 1.0, "drive_alone_share": 0.3237329902513465, "drive_alone_share_coverage": 1.0, "active_transit_share": 0.057402829980478721, "active_transit_share_coverage": 1.0, "zero_vehicle_rate": null, "zero_vehicle_rate_coverage": 0.0, "renter_share": 0.69516366838339883, "renter_share_coverage": 1.0, "foreign_born_share": null, "foreign_born_share_coverage": 0.0, "low_income_share": 0.15924718267686097, "low_income_share_coverage": 1.0, "retail_food_service_share": null, "retail_food_service_share_coverage": 0.0 }, "geometry": { "type": "MultiPolygon", "coordinates": [ [ [ [ -122.261908759308994, 37.845457971169836 ], [ -122.261704220106012, 37.845489155833711 ], [ -122.261712867288992, 37.845523770291521 ], [ -122.261770091769009, 37.845752849124587 ], [ -122.261837416008021, 37.846022354016462 ], [ -122.261605099099, 37.846053422105776 ], [ -122.261638760769003, 37.846188174480261 ], [ -122.261546517263994, 37.846200510323541 ], [ -122.261556615226013, 37.846240935555521 ], [ -122.26158017893502, 37.846335262429321 ], [ -122.261226646954995, 37.846382539318896 ], [ -122.261202948499005, 37.846552813049001 ], [ -122.261571776094002, 37.846503491180314 ], [ -122.261624486539006, 37.84677494973981 ], [ -122.261602485900013, 37.846777892159324 ], [ -122.261516638399982, 37.846789372417582 ], [ -122.261502275236992, 37.846887875286981 ], [ -122.261488812185007, 37.846980196691376 ], [ -122.261475218879013, 37.847073418862081 ], [ -122.261123953348005, 37.84712039167443 ], [ -122.261100253994016, 37.847290665828908 ], [ -122.261373462215019, 37.847254131269658 ], [ -122.261426172661004, 37.847525590612747 ], [ -122.261478884004987, 37.8477970496659 ], [ -122.261021257045982, 37.847858244449654 ], [ -122.260997557693017, 37.848028518319026 ], [ -122.261338900432989, 37.847982873273374 ], [ -122.261391542607015, 37.848254341283159 ], [ -122.261362184765005, 37.848258267504306 ], [ -122.261248345760009, 37.848273490032099 ], [ -122.261274701432001, 37.848409219370957 ], [ -122.261301057105015, 37.848544949169273 ], [ -122.260918558948006, 37.848596096935324 ], [ -122.260894858696005, 37.8487663705194 ], [ -122.261305861295, 37.848711411587885 ], [ -122.261332318475993, 37.848847127352556 ], [ -122.26135877565801, 37.848982842867372 ], [ -122.261294705116995, 37.848991410952912 ], [ -122.261362259324997, 37.8492702984367 ], [ -122.260814523258006, 37.849343541453706 ], [ -122.260792403143, 37.849502463285511 ], [ -122.26098993458902, 37.849476049871406 ], [ -122.261030302183002, 37.849662236681077 ], [ -122.261049544095997, 37.849750986682302 ], [ -122.26110035101199, 37.849744202650093 ], [ -122.261121723729019, 37.849832420555714 ], [ -122.261166282862007, 37.850016342292385 ], [ -122.260712514168006, 37.850076414497977 ], [ -122.26068645494, 37.850263629022194 ], [ -122.261028452551983, 37.850218354209495 ], [ -122.26097527588, 37.85059939790667 ], [ -122.260995346938998, 37.850708113452768 ], [ -122.261015417996987, 37.85081682883861 ], [ -122.260920837973998, 37.850829349040012 ], [ -122.26094052724801, 37.850929762382172 ], [ -122.260960785156016, 37.851033078115648 ], [ -122.261065073273002, 37.851019272665035 ], [ -122.261084733800999, 37.851122696089107 ], [ -122.261100222553011, 37.851204175262431 ], [ -122.26112158628699, 37.851316558493608 ], [ -122.261050382224994, 37.851326225036587 ], [ -122.261047573192997, 37.851312672157071 ], [ -122.260968979588, 37.851322915373615 ], [ -122.260958751371007, 37.851422212292874 ], [ -122.260955017972009, 37.851456582089675 ], [ -122.260999106388013, 37.85145083664959 ], [ -122.260991538081996, 37.851520526680005 ], [ -122.260907053325994, 37.851531537344123 ], [ -122.260912215046005, 37.851556385987514 ], [ -122.26077550852699, 37.851574202499371 ], [ -122.260794497116009, 37.851665603024394 ], [ -122.260836979344006, 37.851870093715732 ], [ -122.260456040663016, 37.851918948106693 ], [ -122.260432382632004, 37.852088901212696 ], [ -122.260691525031021, 37.852055667312428 ], [ -122.260742848478998, 37.852304387092488 ], [ -122.260869303422993, 37.852287906379473 ], [ -122.26089447062401, 37.852409868533769 ], [ -122.260744091747014, 37.85242946661171 ], [ -122.260788833237996, 37.852646287112016 ], [ -122.260805002015005, 37.852724644384899 ], [ -122.260335371766999, 37.852785812381427 ], [ -122.259980476145017, 37.852832035370845 ], [ -122.259766650157985, 37.852859803764304 ], [ -122.259735295360983, 37.852706128779644 ], [ -122.259622510080021, 37.852720826215482 ], [ -122.259601921592008, 37.852619920219496 ], [ -122.259594852749004, 37.852585273627568 ], [ -122.259567195418015, 37.85244972079051 ], [ -122.259699597210016, 37.852432466968395 ], [ -122.259649970680016, 37.852189239780969 ], [ -122.260077591213005, 37.852134401855132 ], [ -122.260101249244997, 37.851964448144656 ], [ -122.259770617117994, 37.852006849186701 ], [ -122.259754812159017, 37.851929399066499 ], [ -122.259721617612016, 37.851766736596581 ], [ -122.259710553063016, 37.851712515457194 ], [ -122.25958238952299, 37.851729216894476 ], [ -122.259579347827994, 37.851729613399414 ], [ -122.259557218728986, 37.851621171735133 ], [ -122.259537631862003, 37.851525192540429 ], [ -122.259557790057016, 37.851522565954717 ], [ -122.259694497474001, 37.85150475013964 ], [ -122.259831204891, 37.851486935029612 ], [ -122.259769246289011, 37.851193654686838 ], [ -122.260216772589999, 37.851134560120464 ], [ -122.260240461164003, 37.850964384216631 ], [ -122.259997961851994, 37.850996406384397 ], [ -122.259983057004987, 37.850925621379901 ], [ -122.259966422900007, 37.850846624516812 ], [ -122.259863643055994, 37.85085879785585 ], [ -122.259830197878998, 37.850699957682238 ], [ -122.259941120952021, 37.850685274739234 ], [ -122.259925418400982, 37.850610701658226 ], [ -122.260034782897009, 37.850596448546483 ], [ -122.260018992311004, 37.850521456165978 ], [ -122.259984726073981, 37.850358721785476 ], [ -122.260331174838001, 37.850312697984378 ], [ -122.260357524222016, 37.850123408804961 ], [ -122.259997424659005, 37.85017107765119 ], [ -122.259938877859014, 37.849895858675318 ], [ -122.259924750054012, 37.849829447756989 ], [ -122.260068087037979, 37.849810282388418 ], [ -122.260024449576008, 37.849605147585905 ], [ -122.26043734851801, 37.849549938885438 ], [ -122.260459469531995, 37.849391017155924 ], [ -122.260105210815013, 37.8494383857184 ], [ -122.260084494765991, 37.84934119923313 ], [ -122.260064587201001, 37.849247804014439 ], [ -122.260045539323983, 37.849158443378897 ], [ -122.260182147926002, 37.849140177983031 ], [ -122.260166292660998, 37.849050425663179 ], [ -122.260178188151997, 37.849018812647031 ], [ -122.260151160540019, 37.848865813458779 ], [ -122.260539808562996, 37.848813846593323 ], [ -122.260563508814997, 37.84864357311875 ], [ -122.260222002581983, 37.848689236907603 ], [ -122.260169153795019, 37.848417796744599 ], [ -122.260374082868012, 37.848390394827135 ], [ -122.260450472904992, 37.848380886792029 ], [ -122.260428058142011, 37.84827396458342 ], [ -122.260393692192011, 37.848110028576109 ], [ -122.260642510255011, 37.848075994158698 ], [ -122.260666210507011, 37.847905721108326 ], [ -122.260460297779019, 37.847933255144625 ], [ -122.260433872937014, 37.847797534860462 ], [ -122.260228945660998, 37.84782493628888 ], [ -122.260215733240003, 37.847757076433119 ], [ -122.260202520817998, 37.84768921651483 ], [ -122.260373277079012, 37.847666383250328 ], [ -122.260357422713014, 37.847584951240705 ], [ -122.26047354792901, 37.847569423549828 ], [ -122.260436553508995, 37.847379415137816 ], [ -122.260745211048018, 37.847338142143492 ], [ -122.260768910402007, 37.8471678688081 ], [ -122.260374121496, 37.847220658975182 ], [ -122.260334485130002, 37.847017078261487 ], [ -122.260321273607019, 37.84694921837157 ], [ -122.260492044240991, 37.846926383459184 ], [ -122.260484117507005, 37.846885671313103 ], [ -122.26046562119501, 37.846790666996796 ], [ -122.260439195455021, 37.846654942481607 ], [ -122.260847909146008, 37.846600289838783 ], [ -122.260871608499997, 37.846430016218328 ], [ -122.260492871590003, 37.846480661095313 ], [ -122.260440023700994, 37.846209220605211 ], [ -122.260525407670997, 37.84619780268055 ], [ -122.260472559783011, 37.84592636256798 ], [ -122.260950605448016, 37.845862437244826 ], [ -122.260974303902998, 37.84569216333928 ], [ -122.260611618988989, 37.845740662883173 ], [ -122.260558771100008, 37.845469221797281 ], [ -122.260644154171999, 37.845457804467493 ], [ -122.260626487004984, 37.845367061638278 ], [ -122.260617730228006, 37.845322084592851 ], [ -122.260591306283018, 37.845186363759225 ], [ -122.261053299953019, 37.845124584361699 ], [ -122.261076997509988, 37.844954310880638 ], [ -122.260732083068021, 37.845000434501443 ], [ -122.260705730091004, 37.844864704563101 ], [ -122.260685965358007, 37.844762907477516 ], [ -122.260679377114002, 37.844728974375101 ], [ -122.260764760185012, 37.844717556930689 ], [ -122.260751583696006, 37.844649692087245 ], [ -122.260741337512002, 37.844651061898062 ], [ -122.260721572778991, 37.844549265226981 ], [ -122.260701808047017, 37.844447467705969 ], [ -122.261155991763019, 37.844386731189822 ], [ -122.261179689320002, 37.844216457423812 ], [ -122.260577943843998, 37.844296926264988 ], [ -122.260520248645989, 37.844016776419195 ], [ -122.260493621682997, 37.843887484480405 ], [ -122.260490814448005, 37.843873851491686 ], [ -122.260708820296003, 37.84378930463069 ], [ -122.26071323731199, 37.843758359021066 ], [ -122.260729643244019, 37.843643417564621 ], [ -122.260746049176007, 37.843528468125591 ], [ -122.260765911825004, 37.843389305572025 ], [ -122.260589324599991, 37.843406423888403 ], [ -122.260598190072997, 37.843351340365608 ], [ -122.260607056445011, 37.843296255382825 ], [ -122.26063512340798, 37.843121880222149 ], [ -122.260669545951018, 37.843124888760933 ], [ -122.260684720293, 37.843015697380693 ], [ -122.26068696608101, 37.842999537366154 ], [ -122.261334654994997, 37.843102983389208 ], [ -122.261357538677998, 37.842938552078522 ], [ -122.261064417503007, 37.842891736216529 ], [ -122.260846281399012, 37.842856896353972 ], [ -122.260851027198001, 37.842822797794611 ], [ -122.260864475876005, 37.842726165142409 ], [ -122.260883471650999, 37.842589679055649 ], [ -122.26088901964701, 37.842549819341571 ], [ -122.260898668451006, 37.842480489720593 ], [ -122.260906115485, 37.842426979665774 ], [ -122.260917663328001, 37.842344003179321 ], [ -122.260923212221002, 37.842304139076006 ], [ -122.260966926039998, 37.841990045169382 ], [ -122.261052401637002, 37.841935823225334 ], [ -122.261491735302997, 37.841974274393436 ], [ -122.261679627826993, 37.840624120725792 ], [ -122.26160851000202, 37.840617928927209 ], [ -122.261144872415997, 37.840715224099277 ], [ -122.261163277998008, 37.840579164198708 ], [ -122.261077219393982, 37.840571671323318 ], [ -122.261090147947002, 37.840476099140993 ], [ -122.261127086672005, 37.840203033965878 ], [ -122.26173091084901, 37.840255607069921 ], [ -122.261753702904997, 37.840091822789589 ], [ -122.261375049538003, 37.840058855191145 ], [ -122.261397842492002, 37.839895071183278 ], [ -122.261413037495018, 37.839785882115649 ], [ -122.26127534642302, 37.839773893527529 ], [ -122.261294340401008, 37.839637406943467 ], [ -122.261313334380006, 37.839500920816199 ], [ -122.261332847584015, 37.839360700706877 ], [ -122.260812325979003, 37.839311562027106 ], [ -122.260590783463996, 37.839166872847109 ], [ -122.26030834056202, 37.838964171590803 ], [ -122.260200576864008, 37.838886831922323 ], [ -122.260118412457018, 37.838827864414412 ], [ -122.259844426295004, 37.8390954443827 ], [ -122.259803292437994, 37.839074624665095 ], [ -122.260139643240009, 37.838751518522521 ], [ -122.260247760874009, 37.838579868207567 ], [ -122.260226950502002, 37.838530367194281 ], [ -122.260159776281995, 37.838487055997419 ], [ -122.260374583230004, 37.838344307645983 ], [ -122.260695401261984, 37.838179673467629 ], [ -122.260930299929001, 37.838344145184337 ], [ -122.261015738696003, 37.838270101635416 ], [ -122.261026014524006, 37.83827746775475 ], [ -122.261064413908997, 37.838238214410374 ], [ -122.261237848047998, 37.838142251849533 ], [ -122.261238652938019, 37.838142980445966 ], [ -122.261247023439992, 37.838150289822799 ], [ -122.261255552943993, 37.838157482141021 ], [ -122.261264240551014, 37.83816455527235 ], [ -122.26127308177, 37.838171507088632 ], [ -122.261282073906003, 37.838178336170763 ], [ -122.261291216060997, 37.838185038971815 ], [ -122.261305232473987, 37.838194874664254 ], [ -122.261480649194013, 37.838314753091829 ], [ -122.261591108736994, 37.838208976933828 ], [ -122.261418258502999, 37.838090852075418 ], [ -122.261407644010006, 37.838083403641981 ], [ -122.261400720693985, 37.838078327582878 ], [ -122.261393910565999, 37.838073156458137 ], [ -122.261387215422019, 37.838067892395991 ], [ -122.261380637059005, 37.838062535396588 ], [ -122.261374178172019, 37.838057089007016 ], [ -122.261367838761004, 37.838051553227253 ], [ -122.261361623317995, 37.838045931604604 ], [ -122.261355531841986, 37.838040224138965 ], [ -122.261349567028006, 37.838034432958715 ], [ -122.261343730674014, 37.838028560901421 ], [ -122.261338024574997, 37.838022608676717 ], [ -122.261332450529011, 37.838016577703208 ], [ -122.261327009433003, 37.838010471528385 ], [ -122.261321703982986, 37.838004290152043 ], [ -122.261316535077, 37.837998036412102 ], [ -122.261312901391989, 37.837993555569788 ], [ -122.261199149523989, 37.837853276548771 ], [ -122.261626930854987, 37.837458283088509 ], [ -122.261718547336002, 37.837474398202964 ], [ -122.261750911839002, 37.837355145562924 ], [ -122.26176153621401, 37.837316000273503 ], [ -122.26178912617101, 37.837320710309086 ], [ -122.261818272010998, 37.837213317306812 ], [ -122.262146462516995, 37.837269338340619 ], [ -122.262145957664004, 37.837100699746223 ], [ -122.261695709467006, 37.837023844098816 ], [ -122.261768141526005, 37.836755288209574 ], [ -122.261879856913012, 37.836774357647421 ], [ -122.261916072494003, 37.836640079725576 ], [ -122.261684832664983, 37.836600607706792 ], [ -122.261635092049985, 37.8365921169313 ], [ -122.261671308529017, 37.836457839387215 ], [ -122.261707524109013, 37.836323560889291 ], [ -122.261826009200021, 37.836343786147403 ], [ -122.261951264894009, 37.836365167817711 ], [ -122.261987479576021, 37.836230889151004 ], [ -122.262024718338012, 37.836237245912621 ], [ -122.262060933019995, 37.83610296772251 ], [ -122.262097147703003, 37.835968689997522 ], [ -122.262435676021013, 37.836026474989531 ], [ -122.262479132921015, 37.835865341097517 ], [ -122.262035858345996, 37.835789676062944 ], [ -122.262144999161009, 37.8353873157875 ], [ -122.261975698171014, 37.835358566004686 ], [ -122.262010655211981, 37.835229691664722 ], [ -122.262048526387986, 37.835090077837904 ], [ -122.262105185828005, 37.835099699682907 ], [ -122.262216634414997, 37.835118624816772 ], [ -122.262238362865006, 37.83503805869691 ], [ -122.262323012910997, 37.835052432587887 ], [ -122.262355605585981, 37.834931582557317 ], [ -122.262409925812989, 37.834730165162981 ], [ -122.262768841396991, 37.834791113250269 ], [ -122.262812297398995, 37.834629978788314 ], [ -122.262504293833999, 37.834577676951426 ], [ -122.26255829605698, 37.834376206089509 ], [ -122.262541366406992, 37.834373331285235 ], [ -122.262559366849018, 37.834306174206375 ], [ -122.262447629901999, 37.834287199910072 ], [ -122.262483630785994, 37.834152885534401 ], [ -122.262314332491002, 37.83412413668956 ], [ -122.262374952602997, 37.833897978860485 ], [ -122.262587754509994, 37.833880500048579 ], [ -122.262770393685997, 37.833199098436523 ], [ -122.263207867839014, 37.833163162800794 ], [ -122.263253553458995, 37.83299374998824 ], [ -122.262949169206991, 37.83301875316166 ], [ -122.262914626289003, 37.832727793911985 ], [ -122.262883521224012, 37.832730210447608 ], [ -122.262850361711997, 37.832434765332614 ], [ -122.262970981199985, 37.832425396430331 ], [ -122.263416146729014, 37.832390816266475 ], [ -122.263461750602985, 37.832221706764827 ], [ -122.262718791761017, 37.832279418066108 ], [ -122.262683531987008, 37.832006212575607 ], [ -122.262772785001019, 37.831999279334894 ], [ -122.262903737810021, 37.831989107931889 ], [ -122.263041583391981, 37.831978400144898 ], [ -122.263220782917998, 37.831964480445095 ], [ -122.263203410399001, 37.831827857377057 ], [ -122.263186038778016, 37.831691234056194 ], [ -122.263613759922009, 37.831658008700849 ], [ -122.263659362897002, 37.831488898938616 ], [ -122.26309282419399, 37.831532908140403 ], [ -122.263058038731003, 37.831260014197504 ], [ -122.263416144933018, 37.831230691652266 ], [ -122.263398730192989, 37.831094072901614 ], [ -122.263380687530002, 37.830952535569509 ], [ -122.263809051868009, 37.830933793839797 ], [ -122.263854084412984, 37.830766793926898 ], [ -122.263451614912015, 37.830784403317296 ], [ -122.263545070244007, 37.830413786456063 ], [ -122.263428418613998, 37.830394362035086 ], [ -122.263295359255991, 37.830372205261462 ], [ -122.263300907251008, 37.830350203865294 ], [ -122.263169288790991, 37.83032937529368 ], [ -122.263034642110014, 37.830308067082925 ], [ -122.263051619370003, 37.83024074311448 ], [ -122.263233809387998, 37.830269574357686 ], [ -122.263250785750003, 37.830202250354091 ], [ -122.263378120144992, 37.830222400662471 ], [ -122.263509971269002, 37.830243266159087 ], [ -122.263527320432004, 37.830174460657467 ], [ -122.263663144804994, 37.830195954091209 ], [ -122.263723543930993, 37.829956413310803 ], [ -122.263747510084997, 37.829792179030996 ], [ -122.263123805291016, 37.829693478077274 ], [ -122.263203005258006, 37.829397961202019 ], [ -122.262884000924984, 37.829347478428893 ], [ -122.261980342461001, 37.82920446689571 ], [ -122.260830587831009, 37.828994491839453 ], [ -122.259777034682003, 37.828831016036013 ], [ -122.259671933590994, 37.828810006105108 ], [ -122.259560522733011, 37.829198916261106 ], [ -122.258569734873006, 37.829051635913068 ], [ -122.258658588136001, 37.828646263818079 ], [ -122.258253867456006, 37.828589794906385 ], [ -122.257742020882006, 37.828450190509997 ], [ -122.256954503804991, 37.828213702167297 ], [ -122.257083211723995, 37.828007323074203 ], [ -122.256527926216009, 37.82780061133866 ], [ -122.256899954508, 37.827225704139714 ], [ -122.258032472265, 37.827656900746078 ], [ -122.258211643942985, 37.827382246986872 ], [ -122.258872919875003, 37.82750839903342 ], [ -122.258811420311986, 37.827736651857855 ], [ -122.258472442835995, 37.827680701634918 ], [ -122.258447114836997, 37.827774703150595 ], [ -122.258786095906004, 37.827830654721261 ], [ -122.258987939264983, 37.827868195096521 ], [ -122.259118687257995, 37.827897191879991 ], [ -122.259102405294001, 37.827957619843183 ], [ -122.259386856829011, 37.828005723773039 ], [ -122.259405957705994, 37.827869114660878 ], [ -122.25980554182, 37.827936690551226 ], [ -122.259994968665012, 37.828022090710007 ], [ -122.261047663922014, 37.828188711556209 ], [ -122.262236197027008, 37.828376820313402 ], [ -122.263427342433019, 37.828555247002527 ], [ -122.263905231791014, 37.828630872627514 ], [ -122.264227421550999, 37.827488355125105 ], [ -122.264337548716014, 37.827077410166396 ], [ -122.264435009635989, 37.826866219984112 ], [ -122.264517289926005, 37.826450195411212 ], [ -122.264579532395999, 37.826272769072659 ], [ -122.264761633480006, 37.825956942280087 ], [ -122.264830191106014, 37.825701107566516 ], [ -122.26519712595001, 37.825784809496113 ], [ -122.265366192479988, 37.825827722991498 ], [ -122.265280319826999, 37.826145473236494 ], [ -122.265689043400002, 37.82620975552539 ], [ -122.266063467498014, 37.826270235958361 ], [ -122.266032978678012, 37.826384014563324 ], [ -122.265888265474999, 37.826360640408303 ], [ -122.265857579924003, 37.826475158938358 ], [ -122.265779834328981, 37.826452364517849 ], [ -122.265736526549006, 37.826579179457404 ], [ -122.265943511865004, 37.826679941567697 ], [ -122.266800251321015, 37.826794082830929 ], [ -122.266109927467014, 37.829423037256099 ], [ -122.265183140079984, 37.829232678416751 ], [ -122.265105087260991, 37.829390909935043 ], [ -122.265025180319995, 37.829689086839977 ], [ -122.264899756641981, 37.829668371605571 ], [ -122.264885358444019, 37.82972209809661 ], [ -122.264863762047, 37.829802687759695 ], [ -122.264820567455004, 37.829963866821878 ], [ -122.26444155745601, 37.829901268658176 ], [ -122.264398107743006, 37.830062405643446 ], [ -122.26474964007302, 37.830120465588287 ], [ -122.264691712211999, 37.83035214723111 ], [ -122.264672515214016, 37.830428925396703 ], [ -122.264655676293998, 37.830496274735843 ], [ -122.26463883647601, 37.830563624013706 ], [ -122.264562536271015, 37.8308687806121 ], [ -122.264196009262008, 37.83081189195093 ], [ -122.264152553260018, 37.830973051070892 ], [ -122.264631167558008, 37.831047336082214 ], [ -122.264558824432001, 37.831336947509989 ], [ -122.264452394732004, 37.831320428764172 ], [ -122.264459665695995, 37.831291322642798 ], [ -122.26439170275502, 37.831280775103124 ], [ -122.264370168341017, 37.831366980938824 ], [ -122.26443813128202, 37.831377529175612 ], [ -122.264416597766001, 37.831463735607805 ], [ -122.264393814694017, 37.831554940402143 ], [ -122.264012049563007, 37.831494100324171 ], [ -122.263968595357994, 37.831655246601798 ], [ -122.26432376855999, 37.831711849392178 ], [ -122.264432400928996, 37.831729161275099 ], [ -122.264364374206991, 37.831998440705057 ], [ -122.264340632633008, 37.831994656937624 ], [ -122.264272550214997, 37.832263926884565 ], [ -122.263823745611006, 37.832192403048793 ], [ -122.263780290507981, 37.83235354922023 ], [ -122.264146415970004, 37.832411897546393 ], [ -122.264112282683982, 37.832546518046186 ], [ -122.264078150296015, 37.832681138300366 ], [ -122.264213941430995, 37.832702778578565 ], [ -122.26424788966402, 37.832708188469795 ], [ -122.26417870411602, 37.832977282696746 ], [ -122.263637478139998, 37.832883142363002 ], [ -122.263664016170992, 37.833063331881284 ], [ -122.264132500168003, 37.833137986560807 ], [ -122.264100483313001, 37.833272949128116 ], [ -122.264068467355997, 37.833407907191592 ], [ -122.264004435443013, 37.833677822578032 ], [ -122.263740073831016, 37.833635693371875 ], [ -122.263762926072985, 37.83380740698388 ], [ -122.264119161084011, 37.833864177689463 ], [ -122.264088491702012, 37.833999317008342 ], [ -122.264050203707995, 37.834133308140565 ], [ -122.264186792546994, 37.834155093436195 ], [ -122.264220746170011, 37.834160486193348 ], [ -122.264196890509012, 37.834254726352661 ], [ -122.264173545990005, 37.834346947216872 ], [ -122.264152587395998, 37.834429743978738 ], [ -122.263839099616007, 37.834379786114724 ], [ -122.263861951858999, 37.83455150012324 ], [ -122.264291850519001, 37.834620008529569 ], [ -122.264224082512996, 37.834889329199882 ], [ -122.264305559709001, 37.834902313262695 ], [ -122.264390432536999, 37.834915837941473 ], [ -122.264322988822002, 37.835183871262615 ], [ -122.263937886449995, 37.835122072134872 ], [ -122.263960748573993, 37.835293858909928 ], [ -122.26426289332602, 37.835342344717148 ], [ -122.264220128128997, 37.835509171805271 ], [ -122.264355925551996, 37.835530809125515 ], [ -122.264335209503002, 37.835611707446795 ], [ -122.264329696542006, 37.835633238317087 ], [ -122.26441454331902, 37.835646757186112 ], [ -122.264584290772021, 37.835673804139702 ], [ -122.264787988254014, 37.835706259335943 ], [ -122.264869831962997, 37.835719299302731 ], [ -122.26482316178901, 37.83581245553809 ], [ -122.264795300540996, 37.835821102485276 ], [ -122.264764573666, 37.835822590231217 ], [ -122.264685024255016, 37.835850225975292 ], [ -122.264604342965995, 37.835875265072801 ], [ -122.264528173914002, 37.835910693540235 ], [ -122.264515835553993, 37.835919037535213 ], [ -122.264533521585008, 37.836006682416404 ], [ -122.264546300120003, 37.836070003307498 ], [ -122.26455540095202, 37.83611510234681 ], [ -122.264576614668002, 37.836220449446074 ], [ -122.26459837635602, 37.836330195041299 ], [ -122.264462140554016, 37.836347602326924 ], [ -122.264487764997995, 37.836470541519333 ], [ -122.264224634976998, 37.836504161293938 ], [ -122.264235240486983, 37.836557396119694 ], [ -122.264316408663007, 37.836547025987734 ], [ -122.264358569294004, 37.83674164467962 ], [ -122.264156863376982, 37.836767415631925 ], [ -122.264176885027993, 37.83691785183472 ], [ -122.264571997326996, 37.836867369950326 ], [ -122.264599925949, 37.83700603542259 ], [ -122.264621803520001, 37.837114647564533 ], [ -122.264643680191995, 37.837223260255868 ], [ -122.264665529016014, 37.83733173728249 ], [ -122.264802280449999, 37.837314264959801 ], [ -122.264820058110004, 37.837311993302094 ], [ -122.264773158864983, 37.837626683910216 ], [ -122.26638890916, 37.837384805500058 ], [ -122.266193919047012, 37.836450035350595 ], [ -122.266193581281016, 37.836448326975884 ], [ -122.266193283039996, 37.836446617891724 ], [ -122.266193021630002, 37.83644490455081 ], [ -122.266192798847996, 37.836443188371987 ], [ -122.266192612896987, 37.836441468645809 ], [ -122.266192465573013, 37.836439747500691 ], [ -122.266192355979015, 37.836438024227064 ], [ -122.266192284113998, 37.836436299534583 ], [ -122.266192249978019, 37.836434574132568 ], [ -122.266192253571006, 37.836432848730645 ], [ -122.266192296689979, 37.836431123328524 ], [ -122.26619237574198, 37.836429398635879 ], [ -122.266192494318986, 37.83642767607158 ], [ -122.266192649727998, 37.836425954926085 ], [ -122.266192843764017, 37.836424235908972 ], [ -122.266193075529003, 37.836422520439221 ], [ -122.266193345024021, 37.836420807807094 ], [ -122.266193651349013, 37.836419100141171 ], [ -122.266193995403981, 37.836417396022625 ], [ -122.266194378087008, 37.836415697579511 ], [ -122.266194796701001, 37.836414004102679 ], [ -122.266195253046021, 37.836412317010904 ], [ -122.266195747119014, 37.836410636304187 ], [ -122.266196277125005, 37.836408963401588 ], [ -122.266196843962021, 37.836407296883962 ], [ -122.266197447629992, 37.836405639589294 ], [ -122.266198088129002, 37.836403990098688 ], [ -122.266198764560016, 37.836402349830905 ], [ -122.266199476924001, 37.836400719495607 ], [ -122.26620022432202, 37.836399099092617 ], [ -122.266201007652995, 37.836397489331475 ], [ -122.266201826917012, 37.836395890921601 ], [ -122.26620268121502, 37.836394303863116 ], [ -122.266203569648994, 37.836392728865292 ], [ -122.266204493116987, 37.836391165928241 ], [ -122.266205449821996, 37.836389616471017 ], [ -122.266206441562019, 37.8363880804933 ], [ -122.266207466539981, 37.836386558704795 ], [ -122.266208524755996, 37.836385051105353 ], [ -122.266209616209011, 37.83638355840462 ], [ -122.266210740898998, 37.836382081311868 ], [ -122.266211897030999, 37.83638061982721 ], [ -122.266213085502002, 37.836379173950604 ], [ -122.26621430541401, 37.836377745100997 ], [ -122.266215556768003, 37.836376333987801 ], [ -122.26621683956202, 37.836374939901603 ], [ -122.266218152001002, 37.836373563551909 ], [ -122.26621949498201, 37.83637220564799 ], [ -122.266220866709006, 37.836370866899493 ], [ -122.266222268979007, 37.836369547306283 ], [ -122.266223699096997, 37.836368246868517 ], [ -122.266225157961017, 37.836366967004992 ], [ -122.266226644673011, 37.836365707006401 ], [ -122.266228159232995, 37.836364468291393 ], [ -122.266229700742002, 37.836363250150704 ], [ -122.266231268301979, 37.836362054003324 ], [ -122.266232862812004, 37.836360879849003 ], [ -122.266234482474005, 37.836359727688013 ], [ -122.266236127289005, 37.836358598229481 ], [ -122.266237796358993, 37.836357491473912 ], [ -122.266239489683002, 37.836356408130207 ], [ -122.266241207261984, 37.836355348198786 ], [ -122.266242947299006, 37.836354312388906 ], [ -122.266244709793995, 37.836353300700587 ], [ -122.266246493848001, 37.836352313843285 ], [ -122.266248300360004, 37.836351351817122 ], [ -122.266250127532999, 37.83635041462189 ], [ -122.266251974468986, 37.836349502967309 ], [ -122.266253841168009, 37.836348616853094 ], [ -122.26625572763102, 37.836347756988914 ], [ -122.266257632957007, 37.836346923374705 ], [ -122.266259555351994, 37.836346116010503 ], [ -122.26626149571301, 37.836345335605692 ], [ -122.266263453142003, 37.836344582160294 ], [ -122.266265426740986, 37.836343855674315 ], [ -122.26626741650901, 37.836343156857268 ], [ -122.266269420650019, 37.836342485709118 ], [ -122.266271439164996, 37.836341842229878 ], [ -122.266273472052021, 37.836341227128855 ], [ -122.266275518415, 37.836340639696893 ], [ -122.266277576454996, 37.836340081352681 ], [ -122.266279647071983, 37.836339551386942 ], [ -122.266281729366, 37.8363390497993 ], [ -122.266283821543013, 37.836338577299706 ], [ -122.266285924499002, 37.83633813388775 ], [ -122.266288036437999, 37.836337719563652 ], [ -122.266290157360018, 37.836337334327496 ], [ -122.266292286368, 37.836336978888596 ], [ -122.266294422560989, 37.83633665324686 ], [ -122.266296565942014, 37.836336356692982 ], [ -122.266389038517005, 37.836340641115903 ], [ -122.266391229507988, 37.836341943682498 ], [ -122.266393137530002, 37.836343121384402 ], [ -122.266395018601997, 37.836344325336185 ], [ -122.266396872724997, 37.836345555537903 ], [ -122.266398699898019, 37.836346811280166 ], [ -122.26640049922301, 37.836348091853509 ], [ -122.266402269802995, 37.836349396548407 ], [ -122.266404011635998, 37.836350726783799 ], [ -122.266405723825002, 37.836352079721891 ], [ -122.266407405471, 37.836353456781502 ], [ -122.266409057473012, 37.836354857253177 ], [ -122.266410678034006, 37.836356279718245 ], [ -122.266412267153981, 37.836357724885801 ], [ -122.266413823934002, 37.836359191337095 ], [ -122.266415348375006, 37.836360679072236 ], [ -122.266416839578, 37.836362188090988 ], [ -122.266418297544007, 37.836363717684065 ], [ -122.266419721374021, 37.8363652671419 ], [ -122.266421111966011, 37.836366835755214 ], [ -122.266422466625002, 37.836368423523794 ], [ -122.266423786251011, 37.836370029738191 ], [ -122.266425070840995, 37.836371653689106 ], [ -122.266426319499999, 37.836373296085874 ], [ -122.266427531326997, 37.836374954800199 ], [ -122.266428707222005, 37.83637662983211 ], [ -122.26642984538698, 37.836378321181407 ], [ -122.266430945823004, 37.836380028138706 ], [ -122.266432009428982, 37.836381749994729 ], [ -122.266433035304985, 37.83638348674927 ], [ -122.266434021655002, 37.836385236274104 ], [ -122.266434969377016, 37.836386999988001 ], [ -122.266435879371002, 37.836388776472099 ], [ -122.266436748939995, 37.836390565726383 ], [ -122.266437579881995, 37.836392366332035 ], [ -122.266438370399015, 37.836394177579514 ], [ -122.266439121391002, 37.836396000178205 ], [ -122.266439831957982, 37.836397832709409 ], [ -122.266440502101005, 37.8363996751728 ], [ -122.266441130922018, 37.836401526149764 ], [ -122.266441720217017, 37.836403385640111 ], [ -122.266442267290998, 37.836405252934526 ], [ -122.266442773940994, 37.836407128032903 ], [ -122.266443239268, 37.836409009516402 ], [ -122.266443662374996, 37.836410896675552 ], [ -122.266444045057, 37.836412790219605 ], [ -122.266444384620016, 37.83641468802049 ], [ -122.266444683759019, 37.836416590787501 ], [ -122.266444939779007, 37.836418497101697 ], [ -122.266445154475988, 37.836420406963178 ], [ -122.266445326953004, 37.836422318952998 ], [ -122.266445458107015, 37.836424233780697 ], [ -122.266445546141995, 37.836426150027123 ], [ -122.266445591956, 37.836428066983011 ], [ -122.266445596446999, 37.836429983938793 ], [ -122.266445557819992, 37.836431900894624 ], [ -122.266445476971015, 37.836433817140879 ], [ -122.266445354800993, 37.836435731968216 ], [ -122.266445190409016, 37.836437644667093 ], [ -122.266444982897994, 37.836439555237483 ], [ -122.266444734065004, 37.836441462260581 ], [ -122.266444443908981, 37.8364433657364 ], [ -122.266444111531996, 37.836445264246002 ], [ -122.266443736935017, 37.836447158498721 ], [ -122.266443321014989, 37.836449047075703 ], [ -122.266442863771985, 37.836450929977019 ], [ -122.266442364309015, 37.836452805783658 ], [ -122.266441824420994, 37.836454674495734 ], [ -122.266441244109984, 37.836456536113189 ], [ -122.26644062157699, 37.836458388507616 ], [ -122.266439959519019, 37.836460232388518 ], [ -122.266439256138, 37.836462066336871 ], [ -122.266438512332996, 37.836463891062429 ], [ -122.266437729001993, 37.836465705145919 ], [ -122.266436906145003, 37.836467507878098 ], [ -122.266436043762994, 37.836469298549368 ], [ -122.266435141854018, 37.836471077159793 ], [ -122.266434200420008, 37.836472843709643 ], [ -122.266433221255994, 37.836474596070083 ], [ -122.266432202566008, 37.83647633495076 ], [ -122.266431147046006, 37.83647805964231 ], [ -122.266430052898002, 37.836479769435293 ], [ -122.266428921021003, 37.836481463620004 ], [ -122.266427752313007, 37.836483142196705 ], [ -122.266426546773019, 37.836484803746416 ], [ -122.267500798003979, 37.836355451070304 ], [ -122.26822182268198, 37.837149654732066 ], [ -122.268350830637999, 37.837300023467101 ], [ -122.268425848050001, 37.837418370939886 ], [ -122.268059305769, 37.837465398853794 ], [ -122.268083915115994, 37.837587432347952 ], [ -122.268499234119986, 37.837534145766298 ], [ -122.268795426634995, 37.838001416907971 ], [ -122.267362657774996, 37.83818446148657 ], [ -122.267288037418993, 37.837814415301715 ], [ -122.267151313832997, 37.837832028685483 ], [ -122.267172046051016, 37.837934842747515 ], [ -122.267035322464992, 37.837952456102393 ], [ -122.266898649184014, 37.837970316339486 ], [ -122.266877867559003, 37.837867254730952 ], [ -122.266803517595989, 37.837498537169424 ], [ -122.266598411555009, 37.837524849875308 ], [ -122.266642156814996, 37.837741797915911 ], [ -122.266522511100007, 37.837757146767473 ], [ -122.266394319713015, 37.837773592418195 ], [ -122.266350574453, 37.83755664376158 ], [ -122.264671978920006, 37.837917945217022 ], [ -122.264713531392005, 37.838123434616961 ], [ -122.264657445975004, 37.838245118687091 ], [ -122.264620913289008, 37.838319067905644 ], [ -122.264582758245993, 37.838392500578315 ], [ -122.264542993421998, 37.838465393295124 ], [ -122.264501630493996, 37.838537724774447 ], [ -122.264496154363997, 37.838546873684315 ], [ -122.264397965808996, 37.838559520120405 ], [ -122.264359200808983, 37.838269688741079 ], [ -122.264133255651004, 37.838298757346877 ], [ -122.264149350766019, 37.838419103835186 ], [ -122.263807528325003, 37.838463080525408 ], [ -122.263783286389, 37.838343781951238 ], [ -122.263761248918996, 37.838235329114987 ], [ -122.263750230182993, 37.838181102282284 ], [ -122.263613501207018, 37.838198692876368 ], [ -122.263476772231002, 37.838216282756811 ], [ -122.263340044152997, 37.838233872633126 ], [ -122.26320331517698, 37.83825146250507 ], [ -122.263066586201006, 37.838269051663616 ], [ -122.262929857225018, 37.838286640817813 ], [ -122.262909347789005, 37.838289279226018 ], [ -122.262772618813017, 37.838306869084889 ], [ -122.262677354273009, 37.838319123951443 ], [ -122.262738760410997, 37.838405044172312 ], [ -122.262823262235003, 37.838523278490399 ], [ -122.262866738897998, 37.838584109933933 ], [ -122.26288496481699, 37.838581765243312 ], [ -122.262986941568002, 37.838724449995411 ], [ -122.263789490155006, 37.838621204277437 ], [ -122.263813733887005, 37.838740502402906 ], [ -122.263835774951005, 37.838848955205805 ], [ -122.263857815117021, 37.838957407849307 ], [ -122.263879855281985, 37.839065860333299 ], [ -122.263904099912992, 37.839185158449091 ], [ -122.263365716207986, 37.839254420934012 ], [ -122.263467694754993, 37.839397105094314 ], [ -122.263901806514994, 37.839341257358512 ], [ -122.263611320098008, 37.839625905707763 ], [ -122.263697965302001, 37.839747133976005 ], [ -122.263438132098017, 37.839963056747521 ], [ -122.263365489832012, 37.840005571104385 ], [ -122.262938032791993, 37.839968302229281 ], [ -122.262817554340018, 37.839957797786269 ], [ -122.262645442521006, 37.839942790625649 ], [ -122.262607527328015, 37.840215272910157 ], [ -122.262404056221001, 37.840197531690116 ], [ -122.262205145860989, 37.840169441416414 ], [ -122.262093799682006, 37.840151497999855 ], [ -122.261961432026013, 37.841102715101052 ], [ -122.262305637696997, 37.84113289494978 ], [ -122.262279132006, 37.841323375607779 ], [ -122.262277148525996, 37.841337624836584 ], [ -122.262274204747001, 37.841358780176193 ], [ -122.262260040111002, 37.841460572028893 ], [ -122.262258156344004, 37.84147411111217 ], [ -122.262086052610982, 37.841459021968575 ], [ -122.262049950218, 37.841718455491218 ], [ -122.261877845586, 37.841703365688197 ], [ -122.261855053529999, 37.841867149227596 ], [ -122.262199262794013, 37.841897329473014 ], [ -122.262184987666004, 37.841999912277799 ], [ -122.262178370676011, 37.842047464357876 ], [ -122.26217029661801, 37.842105482947623 ], [ -122.262159377596006, 37.842183950738594 ], [ -122.262155482501015, 37.842211942347596 ], [ -122.262140667485014, 37.842318401594 ], [ -122.262140384516002, 37.84232043757617 ], [ -122.262125472481998, 37.842427591168921 ], [ -122.262121391435997, 37.842456924161205 ], [ -122.262110278377008, 37.842536780582272 ], [ -122.262102397456985, 37.842593410493578 ], [ -122.262095083374007, 37.842645969833995 ], [ -122.262083687346006, 37.842727861311936 ], [ -122.262079889269003, 37.842755158924 ], [ -122.262064694266002, 37.84286434785232 ], [ -122.262043801249021, 37.843014483606289 ], [ -122.261699589289989, 37.842984284664524 ], [ -122.261676795438007, 37.843148068196911 ], [ -122.261647924483995, 37.843355527903626 ], [ -122.26199213823898, 37.843385726693541 ], [ -122.26198264125, 37.843453970095908 ], [ -122.261973144260992, 37.843522213435193 ], [ -122.261954745864998, 37.843654425857984 ], [ -122.261930936917011, 37.843825505366404 ], [ -122.261574930977005, 37.843880028829183 ], [ -122.261556708650986, 37.844050642457788 ], [ -122.261882285957981, 37.844000779782704 ], [ -122.261937044563012, 37.844219989442763 ], [ -122.262039091381993, 37.844204505734503 ], [ -122.262094611758997, 37.84442676158136 ], [ -122.261665338325017, 37.844492322561862 ], [ -122.261777236968996, 37.844933463023011 ], [ -122.261817615341997, 37.84509510346178 ], [ -122.261908759308994, 37.845457971169836 ] ] ] ] } },
{ "type": "Feature", "properties": { "FID": 8, "BID": "Fruitvale", "Shp__Ar": 621010.6015625, "Shp__Ln": 18292.493865667504, "pop_count": 2727.5495621963123, "pop_count_coverage": 1.0, "total_households": 837.17567881728905, "total_households_coverage": 1.0, "total_housing_units": 901.71655560397164, "total_housing_units_coverage": 1.0, "total_employed": null, "total_employed_coverage": 0.0, "purchasing_power_index": 53517742.058922999, "purchasing_power_index_coverage": 0.7028129219193614, "median_household_income": 72266.228043203591, "median_household_income_coverage": 0.7028129219193614, "median_home_value": 654675.53463364427, "median_home_value_coverage": 0.65182387606041226, "median_gross_rent": 1771.8186577280644, "median_gross_rent_coverage": 0.97561454946354964, "per_capita_income": 28437.629503763677, "per_capita_income_coverage": 1.0, "avg_household_size": 3.0145578826795987, "avg_household_size_coverage": 1.0, "median_age": 34.59987517870055, "median_age_coverage": 1.0, "median_year_built": 1959.7400559304738, "median_year_built_coverage": 1.0, "pop_density": 7042.5144727913857, "pop_density_coverage": 1.0, "pop_density_sqmi": 18240.036241178201, "pop_density_sqmi_coverage": 1.0, "purchasing_power_density": 509226610.32162267, "purchasing_power_density_coverage": 0.7028129219193614, "drive_alone_share": 0.56899158597245325, "drive_alone_share_coverage": 1.0, "active_transit_share": 0.0040603080471971788, "active_transit_share_coverage": 1.0, "zero_vehicle_rate": null, "zero_vehicle_rate_coverage": 0.0, "renter_share": 0.77753060072067448, "renter_share_coverage": 1.0, "foreign_born_share": null, "foreign_born_share_coverage": 0.0, "low_income_share": 0.31937903126112377, "low_income_share_coverage": 1.0, "retail_food_service_share": null, "retail_food_service_share_coverage": 0.0 }, "geometry": { "type": "MultiPolygon", "coordinates": [ [ [ [ -122.225405670129007, 37.775689438421679 ], [ -122.225091419679003, 37.7761039746158 ], [ -122.224877668251992, 37.776385752615937 ], [ -122.224877053805017, 37.776386577676917 ], [ -122.224835148295, 37.776442023593113 ], [ -122.224465849085007, 37.776263132277968 ], [ -122.224377082060002, 37.776380154698423 ], [ -122.224525225929014, 37.776451070854037 ], [ -122.224599298312, 37.776486529261199 ], [ -122.224747443078996, 37.776557445314793 ], [ -122.224542200494, 37.776828017299287 ], [ -122.224719638424006, 37.776913561067168 ], [ -122.224898109416998, 37.776678280853368 ], [ -122.224942727838013, 37.776619461037903 ], [ -122.225239100915019, 37.776761183477028 ], [ -122.225313193960019, 37.776796614044272 ], [ -122.225402429007005, 37.77667897384493 ], [ -122.225447046531002, 37.776620153319996 ], [ -122.225513971916996, 37.776531923154906 ], [ -122.225558588542995, 37.776473103223005 ], [ -122.225580897303999, 37.776443692884456 ], [ -122.225512731343983, 37.77641109731767 ], [ -122.225615764513989, 37.776273576202158 ], [ -122.225626113106003, 37.776273606023693 ], [ -122.225655455676005, 37.776274095948665 ], [ -122.22568478207701, 37.776274993434491 ], [ -122.225714084223, 37.776276296351057 ], [ -122.225743354030001, 37.776278005408152 ], [ -122.225772580717987, 37.776280119186012 ], [ -122.225801757998994, 37.77628263839442 ], [ -122.225830874194003, 37.776285560193152 ], [ -122.225859922116996, 37.776288885292438 ], [ -122.225897711545997, 37.776293873295927 ], [ -122.225729060936004, 37.776513323817703 ], [ -122.225803154878989, 37.776548754503843 ], [ -122.225848201797007, 37.776490139785167 ], [ -122.225893247816984, 37.776431525020044 ], [ -122.22593829383699, 37.776372909498548 ], [ -122.226081089136017, 37.776441191432511 ], [ -122.226153829317994, 37.776346540912598 ], [ -122.226172405580016, 37.77635167730957 ], [ -122.22619994792602, 37.776359724141621 ], [ -122.226227308813009, 37.776368150131702 ], [ -122.226254481054013, 37.776376954569535 ], [ -122.226256097122999, 37.776377525437915 ], [ -122.226257189475021, 37.776377934418178 ], [ -122.226258272843012, 37.776378357599199 ], [ -122.226259347227995, 37.776378796400984 ], [ -122.226260410833007, 37.776379249403519 ], [ -122.226261464557012, 37.776379718026682 ], [ -122.226262508399003, 37.776380200850717 ], [ -122.226263541462018, 37.776380697875425 ], [ -122.226264562846012, 37.776381209100705 ], [ -122.226265573451002, 37.776381733816841 ], [ -122.226266571479016, 37.776382273443595 ], [ -122.226267558727997, 37.776382825851002 ], [ -122.226268532502004, 37.776383392459103 ], [ -122.226269494597005, 37.77638397255776 ], [ -122.226270443217999, 37.776384566147215 ], [ -122.22627137836399, 37.776385172517301 ], [ -122.226272300933999, 37.77638579095796 ], [ -122.226273209130994, 37.776386422889296 ], [ -122.226274103853001, 37.776387067601227 ], [ -122.226274983304009, 37.776387723673665 ], [ -122.226275849280015, 37.776388392526883 ], [ -122.226276699983998, 37.776389072740457 ], [ -122.226277535417012, 37.776389765024817 ], [ -122.226278355579012, 37.776390468669597 ], [ -122.226279159570993, 37.776391183674988 ], [ -122.226279948291989, 37.776391910040942 ], [ -122.226280721742, 37.776392647057349 ], [ -122.226281477225015, 37.776393394014271 ], [ -122.226282217437003, 37.776394151621773 ], [ -122.226282940580006, 37.776394919879664 ], [ -122.226283646655986, 37.776395697368223 ], [ -122.226284335664005, 37.776396484797097 ], [ -122.226285006706007, 37.776397282166513 ], [ -122.226285660678982, 37.776398088056347 ], [ -122.226286296686013, 37.776398903176528 ], [ -122.226286913829014, 37.776399726817239 ], [ -122.226287513904012, 37.776400558978295 ], [ -122.226288095114015, 37.776401398949659 ], [ -122.226288658357021, 37.776402247441617 ], [ -122.226289201838014, 37.776403103033751 ], [ -122.226289727352011, 37.776403966436305 ], [ -122.226290233103995, 37.776404836939349 ], [ -122.226290719991013, 37.776405713832538 ], [ -122.226291188012993, 37.776406597825947 ], [ -122.226291635374011, 37.776407488209919 ], [ -122.226292063871014, 37.776408384274134 ], [ -122.226292472604015, 37.776409286728516 ], [ -122.226292861573995, 37.776410194153264 ], [ -122.226293229884007, 37.776411107258085 ], [ -122.226293578430003, 37.776412024623305 ], [ -122.226293907213005, 37.77641294766854 ], [ -122.226294214437004, 37.776413874264222 ], [ -122.226294501897996, 37.776414805830015 ], [ -122.226294769595995, 37.776415740945993 ], [ -122.226295015735005, 37.776416678902102 ], [ -122.226295241212, 37.776417621118384 ], [ -122.226295446028004, 37.776418565464759 ], [ -122.226295631081015, 37.776419512651351 ], [ -122.226295793676002, 37.776420462677876 ], [ -122.226295936507995, 37.776421414834708 ], [ -122.226296057780004, 37.776422368411467 ], [ -122.226296158391989, 37.776423323408288 ], [ -122.226296237443009, 37.776424280535267 ], [ -122.226296295834018, 37.776425237662203 ], [ -122.226296333562999, 37.776426196209101 ], [ -122.226296349733019, 37.776427154756078 ], [ -122.22629634524101, 37.776428113303091 ], [ -122.226296319189998, 37.776429071850018 ], [ -122.22629627247801, 37.776430029686942 ], [ -122.226296204206008, 37.7764309868137 ], [ -122.226296115272021, 37.776431942520531 ], [ -122.226296005677995, 37.776432897517196 ], [ -122.226295874523998, 37.77643385038381 ], [ -122.226295721810004, 37.776434801120253 ], [ -122.226295549333997, 37.776435750436669 ], [ -122.226295356196005, 37.776436696202907 ], [ -122.226295141498994, 37.776437639839024 ], [ -122.226294906140012, 37.776438579925028 ], [ -122.226294650119996, 37.776439517170765 ], [ -122.226294374336987, 37.776440450156244 ], [ -122.226294076995003, 37.776441379591645 ], [ -122.226293759890012, 37.776442304766789 ], [ -122.226293422123021, 37.776443224971693 ], [ -122.226293064594017, 37.776444140206266 ], [ -122.226292687300997, 37.776445051180765 ], [ -122.226292289348009, 37.776445956474845 ], [ -122.226291871631005, 37.776446856088754 ], [ -122.226568504230002, 37.776519053791525 ], [ -122.226455147620015, 37.776744843518493 ], [ -122.226388770206, 37.776877056279822 ], [ -122.226635890452016, 37.777024702707727 ], [ -122.226567077704985, 37.777133285950214 ], [ -122.226517929079009, 37.777210840138501 ], [ -122.226554704310004, 37.77722870513216 ], [ -122.226539370967004, 37.77725290143151 ], [ -122.226812863055002, 37.777375931232697 ], [ -122.226541242156998, 37.777784614491388 ], [ -122.226719357416997, 37.777869782971173 ], [ -122.22688000852898, 37.777628066600109 ], [ -122.227162538566986, 37.777760849349505 ], [ -122.227248278269997, 37.777653826949269 ], [ -122.227523329833019, 37.777821306276159 ], [ -122.227240104499018, 37.778118783342634 ], [ -122.227418917749006, 37.778204283725657 ], [ -122.227774159223003, 37.777831166342672 ], [ -122.227836753831994, 37.777765420470857 ], [ -122.228182554013003, 37.777964239125488 ], [ -122.228192987046981, 37.77795328138567 ], [ -122.228332826889002, 37.778033682601396 ], [ -122.228326573716018, 37.778040260220351 ], [ -122.228410655128016, 37.778088602578308 ], [ -122.228416908301, 37.778082024253465 ], [ -122.228500989712998, 37.778130366584108 ], [ -122.228083324309992, 37.778569712612153 ], [ -122.228249085038996, 37.778668924250901 ], [ -122.229103245432, 37.77777041334496 ], [ -122.230022115069005, 37.778224020795598 ], [ -122.229109211144021, 37.779183723959875 ], [ -122.228933206926001, 37.779353554912895 ], [ -122.228719027002001, 37.779569330598164 ], [ -122.228442651321998, 37.77940398525017 ], [ -122.228332161236992, 37.779337786372857 ], [ -122.228117979516995, 37.779553560684093 ], [ -122.227802271101993, 37.779364602615992 ], [ -122.227585946001994, 37.779582533842749 ], [ -122.227609134214006, 37.779596413009017 ], [ -122.227588843966984, 37.77961757397555 ], [ -122.227569022639983, 37.779639013967568 ], [ -122.227549674726006, 37.779660724464819 ], [ -122.227530808308003, 37.779682699786989 ], [ -122.227512426981008, 37.779704933543798 ], [ -122.227511272644989, 37.779706384080548 ], [ -122.227494537929999, 37.779727417925066 ], [ -122.22747714564801, 37.779750146540486 ], [ -122.227460255523994, 37.779773112999784 ], [ -122.227431622622987, 37.779814303082112 ], [ -122.227420946145003, 37.779829540438882 ], [ -122.227412965512002, 37.779840392820418 ], [ -122.227404746825982, 37.77985113301991 ], [ -122.22739940274802, 37.779857849637573 ], [ -122.227396292780995, 37.779861758197598 ], [ -122.227387606970012, 37.779872264093548 ], [ -122.227378691191007, 37.779882648577576 ], [ -122.227369548138, 37.77989290739 ], [ -122.22736018140499, 37.779903038400597 ], [ -122.227350593686012, 37.779913038059711 ], [ -122.227340786778001, 37.779922903527194 ], [ -122.227330764274015, 37.779932631253203 ], [ -122.227320529767994, 37.779942219107696 ], [ -122.227310086852995, 37.779951663540686 ], [ -122.227492535585014, 37.779580707001244 ], [ -122.227479639370983, 37.779539104985901 ], [ -122.227428881862991, 37.779375359924813 ], [ -122.227351701307995, 37.779351034389116 ], [ -122.227415425100006, 37.779223371523379 ], [ -122.227530627747001, 37.778992576695089 ], [ -122.227208910501005, 37.778891482541198 ], [ -122.227397098569, 37.778514469225819 ], [ -122.227246866117994, 37.778442634869641 ], [ -122.226996769753001, 37.778943671180016 ], [ -122.22683664774901, 37.778893202898161 ], [ -122.226675854703018, 37.778842522998289 ], [ -122.226739759954015, 37.778714917475256 ], [ -122.226803665205011, 37.778587311732217 ], [ -122.226482081808001, 37.778485951478402 ], [ -122.226647338582012, 37.778155965584119 ], [ -122.226497135775006, 37.778084144369913 ], [ -122.22642600537398, 37.778226177118789 ], [ -122.226104424672002, 37.778124815659837 ], [ -122.226031572201009, 37.778270285523433 ], [ -122.225967666052, 37.778397891103815 ], [ -122.225915071489013, 37.778502910184969 ], [ -122.225871806827982, 37.778589298351427 ], [ -122.226193389326014, 37.778690660593618 ], [ -122.226065666859, 37.778945692580194 ], [ -122.225424224831002, 37.778743511105908 ], [ -122.225360370784003, 37.778871132909707 ], [ -122.225611205563979, 37.77895019617727 ], [ -122.225555652847987, 37.779061226834436 ], [ -122.225700365152008, 37.779106839959908 ], [ -122.225644812436997, 37.779217871091809 ], [ -122.225589258822993, 37.779328902056911 ], [ -122.225533706107996, 37.779439932855212 ], [ -122.225617317701008, 37.779466286847622 ], [ -122.225582836767003, 37.779535202798819 ], [ -122.225479929361001, 37.779502766926221 ], [ -122.225428845765009, 37.779604864190233 ], [ -122.225384146494008, 37.779694199003082 ], [ -122.225258728205986, 37.779654667422669 ], [ -122.225133309918007, 37.779615135111335 ], [ -122.225037526151979, 37.779806567607189 ], [ -122.224912106964993, 37.779767035376878 ], [ -122.224835480671999, 37.779920180672519 ], [ -122.225115260967002, 37.780008367743697 ], [ -122.225211737332998, 37.78003877705418 ], [ -122.225060399056019, 37.780341240027404 ], [ -122.225009313661999, 37.780443336843256 ], [ -122.225144381652996, 37.780485910334036 ], [ -122.225266585770001, 37.7805244283063 ], [ -122.225382357949002, 37.780560919222673 ], [ -122.225530289815012, 37.780607546005029 ], [ -122.225658925868004, 37.780648091657469 ], [ -122.225787562820003, 37.780688636577892 ], [ -122.225916198874017, 37.780729181475905 ], [ -122.226044835826016, 37.780769726351636 ], [ -122.226173472777987, 37.780810270495316 ], [ -122.226385711442006, 37.780877164556088 ], [ -122.226350167801002, 37.78092033276986 ], [ -122.226004367621016, 37.78126320397314 ], [ -122.225932405379993, 37.781354418248611 ], [ -122.225844357008015, 37.78132666625347 ], [ -122.225899911520003, 37.7812156354492 ], [ -122.225755194724002, 37.781170022204996 ], [ -122.225626556874019, 37.781129477548809 ], [ -122.22549791992202, 37.781088932160309 ], [ -122.225369282969993, 37.781048386749575 ], [ -122.225240646017994, 37.781007841316601 ], [ -122.225112009065995, 37.780967295861466 ], [ -122.224983373012009, 37.780926750383998 ], [ -122.22485473606001, 37.780886204174273 ], [ -122.224726100005995, 37.780845657942436 ], [ -122.224665001092006, 37.780967765875623 ], [ -122.224603915653006, 37.781089848757418 ], [ -122.224540057113998, 37.781217469350189 ], [ -122.224234545475994, 37.781121171379738 ], [ -122.224170686937001, 37.781248792628524 ], [ -122.224669154902017, 37.781405910071278 ], [ -122.224483555777979, 37.781776833311618 ], [ -122.224644358705021, 37.781827504809797 ], [ -122.224805161631991, 37.78187817627331 ], [ -122.224965964559999, 37.781928847701906 ], [ -122.225126768386005, 37.78197951838591 ], [ -122.225287572210988, 37.782030189035211 ], [ -122.225448376037008, 37.782080859649732 ], [ -122.225541642723016, 37.782110247865972 ], [ -122.225390805705999, 37.782642838305271 ], [ -122.224808774657006, 37.782459436603588 ], [ -122.224810032297995, 37.782459509021294 ], [ -122.224811198311016, 37.782459759643061 ], [ -122.224812368816004, 37.782459993935468 ], [ -122.224813545608995, 37.782460211898403 ], [ -122.224814725995003, 37.782460414241697 ], [ -122.224815910873005, 37.782460599545679 ], [ -122.224817100243015, 37.782460768520217 ], [ -122.22481829230702, 37.782460921165224 ], [ -122.224819487965007, 37.782461056770778 ], [ -122.224820686317017, 37.78246117604688 ], [ -122.224821887364996, 37.782461278993523 ], [ -122.224823090209, 37.782461365610679 ], [ -122.224824294849981, 37.782461434478549 ], [ -122.224825501287, 37.782461487726685 ], [ -122.224826708623013, 37.78246152393551 ], [ -122.224827915958997, 37.782461543104894 ], [ -122.224829123294015, 37.782461545234831 ], [ -122.224830331527983, 37.78246153103531 ], [ -122.224831538863995, 37.782461500506273 ], [ -122.224832745301995, 37.782461452937937 ], [ -122.224833949941996, 37.782461388329921 ], [ -122.224835153685007, 37.782461307392559 ], [ -122.224836355630998, 37.78246121012576 ], [ -122.224837554882015, 37.782461095819542 ], [ -122.224838751438, 37.78246096518378 ], [ -122.224839944399989, 37.782460817508621 ], [ -122.224841134668011, 37.782460653503932 ], [ -122.224842321341995, 37.782460473169792 ], [ -122.224843502626996, 37.782460276506171 ], [ -122.224844680318, 37.782460063513199 ], [ -122.224845853518005, 37.782459834190718 ], [ -122.224847021328003, 37.78245958782869 ], [ -122.224848182849996, 37.782459326557174 ], [ -122.224849338980988, 37.78245904824626 ], [ -122.224850488824998, 37.7824587550259 ], [ -122.224851631482011, 37.782458445475889 ], [ -122.224852767851019, 37.782458119596519 ], [ -122.224853897032986, 37.782457778807682 ], [ -122.224855018130981, 37.782457421689308 ], [ -122.224856131143, 37.782457049661438 ], [ -122.224857236071003, 37.782456662014155 ], [ -122.224858332015998, 37.782456259457192 ], [ -122.22485941897699, 37.782455841280793 ], [ -122.224860496057005, 37.782455408194878 ], [ -122.224861564154011, 37.782454960909384 ], [ -122.224862622369997, 37.782454498004491 ], [ -122.224863669805018, 37.782454020900005 ], [ -122.224864707359004, 37.782453529595998 ], [ -122.224865733235006, 37.782453024092518 ], [ -122.224866748332005, 37.782452503679359 ], [ -122.224867750851999, 37.782451969776687 ], [ -122.224868742592008, 37.782451422384582 ], [ -122.224869721754999, 37.7824508607928 ], [ -122.224870688343003, 37.782450286421486 ], [ -122.22487164145501, 37.782449697850588 ], [ -122.22487258288902, 37.782449096500123 ], [ -122.224873509950996, 37.782448482370135 ], [ -122.224874423537003, 37.782447855460426 ], [ -122.224875323649016, 37.782447215771178 ], [ -122.224876209388, 37.782446564012368 ], [ -122.224877079856, 37.782445900183845 ], [ -122.224877936848998, 37.782445224285674 ], [ -122.224878777672018, 37.782444536317968 ], [ -122.224879604121995, 37.78244383699068 ], [ -122.224880414401994, 37.782443126303683 ], [ -122.224881209410995, 37.782442404257118 ], [ -122.224881988250004, 37.782441671560811 ], [ -122.224882750920003, 37.782440928214875 ], [ -122.224883497419995, 37.782440174219339 ], [ -122.224884226851998, 37.782439410283999 ], [ -122.224884939215997, 37.782438636408976 ], [ -122.224885635410999, 37.782437852594327 ], [ -122.224886312740011, 37.782437058839974 ], [ -122.224886973899999, 37.78243625656583 ], [ -122.224887616196, 37.782435445062141 ], [ -122.224888241423002, 37.782434625038611 ], [ -122.224888847786005, 37.782433795785295 ], [ -122.224889436182991, 37.78243295872231 ], [ -122.224890006612981, 37.782432113139635 ], [ -122.224890558178018, 37.782431260457116 ], [ -122.224891089981, 37.782430399964824 ], [ -122.224891603816985, 37.782429532372781 ], [ -122.224892097891001, 37.782428657681031 ], [ -122.224893028545011, 37.782426888417923 ], [ -122.224931334505996, 37.782350313081771 ], [ -122.223798180742008, 37.781993237356403 ], [ -122.223734320405981, 37.782120858519392 ], [ -122.224058967957006, 37.782223161611 ], [ -122.223963199462986, 37.782414599422161 ], [ -122.224107923445004, 37.782460204088586 ], [ -122.224063231360986, 37.782549541840275 ], [ -122.224015347563011, 37.782645260740196 ], [ -122.224031427406999, 37.782650327832137 ], [ -122.223951620179008, 37.78280985975541 ], [ -122.223790815455018, 37.782759187510706 ], [ -122.223750592488997, 37.782839591308907 ], [ -122.223711008226999, 37.782918718489213 ], [ -122.22338628072599, 37.78281639009122 ], [ -122.223322419492021, 37.78294401054287 ], [ -122.223614999882017, 37.783036208894224 ], [ -122.223551153022015, 37.783163833936129 ], [ -122.223744120128003, 37.78322464142861 ], [ -122.223686657594001, 37.783339503754391 ], [ -122.223629195060013, 37.783454366611615 ], [ -122.223598267862002, 37.783516187697451 ], [ -122.223552578647983, 37.783607516336986 ], [ -122.223391773026009, 37.783556843219245 ], [ -122.223260073717015, 37.783820096836706 ], [ -122.222938236096994, 37.783711752025127 ], [ -122.222841162350008, 37.783858063559784 ], [ -122.22319316449898, 37.783976562748038 ], [ -122.223110140404003, 37.784184901593584 ], [ -122.222747218335002, 37.784093804404883 ], [ -122.222519218729005, 37.784064856443408 ], [ -122.222416955415, 37.78432146800548 ], [ -122.222401303170003, 37.784360745764587 ], [ -122.221888560077019, 37.784232037970888 ], [ -122.221772991815996, 37.78420302758699 ], [ -122.221734190884007, 37.784253430477058 ], [ -122.220959119965002, 37.783877600330428 ], [ -122.221346863383999, 37.783373259193894 ], [ -122.221164802724019, 37.783293710778779 ], [ -122.220938672512005, 37.783587839631707 ], [ -122.220643284886989, 37.783444791282207 ], [ -122.220569438880005, 37.783409028796584 ], [ -122.220506354688993, 37.783491081850848 ], [ -122.220358660876002, 37.783419556907234 ], [ -122.220137121954011, 37.783312270071811 ], [ -122.220359764905993, 37.783022680389699 ], [ -122.220157447236005, 37.782969481500878 ], [ -122.219972509271003, 37.783210026705099 ], [ -122.219697095686996, 37.783110525103389 ], [ -122.219555204092984, 37.783059262368916 ], [ -122.219474616228993, 37.783136319750476 ], [ -122.219296220695, 37.7830187982658 ], [ -122.219158777557993, 37.782928254128272 ], [ -122.219269281118002, 37.782822593838652 ], [ -122.219153766755014, 37.782746513764259 ], [ -122.219043263195999, 37.782852174162784 ], [ -122.218759352446995, 37.782665181217823 ], [ -122.219020847534011, 37.782415146814735 ], [ -122.218990188931997, 37.782186464201359 ], [ -122.218765390024004, 37.782401411593142 ], [ -122.218600947122994, 37.782178427233298 ], [ -122.218719544503003, 37.782092122779261 ], [ -122.218639600730995, 37.782024404110096 ], [ -122.218547217088997, 37.781899132111725 ], [ -122.218829367140003, 37.781689201428087 ], [ -122.218780301159001, 37.781537487578902 ], [ -122.218530314389, 37.781723488689281 ], [ -122.218361024178009, 37.781466930585992 ], [ -122.218523259918996, 37.781348871116315 ], [ -122.218516978, 37.781236959249554 ], [ -122.218362810029006, 37.781097628117507 ], [ -122.218586760928005, 37.780939048856936 ], [ -122.218524502288986, 37.780799111539437 ], [ -122.218200693764985, 37.781028399097082 ], [ -122.218004890676994, 37.780854207669712 ], [ -122.217912748682011, 37.780772235467225 ], [ -122.217859766944997, 37.780725101143375 ], [ -122.217766814669005, 37.780790920352089 ], [ -122.217629968013995, 37.780887819405947 ], [ -122.217485374286994, 37.780990203723356 ], [ -122.21728391900001, 37.780810981198016 ], [ -122.217327498968999, 37.780780229278534 ], [ -122.217405078374995, 37.780725485249796 ], [ -122.217482656883007, 37.780670741890518 ], [ -122.217560236289998, 37.780615997780707 ], [ -122.217652115977003, 37.780551162469472 ], [ -122.217537155875007, 37.780448671754698 ], [ -122.217422115822998, 37.780346110607951 ], [ -122.217306042709012, 37.780242627031356 ], [ -122.217637282097002, 37.780010232204717 ], [ -122.21749557375901, 37.779884229041123 ], [ -122.217395101686009, 37.779954860674877 ], [ -122.217257577701019, 37.779831277104115 ], [ -122.217143506931009, 37.779911307786527 ], [ -122.217013880934005, 37.780002251800056 ], [ -122.216899351125008, 37.779899330773198 ], [ -122.216784821315997, 37.779796409603158 ], [ -122.216670292405993, 37.779693488289702 ], [ -122.216555764392979, 37.779590566832866 ], [ -122.216487015425997, 37.779528836184305 ], [ -122.216371793915002, 37.779425240702572 ], [ -122.216711181921013, 37.779186757115291 ], [ -122.216526848523017, 37.779022847261608 ], [ -122.216343250845, 37.779151859489971 ], [ -122.21620563343501, 37.77902848260959 ], [ -122.216068015127007, 37.778905106233189 ], [ -122.215912571548017, 37.779014334242945 ], [ -122.215855231185003, 37.778962927375424 ], [ -122.215843763292014, 37.778952645713602 ], [ -122.215786422929995, 37.778901238803257 ], [ -122.215774955037006, 37.77889095713293 ], [ -122.21571761467402, 37.778839550179669 ], [ -122.215662567710012, 37.77879019938571 ], [ -122.215660274311006, 37.778788143190738 ], [ -122.215591466055002, 37.77872645447269 ], [ -122.215497428614, 37.778642146806114 ], [ -122.215430913757999, 37.778582514877215 ], [ -122.215419445864995, 37.7785722331624 ], [ -122.215339170614016, 37.778500263249612 ], [ -122.215316234827995, 37.778479700505869 ], [ -122.215258895364016, 37.778428293266636 ], [ -122.215201555001002, 37.778376885991563 ], [ -122.215190087108013, 37.778366604248305 ], [ -122.215121279751003, 37.778304915888562 ], [ -122.215086876071993, 37.77827407133443 ], [ -122.215213608594993, 37.778185019522518 ], [ -122.215075363263011, 37.778062085500288 ], [ -122.21528261987001, 37.777916450502303 ], [ -122.215144375435997, 37.777793516743458 ], [ -122.214978567995004, 37.777910025526616 ], [ -122.214863363551018, 37.777807580141264 ], [ -122.214696970407999, 37.777924500714093 ], [ -122.214610962109006, 37.777847389617705 ], [ -122.214524953810013, 37.777770277730781 ], [ -122.214467615244018, 37.777718869998168 ], [ -122.214438946409999, 37.777693166473483 ], [ -122.214410277576008, 37.777667462939931 ], [ -122.214352939010013, 37.777616055135837 ], [ -122.214256836342003, 37.777529893039741 ], [ -122.214586220708995, 37.777297174432775 ], [ -122.214447712171008, 37.777174429221596 ], [ -122.214150497372017, 37.777384418879059 ], [ -122.214124652842003, 37.777402678604957 ], [ -122.213917604643015, 37.777218054725097 ], [ -122.213825583921007, 37.777135999677213 ], [ -122.213733563198005, 37.77705394453821 ], [ -122.213634641617006, 37.77696573548171 ], [ -122.213796171282013, 37.776851611623563 ], [ -122.213689216066996, 37.776756238816908 ], [ -122.213850486119, 37.776641883164714 ], [ -122.213712409669995, 37.776518832971007 ], [ -122.21338986956701, 37.776747543059088 ], [ -122.213182522229999, 37.776563133393218 ], [ -122.213113406749997, 37.776501662929014 ], [ -122.213090367658012, 37.776481172762914 ], [ -122.212838235709995, 37.77625691377925 ], [ -122.212846909842995, 37.776253365727186 ], [ -122.212872886425998, 37.776242282057332 ], [ -122.212898615073996, 37.77623083981721 ], [ -122.212924087702007, 37.776219043266885 ], [ -122.212949298022011, 37.776206895956605 ], [ -122.212974237051, 37.776194400726062 ], [ -122.212998897601992, 37.776181561835465 ], [ -122.213023271590998, 37.776168383544892 ], [ -122.213047352729006, 37.776154869404287 ], [ -122.21307113293102, 37.776141023673688 ], [ -122.213094605010994, 37.776126851323156 ], [ -122.213117761782001, 37.776112355192467 ], [ -122.213140596059006, 37.776097540962148 ], [ -122.213163101551004, 37.776082412181893 ], [ -122.213195846939996, 37.776059414754343 ], [ -122.213057610590994, 37.77593646938702 ], [ -122.213027558351982, 37.775957601579577 ], [ -122.213007817873006, 37.775970871502757 ], [ -122.212987788137013, 37.775983865928502 ], [ -122.212967476330007, 37.775996580596598 ], [ -122.212946887841994, 37.776009012667132 ], [ -122.212926029860014, 37.776021157169794 ], [ -122.212904906874016, 37.77603301055472 ], [ -122.212883526970003, 37.776044569981678 ], [ -122.212865934364004, 37.776053761429075 ], [ -122.212640335056989, 37.775856163165898 ], [ -122.21266859605602, 37.775849627244902 ], [ -122.212704336426995, 37.77584082132411 ], [ -122.212739878272004, 37.775831521924211 ], [ -122.212775209910006, 37.775821731175007 ], [ -122.212810320562994, 37.775811452626463 ], [ -122.212845200348994, 37.775800689828806 ], [ -122.212888892608021, 37.775786412326916 ], [ -122.212667755232019, 37.775589733564708 ], [ -122.212609430315993, 37.775605409888612 ], [ -122.212578880409993, 37.775612937050688 ], [ -122.212548169705016, 37.775620039606459 ], [ -122.21251730718501, 37.775626716136237 ], [ -122.212486302732003, 37.775632963089578 ], [ -122.212455166224998, 37.775638780466913 ], [ -122.21242390575199, 37.775644165428012 ], [ -122.212392532091002, 37.775649115842789 ], [ -122.212361054224999, 37.775653631711393 ], [ -122.212329482035997, 37.775657710193812 ], [ -122.212297824507004, 37.775661351289983 ], [ -122.212285937101001, 37.775662603094261 ], [ -122.212230049314016, 37.775612895868122 ], [ -122.21214941653399, 37.775541180109933 ], [ -122.212068783754006, 37.775469464281962 ], [ -122.211988150973994, 37.775397748384577 ], [ -122.211910742248008, 37.775452604995699 ], [ -122.211827986749, 37.775379031604714 ], [ -122.211504460295998, 37.775091401105385 ], [ -122.211831427296019, 37.774845893213744 ], [ -122.211957460931004, 37.774669267361524 ], [ -122.212393005503003, 37.774341004064979 ], [ -122.212632052589996, 37.774539551458268 ], [ -122.212707324224013, 37.774482820338662 ], [ -122.212755134359995, 37.774522529357775 ], [ -122.212802039893006, 37.774487176516523 ], [ -122.212992591429014, 37.774646532923697 ], [ -122.213135506203983, 37.774766049471083 ], [ -122.213492793141995, 37.77506484034943 ], [ -122.213595338526986, 37.775150595621284 ], [ -122.213552594888995, 37.775194375689246 ], [ -122.213522990908999, 37.775223376828031 ], [ -122.213492753615995, 37.775251963288412 ], [ -122.213461892892994, 37.775280126550612 ], [ -122.213430416823982, 37.775307858094287 ], [ -122.213398336188021, 37.775335149399481 ], [ -122.213365660868021, 37.775361991946291 ], [ -122.21333239984699, 37.775388377924529 ], [ -122.213298563902995, 37.775414299524172 ], [ -122.213264162919018, 37.775439747515186 ], [ -122.213229207674999, 37.775464716217783 ], [ -122.213193708052017, 37.775489195691826 ], [ -122.213157676625016, 37.775513180257235 ], [ -122.213121122380016, 37.775536662104308 ], [ -122.213084058790002, 37.775559634132875 ], [ -122.213046493939018, 37.775582088533085 ], [ -122.213008442201996, 37.775604019625064 ], [ -122.213175777678003, 37.775752846553758 ], [ -122.21328881628402, 37.775648678456669 ], [ -122.213449638973998, 37.775571185823523 ], [ -122.213476402482002, 37.775586492929065 ], [ -122.213541641730984, 37.775623804251993 ], [ -122.21362585788998, 37.775671967839315 ], [ -122.213672906255013, 37.77569887558758 ], [ -122.213710074049999, 37.775720132105405 ], [ -122.213771158591015, 37.775755066852803 ], [ -122.213794290208995, 37.775768296340068 ], [ -122.213892541647013, 37.775824487552505 ], [ -122.213831792177999, 37.775891293109986 ], [ -122.214005165231001, 37.775990446570106 ], [ -122.214140585361989, 37.77606789403147 ], [ -122.213867576566983, 37.776368116759983 ], [ -122.214009126801017, 37.776494007341292 ], [ -122.214241396099013, 37.776238585606805 ], [ -122.214563714318004, 37.776423777830601 ], [ -122.214661811246003, 37.776480140373117 ], [ -122.214732685626998, 37.77640220057922 ], [ -122.214886838325981, 37.776490770295524 ], [ -122.214815963945, 37.776568710705966 ], [ -122.214745089564005, 37.776646651034284 ], [ -122.214885648957008, 37.776727410817195 ], [ -122.215018057035991, 37.776803486436393 ], [ -122.214749285595019, 37.77715226925649 ], [ -122.214894076950998, 37.77728017781822 ], [ -122.215015036002015, 37.777123210652086 ], [ -122.215181995982007, 37.777204690592178 ], [ -122.215257948540014, 37.777106126663995 ], [ -122.21540532345, 37.77717804823218 ], [ -122.215360634061014, 37.777236042551884 ], [ -122.215508219178005, 37.777307691343616 ], [ -122.215370794007001, 37.777486029151895 ], [ -122.215518380022004, 37.777557678411362 ], [ -122.215391416630979, 37.777722437150594 ], [ -122.215534879379007, 37.777852072207004 ], [ -122.215606065475015, 37.77775969343368 ], [ -122.21569461780301, 37.77780268312258 ], [ -122.215784886809999, 37.777685540120054 ], [ -122.215888197560005, 37.777735693976631 ], [ -122.215991508309003, 37.777785847799102 ], [ -122.215947544759004, 37.777842900863945 ], [ -122.216095131671992, 37.777914548357387 ], [ -122.216022917005006, 37.778008263194046 ], [ -122.215948895824994, 37.778104320263523 ], [ -122.216096483635994, 37.778175968213709 ], [ -122.216016234437006, 37.778280108609039 ], [ -122.216160642212017, 37.778408518620402 ], [ -122.216341180228, 37.778174232219619 ], [ -122.216562342756006, 37.778281265226774 ], [ -122.216674027601016, 37.778333707062323 ], [ -122.216610982037011, 37.778415776401118 ], [ -122.216647909981987, 37.778433647493785 ], [ -122.216938952456019, 37.778574497397607 ], [ -122.216698744745983, 37.778887005210876 ], [ -122.216831165401999, 37.779004754078201 ], [ -122.217068232601989, 37.778696331467572 ], [ -122.217265575401996, 37.778791833833516 ], [ -122.217413290774005, 37.778863319234816 ], [ -122.217561005247006, 37.778934803856792 ], [ -122.217856435992019, 37.779077773603724 ], [ -122.217965866065015, 37.778935320034542 ], [ -122.218037917239002, 37.778841526142003 ], [ -122.218127980532017, 37.778724283253844 ], [ -122.218181619836002, 37.778654456309418 ], [ -122.218525678183013, 37.778820956393055 ], [ -122.218264583744002, 37.779160846778595 ], [ -122.218201539079004, 37.779242916619211 ], [ -122.218138494414021, 37.77932498707856 ], [ -122.218075448850996, 37.779407057446925 ], [ -122.218012404185984, 37.779489127724162 ], [ -122.217949358623002, 37.779571197910307 ], [ -122.217799724448994, 37.779765985992888 ], [ -122.217889529028, 37.779809204555818 ], [ -122.218116023058016, 37.779918204739054 ], [ -122.218011836450998, 37.780054585914741 ], [ -122.218132322090014, 37.780161717018956 ], [ -122.218194994852993, 37.780079678728519 ], [ -122.218409507153012, 37.780182911193741 ], [ -122.218478576818015, 37.780092499192101 ], [ -122.218547645585005, 37.780002086370011 ], [ -122.218658600099005, 37.780055482644592 ], [ -122.218629132662997, 37.780094056931183 ], [ -122.218702354342, 37.780122289348618 ], [ -122.218656994810004, 37.780196397617985 ], [ -122.218688117841012, 37.780208398013094 ], [ -122.218642758309002, 37.780282506196201 ], [ -122.218982007075994, 37.780413312517425 ], [ -122.218782277453016, 37.780739625479058 ], [ -122.218866507984984, 37.780922547233772 ], [ -122.219255558453, 37.781072554108896 ], [ -122.219217153678002, 37.781135298753483 ], [ -122.219213373567996, 37.781141474952534 ], [ -122.219171793248009, 37.781209406717224 ], [ -122.219126433715999, 37.781283515316673 ], [ -122.219204243988983, 37.781313516569618 ], [ -122.219136203792999, 37.781424678574439 ], [ -122.219447446683006, 37.781544683283599 ], [ -122.219379406486993, 37.781655845650704 ], [ -122.219334046955012, 37.781729953802618 ], [ -122.219186383685013, 37.781971200952732 ], [ -122.219360434966006, 37.782126796082686 ], [ -122.219881998616984, 37.781274672413929 ], [ -122.220268216696994, 37.781396408315118 ], [ -122.220301790332016, 37.78134147872602 ], [ -122.220524879745994, 37.781411795862972 ], [ -122.220715875050999, 37.781030080354817 ], [ -122.220968609767993, 37.781109740544636 ], [ -122.220749300464007, 37.7815480436455 ], [ -122.220832915650988, 37.781574398306383 ], [ -122.220940194259001, 37.781359993779894 ], [ -122.22132610781, 37.78148162943252 ], [ -122.220611186286007, 37.782910434530329 ], [ -122.22079598501098, 37.782987562354307 ], [ -122.220910908282008, 37.782757886838361 ], [ -122.221083206949999, 37.782812121020868 ], [ -122.221091288194003, 37.782795949243663 ], [ -122.221210269155009, 37.782833399632445 ], [ -122.221247901378987, 37.78275808918098 ], [ -122.221392647819002, 37.782803650327068 ], [ -122.221537394259016, 37.782849210735144 ], [ -122.221503588859008, 37.782916862621086 ], [ -122.221793082637021, 37.783007982559567 ], [ -122.221770490905996, 37.783053194955819 ], [ -122.221658232037996, 37.783277850073368 ], [ -122.221859421424, 37.783322201822607 ], [ -122.221987868831988, 37.783065147318986 ], [ -122.222316131203002, 37.783168080267124 ], [ -122.222422333629012, 37.783201382114342 ], [ -122.222458791755002, 37.783128419910007 ], [ -122.222537141914984, 37.782971619936326 ], [ -122.222102678017009, 37.782835385427518 ], [ -122.222176129663993, 37.7826883888727 ], [ -122.222610592665006, 37.782824623652559 ], [ -122.22264631057898, 37.782753142082093 ], [ -122.222664169086997, 37.782717401271121 ], [ -122.222708816253999, 37.782628049522735 ], [ -122.222771321031999, 37.782502956751607 ], [ -122.222833826707998, 37.782377863768772 ], [ -122.222896331485003, 37.782252770574182 ], [ -122.222958837161002, 37.782127677877966 ], [ -122.223021341937994, 37.782002584969881 ], [ -122.223083845817996, 37.781877491850196 ], [ -122.223146350595016, 37.781752399228807 ], [ -122.223208854473995, 37.781627306395613 ], [ -122.223096217416014, 37.781591986771303 ], [ -122.223147240826009, 37.781489870242382 ], [ -122.223198264234995, 37.781387753572318 ], [ -122.223249287645018, 37.781285636761346 ], [ -122.223778769945, 37.781451663037323 ], [ -122.223839410718, 37.78132303324621 ], [ -122.223507936870021, 37.781219095224515 ], [ -122.223661199339006, 37.780912805438319 ], [ -122.223600053713, 37.780893632109766 ], [ -122.223651153478997, 37.7807915096461 ], [ -122.223661797617012, 37.780770238256714 ], [ -122.223715012916017, 37.780663889027792 ], [ -122.223723528047003, 37.780646871887456 ], [ -122.223785257578001, 37.780523506022163 ], [ -122.223823875253998, 37.78053561570345 ], [ -122.223872828945019, 37.780437781122693 ], [ -122.223970749803001, 37.780242087432832 ], [ -122.224324747110003, 37.780353087749603 ], [ -122.224404594762007, 37.780200951548785 ], [ -122.223918653804006, 37.780048578604962 ], [ -122.223972342516007, 37.779941126416098 ], [ -122.224007699307009, 37.779952271301454 ], [ -122.224052638426983, 37.779862332589005 ], [ -122.224100179068998, 37.779767185187517 ], [ -122.224050210281007, 37.779751434485711 ], [ -122.224096186956004, 37.779659547988707 ], [ -122.224137055810004, 37.779577870533139 ], [ -122.224178742130007, 37.779494559265075 ], [ -122.224193532890993, 37.779499221870005 ], [ -122.224251004408018, 37.779384362806326 ], [ -122.224218846517999, 37.779374226044489 ], [ -122.224266738401013, 37.77927851071879 ], [ -122.224314631182011, 37.779182794559034 ], [ -122.224359330452018, 37.779093459838045 ], [ -122.224404029721995, 37.779004125009294 ], [ -122.224447451588006, 37.778917343271637 ], [ -122.224461500341008, 37.77888926659638 ], [ -122.224545994978001, 37.778915899819488 ], [ -122.224609771770005, 37.778788253952584 ], [ -122.224614874201009, 37.778778041847708 ], [ -122.224673548562009, 37.77866060786522 ], [ -122.224624585887, 37.778645174303676 ], [ -122.224662899034001, 37.778568601439794 ], [ -122.224699934776993, 37.778494581000317 ], [ -122.224717176141993, 37.778460123257588 ], [ -122.224763789722019, 37.778366959966384 ], [ -122.224809765497994, 37.778275072458378 ], [ -122.22493518199002, 37.778314604776519 ], [ -122.225062913440013, 37.778059317135806 ], [ -122.22541976469499, 37.77817203542385 ], [ -122.225483617844006, 37.778044413123126 ], [ -122.22552199926298, 37.777967862357585 ], [ -122.225200442814995, 37.777866293218352 ], [ -122.225162038939004, 37.77794304999491 ], [ -122.224693821740999, 37.77779494104697 ], [ -122.224535233161021, 37.777744846872544 ], [ -122.224528836258003, 37.777757605259033 ], [ -122.224521859043008, 37.777755400640686 ], [ -122.22466470374998, 37.777567209062042 ], [ -122.224565065313016, 37.777535735828614 ], [ -122.224422220606996, 37.777723927487521 ], [ -122.224332877761981, 37.777695706224392 ], [ -122.224514341041996, 37.777456636966967 ], [ -122.22438986329, 37.77739711271559 ], [ -122.224375044680997, 37.777390026660974 ], [ -122.224179738361997, 37.777647333078569 ], [ -122.224049407186982, 37.777606163799625 ], [ -122.223920813353999, 37.777565543345979 ], [ -122.224052326711998, 37.777372236968965 ], [ -122.224055371101983, 37.777373541996248 ], [ -122.224061537139008, 37.777358698907491 ], [ -122.224097195764003, 37.77730628478141 ], [ -122.224015050221013, 37.777280336864145 ], [ -122.224029528368007, 37.777261263417337 ], [ -122.223973581292, 37.777243590138561 ], [ -122.223962337978008, 37.777263685318609 ], [ -122.223887615215006, 37.7772400818954 ], [ -122.224050617217998, 37.776914261156783 ], [ -122.223876320697002, 37.776830912095399 ], [ -122.223697641295004, 37.776741578792418 ], [ -122.223594093391, 37.776948558443323 ], [ -122.223465587592997, 37.77688774578769 ], [ -122.22342976906701, 37.77693472209161 ], [ -122.223287117498018, 37.776867215256907 ], [ -122.223225910787008, 37.776947489138429 ], [ -122.223121567873008, 37.776914601261261 ], [ -122.223014954917005, 37.776879123888392 ], [ -122.222643785413979, 37.776762134919281 ], [ -122.222746663176011, 37.776594029783681 ], [ -122.222860995355006, 37.776653815263664 ], [ -122.223019953142995, 37.776420873788126 ], [ -122.222890206772021, 37.776359472789082 ], [ -122.22257244840101, 37.776207968822312 ], [ -122.22252990508801, 37.776508233584032 ], [ -122.222356790749004, 37.776425470553541 ], [ -122.222310106202002, 37.776486604524877 ], [ -122.222236007768004, 37.776451179489293 ], [ -122.222118402127009, 37.776394953961415 ], [ -122.222087812694994, 37.776380329367107 ], [ -122.222013589395004, 37.776345068298788 ], [ -122.221939617622994, 37.776309479177016 ], [ -122.221791422550012, 37.77623862891911 ], [ -122.222017458439012, 37.775942636789814 ], [ -122.221870732112009, 37.775869864811696 ], [ -122.221530151143014, 37.77570681669448 ], [ -122.221368502901001, 37.775918077941583 ], [ -122.221314620154004, 37.775988498223114 ], [ -122.220982159955, 37.775829335709403 ], [ -122.221018196770999, 37.775782446038043 ], [ -122.220938219762004, 37.775721705557473 ], [ -122.220698233935011, 37.775606812932878 ], [ -122.220721658404017, 37.775576333635101 ], [ -122.220865809261014, 37.775388768449105 ], [ -122.220688040751995, 37.7753036624351 ], [ -122.22030971796498, 37.77579592190461 ], [ -122.219940632554, 37.775617619781528 ], [ -122.219891242280994, 37.775681882865818 ], [ -122.219522177531005, 37.77550358898813 ], [ -122.219738243018, 37.775222458027997 ], [ -122.219948094859006, 37.774949409906874 ], [ -122.219785142263007, 37.774871393944132 ], [ -122.219533887070995, 37.77519831360771 ], [ -122.219328714555019, 37.775100055165225 ], [ -122.219210214192998, 37.775043304594256 ], [ -122.219121338471993, 37.775000741459984 ], [ -122.218988025789002, 37.774936896002586 ], [ -122.21905029161401, 37.774854453575649 ], [ -122.219112557439999, 37.774772011056889 ], [ -122.219038494938019, 37.774736541176487 ], [ -122.218831985728997, 37.774637640943318 ], [ -122.218955612777009, 37.774474241472205 ], [ -122.218777850555, 37.774389132985391 ], [ -122.218528463859002, 37.774718748005718 ], [ -122.218350701636993, 37.774633639090275 ], [ -122.218122331925997, 37.774524300230098 ], [ -122.218104548875999, 37.774547857656778 ], [ -122.218095737301994, 37.774559675775265 ], [ -122.217928858169998, 37.774479776339348 ], [ -122.218001013548005, 37.774386032888017 ], [ -122.217923983013009, 37.774349151233608 ], [ -122.217775847229021, 37.774278225251216 ], [ -122.217983295178016, 37.774008712572105 ], [ -122.217805532057994, 37.773923601419206 ], [ -122.217625142263998, 37.774157960225594 ], [ -122.217589065024015, 37.774204831045679 ], [ -122.217264294404004, 37.774047327647104 ], [ -122.217192139026011, 37.774141069397807 ], [ -122.217129002731994, 37.774223092977117 ], [ -122.217065866439, 37.774305116465413 ], [ -122.217061437745002, 37.774302969258606 ], [ -122.217080301468002, 37.774278463119806 ], [ -122.216877054940014, 37.77416203595029 ], [ -122.21638561898699, 37.773880520717185 ], [ -122.216789002075004, 37.773436887860598 ], [ -122.21661063977902, 37.773351486343202 ], [ -122.216268463403011, 37.773727804567116 ], [ -122.21608555203801, 37.773623943203695 ], [ -122.215958920125004, 37.773552038769715 ], [ -122.215875644502006, 37.773458932488879 ], [ -122.216215072034018, 37.773162083542118 ], [ -122.216545961079007, 37.772999787805489 ], [ -122.216701442386011, 37.772794845650481 ], [ -122.216993083137993, 37.772572415280912 ], [ -122.217108391787008, 37.772627626183805 ], [ -122.217366123830999, 37.772287898190918 ], [ -122.217510297146006, 37.77217793738582 ], [ -122.217613862118995, 37.772227524078289 ], [ -122.21747712954901, 37.772407759386184 ], [ -122.21755119384801, 37.772443221862979 ], [ -122.217773389439003, 37.772549609901198 ], [ -122.217195810440003, 37.77331094023878 ], [ -122.217373568170018, 37.773396050676851 ], [ -122.217553259075004, 37.773159194282862 ], [ -122.217878822907011, 37.773315140981623 ], [ -122.217923683874005, 37.773336629665742 ], [ -122.218026937131015, 37.773386088479704 ], [ -122.218145429408011, 37.773442846003221 ], [ -122.218294870443998, 37.77351442746491 ], [ -122.218115266676008, 37.773751172661484 ], [ -122.218302998401015, 37.773855307219101 ], [ -122.218471216023005, 37.773601400161134 ], [ -122.218590151170005, 37.773444624001954 ], [ -122.219033418557999, 37.773656527218378 ], [ -122.219012605492011, 37.773683959015209 ], [ -122.219309805917007, 37.773826033590808 ], [ -122.219229489344002, 37.773931905556779 ], [ -122.219033192183005, 37.774190659033984 ], [ -122.219210953506007, 37.774275767039278 ], [ -122.219568641093005, 37.773804270255702 ], [ -122.219939075772999, 37.773981140304187 ], [ -122.22031021024101, 37.774158341525954 ], [ -122.220243280362993, 37.774246568843289 ], [ -122.219901637585011, 37.774083448270609 ], [ -122.219834695130999, 37.77417166999679 ], [ -122.219923640919987, 37.774214137750832 ], [ -122.220012586709998, 37.774256606190477 ], [ -122.220176350483982, 37.774334796765437 ], [ -122.219951987258995, 37.77463055036398 ], [ -122.220129751277, 37.774715656442801 ], [ -122.220353672531019, 37.774420484008978 ], [ -122.220723460424992, 37.774597269507169 ], [ -122.22067883212199, 37.774656084541022 ], [ -122.220752929658019, 37.774691507596607 ], [ -122.220827026296007, 37.774726931345285 ], [ -122.220901122933995, 37.774762354366871 ], [ -122.221049789621006, 37.774833426865271 ], [ -122.220870208310998, 37.77507015363738 ], [ -122.221047975025016, 37.775155259210173 ], [ -122.221271073422002, 37.774861165676988 ], [ -122.221564890791996, 37.775001829254307 ], [ -122.22204093860401, 37.775229731032496 ], [ -122.222015059038995, 37.775263845908547 ], [ -122.22181784200302, 37.775523825939715 ], [ -122.221965982277993, 37.775594745756798 ], [ -122.222233697300993, 37.775241831640272 ], [ -122.222375911390017, 37.775309913676089 ], [ -122.222501830938, 37.775370195095981 ], [ -122.222234116813993, 37.775723110019683 ], [ -122.222404478714012, 37.775804666767179 ], [ -122.222582955096996, 37.775569390124673 ], [ -122.222731095371998, 37.775640309188105 ], [ -122.222885800534996, 37.77571436940768 ], [ -122.222707325051005, 37.775949647008929 ], [ -122.222885095358009, 37.776034748729117 ], [ -122.223012498025, 37.776095738885843 ], [ -122.223191026509014, 37.775860390745478 ], [ -122.223265097096018, 37.775895850146163 ], [ -122.223359907986008, 37.775941237302114 ], [ -122.223416972565985, 37.77596855464499 ], [ -122.223486301845, 37.775877159763809 ], [ -122.22359720156102, 37.775930248730695 ], [ -122.22370785514002, 37.775784375929419 ], [ -122.223648311209999, 37.775755872039603 ], [ -122.223611532384993, 37.775738265144987 ], [ -122.223302820050009, 37.77559047981967 ], [ -122.223300816806997, 37.77558948362956 ], [ -122.223299810693007, 37.775588953937572 ], [ -122.223298816258009, 37.775588410044818 ], [ -122.223297833500979, 37.775587852661069 ], [ -122.223296863320996, 37.775587281786706 ], [ -122.223295905716995, 37.775586697421389 ], [ -122.223294960689017, 37.775586100275376 ], [ -122.223294030034992, 37.775585489638445 ], [ -122.223293111956011, 37.775584866220932 ], [ -122.22329220825101, 37.775584230732512 ], [ -122.223291318918996, 37.775583582463447 ], [ -122.223290443061998, 37.775582921413388 ], [ -122.223289582475999, 37.775582249002802 ], [ -122.223288737160999, 37.77558156452141 ], [ -122.223287906219014, 37.775580868679441 ], [ -122.223287091447006, 37.77558016147664 ], [ -122.223286291947005, 37.775579442913163 ], [ -122.223285508616001, 37.775578713699034 ], [ -122.223284740555982, 37.775577973124271 ], [ -122.22328398956499, 37.775577222608959 ], [ -122.223283255640979, 37.775576461442789 ], [ -122.223282537886988, 37.775575690336161 ], [ -122.223281838100007, 37.775574909288885 ], [ -122.223281154481981, 37.775574118301073 ], [ -122.22328048883, 37.775573318792716 ], [ -122.223279841145001, 37.775572510053728 ], [ -122.223279210526997, 37.7755716920841 ], [ -122.223278598775011, 37.775570865594098 ], [ -122.223278004988018, 37.775570030583474 ], [ -122.223277429168007, 37.775569187762393 ], [ -122.22327687311099, 37.775568337130892 ], [ -122.223276335019989, 37.775567478688892 ], [ -122.223275815794011, 37.775566613146395 ], [ -122.223275316330998, 37.775565740503495 ], [ -122.223274835732013, 37.775564860760113 ], [ -122.223274374895993, 37.775563974626408 ], [ -122.223273932924997, 37.775563082812198 ], [ -122.223273510717007, 37.775562184607672 ], [ -122.223273109169995, 37.775561280722854 ], [ -122.22327272648802, 37.775560371157638 ], [ -122.223272364467007, 37.775559456622119 ], [ -122.223272022207993, 37.77555853711624 ], [ -122.223271700612017, 37.775557613350109 ], [ -122.223271399675994, 37.775556684613711 ], [ -122.223271118503007, 37.775555752327122 ], [ -122.223270857992006, 37.7755548164901 ], [ -122.223270619039994, 37.775553877103114 ], [ -122.223270399851003, 37.775552934165731 ], [ -122.223270201323018, 37.775551988388223 ], [ -122.223270024354989, 37.775551040480543 ], [ -122.223269867149995, 37.775550089732697 ], [ -122.22326973150399, 37.775549136854728 ], [ -122.223269617418012, 37.77554818255657 ], [ -122.223269523094999, 37.775547226838412 ], [ -122.22326945123001, 37.775546270410075 ], [ -122.223269399127986, 37.77554531256169 ], [ -122.223269368584994, 37.77554435400338 ], [ -122.223269359601986, 37.775543395444977 ], [ -122.223269371279997, 37.775542436886496 ], [ -122.223269403619014, 37.77554147832808 ], [ -122.223269457518015, 37.775540520479709 ], [ -122.223269532078007, 37.7755395640513 ], [ -122.223269628197997, 37.775538608333072 ], [ -122.223269744979007, 37.775537654034778 ], [ -122.223269882420979, 37.775536701866692 ], [ -122.223270041423021, 37.775535751828691 ], [ -122.223270221085983, 37.775534803920792 ], [ -122.223270421411016, 37.775533858143085 ], [ -122.223270642396002, 37.775532915915498 ], [ -122.223270884941002, 37.775531976528086 ], [ -122.223271147249008, 37.775531040690872 ], [ -122.223271430219015, 37.775530109114015 ], [ -122.223271733849018, 37.775529181087194 ], [ -122.223272057243008, 37.775528257320786 ], [ -122.223272401296981, 37.775527338524604 ], [ -122.223272766012997, 37.775526424698732 ], [ -122.223273149594007, 37.775525515843064 ], [ -122.22327355383598, 37.775524611957714 ], [ -122.223273978739016, 37.775523714462793 ], [ -122.223274421609005, 37.775522823358301 ], [ -122.223274885139006, 37.775521937934087 ], [ -122.22327536753501, 37.775521058900232 ], [ -122.223275869692984, 37.775520186966801 ], [ -122.223276390715981, 37.775519322133796 ], [ -122.223276930603006, 37.775518464401173 ], [ -122.223277489354984, 37.775517614479185 ], [ -122.223278066074002, 37.775516772367595 ], [ -122.223278661657019, 37.775515938776408 ], [ -122.223279276103995, 37.775515112995798 ], [ -122.223482018677018, 37.775247840050824 ], [ -122.223750154111997, 37.774894357658816 ], [ -122.22382259515399, 37.774798858068415 ], [ -122.223876862381005, 37.774727316193029 ], [ -122.225447343873014, 37.775640875091803 ], [ -122.225405670129007, 37.775689438421679 ] ] ] ] } },
{ "type": "Feature", "properties": { "FID": 9, "BID": "Lakeshore", "Shp__Ar": 75025.98828125, "Shp__Ln": 2311.2607615598608, "pop_count": 214.4496286683171, "pop_count_coverage": 1.0, "total_households": 125.39599984629513, "total_households_coverage": 1.0, "total_housing_units": 136.38179667657232, "total_housing_units_coverage": 1.0, "total_employed": null, "total_employed_coverage": 0.0, "purchasing_power_index": 18255653.317078702, "purchasing_power_index_coverage": 1.0, "median_household_income": 151349.41658954104, "median_household_income_coverage": 1.0, "median_home_value": 1190662.2170410785, "median_home_value_coverage": 1.0, "median_gross_rent": 2261.746067835129, "median_gross_rent_coverage": 0.85931751802080969, "per_capita_income": 91270.762681091903, "per_capita_income_coverage": 1.0, "avg_household_size": 1.8429679495091595, "avg_household_size_coverage": 1.0, "median_age": 41.92167530769575, "median_age_coverage": 1.0, "median_year_built": 1944.8502560777792, "median_year_built_coverage": 1.0, "pop_density": 4587.1624311205987, "pop_density_coverage": 1.0, "pop_density_sqmi": 11880.701035272021, "pop_density_sqmi_coverage": 1.0, "purchasing_power_density": 1011379504.8777692, "purchasing_power_density_coverage": 1.0, "drive_alone_share": 0.32963401073014131, "drive_alone_share_coverage": 1.0, "active_transit_share": 0.020377197821566048, "active_transit_share_coverage": 1.0, "zero_vehicle_rate": null, "zero_vehicle_rate_coverage": 0.0, "renter_share": 0.59065699551590878, "renter_share_coverage": 1.0, "foreign_born_share": null, "foreign_born_share_coverage": 0.0, "low_income_share": 0.13323296442075641, "low_income_share_coverage": 1.0, "retail_food_service_share": null, "retail_food_service_share_coverage": 0.0 }, "geometry": { "type": "MultiPolygon", "coordinates": [ [ [ [ -122.242479271403994, 37.811564768184617 ], [ -122.242296833450993, 37.811657222507165 ], [ -122.242173275574018, 37.811568981656727 ], [ -122.241875892791001, 37.811879729701211 ], [ -122.241741618012, 37.811784023834477 ], [ -122.241438372823012, 37.811567880916371 ], [ -122.241299607366003, 37.811485808653686 ], [ -122.241466535906014, 37.811310503829006 ], [ -122.241880903593, 37.811555578315343 ], [ -122.241882136082012, 37.811556326336174 ], [ -122.241882985887997, 37.811556864996426 ], [ -122.241883823118002, 37.811557415011805 ], [ -122.241884648670009, 37.811557977091958 ], [ -122.241885461644998, 37.811558550527408 ], [ -122.241886262044005, 37.811559134608174 ], [ -122.24188704896801, 37.811559730044209 ], [ -122.241887822417993, 37.811560336125602 ], [ -122.241888583291001, 37.811560952852496 ], [ -122.241889329790993, 37.811561580224826 ], [ -122.241890062815997, 37.811562217532909 ], [ -122.241890781468001, 37.811562864776832 ], [ -122.241891485747004, 37.811563521956337 ], [ -122.241892175653007, 37.811564189071674 ], [ -122.241892850287996, 37.811564865413082 ], [ -122.24189351055, 37.811565551690322 ], [ -122.241894155539995, 37.811566245774081 ], [ -122.241894785259021, 37.811566949793708 ], [ -122.241895398809007, 37.811567661619883 ], [ -122.241895997087013, 37.811568381962573 ], [ -122.241896579195, 37.811569110821537 ], [ -122.241897145134004, 37.811569847487121 ], [ -122.241897695800986, 37.811570591959409 ], [ -122.241898228501995, 37.811571344238359 ], [ -122.241898745032998, 37.81157210290457 ], [ -122.241899245395018, 37.811572869377514 ], [ -122.241899727789999, 37.811573642237612 ], [ -122.241900194016011, 37.811574422194724 ], [ -122.241900642274985, 37.811575207829314 ], [ -122.241901074365003, 37.811575999851328 ], [ -122.241901488487997, 37.811576797550806 ], [ -122.241901883747005, 37.811577600927905 ], [ -122.241902262836021, 37.811578409982509 ], [ -122.24190262306, 37.811579224004987 ], [ -122.241902966217012, 37.811580042995431 ], [ -122.241903290509015, 37.811580866244007 ], [ -122.241903597732019, 37.811581693750725 ], [ -122.241903885192997, 37.811582526225322 ], [ -122.241904155585999, 37.811583361538581 ], [ -122.241904407114006, 37.811584201110222 ], [ -122.241904639777985, 37.811585043520495 ], [ -122.241904854474996, 37.811585889479311 ], [ -122.241905049409993, 37.811586738276873 ], [ -122.241905227276007, 37.811587589913188 ], [ -122.241905385380008, 37.811588442969004 ], [ -122.241905524619014, 37.811589298863474 ], [ -122.241905644993011, 37.811590156177452 ], [ -122.241905746501985, 37.811591015620387 ], [ -122.241905830046008, 37.811591875773033 ], [ -122.241905893826001, 37.81159273663534 ], [ -122.241905938741994, 37.811593598917156 ], [ -122.241905964793006, 37.811594461198872 ], [ -122.241905971980003, 37.811595324190264 ], [ -122.241905959402999, 37.811596187181699 ], [ -122.241905928860007, 37.811597049463437 ], [ -122.241905878555002, 37.811597911035378 ], [ -122.241905809385017, 37.811598771897714 ], [ -122.241905722248021, 37.811599632050239 ], [ -122.241905615348003, 37.811600490783455 ], [ -122.241905489584013, 37.811601348097184 ], [ -122.241905344955995, 37.811602202572182 ], [ -122.241905182360995, 37.811603055627749 ], [ -122.241905000002021, 37.811603906554211 ], [ -122.241904799678011, 37.811604754641856 ], [ -122.24190458048902, 37.811605599181092 ], [ -122.241904342436001, 37.811606441591096 ], [ -122.241904086416, 37.811607279743107 ], [ -122.241903811531017, 37.811608114346498 ], [ -122.241903517782006, 37.811608945401375 ], [ -122.241903206965006, 37.811609772198125 ], [ -122.241902877282996, 37.811610594026881 ], [ -122.24190253053402, 37.811611412307236 ], [ -122.241902164919011, 37.811612224909943 ], [ -122.241901781338996, 37.811613031835243 ], [ -122.241901380689995, 37.811613833792386 ], [ -122.241891364475009, 37.811624504081742 ], [ -122.241893338072998, 37.811625051257657 ], [ -122.242139405494001, 37.81136591715476 ], [ -122.242085924294003, 37.811334287278925 ], [ -122.242295259602997, 37.811113258168895 ], [ -122.242351294713998, 37.811146165601599 ], [ -122.242609191150009, 37.811057000108121 ], [ -122.242411254564004, 37.810942197194386 ], [ -122.242510289332998, 37.810837202924169 ], [ -122.242699130477007, 37.810678329087096 ], [ -122.242811314784007, 37.810762403615165 ], [ -122.243051142506999, 37.810736472413289 ], [ -122.24290773365901, 37.810607987283028 ], [ -122.242844685400001, 37.810560716565092 ], [ -122.242983724843015, 37.810444623340388 ], [ -122.24302212872, 37.810464113337432 ], [ -122.243197094486007, 37.81055290837017 ], [ -122.243296146323004, 37.810428330573252 ], [ -122.243538714806007, 37.810545445801687 ], [ -122.243549227789998, 37.810538336666518 ], [ -122.243686471499998, 37.810445520411186 ], [ -122.24382371610902, 37.810352704039197 ], [ -122.243960959820001, 37.810259887550657 ], [ -122.244098203530996, 37.810167070945297 ], [ -122.244270069210998, 37.810050839417585 ], [ -122.244313401246018, 37.809955006270805 ], [ -122.243850266716009, 37.809731400315798 ], [ -122.244034947762017, 37.809499119522712 ], [ -122.245044248103014, 37.8098254545001 ], [ -122.244928228887019, 37.810045427155821 ], [ -122.244974725686021, 37.810045044621241 ], [ -122.245058434298002, 37.81004435620067 ], [ -122.245155001394011, 37.809861263106121 ], [ -122.245703610622996, 37.810038638052532 ], [ -122.245991538638009, 37.810131728767722 ], [ -122.246214596610983, 37.810060282841278 ], [ -122.247067268495996, 37.810322335592197 ], [ -122.247196649252999, 37.81037672838891 ], [ -122.247235334302005, 37.810402250925137 ], [ -122.247279534108998, 37.810441423976897 ], [ -122.247316940855981, 37.810486191632826 ], [ -122.247347814155987, 37.810547538017815 ], [ -122.247545985201995, 37.811097394918903 ], [ -122.24756576340998, 37.811128690626816 ], [ -122.247577199862008, 37.811143409122117 ], [ -122.247403202479006, 37.811203561954315 ], [ -122.246973748485019, 37.811352028342185 ], [ -122.246971867412995, 37.811352652877609 ], [ -122.246970742721999, 37.811353002049543 ], [ -122.246969609946021, 37.811353335608139 ], [ -122.246968469983997, 37.811353652843707 ], [ -122.246967322835005, 37.811353955175555 ], [ -122.246966169399002, 37.811354241184397 ], [ -122.246965009674014, 37.811354510870089 ], [ -122.246963844559005, 37.811354764942436 ], [ -122.246962674054018, 37.811355002691606 ], [ -122.246961499056994, 37.811355224117776 ], [ -122.246960317773002, 37.811355429220789 ], [ -122.246959133792998, 37.811355618000782 ], [ -122.246957945321995, 37.811355790457725 ], [ -122.246956752360006, 37.811355945881886 ], [ -122.246955557600018, 37.811356085692566 ], [ -122.246954359247994, 37.811356208470592 ], [ -122.246953158199986, 37.81135631421575 ], [ -122.246951955355996, 37.811356403637831 ], [ -122.246950750715001, 37.811356476736812 ], [ -122.246949543379017, 37.811356532803053 ], [ -122.246948336942012, 37.811356572546245 ], [ -122.246947128708001, 37.811356595256562 ], [ -122.246945920474005, 37.811356600934189 ], [ -122.246944712239994, 37.81135659028871 ], [ -122.246943504005984, 37.811356563320096 ], [ -122.246942297567983, 37.811356518609102 ], [ -122.246941091131006, 37.811356457574988 ], [ -122.246939886489983, 37.811356380217831 ], [ -122.246938684544006, 37.811356285827799 ], [ -122.246937484394991, 37.811356175114668 ], [ -122.246936286042015, 37.811356048078487 ], [ -122.246935092180991, 37.811355904009574 ], [ -122.246933901014998, 37.811355742907899 ], [ -122.246932713443002, 37.811355566192816 ], [ -122.246931529462998, 37.811355372444844 ], [ -122.246930350872987, 37.811355163083704 ], [ -122.246929176774998, 37.811354936689618 ], [ -122.246928007169018, 37.811354694682159 ], [ -122.246926843849991, 37.811354435641995 ], [ -122.246925685921994, 37.811354161698134 ], [ -122.246924534282002, 37.811353870721433 ], [ -122.246923389827998, 37.811353564131402 ], [ -122.246922251662994, 37.811353241927868 ], [ -122.246921120684007, 37.811352904111082 ], [ -122.246919997790016, 37.81135255068093 ], [ -122.246918882979998, 37.811352181637254 ], [ -122.246917775358014, 37.811351796980254 ], [ -122.246916677615999, 37.811351397419585 ], [ -122.246915587960004, 37.811350982955268 ], [ -122.246914508185, 37.811350552877563 ], [ -122.24691343739299, 37.811350107896089 ], [ -122.246912377380994, 37.811349648720707 ], [ -122.246911327250984, 37.811349174641549 ], [ -122.246910287001015, 37.811348685658828 ], [ -122.24690925842998, 37.811348183191789 ], [ -122.246908240639002, 37.811347665821032 ], [ -122.246907235424004, 37.811347134966027 ], [ -122.246906240989006, 37.81134658991688 ], [ -122.246905259130983, 37.811346031383572 ], [ -122.246904289849013, 37.81134545936591 ], [ -122.246903332244983, 37.811344873864122 ], [ -122.246902389013997, 37.81134427487779 ], [ -122.246901458359005, 37.811343663116965 ], [ -122.246900541179002, 37.811343039291415 ], [ -122.24688510632599, 37.811332340573507 ], [ -122.247056203946016, 37.811175648712641 ], [ -122.247004859838015, 37.811050666726729 ], [ -122.246881634337015, 37.810965256865977 ], [ -122.246904430883987, 37.810944589603672 ], [ -122.246815796809997, 37.810883155545397 ], [ -122.246774086235007, 37.8108542457583 ], [ -122.246643726314005, 37.810763890446871 ], [ -122.246706336193995, 37.810667352778012 ], [ -122.246675527573018, 37.810654830727756 ], [ -122.246552293088982, 37.810604744634496 ], [ -122.246398249085985, 37.810542137147742 ], [ -122.246310383072, 37.810506425392113 ], [ -122.246337023509994, 37.8102856975595 ], [ -122.246337257969998, 37.810284024774347 ], [ -122.246337420564998, 37.810283075183001 ], [ -122.246337603821004, 37.810282127720811 ], [ -122.24633780773901, 37.810281182387712 ], [ -122.246338032317993, 37.810280240603191 ], [ -122.24633827845598, 37.810279302367178 ], [ -122.246338544357002, 37.810278366969968 ], [ -122.246338830919996, 37.810277435831125 ], [ -122.246339138143995, 37.81027650824069 ], [ -122.246339466028999, 37.810275585618207 ], [ -122.246339813677011, 37.81027466725412 ], [ -122.246340181088001, 37.810273754567511 ], [ -122.246340569159997, 37.810272846848996 ], [ -122.246340976995015, 37.810271944098403 ], [ -122.246341404593011, 37.810271047735071 ], [ -122.246341851954, 37.810270157049629 ], [ -122.246342318180012, 37.810269272751391 ], [ -122.246342805067002, 37.810268395550317 ], [ -122.246343309919993, 37.810267524736524 ], [ -122.24634383453602, 37.810266661019931 ], [ -122.246344378016985, 37.810265804400409 ], [ -122.246344940361979, 37.810264956297267 ], [ -122.246345520674012, 37.810264115291311 ], [ -122.246346119850003, 37.810263282801877 ], [ -122.246346736993004, 37.81026245882893 ], [ -122.24634737210198, 37.810261643372499 ], [ -122.246348025177014, 37.810260837142188 ], [ -122.246348696218021, 37.810260039428499 ], [ -122.246349385225997, 37.810259251650713 ], [ -122.246350090403979, 37.810258473099189 ], [ -122.246350812648998, 37.810257705193195 ], [ -122.246351551963002, 37.810256946513526 ], [ -122.246352308344001, 37.810256199189119 ], [ -122.246353079996993, 37.810255461800722 ], [ -122.246353868718018, 37.810254735057903 ], [ -122.246354672709998, 37.810254019670388 ], [ -122.246355492871999, 37.810253315638299 ], [ -122.246356328304998, 37.810252622961521 ], [ -122.246357178111012, 37.810251941640111 ], [ -122.246358043189005, 37.810251272383823 ], [ -122.246358923537997, 37.810250615192516 ], [ -122.246359817362006, 37.810249970066316 ], [ -122.24636072555802, 37.810249337714907 ], [ -122.246361647229989, 37.810248718138197 ], [ -122.246362582375994, 37.810248111336314 ], [ -122.246363530997016, 37.810247517309193 ], [ -122.24636449219399, 37.810246936766447 ], [ -122.246365466865996, 37.810246369708295 ], [ -122.246366453216993, 37.810245816134582 ], [ -122.246367451245007, 37.810245276045436 ], [ -122.246368461849997, 37.810244750150368 ], [ -122.246369483234005, 37.810244238449627 ], [ -122.246370516297006, 37.810243740943022 ], [ -122.246371559241013, 37.810243257630518 ], [ -122.246372613863016, 37.810242788512369 ], [ -122.246373677468014, 37.810242334297996 ], [ -122.246374751852997, 37.81024189498762 ], [ -122.246375835221002, 37.810241470581097 ], [ -122.246376927572996, 37.810241061788105 ], [ -122.246378028907003, 37.810240667189483 ], [ -122.246379139224999, 37.810240288914081 ], [ -122.246380257628005, 37.810239925542611 ], [ -122.246381383217013, 37.810239577075095 ], [ -122.246382516891003, 37.810239244930834 ], [ -122.246383656852984, 37.810238928400189 ], [ -122.246384804900003, 37.810238628192899 ], [ -122.24638595833602, 37.81023834359921 ], [ -122.24638711806098, 37.810238074619079 ], [ -122.24638828407501, 37.810237821962431 ], [ -122.246389454579983, 37.810237585628954 ], [ -122.246390631373004, 37.810237365618867 ], [ -122.246391811759011, 37.810237161932179 ], [ -122.246392996636999, 37.81023697456871 ], [ -122.246394186006015, 37.810236803528667 ], [ -122.246395378071, 37.810236648811923 ], [ -122.246396573727992, 37.810236511128089 ], [ -122.246397772081011, 37.810236389767745 ], [ -122.246398973127995, 37.810236284730699 ], [ -122.24640017687102, 37.810236196726592 ], [ -122.246401381512015, 37.810236125045883 ], [ -122.246402587949021, 37.81023607039819 ], [ -122.246403795285005, 37.810236032073924 ], [ -122.246405003519001, 37.810236010782582 ], [ -122.246406211752998, 37.810236006524406 ], [ -122.246407419986994, 37.810236018589393 ], [ -122.246408627323007, 37.810236047687646 ], [ -122.24640983465801, 37.81023609310899 ], [ -122.246411040197003, 37.810236154853712 ], [ -122.246412244837998, 37.810236234341353 ], [ -122.246413446784004, 37.810236330152108 ], [ -122.246414646933019, 37.810236442286325 ], [ -122.246415844388011, 37.810236570743818 ], [ -122.246417038249007, 37.810236716234293 ], [ -122.246418229414999, 37.810236878048251 ], [ -122.246419416988019, 37.810237056895133 ], [ -122.246420600069015, 37.81023725135563 ], [ -122.246421778658004, 37.810237462849194 ], [ -122.24642295185798, 37.810237689956431 ], [ -122.246424120566004, 37.810237933386951 ], [ -122.246425283885003, 37.810238193850417 ], [ -122.246426440915002, 37.810238469217794 ], [ -122.24642759165701, 37.810238760908561 ], [ -122.246428736109991, 37.810239068922719 ], [ -122.246429873376982, 37.810239392550486 ], [ -122.246431004355998, 37.810239731791803 ], [ -122.246432126352005, 37.810240086646807 ], [ -122.246433241161, 37.810240457115285 ], [ -122.246434346988011, 37.810240842487801 ], [ -122.246435444729002, 37.810241243473875 ], [ -122.246436537978994, 37.810241652266761 ], [ -122.24637455781702, 37.810216342588149 ], [ -122.246246264022005, 37.810163954605898 ], [ -122.246221651978999, 37.810172378870824 ], [ -122.246004245308001, 37.810246797663339 ], [ -122.246006768674988, 37.810245971561109 ], [ -122.246008179030014, 37.810245541476938 ], [ -122.246009597470021, 37.810245131264686 ], [ -122.246011025790992, 37.810244740214479 ], [ -122.246012461299017, 37.810244369036269 ], [ -122.246013905790008, 37.810244018439583 ], [ -122.246015357468011, 37.810243687714809 ], [ -122.246016816332002, 37.810243376861777 ], [ -122.246018281484012, 37.810243085880749 ], [ -122.246019752923999, 37.810242816191021 ], [ -122.246021230653, 37.810242566373184 ], [ -122.246022712873014, 37.810242337136799 ], [ -122.246024199585008, 37.810242128482052 ], [ -122.246025691686995, 37.810241940408993 ], [ -122.246027187381998, 37.8102417729175 ], [ -122.246028686670002, 37.810241626007546 ], [ -122.246030188653009, 37.810241500388905 ], [ -122.246031692432993, 37.810241395351802 ], [ -122.246033199805993, 37.810241310896416 ], [ -122.246034708077019, 37.810241247732179 ], [ -122.246036217246996, 37.810241205149616 ], [ -122.246037727314999, 37.810241183858324 ], [ -122.246039237383002, 37.810241183148619 ], [ -122.246040747451005, 37.810241203020389 ], [ -122.246042257519008, 37.810241244893305 ], [ -122.24604376579002, 37.810241306638069 ], [ -122.246045272264979, 37.810241389674069 ], [ -122.246046776943018, 37.810241493291812 ], [ -122.246048279825004, 37.810241618200656 ], [ -122.246049778214001, 37.810241763691316 ], [ -122.246051274807996, 37.81024192976345 ], [ -122.246052766011019, 37.810242116417136 ], [ -122.246054253620997, 37.81024232365229 ], [ -122.246055736740004, 37.810242551469287 ], [ -122.246057214467996, 37.81024280057742 ], [ -122.246058685908991, 37.810243069557501 ], [ -122.246060151959014, 37.81024335840943 ], [ -122.246061610823006, 37.810243668552623 ], [ -122.246063063398992, 37.810243997857988 ], [ -122.246064507889997, 37.810244347744977 ], [ -122.246065944296021, 37.810244717503792 ], [ -122.246067372618015, 37.810245107134506 ], [ -122.246068792854018, 37.81024551592737 ], [ -122.246070202311003, 37.81024594459209 ], [ -122.246071603683006, 37.8102463931288 ], [ -122.246072994274996, 37.810246860827533 ], [ -122.246074374087002, 37.810247347688517 ], [ -122.246075743118993, 37.81024785371158 ], [ -122.246077101371995, 37.810248378187168 ], [ -122.246078447048021, 37.810248921824929 ], [ -122.246079781047001, 37.810249483915108 ], [ -122.246081103367018, 37.810250063747993 ], [ -122.246082411314021, 37.810250662743115 ], [ -122.24608370668399, 37.810251279480866 ], [ -122.246084987682011, 37.810251913961487 ], [ -122.246086254307002, 37.810252565475089 ], [ -122.246087507455997, 37.810253235441166 ], [ -122.246088745335001, 37.810253922440218 ], [ -122.246089967044, 37.810254625762575 ], [ -122.246091174379018, 37.810255346827709 ], [ -122.246092364646998, 37.8102560842161 ], [ -122.246093538745001, 37.810256837218198 ], [ -122.246094696674021, 37.810257607253313 ], [ -122.246095836636016, 37.810258392901936 ], [ -122.246096960428019, 37.810259194164217 ], [ -122.246098065355994, 37.810260011040121 ], [ -122.246099152316987, 37.810260842819879 ], [ -122.246100220413993, 37.810261690213309 ], [ -122.246101270545012, 37.810262551091171 ], [ -122.246102301811007, 37.810263427582612 ], [ -122.246103312415016, 37.810264317558591 ], [ -122.246104304156006, 37.810265221728734 ], [ -122.246105275234001, 37.810266138673605 ], [ -122.246106226549998, 37.810267069812625 ], [ -122.246107157205003, 37.810268013726535 ], [ -122.246108066299996, 37.810268970415081 ], [ -122.246108954733998, 37.810269939168698 ], [ -122.246109822506014, 37.8102709206971 ], [ -122.246110666923002, 37.810271913580841 ], [ -122.246111490678004, 37.81027291781988 ], [ -122.246112291974995, 37.810273934124119 ], [ -122.246113069915992, 37.810274961073802 ], [ -122.246113826298014, 37.810275998669198 ], [ -122.246114559323019, 37.810277046200603 ], [ -122.246115268992014, 37.810278103667784 ], [ -122.246115955305001, 37.8102791717806 ], [ -122.246116618260984, 37.810280247700256 ], [ -122.246117256963998, 37.810281333555814 ], [ -122.246117872309995, 37.810282427927895 ], [ -122.246118463401018, 37.810283530816477 ], [ -122.246119029340008, 37.810284641511814 ], [ -122.246119571921994, 37.810285760013926 ], [ -122.246120089352019, 37.81028688632292 ], [ -122.24612058162802, 37.81028801901919 ], [ -122.246121048752016, 37.810289158102826 ], [ -122.246121491622006, 37.810290304283484 ], [ -122.246121908440017, 37.810291456141989 ], [ -122.246122300106009, 37.81029261296829 ], [ -122.246122666618021, 37.810293775472324 ], [ -122.246123006181008, 37.810294942944218 ], [ -122.246123321490003, 37.810296114674408 ], [ -122.246123610748015, 37.810297291372585 ], [ -122.246123873954005, 37.81029847090948 ], [ -122.246124111109012, 37.810299654704679 ], [ -122.246124321314994, 37.810300841338687 ], [ -122.24612450636802, 37.810302030811499 ], [ -122.246124665370004, 37.81030322241353 ], [ -122.246124797421999, 37.810304416144518 ], [ -122.246124903422995, 37.810305611294922 ], [ -122.246124983373008, 37.810306807864833 ], [ -122.246125037272009, 37.810308005144307 ], [ -122.246125064222014, 37.8103092031335 ], [ -122.246125065119998, 37.810310401832382 ], [ -122.246125039966998, 37.810311599821596 ], [ -122.246124987865016, 37.810312797101091 ], [ -122.246098086915012, 37.810536663177359 ], [ -122.245934075206009, 37.810592865567699 ], [ -122.24580696000001, 37.810636423792609 ], [ -122.245679844793997, 37.810679982701387 ], [ -122.245648065992, 37.810690872424608 ], [ -122.245520949888004, 37.810734430591587 ], [ -122.245362055881003, 37.810788878441691 ], [ -122.245203160974995, 37.810843326251629 ], [ -122.245044266069002, 37.810897774021278 ], [ -122.244885370264996, 37.810952221041184 ], [ -122.244726475359002, 37.81100666802098 ], [ -122.244567579554996, 37.811061114960566 ], [ -122.244440462553001, 37.811104672199491 ], [ -122.244408683751018, 37.811115561859943 ], [ -122.244313345549998, 37.811148229412566 ], [ -122.244249787049, 37.811170008009583 ], [ -122.244186387549007, 37.811191731953265 ], [ -122.244090890346001, 37.811224454119099 ], [ -122.244064037008016, 37.81123365538491 ], [ -122.243931993644011, 37.811278900188427 ], [ -122.243916263244984, 37.81128429035914 ], [ -122.243773096940998, 37.811333345507784 ], [ -122.243614200238994, 37.811387791496777 ], [ -122.243487082337992, 37.811431347833299 ], [ -122.243455302637997, 37.811442236735964 ], [ -122.243359963539021, 37.811474903434394 ], [ -122.243296405037995, 37.811496681935019 ], [ -122.243232845638005, 37.81151845971948 ], [ -122.243177232734993, 37.81153751509823 ], [ -122.243137508334996, 37.811551126384181 ], [ -122.243151233693993, 37.811576338376746 ], [ -122.243119577063979, 37.811587185386038 ], [ -122.243071784894013, 37.811603560931921 ], [ -122.242992458264979, 37.811630740895112 ], [ -122.242952612592006, 37.811644394035994 ], [ -122.242833439391021, 37.811685227117515 ], [ -122.242713214264015, 37.811726419992191 ], [ -122.242479271403994, 37.811564768184617 ] ] ] ] } },
{ "type": "Feature", "properties": { "FID": 10, "BID": "Jack London", "Shp__Ar": 1511391.890625, "Shp__Ln": 6082.4213683949683, "pop_count": 3265.4331015759662, "pop_count_coverage": 1.0, "total_households": 1934.4589429860448, "total_households_coverage": 1.0, "total_housing_units": 2107.3666084120891, "total_housing_units_coverage": 1.0, "total_employed": null, "total_employed_coverage": 0.0, "purchasing_power_index": 314174785.38384581, "purchasing_power_index_coverage": 0.97490624010175986, "median_household_income": 184646.67765414843, "median_household_income_coverage": 0.97490624010175986, "median_home_value": 822879.63162807771, "median_home_value_coverage": 0.98985270541300285, "median_gross_rent": 3218.3319103654835, "median_gross_rent_coverage": 0.92168961090585788, "per_capita_income": 119918.5278217453, "per_capita_income_coverage": 1.0, "avg_household_size": 1.631958786312409, "avg_household_size_coverage": 1.0, "median_age": 37.286129848531438, "median_age_coverage": 1.0, "median_year_built": 1996.4720298074296, "median_year_built_coverage": 1.0, "pop_density": 3860.1904793732424, "pop_density_coverage": 1.0, "pop_density_sqmi": 9997.8515505572177, "pop_density_sqmi_coverage": 1.0, "purchasing_power_density": 986675558.14203334, "purchasing_power_density_coverage": 0.97490624010175986, "drive_alone_share": 0.24137023369894861, "drive_alone_share_coverage": 1.0, "active_transit_share": 0.040111135484915461, "active_transit_share_coverage": 1.0, "zero_vehicle_rate": null, "zero_vehicle_rate_coverage": 0.0, "renter_share": 0.56900972903227931, "renter_share_coverage": 1.0, "foreign_born_share": null, "foreign_born_share_coverage": 0.0, "low_income_share": 0.085597569501698237, "low_income_share_coverage": 1.0, "retail_food_service_share": null, "retail_food_service_share_coverage": 0.0 }, "geometry": { "type": "MultiPolygon", "coordinates": [ [ [ [ -122.278639901239018, 37.795110899278789 ], [ -122.278542999071021, 37.79526540622269 ], [ -122.278220927889009, 37.795757038694205 ], [ -122.281644932950996, 37.797101580023885 ], [ -122.283912432544014, 37.797991690770125 ], [ -122.283761422151017, 37.798234751674322 ], [ -122.283856342635005, 37.798274144837798 ], [ -122.283049322234987, 37.799552635618113 ], [ -122.28188197679502, 37.799088899379292 ], [ -122.280679643770995, 37.800990694186481 ], [ -122.270621460859999, 37.797072727307182 ], [ -122.267158535389015, 37.795635210032906 ], [ -122.265195419151013, 37.794863737186617 ], [ -122.267066444598015, 37.791773765026122 ], [ -122.267346533015001, 37.791380638294726 ], [ -122.268215379067001, 37.789932104704484 ], [ -122.268272986229007, 37.790170543682173 ], [ -122.268481040541005, 37.79025464368582 ], [ -122.268501673943987, 37.790222605803251 ], [ -122.268907155994555, 37.790102998017787 ], [ -122.268973652774491, 37.790105993368215 ], [ -122.269584437611002, 37.790343971305639 ], [ -122.269627257605009, 37.790333401587297 ], [ -122.269690415279271, 37.790231598967971 ], [ -122.269702, 37.790223 ], [ -122.26974004004289, 37.790151609782463 ], [ -122.269862507025209, 37.789954207650119 ], [ -122.270262273435947, 37.79009771354113 ], [ -122.270275995483161, 37.790104519992617 ], [ -122.270125, 37.790333 ], [ -122.270221, 37.790333 ], [ -122.270381, 37.790339 ], [ -122.270547, 37.790383 ], [ -122.27117, 37.790724 ], [ -122.271218, 37.790845 ], [ -122.271287, 37.790889 ], [ -122.271535, 37.791061 ], [ -122.272346, 37.791625 ], [ -122.272575, 37.791647 ], [ -122.272748, 37.791719 ], [ -122.272879, 37.791812 ], [ -122.273004, 37.791917 ], [ -122.273135, 37.791994 ], [ -122.273308, 37.792049 ], [ -122.273681, 37.79221 ], [ -122.273793, 37.792258 ], [ -122.273837, 37.792306 ], [ -122.273903, 37.792378 ], [ -122.27398, 37.792499 ], [ -122.273986, 37.792664 ], [ -122.273944, 37.792818 ], [ -122.27391, 37.792944 ], [ -122.273965, 37.792963 ], [ -122.274463, 37.793134 ], [ -122.274935, 37.793296 ], [ -122.275212, 37.792851 ], [ -122.275316, 37.792895 ], [ -122.275088, 37.793278 ], [ -122.275052, 37.79334 ], [ -122.27517, 37.793401 ], [ -122.275031, 37.793692 ], [ -122.275863, 37.79403 ], [ -122.275924, 37.794055 ], [ -122.276188, 37.793659 ], [ -122.276049, 37.793588 ], [ -122.276215, 37.793357 ], [ -122.276596, 37.793522 ], [ -122.276485, 37.793703 ], [ -122.277357, 37.794061 ], [ -122.277427, 37.793995 ], [ -122.277471, 37.793979 ], [ -122.27751, 37.793995 ], [ -122.27753, 37.794044 ], [ -122.27751, 37.794116 ], [ -122.277433, 37.79427 ], [ -122.277944, 37.794492 ], [ -122.278153, 37.794583 ], [ -122.278513, 37.794534 ], [ -122.278596, 37.794568 ], [ -122.278900849643605, 37.794694813473285 ], [ -122.278639901239018, 37.795110899278789 ] ] ] ] } },
{ "type": "Feature", "properties": { "FID": 11, "BID": "Laurel", "Shp__Ar": 141955.31640625, "Shp__Ln": 4161.1827907061206, "pop_count": 512.56819836723503, "pop_count_coverage": 1.0, "total_households": 209.7215916746504, "total_households_coverage": 1.0, "total_housing_units": 217.2125221332231, "total_housing_units_coverage": 1.0, "total_employed": null, "total_employed_coverage": 0.0, "purchasing_power_index": 16617525.935702363, "purchasing_power_index_coverage": 0.91212101856066496, "median_household_income": 84625.4563699586, "median_household_income_coverage": 0.91212101856066496, "median_home_value": 744103.01559745369, "median_home_value_coverage": 0.56935478311303944, "median_gross_rent": 2121.9090365577113, "median_gross_rent_coverage": 1.0, "per_capita_income": 46425.447433447385, "per_capita_income_coverage": 1.0, "avg_household_size": 2.3902408171718674, "avg_household_size_coverage": 1.0, "median_age": 37.717094596760241, "median_age_coverage": 1.0, "median_year_built": 1950.7881952719224, "median_year_built_coverage": 1.0, "pop_density": 5791.5746107730147, "pop_density_coverage": 1.0, "pop_density_sqmi": 15000.115541419147, "pop_density_sqmi_coverage": 1.0, "purchasing_power_density": 533159127.50324166, "purchasing_power_density_coverage": 0.91212101856066496, "drive_alone_share": 0.48865703026997442, "drive_alone_share_coverage": 1.0, "active_transit_share": 0.0069066037065897536, "active_transit_share_coverage": 1.0, "zero_vehicle_rate": null, "zero_vehicle_rate_coverage": 0.0, "renter_share": 0.50245882260648322, "renter_share_coverage": 1.0, "foreign_born_share": null, "foreign_born_share_coverage": 0.0, "low_income_share": 0.22556293870651314, "low_income_share_coverage": 1.0, "retail_food_service_share": null, "retail_food_service_share_coverage": 0.0 }, "geometry": { "type": "MultiPolygon", "coordinates": [ [ [ [ -122.200750266295017, 37.794145748858682 ], [ -122.200749578186006, 37.794146152771702 ], [ -122.200638276023994, 37.794211473061218 ], [ -122.200526972963985, 37.794276793292823 ], [ -122.200415669902995, 37.794342114176608 ], [ -122.200257337343018, 37.794172221123922 ], [ -122.20036882994799, 37.794107106660519 ], [ -122.200160957994015, 37.79388751600122 ], [ -122.200092372520999, 37.793813564143733 ], [ -122.199989800186984, 37.793702965242801 ], [ -122.19991479355501, 37.793622090552283 ], [ -122.199836922196994, 37.793667569044665 ], [ -122.199590415499998, 37.793401771542833 ], [ -122.199966835655019, 37.793181784807139 ], [ -122.199865499401994, 37.793070470826365 ], [ -122.199575741518998, 37.793239811291635 ], [ -122.19938076847501, 37.79302972115579 ], [ -122.199329462994001, 37.792974436756559 ], [ -122.199303807109999, 37.792946791347084 ], [ -122.199149883480999, 37.792780932160277 ], [ -122.199446902446013, 37.792610657151812 ], [ -122.199379068862996, 37.792536143210953 ], [ -122.199277734407019, 37.792424829677195 ], [ -122.198987977422007, 37.792594168072988 ], [ -122.198870991619003, 37.792468108986263 ], [ -122.198799165024013, 37.792390710653521 ], [ -122.19874170338899, 37.792328792638727 ], [ -122.198717076974006, 37.792302255823678 ], [ -122.198640120100009, 37.792219329457801 ], [ -122.198563163225984, 37.792136402998807 ], [ -122.198495431152011, 37.79206341625126 ], [ -122.198791312850005, 37.791890498812471 ], [ -122.198679273170995, 37.791785441252578 ], [ -122.198257989354005, 37.792031644650002 ], [ -122.198011719812001, 37.791766267905167 ], [ -122.198059871308004, 37.79173812725189 ], [ -122.198157403194998, 37.791681128925958 ], [ -122.198090708674997, 37.791609259093875 ], [ -122.198029143536019, 37.791542917102433 ], [ -122.197977839852001, 37.791487633010512 ], [ -122.197911134552015, 37.79141575163208 ], [ -122.198192859700001, 37.79125110860344 ], [ -122.198103728857021, 37.791132663673402 ], [ -122.197810994855004, 37.791303740716323 ], [ -122.197719818549004, 37.791203533729885 ], [ -122.197659041232015, 37.791136737042258 ], [ -122.197608384335012, 37.791081062914685 ], [ -122.197557620538021, 37.791025270902686 ], [ -122.197506910640001, 37.790969538479587 ], [ -122.19745620074201, 37.790913805304676 ], [ -122.197405641761989, 37.790858238203384 ], [ -122.197698401813994, 37.790687191364498 ], [ -122.197597102393019, 37.790575858717588 ], [ -122.197303701842017, 37.790747279929981 ], [ -122.197216526630996, 37.790670329159951 ], [ -122.197158411022002, 37.790619029075373 ], [ -122.196955003696004, 37.790439477788915 ], [ -122.196853919870009, 37.790350248250896 ], [ -122.196872880610997, 37.790330174376415 ], [ -122.196731631311991, 37.790205490057588 ], [ -122.196796276775004, 37.790164833934 ], [ -122.196707645396003, 37.790067421004167 ], [ -122.196551373570983, 37.789895664558919 ], [ -122.196832307302998, 37.789735293912898 ], [ -122.196731015067996, 37.789623964800988 ], [ -122.196450082233994, 37.789784334268774 ], [ -122.196369048806019, 37.789695271477761 ], [ -122.196359932701995, 37.78968525113514 ], [ -122.196287914766003, 37.789606096413991 ], [ -122.19627778536298, 37.78959496292287 ], [ -122.196206881337005, 37.789517032698221 ], [ -122.196135978209995, 37.789439101681467 ], [ -122.196194125260007, 37.789409310310688 ], [ -122.196123221234998, 37.789331379180268 ], [ -122.196065074185015, 37.789361171292313 ], [ -122.195994171058004, 37.789283240111111 ], [ -122.195923267930993, 37.789205309557609 ], [ -122.195852364803997, 37.789127378212122 ], [ -122.195796655782004, 37.789066146788514 ], [ -122.195781461676987, 37.789049447494193 ], [ -122.195710559448003, 37.788971516694232 ], [ -122.195639656321006, 37.788893585811998 ], [ -122.195549070208017, 37.78879401945089 ], [ -122.195839927628995, 37.788644561395266 ], [ -122.195717149489013, 37.788509451206188 ], [ -122.195397254924998, 37.788673856132199 ], [ -122.195255680436006, 37.788517581904941 ], [ -122.195184894090005, 37.788439444667432 ], [ -122.195114106845011, 37.788361307347131 ], [ -122.195043320498996, 37.788283169944258 ], [ -122.194972534152981, 37.788205032458933 ], [ -122.194901747806995, 37.788126894890894 ], [ -122.194830961460994, 37.78804875724007 ], [ -122.19476017601302, 37.787970620216846 ], [ -122.194689472312007, 37.787892573981075 ], [ -122.194687509492994, 37.78789044633691 ], [ -122.194685383180996, 37.787888141921371 ], [ -122.194598358888015, 37.787932865743883 ], [ -122.194393130677, 37.787707050558019 ], [ -122.194495261040004, 37.787654667197486 ], [ -122.194565876705994, 37.787618375723312 ], [ -122.194392863876985, 37.787412822380297 ], [ -122.194124938648002, 37.787175268307841 ], [ -122.194337509689007, 37.787022245244472 ], [ -122.194403167553006, 37.787080459728777 ], [ -122.194607462414993, 37.786973345752081 ], [ -122.194884153404004, 37.786834126244472 ], [ -122.194674145256997, 37.786615847231609 ], [ -122.194743187973003, 37.786580410011787 ], [ -122.195328806893016, 37.786897162750527 ], [ -122.195348721645018, 37.786921575254389 ], [ -122.195131844081004, 37.787033039775245 ], [ -122.195303924458003, 37.78724300071584 ], [ -122.195303325281998, 37.787243305986088 ], [ -122.195511317609999, 37.787473470192481 ], [ -122.195581892852019, 37.787551568695498 ], [ -122.195523564341983, 37.78758154184667 ], [ -122.195624386757999, 37.787693111151107 ], [ -122.195671962434005, 37.787746510388715 ], [ -122.195714017962004, 37.787751719116059 ], [ -122.195745651235995, 37.787784990500796 ], [ -122.195798563802995, 37.787863387552882 ], [ -122.195888224651995, 37.787965706833191 ], [ -122.195934771756001, 37.78794206068244 ], [ -122.196005314659004, 37.788020122484177 ], [ -122.196166665559019, 37.788198668721023 ], [ -122.196217078114003, 37.788254453638189 ], [ -122.195926218897, 37.788403913902712 ], [ -122.196043527195016, 37.788539940789406 ], [ -122.196334462769016, 37.788390440334666 ], [ -122.196555382751995, 37.788633257379068 ], [ -122.196606027971015, 37.788688921992389 ], [ -122.19665667408799, 37.78874458656378 ], [ -122.196707319308004, 37.7888002510932 ], [ -122.196757964527009, 37.788855915580712 ], [ -122.196859255863004, 37.788967244429926 ], [ -122.196909901082009, 37.789022908791488 ], [ -122.196940288392994, 37.789056308098289 ], [ -122.197144101757985, 37.788950305162089 ], [ -122.197175825762002, 37.788985394807312 ], [ -122.197246397411007, 37.789063451247429 ], [ -122.197316969060012, 37.789141507604938 ], [ -122.197387541607, 37.789219563880209 ], [ -122.19745811325599, 37.789297620072908 ], [ -122.197528685802979, 37.789375676893023 ], [ -122.19777572250598, 37.789247192226604 ], [ -122.198139858199994, 37.789688120580891 ], [ -122.197871370626004, 37.789845199495723 ], [ -122.197947344743, 37.78992869999977 ], [ -122.198008123856013, 37.789995499909217 ], [ -122.197868840970003, 37.790076986956684 ], [ -122.197970140391007, 37.790188320355284 ], [ -122.198051180107996, 37.790277386811418 ], [ -122.198152480428007, 37.79038872061804 ], [ -122.198253780746981, 37.790500053546992 ], [ -122.197975213177983, 37.790663028568865 ], [ -122.198096810931006, 37.790796607122488 ], [ -122.198194308682005, 37.790739566186282 ], [ -122.198387634216004, 37.790626461711888 ], [ -122.198623355740011, 37.790885408054343 ], [ -122.19866639672, 37.790932689945805 ], [ -122.198795011214003, 37.790857408334773 ], [ -122.198856637438993, 37.790923714027194 ], [ -122.198923399332983, 37.790995544062014 ], [ -122.198780807052998, 37.791079007061619 ], [ -122.198822787123021, 37.791125121764217 ], [ -122.198866940217002, 37.791173624518471 ], [ -122.198924115289998, 37.791236431576849 ], [ -122.198968272875987, 37.791284939937277 ], [ -122.199005177464997, 37.791325479022355 ], [ -122.199081174040018, 37.791408961526237 ], [ -122.199157169716003, 37.791492443935667 ], [ -122.19916080699501, 37.791496438486973 ], [ -122.199226324722019, 37.791568409942883 ], [ -122.199302674333993, 37.791652279061509 ], [ -122.199400282578011, 37.791595145790374 ], [ -122.199510291166021, 37.791713504082566 ], [ -122.19940839795801, 37.791771917899062 ], [ -122.199591187151995, 37.791969223025518 ], [ -122.199312357275005, 37.7921318973656 ], [ -122.199433957723002, 37.792265473263768 ], [ -122.199712797481993, 37.792102792828821 ], [ -122.199815817176997, 37.792215957513015 ], [ -122.199896882047, 37.792305004487915 ], [ -122.19998945703, 37.792251932251112 ], [ -122.200037146792013, 37.79222459182089 ], [ -122.200053158364, 37.792242180590819 ], [ -122.200118211662016, 37.792313638785352 ], [ -122.200182868802017, 37.792384662463384 ], [ -122.200199276530995, 37.792402685642514 ], [ -122.200247724471012, 37.792455903296599 ], [ -122.200318659936997, 37.792533823322991 ], [ -122.200389595404005, 37.792611742557298 ], [ -122.200460531768996, 37.792689662419306 ], [ -122.200531468132993, 37.79276758219919 ], [ -122.200602404497999, 37.792845501896934 ], [ -122.20067334086302, 37.792923420802509 ], [ -122.200744277227017, 37.793001340335778 ], [ -122.200807271586996, 37.793070535424953 ], [ -122.200815214490021, 37.793079259787056 ], [ -122.201117258631996, 37.792902461701246 ], [ -122.201189159786992, 37.792979816195512 ], [ -122.200969456123019, 37.793107993384709 ], [ -122.201151863532985, 37.793308354494314 ], [ -122.201334395808999, 37.793551765866354 ], [ -122.201485856256994, 37.793713425159162 ], [ -122.201458904104015, 37.793729310600021 ], [ -122.201361661473996, 37.793786622527278 ], [ -122.201236633953002, 37.793860309631278 ], [ -122.201298372468017, 37.793926553000084 ], [ -122.201187236494007, 37.793992052369951 ], [ -122.201372280459012, 37.794190597379298 ], [ -122.201460689955013, 37.794274136984193 ], [ -122.201066793075995, 37.794479266619739 ], [ -122.200996524158995, 37.794411121316287 ], [ -122.200750266295017, 37.794145748858682 ] ] ] ] } }
]
}
