geohash,geography
9q8grc,Rest of Bay Area
9q8grd,Rest of Bay Area
9q8gre,Rest of Bay Area
9q8grf,Rest of Bay Area
9q8grg,Rest of Bay Area
9q8grq,Rest of Bay Area
9q8grr,Rest of Bay Area
9q8grs,Rest of Bay Area
9q8grt,Rest of Bay Area
9q8gru,Rest of Bay Area
9q8grv,Rest of Bay Area
9q8grw,Rest of Bay Area
9q8grx,Rest of Bay Area
9q8gry,Rest of Bay Area
9q8grz,Rest of Bay Area
9q8gwb,Rest of Bay Area
9q8gwc,Rest of Bay Area
9q8gwd,Rest of Bay Area
9q8gwe,Rest of Bay Area
9q8gwf,Rest of Bay Area
9q8gwg,Rest of Bay Area
9q8gws,Rest of Bay Area
9q8gwt,Rest of Bay Area
9q8gwu,Rest of Bay Area
9q8gwv,Rest of Bay Area
9q8gww,Rest of Bay Area
9q8gwx,Rest of Bay Area
9q8gwy,Rest of Bay Area
9q8gwz,Rest of Bay Area
9q8gx0,Rest of Bay Area
9q8gx1,Rest of Bay Area
9q8gx2,Rest of Bay Area
9q8gx3,Rest of Bay Area
9q8gx4,Rest of Bay Area
9q8gx5,Rest of Bay Area
9q8gx6,Rest of Bay Area
9q8gx7,Rest of Bay Area
9q8gx8,Rest of Bay Area
9q8gx9,Rest of Bay Area
9q8gxb,Rest of Bay Area
9q8gxc,Rest of Bay Area
9q8gxd,Rest of Bay Area
9q8gxe,Rest of Bay Area
9q8gxf,Rest of Bay Area
9q8gxg,Rest of Bay Area
9q8gxh,Rest of Bay Area
9q8gxj,Rest of Bay Area
9q8gxk,Rest of Bay Area
9q8gxm,Rest of Bay Area
9q8gxn,Rest of Bay Area
9q8gxp,Rest of Bay Area
9q8gxq,Rest of Bay Area
9q8gxr,Rest of Bay Area
9q8gxs,Rest of Bay Area
9q8gxt,Rest of Bay Area
9q8gxu,Rest of Bay Area
9q8gxv,Rest of Bay Area
9q8gxw,Rest of Bay Area
9q8gxx,Rest of Bay Area
9q8gxy,Rest of Bay Area
9q8gxz,Rest of Bay Area
9q8gy2,Rest of Bay Area
9q8gy3,Rest of Bay Area
9q8gy6,Rest of Bay Area
9q8gy7,Rest of Bay Area
9q8gy8,Rest of Bay Area
9q8gy9,Rest of Bay Area
9q8gyb,Rest of Bay Area
9q8gyc,Rest of Bay Area
9q8gyd,Rest of Bay Area
9q8gye,Rest of Bay Area
9q8gyf,Rest of Bay Area
9q8gyg,Rest of Bay Area
9q8gyk,Rest of Bay Area
9q8gym,Rest of Bay Area
9q8gyq,Rest of Bay Area
9q8gyr,Rest of Bay Area
9q8gys,Rest of Bay Area
9q8gyt,Rest of Bay Area
9q8gyu,Rest of Bay Area
9q8gyv,Rest of Bay Area
9q8gyw,Rest of Bay Area
9q8gyx,Rest of Bay Area
9q8gyy,Rest of Bay Area
9q8gyz,Rest of Bay Area
9q8gz0,Rest of Bay Area
9q8gz1,Rest of Bay Area
9q8gz2,Rest of Bay Area
9q8gz3,Rest of Bay Area
9q8gz4,Rest of Bay Area
9q8gz5,Rest of Bay Area
9q8gz6,Rest of Bay Area
9q8gz7,Rest of Bay Area
9q8gz8,Rest of Bay Area
9q8gz9,Rest of Bay Area
9q8gzb,Rest of Bay Area
9q8gzc,Rest of Bay Area
9q8gzd,Rest of Bay Area
9q8gze,Rest of Bay Area
9q8gzf,Rest of Bay Area
9q8gzg,Rest of Bay Area
9q8gzh,Rest of Bay Area
9q8gzj,Rest of Bay Area
9q8gzk,Rest of Bay Area
9q8gzm,Rest of Bay Area
9q8gzn,Rest of Bay Area
9q8gzp,Rest of Bay Area
9q8gzq,Rest of Bay Area
9q8gzr,Rest of Bay Area
9q8gzs,Rest of Bay Area
9q8gzt,Rest of Bay Area
9q8gzu,Rest of Bay Area
9q8gzv,Rest of Bay Area
9q8gzw,Rest of Bay Area
9q8gzx,Rest of Bay Area
9q8gzy,Rest of Bay Area
9q8gzz,Rest of Bay Area
9q8qye,San Francisco
9q8qyf,San Francisco
9q8qyg,San Francisco
9q8qys,San Francisco
9q8un2,Rest of Bay Area
9q8un3,Rest of Bay Area
9q8un6,Rest of Bay Area
9q8un8,Rest of Bay Area
9q8un9,Rest of Bay Area
9q8unb,Rest of Bay Area
9q8unc,Rest of Bay Area
9q8und,Rest of Bay Area
9q8une,Rest of Bay Area
9q8unf,Rest of Bay Area
9q8ung,Rest of Bay Area
9q8uns,Rest of Bay Area
9q8unt,Rest of Bay Area
9q8unu,Rest of Bay Area
9q8unv,Rest of Bay Area
9q8unw,Rest of Bay Area
9q8unx,Rest of Bay Area
9q8uny,Rest of Bay Area
9q8unz,Rest of Bay Area
9q8up0,Rest of Bay Area
9q8up1,Rest of Bay Area
9q8up2,Rest of Bay Area
9q8up3,Rest of Bay Area
9q8up4,Rest of Bay Area
9q8up5,Rest of Bay Area
9q8up6,Rest of Bay Area
9q8up7,Rest of Bay Area
9q8up8,Rest of Bay Area
9q8up9,Rest of Bay Area
9q8upb,Rest of Bay Area
9q8upc,Rest of Bay Area
9q8upd,Rest of Bay Area
9q8upe,Rest of Bay Area
9q8upf,Rest of Bay Area
9q8upg,Rest of Bay Area
9q8uph,Rest of Bay Area
9q8upj,Rest of Bay Area
9q8upk,Rest of Bay Area
9q8upm,Rest of Bay Area
9q8upn,Rest of Bay Area
9q8upp,Rest of Bay Area
9q8upq,Rest of Bay Area
9q8upr,Rest of Bay Area
9q8ups,Rest of Bay Area
9q8upt,Rest of Bay Area
9q8upu,Rest of Bay Area
9q8upv,Rest of Bay Area
9q8upw,Rest of Bay Area
9q8upx,Rest of Bay Area
9q8upy,Rest of Bay Area
9q8upz,Rest of Bay Area
9q8uq8,Rest of Bay Area
9q8uq9,Rest of Bay Area
9q8uqb,Rest of Bay Area
9q8uqc,Rest of Bay Area
9q8uqd,Rest of Bay Area
9q8uqe,Rest of Bay Area
9q8uqf,Rest of Bay Area
9q8uqg,Rest of Bay Area
9q8uqs,Rest of Bay Area
9q8uqt,Rest of Bay Area
9q8uqu,Rest of Bay Area
9q8uqv,Rest of Bay Area
9q8uqw,Rest of Bay Area
9q8uqx,Rest of Bay Area
9q8uqy,Rest of Bay Area
9q8uqz,Rest of Bay Area
9q8ur0,Rest of Bay Area
9q8ur1,Rest of Bay Area
9q8ur2,Rest of Bay Area
9q8ur3,Rest of Bay Area
9q8ur4,Rest of Bay Area
9q8ur5,Rest of Bay Area
9q8ur6,Rest of Bay Area
9q8ur7,Rest of Bay Area
9q8ur8,Rest of Bay Area
9q8ur9,Rest of Bay Area
9q8urb,Rest of Bay Area
9q8urc,Rest of Bay Area
9q8urd,Rest of Bay Area
9q8ure,Rest of Bay Area
9q8urf,Rest of Bay Area
9q8urg,Rest of Bay Area
9q8urh,Rest of Bay Area
9q8urj,Rest of Bay Area
9q8urk,Rest of Bay Area
9q8urm,Rest of Bay Area
9q8urn,Rest of Bay Area
9q8urp,Rest of Bay Area
9q8urq,Rest of Bay Area
9q8urr,Rest of Bay Area
9q8urs,Rest of Bay Area
9q8urt,Rest of Bay Area
9q8uru,Rest of Bay Area
9q8urv,Rest of Bay Area
9q8urw,Rest of Bay Area
9q8urx,Rest of Bay Area
9q8ury,Rest of Bay Area
9q8urz,Rest of Bay Area
9q8uvf,Rest of Bay Area
9q8uvg,Rest of Bay Area
9q8uvu,Rest of Bay Area
9q8uvv,Rest of Bay Area
9q8uvw,Rest of Bay Area
9q8uvx,Rest of Bay Area
9q8uvy,Rest of Bay Area
9q8uvz,Rest of Bay Area
9q8uw8,Rest of Bay Area
9q8uw9,Rest of Bay Area
9q8uwb,Rest of Bay Area
9q8uwc,Rest of Bay Area
9q8uwd,Rest of Bay Area
9q8uwe,Rest of Bay Area
9q8uwf,Rest of Bay Area
9q8uwg,Rest of Bay Area
9q8uwk,Rest of Bay Area
9q8uwm,Rest of Bay Area
9q8uwn,Rest of Bay Area
9q8uwp,Rest of Bay Area
9q8uwq,Rest of Bay Area
9q8uwr,Rest of Bay Area
9q8uws,Rest of Bay Area
9q8uwt,Rest of Bay Area
9q8uwu,Rest of Bay Area
9q8uwv,Rest of Bay Area
9q8uww,Rest of Bay Area
9q8uwx,Rest of Bay Area
9q8uwy,Rest of Bay Area
9q8uwz,Rest of Bay Area
9q8ux0,Rest of Bay Area
9q8ux1,Rest of Bay Area
9q8ux2,Rest of Bay Area
9q8ux3,Rest of Bay Area
9q8ux4,Rest of Bay Area
9q8ux5,Rest of Bay Area
9q8ux6,Rest of Bay Area
9q8ux7,Rest of Bay Area
9q8ux8,Rest of Bay Area
9q8ux9,Rest of Bay Area
9q8uxb,Rest of Bay Area
9q8uxc,Rest of Bay Area
9q8uxd,Rest of Bay Area
9q8uxe,Rest of Bay Area
9q8uxf,Rest of Bay Area
9q8uxg,Rest of Bay Area
9q8uxh,Rest of Bay Area
9q8uxj,Rest of Bay Area
9q8uxk,Rest of Bay Area
9q8uxm,Rest of Bay Area
9q8uxn,Rest of Bay Area
9q8uxp,Rest of Bay Area
9q8uxq,Rest of Bay Area
9q8uxr,Rest of Bay Area
9q8uxs,Rest of Bay Area
9q8uxt,Rest of Bay Area
9q8uxu,Rest of Bay Area
9q8uxv,Rest of Bay Area
9q8uxw,Rest of Bay Area
9q8uxx,Rest of Bay Area
9q8uxy,Rest of Bay Area
9q8uxz,Rest of Bay Area
9q8uy0,Rest of Bay Area
9q8uy1,Rest of Bay Area
9q8uy2,Rest of Bay Area
9q8uy3,Rest of Bay Area
9q8uy4,Rest of Bay Area
9q8uy5,Rest of Bay Area
9q8uy6,Rest of Bay Area
9q8uy7,Rest of Bay Area
9q8uy8,Rest of Bay Area
9q8uy9,Rest of Bay Area
9q8uyb,Rest of Bay Area
9q8uyc,Rest of Bay Area
9q8uyd,Rest of Bay Area
9q8uye,Rest of Bay Area
9q8uyf,Rest of Bay Area
9q8uyg,Rest of Bay Area
9q8uyh,Rest of Bay Area
9q8uyj,Rest of Bay Area
9q8uyk,Rest of Bay Area
9q8uym,Rest of Bay Area
9q8uyn,Rest of Bay Area
9q8uyp,Rest of Bay Area
9q8uyq,Rest of Bay Area
9q8uyr,Rest of Bay Area
9q8uys,Rest of Bay Area
9q8uyt,Rest of Bay Area
9q8uyu,Rest of Bay Area
9q8uyv,Rest of Bay Area
9q8uyw,Rest of Bay Area
9q8uyx,Rest of Bay Area
9q8uyy,Rest of Bay Area
9q8uyz,Rest of Bay Area
9q8uz0,Rest of Bay Area
9q8uz1,Rest of Bay Area
9q8uz2,Rest of Bay Area
9q8uz3,Rest of Bay Area
9q8uz4,Rest of Bay Area
9q8uz5,Rest of Bay Area
9q8uz6,Rest of Bay Area
9q8uz7,Rest of Bay Area
9q8uz8,Rest of Bay Area
9q8uz9,Rest of Bay Area
9q8uzb,Rest of Bay Area
9q8uzc,Rest of Bay Area
9q8uzd,Rest of Bay Area
9q8uze,Rest of Bay Area
9q8uzf,Rest of Bay Area
9q8uzg,Rest of Bay Area
9q8uzh,Rest of Bay Area
9q8uzj,Rest of Bay Area
9q8uzk,Rest of Bay Area
9q8uzm,Rest of Bay Area
9q8uzn,Rest of Bay Area
9q8uzp,Rest of Bay Area
9q8uzq,Rest of Bay Area
9q8uzr,Rest of Bay Area
9q8uzs,Rest of Bay Area
9q8uzt,Rest of Bay Area
9q8uzu,Rest of Bay Area
9q8uzv,Rest of Bay Area
9q8uzw,Rest of Bay Area
9q8uzx,Rest of Bay Area
9q8uzy,Rest of Bay Area
9q8uzz,Rest of Bay Area
9q8veb,Rest of Bay Area
9q8vec,Rest of Bay Area
9q8vgb,Rest of Bay Area
9q8vgg,Rest of Bay Area
9q8vj8,Rest of Bay Area
9q8vj9,Rest of Bay Area
9q8vjb,Rest of Bay Area
9q8vjc,Rest of Bay Area
9q8vjd,Rest of Bay Area
9q8vje,Rest of Bay Area
9q8vjf,Rest of Bay Area
9q8vjg,Rest of Bay Area
9q8vjr,Rest of Bay Area
9q8vjs,Rest of Bay Area
9q8vjt,Rest of Bay Area
9q8vju,Rest of Bay Area
9q8vjv,Rest of Bay Area
9q8vjw,Rest of Bay Area
9q8vjx,Rest of Bay Area
9q8vjy,Rest of Bay Area
9q8vjz,Rest of Bay Area
9q8vk3,Rest of Bay Area
9q8vk6,Rest of Bay Area
9q8vk7,Rest of Bay Area
9q8vk9,Rest of Bay Area
9q8vkd,Rest of Bay Area
9q8vke,Rest of Bay Area
9q8vkf,Rest of Bay Area
9q8vkg,Rest of Bay Area
9q8vkh,Rest of Bay Area
9q8vkj,Rest of Bay Area
9q8vkk,Rest of Bay Area
9q8vkm,Rest of Bay Area
9q8vkn,Rest of Bay Area
9q8vkp,Rest of Bay Area
9q8vkq,Rest of Bay Area
9q8vkr,Rest of Bay Area
9q8vks,Rest of Bay Area
9q8vkt,Rest of Bay Area
9q8vku,Rest of Bay Area
9q8vkv,Rest of Bay Area
9q8vkw,Rest of Bay Area
9q8vkx,Rest of Bay Area
9q8vky,Rest of Bay Area
9q8vkz,Rest of Bay Area
9q8vm2,Rest of Bay Area
9q8vm3,Rest of Bay Area
9q8vm4,Rest of Bay Area
9q8vm5,Rest of Bay Area
9q8vm6,Rest of Bay Area
9q8vm7,Rest of Bay Area
9q8vm8,Rest of Bay Area
9q8vm9,Rest of Bay Area
9q8vmb,Rest of Bay Area
9q8vmc,Rest of Bay Area
9q8vmd,Rest of Bay Area
9q8vme,Rest of Bay Area
9q8vmf,Rest of Bay Area
9q8vmg,Rest of Bay Area
9q8vmh,Rest of Bay Area
9q8vmj,Rest of Bay Area
9q8vmk,Rest of Bay Area
9q8vmm,Rest of Bay Area
9q8vmn,Rest of Bay Area
9q8vmp,Rest of Bay Area
9q8vmq,Rest of Bay Area
9q8vmr,Rest of Bay Area
9q8vms,Rest of Bay Area
9q8vmt,Rest of Bay Area
9q8vmu,Rest of Bay Area
9q8vmv,Rest of Bay Area
9q8vmw,Rest of Bay Area
9q8vmx,Rest of Bay Area
9q8vmy,Rest of Bay Area
9q8vmz,Rest of Bay Area
9q8vn0,Rest of Bay Area
9q8vn1,Rest of Bay Area
9q8vn2,Rest of Bay Area
9q8vn3,Rest of Bay Area
9q8vn4,Rest of Bay Area
9q8vn5,Rest of Bay Area
9q8vn6,Rest of Bay Area
9q8vn7,Rest of Bay Area
9q8vn8,Rest of Bay Area
9q8vn9,Rest of Bay Area
9q8vnb,Rest of Bay Area
9q8vnc,Rest of Bay Area
9q8vnd,Rest of Bay Area
9q8vne,Rest of Bay Area
9q8vnf,Rest of Bay Area
9q8vng,Rest of Bay Area
9q8vnh,Rest of Bay Area
9q8vnj,Rest of Bay Area
9q8vnk,Rest of Bay Area
9q8vnm,Rest of Bay Area
9q8vnn,Rest of Bay Area
9q8vnp,Rest of Bay Area
9q8vnq,Rest of Bay Area
9q8vnr,Rest of Bay Area
9q8vns,Rest of Bay Area
9q8vnt,Rest of Bay Area
9q8vnu,Rest of Bay Area
9q8vnv,Rest of Bay Area
9q8vnw,Rest of Bay Area
9q8vnx,Rest of Bay Area
9q8vny,Rest of Bay Area
9q8vnz,Rest of Bay Area
9q8vp0,Rest of Bay Area
9q8vp1,Rest of Bay Area
9q8vp2,Rest of Bay Area
9q8vp3,Rest of Bay Area
9q8vp4,Rest of Bay Area
9q8vp5,Rest of Bay Area
9q8vp6,Rest of Bay Area
9q8vp7,Rest of Bay Area
9q8vp8,Rest of Bay Area
9q8vp9,Rest of Bay Area
9q8vpb,Rest of Bay Area
9q8vpc,Rest of Bay Area
9q8vpd,Rest of Bay Area
9q8vpe,Rest of Bay Area
9q8vpf,Rest of Bay Area
9q8vpg,Rest of Bay Area
9q8vph,Rest of Bay Area
9q8vpj,Rest of Bay Area
9q8vpk,Rest of Bay Area
9q8vpm,Rest of Bay Area
9q8vpn,Rest of Bay Area
9q8vpp,Rest of Bay Area
9q8vpq,Rest of Bay Area
9q8vpr,Rest of Bay Area
9q8vps,Rest of Bay Area
9q8vpt,Rest of Bay Area
9q8vpu,Rest of Bay Area
9q8vpv,Rest of Bay Area
9q8vpw,Rest of Bay Area
9q8vpx,Rest of Bay Area
9q8vpy,Rest of Bay Area
9q8vpz,Rest of Bay Area
9q8vq0,Rest of Bay Area
9q8vq1,Rest of Bay Area
9q8vq2,Rest of Bay Area
9q8vq3,Rest of Bay Area
9q8vq4,Rest of Bay Area
9q8vq5,Rest of Bay Area
9q8vq6,Rest of Bay Area
9q8vq7,Rest of Bay Area
9q8vq8,Rest of Bay Area
9q8vq9,Rest of Bay Area
9q8vqb,Rest of Bay Area
9q8vqc,Rest of Bay Area
9q8vqd,Rest of Bay Area
9q8vqe,Rest of Bay Area
9q8vqf,Rest of Bay Area
9q8vqg,Rest of Bay Area
9q8vqh,Rest of Bay Area
9q8vqj,Rest of Bay Area
9q8vqk,Rest of Bay Area
9q8vqm,Rest of Bay Area
9q8vqn,Rest of Bay Area
9q8vqp,Rest of Bay Area
9q8vqq,Rest of Bay Area
9q8vqr,Rest of Bay Area
9q8vqs,Rest of Bay Area
9q8vqt,Rest of Bay Area
9q8vqu,Rest of Bay Area
9q8vqv,Rest of Bay Area
9q8vqw,Rest of Bay Area
9q8vqx,Rest of Bay Area
9q8vqy,Rest of Bay Area
9q8vqz,Rest of Bay Area
9q8vr0,Rest of Bay Area
9q8vr1,Rest of Bay Area
9q8vr2,Rest of Bay Area
9q8vr3,Rest of Bay Area
9q8vr4,Rest of Bay Area
9q8vr5,Rest of Bay Area
9q8vr6,Rest of Bay Area
9q8vr7,Rest of Bay Area
9q8vr8,Rest of Bay Area
9q8vr9,Rest of Bay Area
9q8vrb,Rest of Bay Area
9q8vrc,Rest of Bay Area
9q8vrd,Rest of Bay Area
9q8vre,Rest of Bay Area
9q8vrf,Rest of Bay Area
9q8vrg,Rest of Bay Area
9q8vrh,Rest of Bay Area
9q8vrj,Rest of Bay Area
9q8vrk,Rest of Bay Area
9q8vrm,Rest of Bay Area
9q8vrn,Rest of Bay Area
9q8vrp,Rest of Bay Area
9q8vrq,Rest of Bay Area
9q8vrr,Rest of Bay Area
9q8vrs,Rest of Bay Area
9q8vrt,Rest of Bay Area
9q8vru,Rest of Bay Area
9q8vrv,Rest of Bay Area
9q8vrw,Rest of Bay Area
9q8vrx,Rest of Bay Area
9q8vry,Rest of Bay Area
9q8vrz,Rest of Bay Area
9q8vs0,Rest of Bay Area
9q8vs1,Rest of Bay Area
9q8vs2,Rest of Bay Area
9q8vs3,Rest of Bay Area
9q8vs4,Rest of Bay Area
9q8vs5,Rest of Bay Area
9q8vs6,Rest of Bay Area
9q8vs7,Rest of Bay Area
9q8vs8,Rest of Bay Area
9q8vs9,Rest of Bay Area
9q8vsb,Rest of Bay Area
9q8vsc,Rest of Bay Area
9q8vsd,Rest of Bay Area
9q8vse,Rest of Bay Area
9q8vsf,Rest of Bay Area
9q8vsg,Rest of Bay Area
9q8vsh,Rest of Bay Area
9q8vsj,Rest of Bay Area
9q8vsk,Rest of Bay Area
9q8vsm,Rest of Bay Area
9q8vsn,Rest of Bay Area
9q8vsp,Rest of Bay Area
9q8vsq,Rest of Bay Area
9q8vsr,Rest of Bay Area
9q8vss,Rest of Bay Area
9q8vst,Rest of Bay Area
9q8vsu,Rest of Bay Area
9q8vsv,Rest of Bay Area
9q8vsw,Rest of Bay Area
9q8vsx,Rest of Bay Area
9q8vsy,Rest of Bay Area
9q8vsz,Rest of Bay Area
9q8vt0,Rest of Bay Area
9q8vt1,Rest of Bay Area
9q8vt2,Rest of Bay Area
9q8vt3,Rest of Bay Area
9q8vt4,Rest of Bay Area
9q8vt5,Rest of Bay Area
9q8vt6,Rest of Bay Area
9q8vt7,Rest of Bay Area
9q8vt8,Rest of Bay Area
9q8vt9,Rest of Bay Area
9q8vtb,Rest of Bay Area
9q8vtc,Rest of Bay Area
9q8vtd,Rest of Bay Area
9q8vte,Rest of Bay Area
9q8vtf,Rest of Bay Area
9q8vtg,Rest of Bay Area
9q8vth,Rest of Bay Area
9q8vtj,Rest of Bay Area
9q8vtk,Rest of Bay Area
9q8vtm,Rest of Bay Area
9q8vtn,Rest of Bay Area
9q8vtp,Rest of Bay Area
9q8vtq,Rest of Bay Area
9q8vtr,Rest of Bay Area
9q8vts,Rest of Bay Area
9q8vtt,Rest of Bay Area
9q8vtu,Rest of Bay Area
9q8vtv,Rest of Bay Area
9q8vtw,Rest of Bay Area
9q8vtx,Rest of Bay Area
9q8vty,Rest of Bay Area
9q8vtz,Rest of Bay Area
9q8vu0,Rest of Bay Area
9q8vu1,Rest of Bay Area
9q8vu2,Rest of Bay Area
9q8vu3,Rest of Bay Area
9q8vu4,Rest of Bay Area
9q8vu5,Rest of Bay Area
9q8vu6,Rest of Bay Area
9q8vu7,Rest of Bay Area
9q8vu8,Rest of Bay Area
9q8vu9,Rest of Bay Area
9q8vub,Rest of Bay Area
9q8vuc,Rest of Bay Area
9q8vud,Rest of Bay Area
9q8vue,Rest of Bay Area
9q8vuf,Rest of Bay Area
9q8vug,Rest of Bay Area
9q8vuh,Rest of Bay Area
9q8vuk,Rest of Bay Area
9q8vum,Rest of Bay Area
9q8vuq,Rest of Bay Area
9q8vur,Rest of Bay Area
9q8vus,Rest of Bay Area
9q8vut,Rest of Bay Area
9q8vuu,Rest of Bay Area
9q8vuv,Rest of Bay Area
9q8vuw,Rest of Bay Area
9q8vux,Rest of Bay Area
9q8vuy,Rest of Bay Area
9q8vuz,Rest of Bay Area
9q8vv0,Rest of Bay Area
9q8vv1,Rest of Bay Area
9q8vv2,Rest of Bay Area
9q8vv3,Rest of Bay Area
9q8vv4,Rest of Bay Area
9q8vv5,Rest of Bay Area
9q8vv6,Rest of Bay Area
9q8vv7,Rest of Bay Area
9q8vv8,Rest of Bay Area
9q8vv9,Rest of Bay Area
9q8vvb,Rest of Bay Area
9q8vvc,Rest of Bay Area
9q8vvd,Rest of Bay Area
9q8vve,Rest of Bay Area
9q8vvf,Rest of Bay Area
9q8vvg,Rest of Bay Area
9q8vvh,Rest of Bay Area
9q8vvj,Rest of Bay Area
9q8vvk,Rest of Bay Area
9q8vvm,Rest of Bay Area
9q8vvn,Rest of Bay Area
9q8vvp,Rest of Bay Area
9q8vvq,Rest of Bay Area
9q8vvr,Rest of Bay Area
9q8vvs,Rest of Bay Area
9q8vvt,Rest of Bay Area
9q8vvu,Rest of Bay Area
9q8vvv,Rest of Bay Area
9q8vvw,Rest of Bay Area
9q8vvx,Rest of Bay Area
9q8vvy,Rest of Bay Area
9q8vvz,Rest of Bay Area
9q8vw0,Rest of Bay Area
9q8vw1,Rest of Bay Area
9q8vw2,Rest of Bay Area
9q8vw3,Rest of Bay Area
9q8vw4,Rest of Bay Area
9q8vw5,Rest of Bay Area
9q8vw6,Rest of Bay Area
9q8vw7,Rest of Bay Area
9q8vw8,Rest of Bay Area
9q8vw9,Rest of Bay Area
9q8vwb,Rest of Bay Area
9q8vwc,Rest of Bay Area
9q8vwd,Rest of Bay Area
9q8vwe,Rest of Bay Area
9q8vwf,Rest of Bay Area
9q8vwg,Rest of Bay Area
9q8vwh,Rest of Bay Area
9q8vwj,Rest of Bay Area
9q8vwk,Rest of Bay Area
9q8vwm,Rest of Bay Area
9q8vwn,Rest of Bay Area
9q8vwp,Rest of Bay Area
9q8vwq,Rest of Bay Area
9q8vwr,Rest of Bay Area
9q8vws,Rest of Bay Area
9q8vwt,Rest of Bay Area
9q8vwu,Rest of Bay Area
9q8vwv,Rest of Bay Area
9q8vww,Rest of Bay Area
9q8vwx,Rest of Bay Area
9q8vwy,Rest of Bay Area
9q8vwz,Rest of Bay Area
9q8vx0,Rest of Bay Area
9q8vx1,Rest of Bay Area
9q8vx2,Rest of Bay Area
9q8vx3,Rest of Bay Area
9q8vx4,Rest of Bay Area
9q8vx5,Rest of Bay Area
9q8vx6,Rest of Bay Area
9q8vx7,Rest of Bay Area
9q8vx8,Rest of Bay Area
9q8vx9,Rest of Bay Area
9q8vxb,Rest of Bay Area
9q8vxc,Rest of Bay Area
9q8vxd,Rest of Bay Area
9q8vxe,Rest of Bay Area
9q8vxf,Rest of Bay Area
9q8vxg,Rest of Bay Area
9q8vxh,Rest of Bay Area
9q8vxj,Rest of Bay Area
9q8vxk,Rest of Bay Area
9q8vxm,Rest of Bay Area
9q8vxn,Rest of Bay Area
9q8vxp,Rest of Bay Area
9q8vxq,Rest of Bay Area
9q8vxr,Rest of Bay Area
9q8vxs,Rest of Bay Area
9q8vxt,Rest of Bay Area
9q8vxu,Rest of Bay Area
9q8vxv,Rest of Bay Area
9q8vxw,Rest of Bay Area
9q8vxx,Rest of Bay Area
9q8vxy,Rest of Bay Area
9q8vxz,Rest of Bay Area
9q8vy0,Rest of Bay Area
9q8vy1,Rest of Bay Area
9q8vy2,Rest of Bay Area
9q8vy3,Rest of Bay Area
9q8vy4,Rest of Bay Area
9q8vy5,Rest of Bay Area
9q8vy6,Rest of Bay Area
9q8vy7,Rest of Bay Area
9q8vy8,Rest of Bay Area
9q8vy9,Rest of Bay Area
9q8vyb,Rest of Bay Area
9q8vyc,Rest of Bay Area
9q8vyd,Rest of Bay Area
9q8vye,Rest of Bay Area
9q8vyf,Rest of Bay Area
9q8vyg,Rest of Bay Area
9q8vyh,Rest of Bay Area
9q8vyj,Rest of Bay Area
9q8vyk,Rest of Bay Area
9q8vym,Rest of Bay Area
9q8vyn,Rest of Bay Area
9q8vyp,Rest of Bay Area
9q8vyq,Rest of Bay Area
9q8vyr,Rest of Bay Area
9q8vys,Rest of Bay Area
9q8vyt,Rest of Bay Area
9q8vyu,Rest of Bay Area
9q8vyv,Rest of Bay Area
9q8vyw,Rest of Bay Area
9q8vyx,Rest of Bay Area
9q8vyy,Rest of Bay Area
9q8vyz,Rest of Bay Area
9q8vz0,Rest of Bay Area
9q8vz1,Rest of Bay Area
9q8vz2,Rest of Bay Area
9q8vz3,Rest of Bay Area
9q8vz4,Rest of Bay Area
9q8vz5,Rest of Bay Area
9q8vz6,Rest of Bay Area
9q8vz7,Rest of Bay Area
9q8vz8,Rest of Bay Area
9q8vz9,Rest of Bay Area
9q8vzb,Rest of Bay Area
9q8vzc,Rest of Bay Area
9q8vzd,Rest of Bay Area
9q8vze,Rest of Bay Area
9q8vzf,Rest of Bay Area
9q8vzg,Rest of Bay Area
9q8vzh,Rest of Bay Area
9q8vzj,Rest of Bay Area
9q8vzk,Rest of Bay Area
9q8vzm,Rest of Bay Area
9q8vzn,Rest of Bay Area
9q8vzp,Rest of Bay Area
9q8vzq,Rest of Bay Area
9q8vzr,Rest of Bay Area
9q8vzs,Rest of Bay Area
9q8vzw,Rest of Bay Area
9q8vzx,Rest of Bay Area
9q8w2v,San Francisco
9q8w2y,San Francisco
9q8w2z,San Francisco
9q8w3j,San Francisco
9q8w3n,San Francisco
9q8w3p,San Francisco
9q8xvu,Rest of Bay Area
9q8xvv,Rest of Bay Area
9q8xvy,Rest of Bay Area
9q8xvz,Rest of Bay Area
9q8xx7,Rest of Bay Area
9q8xxd,Rest of Bay Area
9q8xxe,Rest of Bay Area
9q8xxf,Rest of Bay Area
9q8xxg,Rest of Bay Area
9q8xxj,Rest of Bay Area
9q8xxk,Rest of Bay Area
9q8xxm,Rest of Bay Area
9q8xxn,Rest of Bay Area
9q8xxp,Rest of Bay Area
9q8xxq,Rest of Bay Area
9q8xxr,Rest of Bay Area
9q8xxs,Rest of Bay Area
9q8xxt,Rest of Bay Area
9q8xxu,Rest of Bay Area
9q8xxv,Rest of Bay Area
9q8xxw,Rest of Bay Area
9q8xxx,Rest of Bay Area
9q8xxy,Rest of Bay Area
9q8xxz,Rest of Bay Area
9q8xy5,Rest of Bay Area
9q8xy6,Rest of Bay Area
9q8xy7,Rest of Bay Area
9q8xy9,Rest of Bay Area
9q8xyb,Rest of Bay Area
9q8xyc,Rest of Bay Area
9q8xyd,Rest of Bay Area
9q8xye,Rest of Bay Area
9q8xyf,Rest of Bay Area
9q8xyg,Rest of Bay Area
9q8xyh,Rest of Bay Area
9q8xyj,Rest of Bay Area
9q8xyk,Rest of Bay Area
9q8xym,Rest of Bay Area
9q8xyn,Rest of Bay Area
9q8xyp,Rest of Bay Area
9q8xyq,Rest of Bay Area
9q8xyr,Rest of Bay Area
9q8xys,Rest of Bay Area
9q8xyt,Rest of Bay Area
9q8xyu,Rest of Bay Area
9q8xyv,Rest of Bay Area
9q8xyw,Rest of Bay Area
9q8xyx,Rest of Bay Area
9q8xyy,Rest of Bay Area
9q8xyz,Rest of Bay Area
9q8xz0,Rest of Bay Area
9q8xz1,Rest of Bay Area
9q8xz2,Rest of Bay Area
9q8xz3,Rest of Bay Area
9q8xz4,Rest of Bay Area
9q8xz5,Rest of Bay Area
9q8xz6,Rest of Bay Area
9q8xz7,Rest of Bay Area
9q8xz8,Rest of Bay Area
9q8xz9,Rest of Bay Area
9q8xzb,Rest of Bay Area
9q8xzc,Rest of Bay Area
9q8xzd,Rest of Bay Area
9q8xze,Rest of Bay Area
9q8xzf,Rest of Bay Area
9q8xzg,Rest of Bay Area
9q8xzh,Rest of Bay Area
9q8xzj,Rest of Bay Area
9q8xzk,Rest of Bay Area
9q8xzm,Rest of Bay Area
9q8xzn,Rest of Bay Area
9q8xzp,Rest of Bay Area
9q8xzq,Rest of Bay Area
9q8xzr,Rest of Bay Area
9q8xzs,Rest of Bay Area
9q8xzt,Rest of Bay Area
9q8xzu,Rest of Bay Area
9q8xzv,Rest of Bay Area
9q8xzw,Rest of Bay Area
9q8xzx,Rest of Bay Area
9q8xzy,Rest of Bay Area
9q8xzz,Rest of Bay Area
9q8yh2,Rest of Bay Area
9q8yh8,Rest of Bay Area
9q8yh9,Rest of Bay Area
9q8yhb,Rest of Bay Area
9q8yhc,Rest of Bay Area
9q8yhd,Rest of Bay Area
9q8yhe,Rest of Bay Area
9q8yhf,Rest of Bay Area
9q8yhg,Rest of Bay Area
9q8yhs,Rest of Bay Area
9q8yht,Rest of Bay Area
9q8yhu,Rest of Bay Area
9q8yhv,Rest of Bay Area
9q8yhw,Rest of Bay Area
9q8yhx,Rest of Bay Area
9q8yhy,Rest of Bay Area
9q8yhz,Rest of Bay Area
9q8yj0,Rest of Bay Area
9q8yj1,Rest of Bay Area
9q8yj2,Rest of Bay Area
9q8yj3,Rest of Bay Area
9q8yj4,Rest of Bay Area
9q8yj5,Rest of Bay Area
9q8yj6,Rest of Bay Area
9q8yj7,Rest of Bay Area
9q8yj8,Rest of Bay Area
9q8yj9,Rest of Bay Area
9q8yjb,Rest of Bay Area
9q8yjc,Rest of Bay Area
9q8yjd,Rest of Bay Area
9q8yje,Rest of Bay Area
9q8yjf,Rest of Bay Area
9q8yjg,Rest of Bay Area
9q8yjh,Rest of Bay Area
9q8yjj,Rest of Bay Area
9q8yjk,Rest of Bay Area
9q8yjm,Rest of Bay Area
9q8yjn,Rest of Bay Area
9q8yjp,Rest of Bay Area
9q8yjq,Rest of Bay Area
9q8yjr,Rest of Bay Area
9q8yjs,Rest of Bay Area
9q8yjt,Rest of Bay Area
9q8yju,Rest of Bay Area
9q8yjv,Rest of Bay Area
9q8yjw,Rest of Bay Area
9q8yjx,Rest of Bay Area
9q8yjy,Rest of Bay Area
9q8yjz,Rest of Bay Area
9q8yk8,Rest of Bay Area
9q8yk9,Rest of Bay Area
9q8ykb,Rest of Bay Area
9q8ykc,Rest of Bay Area
9q8ykd,Rest of Bay Area
9q8yke,Rest of Bay Area
9q8ykf,Rest of Bay Area
9q8ykg,Rest of Bay Area
9q8ykm,Rest of Bay Area
9q8ykq,Rest of Bay Area
9q8ykr,Rest of Bay Area
9q8yks,Rest of Bay Area
9q8ykt,Rest of Bay Area
9q8yku,Rest of Bay Area
9q8ykv,Rest of Bay Area
9q8ykw,Rest of Bay Area
9q8ykx,Rest of Bay Area
9q8yky,Rest of Bay Area
9q8ykz,Rest of Bay Area
9q8ym0,Rest of Bay Area
9q8ym1,Rest of Bay Area
9q8ym2,Rest of Bay Area
9q8ym3,Rest of Bay Area
9q8ym4,Rest of Bay Area
9q8ym5,Rest of Bay Area
9q8ym6,Rest of Bay Area
9q8ym7,Rest of Bay Area
9q8ym8,Rest of Bay Area
9q8ym9,Rest of Bay Area
9q8ymb,Rest of Bay Area
9q8ymc,Rest of Bay Area
9q8ymd,Rest of Bay Area
9q8yme,Rest of Bay Area
9q8ymf,Rest of Bay Area
9q8ymg,Rest of Bay Area
9q8ymh,Rest of Bay Area
9q8ymj,Rest of Bay Area
9q8ymk,Rest of Bay Area
9q8ymm,Rest of Bay Area
9q8ymn,Rest of Bay Area
9q8ymp,Rest of Bay Area
9q8ymq,Rest of Bay Area
9q8ymr,Rest of Bay Area
9q8yms,Rest of Bay Area
9q8ymt,Rest of Bay Area
9q8ymu,Rest of Bay Area
9q8ymv,Rest of Bay Area
9q8ymw,Rest of Bay Area
9q8ymx,Rest of Bay Area
9q8ymy,Rest of Bay Area
9q8ymz,Rest of Bay Area
9q8yn0,Rest of Bay Area
9q8yn1,Rest of Bay Area
9q8yn2,Rest of Bay Area
9q8yn3,Rest of Bay Area
9q8yn4,Rest of Bay Area
9q8yn5,Rest of Bay Area
9q8yn6,Rest of Bay Area
9q8yn7,Rest of Bay Area
9q8yn8,Rest of Bay Area
9q8yn9,Rest of Bay Area
9q8ynb,Rest of Bay Area
9q8ync,Rest of Bay Area
9q8ynd,Rest of Bay Area
9q8yne,Rest of Bay Area
9q8ynf,Rest of Bay Area
9q8yng,Rest of Bay Area
9q8ynh,Rest of Bay Area
9q8ynj,Rest of Bay Area
9q8ynk,Rest of Bay Area
9q8ynm,Rest of Bay Area
9q8ynn,Rest of Bay Area
9q8ynp,Rest of Bay Area
9q8ynq,Rest of Bay Area
9q8ynr,Rest of Bay Area
9q8yns,Rest of Bay Area
9q8ynt,Rest of Bay Area
9q8ynu,Rest of Bay Area
9q8ynv,Rest of Bay Area
9q8ynw,Rest of Bay Area
9q8ynx,Rest of Bay Area
9q8yny,Rest of Bay Area
9q8ynz,Rest of Bay Area
9q8yp0,Rest of Bay Area
9q8yp1,Rest of Bay Area
9q8yp2,Rest of Bay Area
9q8yp3,Rest of Bay Area
9q8yp4,Rest of Bay Area
9q8yp5,Rest of Bay Area
9q8yp6,Rest of Bay Area
9q8yp8,Rest of Bay Area
9q8yp9,Rest of Bay Area
9q8ypd,Rest of Bay Area
9q8yph,Rest of Bay Area
9q8ypj,Rest of Bay Area
9q8ypn,Rest of Bay Area
9q8ypp,Rest of Bay Area
9q8ypq,Rest of Bay Area
9q8ypr,Rest of Bay Area
9q8yq0,Rest of Bay Area
9q8yq1,Rest of Bay Area
9q8yq2,Rest of Bay Area
9q8yq3,Rest of Bay Area
9q8yq4,Rest of Bay Area
9q8yq5,Rest of Bay Area
9q8yq6,Rest of Bay Area
9q8yq7,Rest of Bay Area
9q8yq8,Rest of Bay Area
9q8yq9,Rest of Bay Area
9q8yqb,Rest of Bay Area
9q8yqc,Rest of Bay Area
9q8yqd,Rest of Bay Area
9q8yqe,Rest of Bay Area
9q8yqf,Rest of Bay Area
9q8yqg,Rest of Bay Area
9q8yqh,Rest of Bay Area
9q8yqj,Rest of Bay Area
9q8yqk,Rest of Bay Area
9q8yqm,Rest of Bay Area
9q8yqn,Rest of Bay Area
9q8yqp,Rest of Bay Area
9q8yqq,Rest of Bay Area
9q8yqr,Rest of Bay Area
9q8yqs,Rest of Bay Area
9q8yqt,Rest of Bay Area
9q8yqu,Rest of Bay Area
9q8yqv,Rest of Bay Area
9q8yqw,Rest of Bay Area
9q8yqx,Rest of Bay Area
9q8yqy,Rest of Bay Area
9q8yqz,Rest of Bay Area
9q8yr0,Rest of Bay Area
9q8yr1,Rest of Bay Area
9q8yr2,Rest of Bay Area
9q8yr4,Rest of Bay Area
9q8yr5,Rest of Bay Area
9q8ys2,Rest of Bay Area
9q8ys3,San Francisco
9q8ys6,San Francisco
9q8ys7,San Francisco
9q8ys8,Rest of Bay Area
9q8ys9,San Francisco
9q8ysb,Rest of Bay Area
9q8ysc,San Francisco
9q8ysd,San Francisco
9q8yse,San Francisco
9q8ysf,San Francisco
9q8ysg,San Francisco
9q8ysk,San Francisco
9q8ysm,San Francisco
9q8ysn,San Francisco
9q8ysp,San Francisco
9q8ysq,San Francisco
9q8ysr,San Francisco
9q8yss,San Francisco
9q8yst,San Francisco
9q8ysu,San Francisco
9q8ysv,San Francisco
9q8ysw,San Francisco
9q8ysx,San Francisco
9q8ysy,San Francisco
9q8ysz,San Francisco
9q8yt0,Rest of Bay Area
9q8yt1,San Francisco
9q8yt2,Rest of Bay Area
9q8yt3,San Francisco
9q8yt4,San Francisco
9q8yt5,San Francisco
9q8yt6,San Francisco
9q8yt7,San Francisco
9q8yt8,Rest of Bay Area
9q8yt9,San Francisco
9q8ytb,Rest of Bay Area
9q8ytc,San Francisco
9q8ytd,San Francisco
9q8yte,San Francisco
9q8ytf,San Francisco
9q8ytg,San Francisco
9q8yth,San Francisco
9q8ytj,San Francisco
9q8ytk,San Francisco
9q8ytm,San Francisco
9q8ytn,San Francisco
9q8ytp,San Francisco
9q8ytq,San Francisco
9q8ytr,San Francisco
9q8yts,San Francisco
9q8ytt,San Francisco
9q8ytu,San Francisco
9q8ytv,San Francisco
9q8ytw,San Francisco
9q8ytx,San Francisco
9q8yty,San Francisco
9q8ytz,San Francisco
9q8yu0,San Francisco
9q8yu1,San Francisco
9q8yu2,San Francisco
9q8yu3,San Francisco
9q8yu4,San Francisco
9q8yu5,San Francisco
9q8yu6,San Francisco
9q8yu7,San Francisco
9q8yu8,San Francisco
9q8yu9,San Francisco
9q8yub,San Francisco
9q8yuc,San Francisco
9q8yud,San Francisco
9q8yue,San Francisco
9q8yuf,San Francisco
9q8yug,San Francisco
9q8yuh,San Francisco
9q8yuj,San Francisco
9q8yuk,San Francisco
9q8yum,San Francisco
9q8yun,San Francisco
9q8yuq,San Francisco
9q8yur,San Francisco
9q8yus,San Francisco
9q8yut,San Francisco
9q8yuu,San Francisco
9q8yuv,San Francisco
9q8yuw,San Francisco
9q8yux,San Francisco
9q8yuy,San Francisco
9q8yuz,San Francisco
9q8yv0,San Francisco
9q8yv1,San Francisco
9q8yv2,San Francisco
9q8yv3,San Francisco
9q8yv4,San Francisco
9q8yv5,San Francisco
9q8yv6,San Francisco
9q8yv7,San Francisco
9q8yv8,San Francisco
9q8yv9,San Francisco
9q8yvb,San Francisco
9q8yvc,San Francisco
9q8yvd,San Francisco
9q8yve,San Francisco
9q8yvf,San Francisco
9q8yvg,San Francisco
9q8yvh,San Francisco
9q8yvj,San Francisco
9q8yvk,San Francisco
9q8yvm,San Francisco
9q8yvn,San Francisco
9q8yvp,San Francisco
9q8yvq,San Francisco
9q8yvr,San Francisco
9q8yvs,San Francisco
9q8yvt,San Francisco
9q8yvu,San Francisco
9q8yvv,San Francisco
9q8yvw,San Francisco
9q8yvx,San Francisco
9q8yvy,San Francisco
9q8yvz,San Francisco
9q8yw0,Rest of Bay Area
9q8yw1,San Francisco
9q8yw2,Rest of Bay Area
9q8yw3,San Francisco
9q8yw4,San Francisco
9q8yw5,San Francisco
9q8yw6,San Francisco
9q8yw7,San Francisco
9q8yw8,Rest of Bay Area
9q8yw9,San Francisco
9q8ywb,San Francisco
9q8ywc,San Francisco
9q8ywd,San Francisco
9q8ywe,San Francisco
9q8ywf,San Francisco
9q8ywg,San Francisco
9q8ywh,San Francisco
9q8ywj,San Francisco
9q8ywk,San Francisco
9q8ywm,San Francisco
9q8ywn,San Francisco
9q8ywp,San Francisco
9q8ywq,San Francisco
9q8ywr,San Francisco
9q8yws,San Francisco
9q8ywt,San Francisco
9q8ywu,San Francisco
9q8ywv,San Francisco
9q8yww,San Francisco
9q8ywx,San Francisco
9q8ywy,San Francisco
9q8ywz,San Francisco
9q8yx0,San Francisco
9q8yx1,San Francisco
9q8yx2,San Francisco
9q8yx3,San Francisco
9q8yx4,San Francisco
9q8yx5,San Francisco
9q8yx6,San Francisco
9q8yx7,San Francisco
9q8yxd,San Francisco
9q8yxe,San Francisco
9q8yxh,San Francisco
9q8yxj,San Francisco
9q8yxk,San Francisco
9q8yxm,San Francisco
9q8yxn,San Francisco
9q8yxp,San Francisco
9q8yxq,San Francisco
9q8yxr,San Francisco
9q8yxs,San Francisco
9q8yy0,San Francisco
9q8yy1,San Francisco
9q8yy2,San Francisco
9q8yy3,San Francisco
9q8yy4,San Francisco
9q8yy5,San Francisco
9q8yy6,San Francisco
9q8yy7,San Francisco
9q8yy8,San Francisco
9q8yy9,San Francisco
9q8yyb,San Francisco
9q8yyc,San Francisco
9q8yyd,San Francisco
9q8yye,San Francisco
9q8yyf,San Francisco
9q8yyg,San Francisco
9q8yyh,San Francisco
9q8yyj,San Francisco
9q8yyk,San Francisco
9q8yym,San Francisco
9q8yyn,San Francisco
9q8yyp,San Francisco
9q8yyq,San Francisco
9q8yyr,San Francisco
9q8yys,San Francisco
9q8yyt,San Francisco
9q8yyu,San Francisco
9q8yyv,San Francisco
9q8yyw,San Francisco
9q8yyx,San Francisco
9q8yyy,San Francisco
9q8yyz,San Francisco
9q8yz0,San Francisco
9q8yz1,San Francisco
9q8yz2,San Francisco
9q8yz4,San Francisco
9q8yz5,San Francisco
9q8yzh,San Francisco
9q8yzj,San Francisco
9q8yzn,San Francisco
9q8yzp,San Francisco
9q8z3x,Rest of Bay Area
9q8z3z,Rest of Bay Area
9q8z5r,Rest of Bay Area
9q8z5s,Rest of Bay Area
9q8z5t,Rest of Bay Area
9q8z5u,Rest of Bay Area
9q8z5v,Rest of Bay Area
9q8z5w,Rest of Bay Area
9q8z5x,Rest of Bay Area
9q8z5y,Rest of Bay Area
9q8z5z,Rest of Bay Area
9q8z6e,Rest of Bay Area
9q8z6f,Rest of Bay Area
9q8z6g,Rest of Bay Area
9q8z6k,Rest of Bay Area
9q8z6m,Rest of Bay Area
9q8z6n,Rest of Bay Area
9q8z6p,Rest of Bay Area
9q8z6q,Rest of Bay Area
9q8z6r,Rest of Bay Area
9q8z6s,Rest of Bay Area
9q8z6t,Rest of Bay Area
9q8z6u,Rest of Bay Area
9q8z6v,Rest of Bay Area
9q8z6w,Rest of Bay Area
9q8z6x,Rest of Bay Area
9q8z6y,Rest of Bay Area
9q8z6z,Rest of Bay Area
9q8z70,Rest of Bay Area
9q8z71,Rest of Bay Area
9q8z72,Rest of Bay Area
9q8z73,Rest of Bay Area
9q8z74,Rest of Bay Area
9q8z75,Rest of Bay Area
9q8z76,Rest of Bay Area
9q8z77,Rest of Bay Area
9q8z78,Rest of Bay Area
9q8z79,Rest of Bay Area
9q8z7b,Rest of Bay Area
9q8z7c,Rest of Bay Area
9q8z7d,Rest of Bay Area
9q8z7e,Rest of Bay Area
9q8z7f,Rest of Bay Area
9q8z7g,Rest of Bay Area
9q8z7h,Rest of Bay Area
9q8z7j,Rest of Bay Area
9q8z7k,Rest of Bay Area
9q8z7m,Rest of Bay Area
9q8z7n,Rest of Bay Area
9q8z7p,Rest of Bay Area
9q8z7q,Rest of Bay Area
9q8z7r,Rest of Bay Area
9q8z7s,Rest of Bay Area
9q8z7t,Rest of Bay Area
9q8z7u,Rest of Bay Area
9q8z7v,Rest of Bay Area
9q8z7w,Rest of Bay Area
9q8z7x,Rest of Bay Area
9q8z7y,Rest of Bay Area
9q8z7z,Rest of Bay Area
9q8z85,Rest of Bay Area
9q8z8g,Rest of Bay Area
9q8z8h,Rest of Bay Area
9q8z8j,Rest of Bay Area
9q8z8k,Rest of Bay Area
9q8z8m,Rest of Bay Area
9q8z8n,Rest of Bay Area
9q8z8p,Rest of Bay Area
9q8z8q,Rest of Bay Area
9q8z8r,Rest of Bay Area
9q8z8s,Rest of Bay Area
9q8z8t,Rest of Bay Area
9q8z8u,Rest of Bay Area
9q8z8v,Rest of Bay Area
9q8z8w,Rest of Bay Area
9q8z8x,Rest of Bay Area
9q8z8y,Rest of Bay Area
9q8z8z,Rest of Bay Area
9q8z92,Rest of Bay Area
9q8z93,Rest of Bay Area
9q8z94,Rest of Bay Area
9q8z95,Rest of Bay Area
9q8z96,Rest of Bay Area
9q8z97,Rest of Bay Area
9q8z98,Rest of Bay Area
9q8z99,Rest of Bay Area
9q8z9b,Rest of Bay Area
9q8z9c,Rest of Bay Area
9q8z9d,Rest of Bay Area
9q8z9e,Rest of Bay Area
9q8z9f,Rest of Bay Area
9q8z9g,Rest of Bay Area
9q8z9h,Rest of Bay Area
9q8z9j,Rest of Bay Area
9q8z9k,Rest of Bay Area
9q8z9m,Rest of Bay Area
9q8z9n,Rest of Bay Area
9q8z9p,Rest of Bay Area
9q8z9q,Rest of Bay Area
9q8z9r,Rest of Bay Area
9q8z9s,Rest of Bay Area
9q8z9t,Rest of Bay Area
9q8z9u,Rest of Bay Area
9q8z9v,Rest of Bay Area
9q8z9w,Rest of Bay Area
9q8z9x,Rest of Bay Area
9q8z9y,Rest of Bay Area
9q8z9z,Rest of Bay Area
9q8zb0,Rest of Bay Area
9q8zb1,Rest of Bay Area
9q8zb2,Rest of Bay Area
9q8zb3,Rest of Bay Area
9q8zb4,Rest of Bay Area
9q8zb5,Rest of Bay Area
9q8zb6,Rest of Bay Area
9q8zb7,Rest of Bay Area
9q8zb8,Rest of Bay Area
9q8zb9,Rest of Bay Area
9q8zbb,Rest of Bay Area
9q8zbc,Rest of Bay Area
9q8zbd,Rest of Bay Area
9q8zbe,Rest of Bay Area
9q8zbf,Rest of Bay Area
9q8zbg,Rest of Bay Area
9q8zbh,Rest of Bay Area
9q8zbj,Rest of Bay Area
9q8zbk,Rest of Bay Area
9q8zbm,Rest of Bay Area
9q8zbn,Rest of Bay Area
9q8zbp,Rest of Bay Area
9q8zbq,Rest of Bay Area
9q8zbr,Rest of Bay Area
9q8zbs,Rest of Bay Area
9q8zbt,Rest of Bay Area
9q8zbu,Rest of Bay Area
9q8zbv,Rest of Bay Area
9q8zbw,Rest of Bay Area
9q8zbx,Rest of Bay Area
9q8zby,Rest of Bay Area
9q8zbz,Rest of Bay Area
9q8zc0,Rest of Bay Area
9q8zc1,Rest of Bay Area
9q8zc2,Rest of Bay Area
9q8zc3,Rest of Bay Area
9q8zc4,Rest of Bay Area
9q8zc5,Rest of Bay Area
9q8zc6,Rest of Bay Area
9q8zc7,Rest of Bay Area
9q8zc8,Rest of Bay Area
9q8zc9,Rest of Bay Area
9q8zcb,Rest of Bay Area
9q8zcc,Rest of Bay Area
9q8zcd,Rest of Bay Area
9q8zce,Rest of Bay Area
9q8zcf,Rest of Bay Area
9q8zcg,Rest of Bay Area
9q8zch,Rest of Bay Area
9q8zcj,Rest of Bay Area
9q8zck,Rest of Bay Area
9q8zcm,Rest of Bay Area
9q8zcn,Rest of Bay Area
9q8zcp,Rest of Bay Area
9q8zcq,Rest of Bay Area
9q8zcr,Rest of Bay Area
9q8zcs,Rest of Bay Area
9q8zct,Rest of Bay Area
9q8zcu,Rest of Bay Area
9q8zcv,Rest of Bay Area
9q8zcw,Rest of Bay Area
9q8zcx,Rest of Bay Area
9q8zcy,Rest of Bay Area
9q8zcz,Rest of Bay Area
9q8zd0,Rest of Bay Area
9q8zd1,Rest of Bay Area
9q8zd2,Rest of Bay Area
9q8zd3,Rest of Bay Area
9q8zd4,Rest of Bay Area
9q8zd5,Rest of Bay Area
9q8zd6,Rest of Bay Area
9q8zd7,Rest of Bay Area
9q8zd8,Rest of Bay Area
9q8zd9,Rest of Bay Area
9q8zdb,Rest of Bay Area
9q8zdc,Rest of Bay Area
9q8zdd,Rest of Bay Area
9q8zde,Rest of Bay Area
9q8zdf,Rest of Bay Area
9q8zdg,Rest of Bay Area
9q8zdh,Rest of Bay Area
9q8zdj,Rest of Bay Area
9q8zdk,Rest of Bay Area
9q8zdm,Rest of Bay Area
9q8zdn,Rest of Bay Area
9q8zdp,Rest of Bay Area
9q8zdq,Rest of Bay Area
9q8zdr,Rest of Bay Area
9q8zds,Rest of Bay Area
9q8zdt,Rest of Bay Area
9q8zdu,Rest of Bay Area
9q8zdv,Rest of Bay Area
9q8zdw,Rest of Bay Area
9q8zdx,Rest of Bay Area
9q8zdy,Rest of Bay Area
9q8zdz,Rest of Bay Area
9q8ze0,Rest of Bay Area
9q8ze1,Rest of Bay Area
9q8ze2,Rest of Bay Area
9q8ze3,Rest of Bay Area
9q8ze4,Rest of Bay Area
9q8ze5,Rest of Bay Area
9q8ze6,Rest of Bay Area
9q8ze7,Rest of Bay Area
9q8ze8,Rest of Bay Area
9q8ze9,Rest of Bay Area
9q8zeb,Rest of Bay Area
9q8zec,Rest of Bay Area
9q8zed,Rest of Bay Area
9q8zee,Rest of Bay Area
9q8zef,Rest of Bay Area
9q8zeg,Rest of Bay Area
9q8zeh,Rest of Bay Area
9q8zej,Rest of Bay Area
9q8zek,Rest of Bay Area
9q8zem,Rest of Bay Area
9q8zen,Rest of Bay Area
9q8zep,Rest of Bay Area
9q8zeq,Rest of Bay Area
9q8zer,Rest of Bay Area
9q8zes,Rest of Bay Area
9q8zet,Rest of Bay Area
9q8zeu,Rest of Bay Area
9q8zev,Rest of Bay Area
9q8zew,Rest of Bay Area
9q8zex,Rest of Bay Area
9q8zey,Rest of Bay Area
9q8zez,Rest of Bay Area
9q8zf0,Rest of Bay Area
9q8zf1,Rest of Bay Area
9q8zf2,Rest of Bay Area
9q8zf3,Rest of Bay Area
9q8zf4,Rest of Bay Area
9q8zf5,Rest of Bay Area
9q8zf6,Rest of Bay Area
9q8zf7,Rest of Bay Area
9q8zf8,Rest of Bay Area
9q8zf9,Rest of Bay Area
9q8zfb,Rest of Bay Area
9q8zfc,Rest of Bay Area
9q8zfd,Rest of Bay Area
9q8zfe,Rest of Bay Area
9q8zff,Rest of Bay Area
9q8zfg,Rest of Bay Area
9q8zfh,Rest of Bay Area
9q8zfj,Rest of Bay Area
9q8zfk,Rest of Bay Area
9q8zfm,Rest of Bay Area
9q8zfn,Rest of Bay Area
9q8zfp,Rest of Bay Area
9q8zfq,Rest of Bay Area
9q8zfr,Rest of Bay Area
9q8zfs,Rest of Bay Area
9q8zft,Rest of Bay Area
9q8zfu,Rest of Bay Area
9q8zfv,Rest of Bay Area
9q8zfw,Rest of Bay Area
9q8zfx,Rest of Bay Area
9q8zfy,Rest of Bay Area
9q8zfz,Rest of Bay Area
9q8zg0,Rest of Bay Area
9q8zg1,Rest of Bay Area
9q8zg2,Rest of Bay Area
9q8zg3,Rest of Bay Area
9q8zg4,Rest of Bay Area
9q8zg5,Rest of Bay Area
9q8zg6,Rest of Bay Area
9q8zg7,Rest of Bay Area
9q8zg8,Rest of Bay Area
9q8zg9,Rest of Bay Area
9q8zgb,Rest of Bay Area
9q8zgc,Rest of Bay Area
9q8zgd,Rest of Bay Area
9q8zge,Rest of Bay Area
9q8zgf,Rest of Bay Area
9q8zgg,Rest of Bay Area
9q8zgh,Rest of Bay Area
9q8zgj,Rest of Bay Area
9q8zgk,Rest of Bay Area
9q8zgm,Rest of Bay Area
9q8zgn,Rest of Bay Area
9q8zgp,Rest of Bay Area
9q8zgq,Rest of Bay Area
9q8zgr,Rest of Bay Area
9q8zgs,Rest of Bay Area
9q8zgt,Rest of Bay Area
9q8zgu,Rest of Bay Area
9q8zgv,Rest of Bay Area
9q8zgw,Rest of Bay Area
9q8zgx,Rest of Bay Area
9q8zgy,Rest of Bay Area
9q8zgz,Rest of Bay Area
9q8zhb,San Francisco
9q8zhc,San Francisco
9q8zhf,San Francisco
9q8zhg,San Francisco
9q8zhj,Rest of Bay Area
9q8zhk,Rest of Bay Area
9q8zhm,Rest of Bay Area
9q8zhn,Rest of Bay Area
9q8zhp,Rest of Bay Area
9q8zhq,Rest of Bay Area
9q8zhr,Rest of Bay Area
9q8zht,Rest of Bay Area
9q8zhv,Rest of Bay Area
9q8zhw,Rest of Bay Area
9q8zhx,Rest of Bay Area
9q8zhy,Rest of Bay Area
9q8zhz,Rest of Bay Area
9q8zj0,San Francisco
9q8zj1,San Francisco
9q8zj2,San Francisco
9q8zj3,San Francisco
9q8zj4,San Francisco
9q8zj6,San Francisco
9q8zj8,San Francisco
9q8zj9,San Francisco
9q8zjb,San Francisco
9q8zjc,San Francisco
9q8zjd,San Francisco
9q8zjf,San Francisco
9q8zjp,Rest of Bay Area
9q8zk0,Rest of Bay Area
9q8zk1,Rest of Bay Area
9q8zk2,Rest of Bay Area
9q8zk3,Rest of Bay Area
9q8zk4,Rest of Bay Area
9q8zk5,Rest of Bay Area
9q8zk6,Rest of Bay Area
9q8zk7,Rest of Bay Area
9q8zk8,Rest of Bay Area
9q8zk9,Rest of Bay Area
9q8zkb,Rest of Bay Area
9q8zkc,Rest of Bay Area
9q8zkd,Rest of Bay Area
9q8zke,Rest of Bay Area
9q8zkf,Rest of Bay Area
9q8zkg,Rest of Bay Area
9q8zkh,Rest of Bay Area
9q8zkj,Rest of Bay Area
9q8zkk,Rest of Bay Area
9q8zkm,Rest of Bay Area
9q8zkn,Rest of Bay Area
9q8zkp,Rest of Bay Area
9q8zkq,Rest of Bay Area
9q8zkr,Rest of Bay Area
9q8zks,Rest of Bay Area
9q8zkt,Rest of Bay Area
9q8zku,Rest of Bay Area
9q8zkw,Rest of Bay Area
9q8zkx,Rest of Bay Area
9q8zm0,Rest of Bay Area
9q8zme,Rest of Bay Area
9q8zmg,Rest of Bay Area
9q8zmj,Rest of Bay Area
9q8zmk,Rest of Bay Area
9q8zmm,Rest of Bay Area
9q8zmn,Rest of Bay Area
9q8zmp,Rest of Bay Area
9q8zmq,Rest of Bay Area
9q8zmr,Rest of Bay Area
9q8zms,Rest of Bay Area
9q8zmu,Rest of Bay Area
9q8zmv,Rest of Bay Area
9q8zmw,Rest of Bay Area
9q8zmx,Rest of Bay Area
9q8zmy,Rest of Bay Area
9q8zmz,Rest of Bay Area
9q8zn0,San Francisco
9q8zn1,San Francisco
9q8zn2,San Francisco
9q8zn3,San Francisco
9q8zn4,San Francisco
9q8zn6,San Francisco
9q8zn7,San Francisco
9q8zn8,San Francisco
9q8zn9,San Francisco
9q8znb,San Francisco
9q8znc,San Francisco
9q8znd,San Francisco
9q8zne,San Francisco
9q8znf,San Francisco
9q8znj,San Francisco
9q8znm,San Francisco
9q8znn,San Francisco
9q8znq,San Francisco
9q8zp6,San Francisco
9q8zp7,San Francisco
9q8zpd,San Francisco
9q8zpe,San Francisco
9q8zpj,San Francisco
9q8zpk,San Francisco
9q8zpm,San Francisco
9q8zpn,San Francisco
9q8zpq,San Francisco
9q8zpr,San Francisco
9q8zps,San Francisco
9q8zpt,San Francisco
9q8zpw,San Francisco
9q8zq5,Rest of Bay Area
9q8zq6,Rest of Bay Area
9q8zq7,Rest of Bay Area
9q8zqh,Rest of Bay Area
9q8zqj,Rest of Bay Area
9q8zqk,San Francisco
9q8zqn,Rest of Bay Area
9q8zs0,Rest of Bay Area
9q8zs1,Rest of Bay Area
9q8zs2,Rest of Bay Area
9q8zs3,Rest of Bay Area
9q8zs4,Rest of Bay Area
9q8zs5,Rest of Bay Area
9q8zs6,Rest of Bay Area
9q8zs7,Rest of Bay Area
9q8zs8,Rest of Bay Area
9q8zsc,Rest of Bay Area
9q8zsd,Rest of Bay Area
9q8zse,Rest of Bay Area
9q8zsf,Rest of Bay Area
9q8zsg,Rest of Bay Area
9q8zsh,Rest of Bay Area
9q8zsj,Rest of Bay Area
9q8zsk,Rest of Bay Area
9q8zsm,Rest of Bay Area
9q8zsn,Rest of Bay Area
9q8zsp,Rest of Bay Area
9q8zsq,Rest of Bay Area
9q8zsr,Rest of Bay Area
9q8zss,Rest of Bay Area
9q8zst,Rest of Bay Area
9q8zsu,Rest of Bay Area
9q8zsv,Rest of Bay Area
9q8zsw,Rest of Bay Area
9q8zsx,Rest of Bay Area
9q8zsy,Rest of Bay Area
9q8zsz,Rest of Bay Area
9q8zt0,Rest of Bay Area
9q8zt1,Rest of Bay Area
9q8zt2,Rest of Bay Area
9q8zt3,Rest of Bay Area
9q8zt4,Rest of Bay Area
9q8zt5,Rest of Bay Area
9q8zt6,Rest of Bay Area
9q8zt7,Rest of Bay Area
9q8zt8,Rest of Bay Area
9q8zt9,Rest of Bay Area
9q8ztb,Rest of Bay Area
9q8ztd,Rest of Bay Area
9q8zth,Rest of Bay Area
9q8ztj,Rest of Bay Area
9q8ztn,Rest of Bay Area
9q8zu0,Rest of Bay Area
9q8zu1,Rest of Bay Area
9q8zu2,Rest of Bay Area
9q8zu3,Rest of Bay Area
9q8zu4,Rest of Bay Area
9q8zu5,Rest of Bay Area
9q8zu6,Rest of Bay Area
9q8zu7,Rest of Bay Area
9q8zud,Rest of Bay Area
9q8zue,Rest of Bay Area
9q8zuf,Rest of Bay Area
9q8zug,Rest of Bay Area
9q8zuh,Rest of Bay Area
9q8zuj,Rest of Bay Area
9q8zuk,Rest of Bay Area
9q8zum,Rest of Bay Area
9q8zun,Rest of Bay Area
9q8zup,Rest of Bay Area
9q8zuq,Rest of Bay Area
9q8zur,Rest of Bay Area
9q8zus,Rest of Bay Area
9q8zut,Rest of Bay Area
9q8zuu,Rest of Bay Area
9q8zuw,Rest of Bay Area
9q8zux,Rest of Bay Area
9q8zwv,Rest of East Bay
9q8zwy,Rest of East Bay
9q8zwz,Rest of East Bay
9q8zx7,Rest of East Bay
9q8zxd,Rest of East Bay
9q8zxe,Rest of East Bay
9q8zxf,Rest of East Bay
9q8zxg,Rest of East Bay
9q8zxh,Rest of East Bay
9q8zxj,Rest of East Bay
9q8zxk,Rest of East Bay
9q8zxm,Rest of East Bay
9q8zxn,Rest of East Bay
9q8zxp,Rest of East Bay
9q8zxq,Rest of East Bay
9q8zxr,Rest of East Bay
9q8zxs,Rest of East Bay
9q8zxt,Rest of East Bay
9q8zxu,Rest of East Bay
9q8zxv,Rest of East Bay
9q8zxw,Rest of East Bay
9q8zxx,Rest of East Bay
9q8zxy,Rest of East Bay
9q8zxz,Rest of East Bay
9q8zy3,Rest of East Bay
9q8zy5,Rest of East Bay
9q8zy6,Rest of East Bay
9q8zy7,Rest of East Bay
9q8zy8,Rest of East Bay
9q8zy9,Rest of East Bay
9q8zyb,Rest of East Bay
9q8zyc,Rest of East Bay
9q8zyd,Rest of East Bay
9q8zye,Rest of East Bay
9q8zyf,Rest of East Bay
9q8zyg,Rest of East Bay
9q8zyh,Rest of East Bay
9q8zyj,Rest of East Bay
9q8zyk,Rest of East Bay
9q8zym,Rest of East Bay
9q8zyn,Rest of East Bay
9q8zyp,Rest of East Bay
9q8zyq,Rest of East Bay
9q8zyr,Rest of East Bay
9q8zys,Rest of East Bay
9q8zyt,Rest of East Bay
9q8zyu,Rest of East Bay
9q8zyv,Rest of East Bay
9q8zyw,Rest of East Bay
9q8zyx,Rest of East Bay
9q8zyy,Rest of East Bay
9q8zyz,Rest of East Bay
9q8zz0,Rest of East Bay
9q8zz1,Rest of East Bay
9q8zz2,Rest of East Bay
9q8zz3,Rest of East Bay
9q8zz4,Rest of East Bay
9q8zz5,Rest of East Bay
9q8zz6,Rest of East Bay
9q8zz7,Rest of East Bay
9q8zz8,Rest of East Bay
9q8zz9,Rest of East Bay
9q8zzb,Rest of East Bay
9q8zzc,Rest of East Bay
9q8zzd,Rest of East Bay
9q8zze,Rest of East Bay
9q8zzf,Rest of East Bay
9q8zzg,Rest of East Bay
9q8zzh,Rest of East Bay
9q8zzj,Rest of East Bay
9q8zzk,Rest of East Bay
9q8zzm,Rest of East Bay
9q8zzn,Rest of East Bay
9q8zzp,Rest of East Bay
9q8zzq,Rest of East Bay
9q8zzr,Rest of East Bay
9q8zzs,Rest of East Bay
9q8zzt,Rest of East Bay
9q8zzu,Rest of East Bay
9q8zzv,Rest of East Bay
9q8zzw,Rest of East Bay
9q8zzx,Rest of East Bay
9q8zzy,Rest of East Bay
9q8zzz,Rest of East Bay
9q950h,Rest of Bay Area
9q950j,Rest of Bay Area
9q950k,Rest of Bay Area
9q950m,Rest of Bay Area
9q950n,Rest of Bay Area
9q950p,Rest of Bay Area
9q950q,Rest of Bay Area
9q950r,Rest of Bay Area
9q950s,Rest of Bay Area
9q950t,Rest of Bay Area
9q950u,Rest of Bay Area
9q950v,Rest of Bay Area
9q950w,Rest of Bay Area
9q950x,Rest of Bay Area
9q950y,Rest of Bay Area
9q950z,Rest of Bay Area
9q9515,Rest of Bay Area
9q951h,Rest of Bay Area
9q951j,Rest of Bay Area
9q951n,Rest of Bay Area
9q951p,Rest of Bay Area
9q9520,Rest of Bay Area
9q9521,Rest of Bay Area
9q9522,Rest of Bay Area
9q9523,Rest of Bay Area
9q9524,Rest of Bay Area
9q9525,Rest of Bay Area
9q9526,Rest of Bay Area
9q9527,Rest of Bay Area
9q9528,Rest of Bay Area
9q9529,Rest of Bay Area
9q952b,Rest of Bay Area
9q952c,Rest of Bay Area
9q952d,Rest of Bay Area
9q952e,Rest of Bay Area
9q952f,Rest of Bay Area
9q952h,Rest of Bay Area
9q952j,Rest of Bay Area
9q952k,Rest of Bay Area
9q952m,Rest of Bay Area
9q952n,Rest of Bay Area
9q952p,Rest of Bay Area
9q952q,Rest of Bay Area
9q952r,Rest of Bay Area
9q952s,Rest of Bay Area
9q952t,Rest of Bay Area
9q952w,Rest of Bay Area
9q952x,Rest of Bay Area
9q9580,Rest of Bay Area
9q9581,Rest of Bay Area
9q9582,Rest of Bay Area
9q9583,Rest of Bay Area
9q9584,Rest of Bay Area
9q9585,Rest of Bay Area
9q9586,Rest of Bay Area
9q9587,Rest of Bay Area
9q9588,Rest of Bay Area
9q9589,Rest of Bay Area
9q958c,Rest of Bay Area
9q958d,Rest of Bay Area
9q958e,Rest of Bay Area
9q958f,Rest of Bay Area
9q958g,Rest of Bay Area
9q958h,Rest of Bay Area
9q958j,Rest of Bay Area
9q958k,Rest of Bay Area
9q958m,Rest of Bay Area
9q958n,Rest of Bay Area
9q958p,Rest of Bay Area
9q958q,Rest of Bay Area
9q958r,Rest of Bay Area
9q958s,Rest of Bay Area
9q958t,Rest of Bay Area
9q958u,Rest of Bay Area
9q958v,Rest of Bay Area
9q958w,Rest of Bay Area
9q958x,Rest of Bay Area
9q958y,Rest of Bay Area
9q958z,Rest of Bay Area
9q9591,Rest of Bay Area
9q9593,Rest of Bay Area
9q9594,Rest of Bay Area
9q9595,Rest of Bay Area
9q9596,Rest of Bay Area
9q9597,Rest of Bay Area
9q9599,Rest of Bay Area
9q959d,Rest of Bay Area
9q959e,Rest of Bay Area
9q959f,Rest of Bay Area
9q959g,Rest of Bay Area
9q959h,Rest of Bay Area
9q959j,Rest of Bay Area
9q959k,Rest of Bay Area
9q959m,Rest of Bay Area
9q959n,Rest of Bay Area
9q959p,Rest of Bay Area
9q959q,Rest of Bay Area
9q959r,Rest of Bay Area
9q959s,Rest of Bay Area
9q959t,Rest of Bay Area
9q959u,Rest of Bay Area
9q959v,Rest of Bay Area
9q959w,Rest of Bay Area
9q959x,Rest of Bay Area
9q959y,Rest of Bay Area
9q959z,Rest of Bay Area
9q95b0,Rest of Bay Area
9q95b1,Rest of Bay Area
9q95b2,Rest of Bay Area
9q95b3,Rest of Bay Area
9q95b4,Rest of Bay Area
9q95b5,Rest of Bay Area
9q95b6,Rest of Bay Area
9q95b7,Rest of Bay Area
9q95b8,Rest of Bay Area
9q95b9,Rest of Bay Area
9q95bb,Rest of Bay Area
9q95bc,Rest of Bay Area
9q95bd,Rest of Bay Area
9q95be,Rest of Bay Area
9q95bf,Rest of Bay Area
9q95bg,Rest of Bay Area
9q95bh,Rest of Bay Area
9q95bj,Rest of Bay Area
9q95bk,Rest of Bay Area
9q95bm,Rest of Bay Area
9q95bn,Rest of Bay Area
9q95bp,Rest of Bay Area
9q95bq,Rest of Bay Area
9q95br,Rest of Bay Area
9q95bs,Rest of Bay Area
9q95bt,Rest of Bay Area
9q95bu,Rest of Bay Area
9q95bv,Rest of Bay Area
9q95bw,Rest of Bay Area
9q95bx,Rest of Bay Area
9q95by,Rest of Bay Area
9q95bz,Rest of Bay Area
9q95c0,Rest of Bay Area
9q95c1,Rest of Bay Area
9q95c2,Rest of Bay Area
9q95c3,Rest of Bay Area
9q95c4,Rest of Bay Area
9q95c5,Rest of Bay Area
9q95c6,Rest of Bay Area
9q95c7,Rest of Bay Area
9q95c8,Rest of Bay Area
9q95c9,Rest of Bay Area
9q95cb,Rest of Bay Area
9q95cc,Rest of Bay Area
9q95cd,Rest of Bay Area
9q95ce,Rest of Bay Area
9q95cf,Rest of Bay Area
9q95cg,Rest of Bay Area
9q95ch,Rest of Bay Area
9q95cj,Rest of Bay Area
9q95ck,Rest of Bay Area
9q95cm,Rest of Bay Area
9q95cn,Rest of Bay Area
9q95cp,Rest of Bay Area
9q95cq,Rest of Bay Area
9q95cr,Rest of Bay Area
9q95cs,Rest of Bay Area
9q95ct,Rest of Bay Area
9q95cu,Rest of Bay Area
9q95cv,Rest of Bay Area
9q95cw,Rest of Bay Area
9q95cx,Rest of Bay Area
9q95cy,Rest of Bay Area
9q95cz,Rest of Bay Area
9q95d4,Rest of Bay Area
9q95d5,Rest of Bay Area
9q95d6,Rest of Bay Area
9q95d7,Rest of Bay Area
9q95dh,Rest of Bay Area
9q95dj,Rest of Bay Area
9q95dk,Rest of Bay Area
9q95dm,Rest of Bay Area
9q95dn,Rest of Bay Area
9q95dp,Rest of Bay Area
9q95dq,Rest of Bay Area
9q95dr,Rest of Bay Area
9q95dw,Rest of Bay Area
9q95dx,Rest of Bay Area
9q95dy,Rest of Bay Area
9q95dz,Rest of Bay Area
9q95en,Rest of Bay Area
9q95ep,Rest of Bay Area
9q95eq,Rest of Bay Area
9q95er,Rest of Bay Area
9q95ew,Rest of Bay Area
9q95ex,Rest of Bay Area
9q95ey,Rest of Bay Area
9q95ez,Rest of Bay Area
9q95f0,Rest of Bay Area
9q95f1,Rest of Bay Area
9q95f2,Rest of Bay Area
9q95f3,Rest of Bay Area
9q95f4,Rest of Bay Area
9q95f5,Rest of Bay Area
9q95f6,Rest of Bay Area
9q95f7,Rest of Bay Area
9q95f8,Rest of Bay Area
9q95f9,Rest of Bay Area
9q95fb,Rest of Bay Area
9q95fc,Rest of Bay Area
9q95fd,Rest of Bay Area
9q95fe,Rest of Bay Area
9q95ff,Rest of Bay Area
9q95fg,Rest of Bay Area
9q95fh,Rest of Bay Area
9q95fj,Rest of Bay Area
9q95fk,Rest of Bay Area
9q95fm,Rest of Bay Area
9q95fn,Rest of Bay Area
9q95fp,Rest of Bay Area
9q95fq,Rest of Bay Area
9q95fr,Rest of Bay Area
9q95fs,Rest of Bay Area
9q95ft,Rest of Bay Area
9q95fu,Rest of Bay Area
9q95fv,Rest of Bay Area
9q95fw,Rest of Bay Area
9q95fx,Rest of Bay Area
9q95fy,Rest of Bay Area
9q95fz,Rest of Bay Area
9q95g0,Rest of Bay Area
9q95g1,Rest of Bay Area
9q95g2,Rest of Bay Area
9q95g3,Rest of Bay Area
9q95g4,Rest of Bay Area
9q95g5,Rest of Bay Area
9q95g6,Rest of Bay Area
9q95g7,Rest of Bay Area
9q95g8,Rest of Bay Area
9q95g9,Rest of Bay Area
9q95gb,Rest of Bay Area
9q95gc,Rest of Bay Area
9q95gd,Rest of Bay Area
9q95ge,Rest of Bay Area
9q95gf,Rest of Bay Area
9q95gg,Rest of Bay Area
9q95gh,Rest of Bay Area
9q95gj,Rest of Bay Area
9q95gk,Rest of Bay Area
9q95gm,Rest of Bay Area
9q95gn,Rest of Bay Area
9q95gp,Rest of Bay Area
9q95gq,Rest of Bay Area
9q95gr,Rest of Bay Area
9q95gs,Rest of Bay Area
9q95gt,Rest of Bay Area
9q95gu,Rest of Bay Area
9q95gv,Rest of Bay Area
9q95gw,Rest of Bay Area
9q95gx,Rest of Bay Area
9q95gy,Rest of Bay Area
9q95gz,Rest of Bay Area
9q95rf,Rest of Bay Area
9q95rg,Rest of Bay Area
9q95rm,Rest of Bay Area
9q95rn,Rest of Bay Area
9q95rp,Rest of Bay Area
9q95rq,Rest of Bay Area
9q95rr,Rest of Bay Area
9q95rs,Rest of Bay Area
9q95rt,Rest of Bay Area
9q95ru,Rest of Bay Area
9q95rv,Rest of Bay Area
9q95rw,Rest of Bay Area
9q95rx,Rest of Bay Area
9q95ry,Rest of Bay Area
9q95rz,Rest of Bay Area
9q95sn,Rest of Bay Area
9q95sp,Rest of Bay Area
9q95sq,Rest of Bay Area
9q95sr,Rest of Bay Area
9q95u0,Rest of Bay Area
9q95u1,Rest of Bay Area
9q95u2,Rest of Bay Area
9q95u3,Rest of Bay Area
9q95u4,Rest of Bay Area
9q95u5,Rest of Bay Area
9q95u6,Rest of Bay Area
9q95u7,Rest of Bay Area
9q95uh,Rest of Bay Area
9q95uj,Rest of Bay Area
9q95uk,Rest of Bay Area
9q95um,Rest of Bay Area
9q95un,Rest of Bay Area
9q95up,Rest of Bay Area
9q95uq,Rest of Bay Area
9q95ur,Rest of Bay Area
9q95ux,Rest of Bay Area
9q95uy,Rest of Bay Area
9q95uz,Rest of Bay Area
9q95v6,Rest of Bay Area
9q95v7,Rest of Bay Area
9q95v8,Rest of Bay Area
9q95v9,Rest of Bay Area
9q95vb,Rest of Bay Area
9q95vc,Rest of Bay Area
9q95vd,Rest of Bay Area
9q95ve,Rest of Bay Area
9q95vf,Rest of Bay Area
9q95vg,Rest of Bay Area
9q95vj,Rest of Bay Area
9q95vk,Rest of Bay Area
9q95vm,Rest of Bay Area
9q95vn,Rest of Bay Area
9q95vp,Rest of Bay Area
9q95vq,Rest of Bay Area
9q95vr,Rest of Bay Area
9q95vs,Rest of Bay Area
9q95vt,Rest of Bay Area
9q95vu,Rest of Bay Area
9q95vv,Rest of Bay Area
9q95vw,Rest of Bay Area
9q95vx,Rest of Bay Area
9q95vy,Rest of Bay Area
9q95vz,Rest of Bay Area
9q95wf,Rest of Bay Area
9q95wg,Rest of Bay Area
9q95wm,Rest of Bay Area
9q95wn,Rest of Bay Area
9q95wp,Rest of Bay Area
9q95wq,Rest of Bay Area
9q95wr,Rest of Bay Area
9q95ws,Rest of Bay Area
9q95wt,Rest of Bay Area
9q95wu,Rest of Bay Area
9q95wv,Rest of Bay Area
9q95ww,Rest of Bay Area
9q95wx,Rest of Bay Area
9q95wy,Rest of Bay Area
9q95wz,Rest of Bay Area
9q95x0,Rest of Bay Area
9q95x1,Rest of Bay Area
9q95x2,Rest of Bay Area
9q95x3,Rest of Bay Area
9q95x4,Rest of Bay Area
9q95x5,Rest of Bay Area
9q95x6,Rest of Bay Area
9q95x7,Rest of Bay Area
9q95x8,Rest of Bay Area
9q95x9,Rest of Bay Area
9q95xb,Rest of Bay Area
9q95xc,Rest of Bay Area
9q95xd,Rest of Bay Area
9q95xe,Rest of Bay Area
9q95xf,Rest of Bay Area
9q95xg,Rest of Bay Area
9q95xh,Rest of Bay Area
9q95xj,Rest of Bay Area
9q95xk,Rest of Bay Area
9q95xm,Rest of Bay Area
9q95xn,Rest of Bay Area
9q95xp,Rest of Bay Area
9q95xq,Rest of Bay Area
9q95xr,Rest of Bay Area
9q95xs,Rest of Bay Area
9q95xt,Rest of Bay Area
9q95xu,Rest of Bay Area
9q95xv,Rest of Bay Area
9q95xw,Rest of Bay Area
9q95xx,Rest of Bay Area
9q95xy,Rest of Bay Area
9q95xz,Rest of Bay Area
9q95y0,Rest of Bay Area
9q95y1,Rest of Bay Area
9q95y2,Rest of Bay Area
9q95y3,Rest of Bay Area
9q95y4,Rest of Bay Area
9q95y5,Rest of Bay Area
9q95y6,Rest of Bay Area
9q95y7,Rest of Bay Area
9q95y8,Rest of Bay Area
9q95y9,Rest of Bay Area
9q95yb,Rest of Bay Area
9q95yc,Rest of Bay Area
9q95yd,Rest of Bay Area
9q95ye,Rest of Bay Area
9q95yf,Rest of Bay Area
9q95yg,Rest of Bay Area
9q95yh,Rest of Bay Area
9q95yj,Rest of Bay Area
9q95yk,Rest of Bay Area
9q95ym,Rest of Bay Area
9q95yn,Rest of Bay Area
9q95yp,Rest of Bay Area
9q95yq,Rest of Bay Area
9q95yr,Rest of Bay Area
9q95ys,Rest of Bay Area
9q95yt,Rest of Bay Area
9q95yu,Rest of Bay Area
9q95yv,Rest of Bay Area
9q95yw,Rest of Bay Area
9q95yx,Rest of Bay Area
9q95yy,Rest of Bay Area
9q95yz,Rest of Bay Area
9q95z0,Rest of Bay Area
9q95z1,Rest of Bay Area
9q95z2,Rest of Bay Area
9q95z3,Rest of Bay Area
9q95z4,Rest of Bay Area
9q95z5,Rest of Bay Area
9q95z6,Rest of Bay Area
9q95z7,Rest of Bay Area
9q95z8,Rest of Bay Area
9q95z9,Rest of Bay Area
9q95zb,Rest of Bay Area
9q95zc,Rest of Bay Area
9q95zd,Rest of Bay Area
9q95ze,Rest of Bay Area
9q95zf,Rest of Bay Area
9q95zg,Rest of Bay Area
9q95zh,Rest of Bay Area
9q95zj,Rest of Bay Area
9q95zk,Rest of Bay Area
9q95zm,Rest of Bay Area
9q95zn,Rest of Bay Area
9q95zp,Rest of Bay Area
9q95zq,Rest of Bay Area
9q95zr,Rest of Bay Area
9q95zs,Rest of Bay Area
9q95zt,Rest of Bay Area
9q95zu,Rest of Bay Area
9q95zv,Rest of Bay Area
9q95zw,Rest of Bay Area
9q95zx,Rest of Bay Area
9q95zy,Rest of Bay Area
9q95zz,Rest of Bay Area
9q96gv,Rest of Bay Area
9q96gx,Rest of Bay Area
9q96gy,Rest of Bay Area
9q96gz,Rest of Bay Area
9q96mv,Rest of Bay Area
9q96my,Rest of Bay Area
9q96pg,Rest of Bay Area
9q96pq,Rest of Bay Area
9q96pr,Rest of Bay Area
9q96ps,Rest of Bay Area
9q96pt,Rest of Bay Area
9q96pu,Rest of Bay Area
9q96pv,Rest of Bay Area
9q96pw,Rest of Bay Area
9q96px,Rest of Bay Area
9q96py,Rest of Bay Area
9q96pz,Rest of Bay Area
9q96qc,Rest of Bay Area
9q96qe,Rest of Bay Area
9q96qf,Rest of Bay Area
9q96qg,Rest of Bay Area
9q96qm,Rest of Bay Area
9q96qn,Rest of Bay Area
9q96qp,Rest of Bay Area
9q96qq,Rest of Bay Area
9q96qr,Rest of Bay Area
9q96qt,Rest of Bay Area
9q96qu,Rest of Bay Area
9q96qv,Rest of Bay Area
9q96qw,Rest of Bay Area
9q96qx,Rest of Bay Area
9q96qy,Rest of Bay Area
9q96qz,Rest of Bay Area
9q96r1,Rest of Bay Area
9q96r2,Rest of Bay Area
9q96r3,Rest of Bay Area
9q96r4,Rest of Bay Area
9q96r5,Rest of Bay Area
9q96r6,Rest of Bay Area
9q96r7,Rest of Bay Area
9q96r8,Rest of Bay Area
9q96r9,Rest of Bay Area
9q96rb,Rest of Bay Area
9q96rc,Rest of Bay Area
9q96rd,Rest of Bay Area
9q96re,Rest of Bay Area
9q96rf,Rest of Bay Area
9q96rg,Rest of Bay Area
9q96rh,Rest of Bay Area
9q96rj,Rest of Bay Area
9q96rk,Rest of Bay Area
9q96rm,Rest of Bay Area
9q96rn,Rest of Bay Area
9q96rp,Rest of Bay Area
9q96rq,Rest of Bay Area
9q96rr,Rest of Bay Area
9q96rs,Rest of Bay Area
9q96rt,Rest of Bay Area
9q96ru,Rest of Bay Area
9q96rv,Rest of Bay Area
9q96rw,Rest of Bay Area
9q96rx,Rest of Bay Area
9q96ry,Rest of Bay Area
9q96rz,Rest of Bay Area
9q96tf,Rest of Bay Area
9q96tg,Rest of Bay Area
9q96tq,Rest of Bay Area
9q96tr,Rest of Bay Area
9q96ts,Rest of Bay Area
9q96tt,Rest of Bay Area
9q96tu,Rest of Bay Area
9q96tv,Rest of Bay Area
9q96tw,Rest of Bay Area
9q96tx,Rest of Bay Area
9q96ty,Rest of Bay Area
9q96tz,Rest of Bay Area
9q96u7,Rest of Bay Area
9q96uc,Rest of Bay Area
9q96ud,Rest of Bay Area
9q96ue,Rest of Bay Area
9q96uf,Rest of Bay Area
9q96ug,Rest of Bay Area
9q96uh,Rest of Bay Area
9q96uj,Rest of Bay Area
9q96uk,Rest of Bay Area
9q96um,Rest of Bay Area
9q96un,Rest of Bay Area
9q96up,Rest of Bay Area
9q96uq,Rest of Bay Area
9q96ur,Rest of Bay Area
9q96us,Rest of Bay Area
9q96ut,Rest of Bay Area
9q96uu,Rest of Bay Area
9q96uv,Rest of Bay Area
9q96uw,Rest of Bay Area
9q96ux,Rest of Bay Area
9q96uy,Rest of Bay Area
9q96uz,Rest of Bay Area
9q96v0,Rest of Bay Area
9q96v1,Rest of Bay Area
9q96v2,Rest of Bay Area
9q96v3,Rest of Bay Area
9q96v4,Rest of Bay Area
9q96v5,Rest of Bay Area
9q96v6,Rest of Bay Area
9q96v7,Rest of Bay Area
9q96v8,Rest of Bay Area
9q96v9,Rest of Bay Area
9q96vb,Rest of Bay Area
9q96vc,Rest of Bay Area
9q96vd,Rest of Bay Area
9q96ve,Rest of Bay Area
9q96vf,Rest of Bay Area
9q96vg,Rest of Bay Area
9q96vh,Rest of Bay Area
9q96vj,Rest of Bay Area
9q96vk,Rest of Bay Area
9q96vm,Rest of Bay Area
9q96vn,Rest of Bay Area
9q96vp,Rest of Bay Area
9q96vq,Rest of Bay Area
9q96vr,Rest of Bay Area
9q96vs,Rest of Bay Area
9q96vt,Rest of Bay Area
9q96vu,Rest of Bay Area
9q96vv,Rest of Bay Area
9q96vw,Rest of Bay Area
9q96vx,Rest of Bay Area
9q96vy,Rest of Bay Area
9q96vz,Rest of Bay Area
9q96w0,Rest of Bay Area
9q96w1,Rest of Bay Area
9q96w2,Rest of Bay Area
9q96w3,Rest of Bay Area
9q96w4,Rest of Bay Area
9q96w5,Rest of Bay Area
9q96w6,Rest of Bay Area
9q96w7,Rest of Bay Area
9q96w8,Rest of Bay Area
9q96w9,Rest of Bay Area
9q96wb,Rest of Bay Area
9q96wc,Rest of Bay Area
9q96wd,Rest of Bay Area
9q96we,Rest of Bay Area
9q96wf,Rest of Bay Area
9q96wg,Rest of Bay Area
9q96wh,Rest of Bay Area
9q96wj,Rest of Bay Area
9q96wk,Rest of Bay Area
9q96wm,Rest of Bay Area
9q96wn,Rest of Bay Area
9q96wp,Rest of Bay Area
9q96wq,Rest of Bay Area
9q96wr,Rest of Bay Area
9q96ws,Rest of Bay Area
9q96wt,Rest of Bay Area
9q96wu,Rest of Bay Area
9q96wv,Rest of Bay Area
9q96ww,Rest of Bay Area
9q96wx,Rest of Bay Area
9q96wy,Rest of Bay Area
9q96wz,Rest of Bay Area
9q96x0,Rest of Bay Area
9q96x1,Rest of Bay Area
9q96x2,Rest of Bay Area
9q96x3,Rest of Bay Area
9q96x4,Rest of Bay Area
9q96x5,Rest of Bay Area
9q96x6,Rest of Bay Area
9q96x7,Rest of Bay Area
9q96x8,Rest of Bay Area
9q96x9,Rest of Bay Area
9q96xb,Rest of Bay Area
9q96xc,Rest of Bay Area
9q96xd,Rest of Bay Area
9q96xe,Rest of Bay Area
9q96xf,Rest of Bay Area
9q96xg,Rest of Bay Area
9q96xh,Rest of Bay Area
9q96xj,Rest of Bay Area
9q96xk,Rest of Bay Area
9q96xm,Rest of Bay Area
9q96xn,Rest of Bay Area
9q96xp,Rest of Bay Area
9q96xq,Rest of Bay Area
9q96xr,Rest of Bay Area
9q96xs,Rest of Bay Area
9q96xt,Rest of Bay Area
9q96xu,Rest of Bay Area
9q96xv,Rest of Bay Area
9q96xw,Rest of Bay Area
9q96xx,Rest of Bay Area
9q96xy,Rest of Bay Area
9q96xz,Rest of Bay Area
9q96y0,Rest of Bay Area
9q96y1,Rest of Bay Area
9q96y2,Rest of Bay Area
9q96y3,Rest of Bay Area
9q96y4,Rest of Bay Area
9q96y5,Rest of Bay Area
9q96y6,Rest of Bay Area
9q96y7,Rest of Bay Area
9q96y8,Rest of Bay Area
9q96y9,Rest of Bay Area
9q96yb,Rest of Bay Area
9q96yc,Rest of Bay Area
9q96yd,Rest of Bay Area
9q96ye,Rest of Bay Area
9q96yf,Rest of Bay Area
9q96yg,Rest of Bay Area
9q96yh,Rest of Bay Area
9q96yj,Rest of Bay Area
9q96yk,Rest of Bay Area
9q96ym,Rest of Bay Area
9q96yn,Rest of Bay Area
9q96yp,Rest of Bay Area
9q96yq,Rest of Bay Area
9q96yr,Rest of Bay Area
9q96ys,Rest of Bay Area
9q96yt,Rest of Bay Area
9q96yu,Rest of Bay Area
9q96yv,Rest of Bay Area
9q96yw,Rest of Bay Area
9q96yx,Rest of Bay Area
9q96yy,Rest of Bay Area
9q96yz,Rest of Bay Area
9q96z0,Rest of Bay Area
9q96z1,Rest of Bay Area
9q96z2,Rest of Bay Area
9q96z3,Rest of Bay Area
9q96z4,Rest of Bay Area
9q96z5,Rest of Bay Area
9q96z6,Rest of Bay Area
9q96z7,Rest of Bay Area
9q96z8,Rest of Bay Area
9q96z9,Rest of Bay Area
9q96zb,Rest of Bay Area
9q96zc,Rest of Bay Area
9q96zd,Rest of Bay Area
9q96ze,Rest of Bay Area
9q96zf,Rest of Bay Area
9q96zg,Rest of Bay Area
9q96zh,Rest of Bay Area
9q96zj,Rest of Bay Area
9q96zk,Rest of Bay Area
9q96zm,Rest of Bay Area
9q96zn,Rest of Bay Area
9q96zp,Rest of Bay Area
9q96zq,Rest of Bay Area
9q96zr,Rest of Bay Area
9q96zs,Rest of Bay Area
9q96zt,Rest of Bay Area
9q96zu,Rest of Bay Area
9q96zv,Rest of Bay Area
9q96zw,Rest of Bay Area
9q96zx,Rest of Bay Area
9q96zy,Rest of Bay Area
9q96zz,Rest of Bay Area
9q970x,Rest of Bay Area
9q970y,Rest of Bay Area
9q970z,Rest of Bay Area
9q971m,Rest of Bay Area
9q971n,Rest of Bay Area
9q971p,Rest of Bay Area
9q971q,Rest of Bay Area
9q971r,Rest of Bay Area
9q971s,Rest of Bay Area
9q971t,Rest of Bay Area
9q971u,Rest of Bay Area
9q971v,Rest of Bay Area
9q971w,Rest of Bay Area
9q971x,Rest of Bay Area
9q971y,Rest of Bay Area
9q971z,Rest of Bay Area
9q9721,Rest of Bay Area
9q9722,Rest of Bay Area
9q9723,Rest of Bay Area
9q9724,Rest of Bay Area
9q9725,Rest of Bay Area
9q9726,Rest of Bay Area
9q9727,Rest of Bay Area
9q9728,Rest of Bay Area
9q9729,Rest of Bay Area
9q972b,Rest of Bay Area
9q972c,Rest of Bay Area
9q972d,Rest of Bay Area
9q972e,Rest of Bay Area
9q972f,Rest of Bay Area
9q972g,Rest of Bay Area
9q972h,Rest of Bay Area
9q972j,Rest of Bay Area
9q972k,Rest of Bay Area
9q972m,Rest of Bay Area
9q972n,Rest of Bay Area
9q972p,Rest of Bay Area
9q972q,Rest of Bay Area
9q972r,Rest of Bay Area
9q972s,Rest of Bay Area
9q972t,Rest of Bay Area
9q972u,Rest of Bay Area
9q972v,Rest of Bay Area
9q972w,Rest of Bay Area
9q972x,Rest of Bay Area
9q972y,Rest of Bay Area
9q972z,Rest of Bay Area
9q9730,Rest of Bay Area
9q9731,Rest of Bay Area
9q9732,Rest of Bay Area
9q9733,Rest of Bay Area
9q9734,Rest of Bay Area
9q9735,Rest of Bay Area
9q9736,Rest of Bay Area
9q9737,Rest of Bay Area
9q9738,Rest of Bay Area
9q9739,Rest of Bay Area
9q973b,Rest of Bay Area
9q973c,Rest of Bay Area
9q973d,Rest of Bay Area
9q973e,Rest of Bay Area
9q973f,Rest of Bay Area
9q973g,Rest of Bay Area
9q973h,Rest of Bay Area
9q973j,Rest of Bay Area
9q973k,Rest of Bay Area
9q973m,Rest of Bay Area
9q973n,Rest of Bay Area
9q973p,Rest of Bay Area
9q973q,Rest of Bay Area
9q973r,Rest of Bay Area
9q973s,Rest of Bay Area
9q973t,Rest of Bay Area
9q973u,Rest of Bay Area
9q973v,Rest of Bay Area
9q973w,Rest of Bay Area
9q973x,Rest of Bay Area
9q973y,Rest of Bay Area
9q973z,Rest of Bay Area
9q9745,Rest of Bay Area
9q9746,Rest of Bay Area
9q9747,Rest of Bay Area
9q974c,Rest of Bay Area
9q974d,Rest of Bay Area
9q974e,Rest of Bay Area
9q974f,Rest of Bay Area
9q974g,Rest of Bay Area
9q974h,Rest of Bay Area
9q974j,Rest of Bay Area
9q974k,Rest of Bay Area
9q974m,Rest of Bay Area
9q974n,Rest of Bay Area
9q974p,Rest of Bay Area
9q974q,Rest of Bay Area
9q974r,Rest of Bay Area
9q974s,Rest of Bay Area
9q974t,Rest of Bay Area
9q974u,Rest of Bay Area
9q974v,Rest of Bay Area
9q974w,Rest of Bay Area
9q974x,Rest of Bay Area
9q974y,Rest of Bay Area
9q974z,Rest of Bay Area
9q9751,Rest of Bay Area
9q9752,Rest of Bay Area
9q9753,Rest of Bay Area
9q9754,Rest of Bay Area
9q9755,Rest of Bay Area
9q9756,Rest of Bay Area
9q9757,Rest of Bay Area
9q9758,Rest of Bay Area
9q9759,Rest of Bay Area
9q975b,Rest of Bay Area
9q975c,Rest of Bay Area
9q975d,Rest of Bay Area
9q975e,Rest of Bay Area
9q975f,Rest of Bay Area
9q975g,Rest of Bay Area
9q975h,Rest of Bay Area
9q975j,Rest of Bay Area
9q975k,Rest of Bay Area
9q975m,Rest of Bay Area
9q975n,Rest of Bay Area
9q975p,Rest of Bay Area
9q975q,Rest of Bay Area
9q975r,Rest of Bay Area
9q975s,Rest of Bay Area
9q975t,Rest of Bay Area
9q975u,Rest of Bay Area
9q975v,Rest of Bay Area
9q975w,Rest of Bay Area
9q975x,Rest of Bay Area
9q975y,Rest of Bay Area
9q975z,Rest of Bay Area
9q9760,Rest of Bay Area
9q9761,Rest of Bay Area
9q9762,Rest of Bay Area
9q9763,Rest of Bay Area
9q9764,Rest of Bay Area
9q9765,Rest of Bay Area
9q9766,Rest of Bay Area
9q9767,Rest of Bay Area
9q9768,Rest of Bay Area
9q9769,Rest of Bay Area
9q976b,Rest of Bay Area
9q976c,Rest of Bay Area
9q976d,Rest of Bay Area
9q976e,Rest of Bay Area
9q976f,Rest of Bay Area
9q976g,Rest of Bay Area
9q976h,Rest of Bay Area
9q976j,Rest of Bay Area
9q976k,Rest of Bay Area
9q976m,Rest of Bay Area
9q976n,Rest of Bay Area
9q976p,Rest of Bay Area
9q976q,Rest of Bay Area
9q976r,Rest of Bay Area
9q976s,Rest of Bay Area
9q976t,Rest of Bay Area
9q976u,Rest of Bay Area
9q976v,Rest of Bay Area
9q976w,Rest of Bay Area
9q976x,Rest of Bay Area
9q976y,Rest of Bay Area
9q976z,Rest of Bay Area
9q9770,Rest of Bay Area
9q9771,Rest of Bay Area
9q9772,Rest of Bay Area
9q9773,Rest of Bay Area
9q9774,Rest of Bay Area
9q9775,Rest of Bay Area
9q9776,Rest of Bay Area
9q9777,Rest of Bay Area
9q9778,Rest of Bay Area
9q9779,Rest of Bay Area
9q977b,Rest of Bay Area
9q977c,Rest of Bay Area
9q977d,Rest of Bay Area
9q977e,Rest of Bay Area
9q977f,Rest of Bay Area
9q977g,Rest of Bay Area
9q977h,Rest of Bay Area
9q977j,Rest of Bay Area
9q977k,Rest of Bay Area
9q977m,Rest of Bay Area
9q977n,Rest of Bay Area
9q977p,Rest of Bay Area
9q977q,Rest of Bay Area
9q977r,Rest of Bay Area
9q977s,Rest of Bay Area
9q977t,Rest of Bay Area
9q977u,Rest of Bay Area
9q977v,Rest of Bay Area
9q977w,Rest of Bay Area
9q977x,Rest of Bay Area
9q977y,Rest of Bay Area
9q977z,Rest of Bay Area
9q9780,Rest of Bay Area
9q9781,Rest of Bay Area
9q9782,Rest of Bay Area
9q9783,Rest of Bay Area
9q9784,Rest of Bay Area
9q9785,Rest of Bay Area
9q9786,Rest of Bay Area
9q9787,Rest of Bay Area
9q9788,Rest of Bay Area
9q9789,Rest of Bay Area
9q978b,Rest of Bay Area
9q978c,Rest of Bay Area
9q978d,Rest of Bay Area
9q978e,Rest of Bay Area
9q978f,Rest of Bay Area
9q978g,Rest of Bay Area
9q978h,Rest of Bay Area
9q978j,Rest of Bay Area
9q978k,Rest of Bay Area
9q978m,Rest of Bay Area
9q978n,Rest of Bay Area
9q978p,Rest of Bay Area
9q978q,Rest of Bay Area
9q978r,Rest of Bay Area
9q978s,Rest of Bay Area
9q978t,Rest of Bay Area
9q978u,Rest of Bay Area
9q978v,Rest of Bay Area
9q978w,Rest of Bay Area
9q978x,Rest of Bay Area
9q978y,Rest of Bay Area
9q978z,Rest of Bay Area
9q9790,Rest of Bay Area
9q9791,Rest of Bay Area
9q9792,Rest of Bay Area
9q9793,Rest of Bay Area
9q9794,Rest of Bay Area
9q9795,Rest of Bay Area
9q9796,Rest of Bay Area
9q9797,Rest of Bay Area
9q9798,Rest of Bay Area
9q9799,Rest of Bay Area
9q979b,Rest of Bay Area
9q979c,Rest of Bay Area
9q979d,Rest of Bay Area
9q979e,Rest of Bay Area
9q979f,Rest of Bay Area
9q979g,Rest of Bay Area
9q979h,Rest of Bay Area
9q979j,Rest of Bay Area
9q979k,Rest of Bay Area
9q979m,Rest of Bay Area
9q979n,Rest of Bay Area
9q979p,Rest of Bay Area
9q979q,Rest of Bay Area
9q979r,Rest of Bay Area
9q979s,Rest of Bay Area
9q979t,Rest of Bay Area
9q979u,Rest of Bay Area
9q979v,Rest of Bay Area
9q979w,Rest of Bay Area
9q979x,Rest of Bay Area
9q979y,Rest of Bay Area
9q979z,Rest of Bay Area
9q97b0,Rest of Bay Area
9q97b1,Rest of Bay Area
9q97b2,Rest of Bay Area
9q97b3,Rest of Bay Area
9q97b4,Rest of Bay Area
9q97b5,Rest of Bay Area
9q97b6,Rest of Bay Area
9q97b7,Rest of Bay Area
9q97b8,Rest of Bay Area
9q97b9,Rest of Bay Area
9q97bb,Rest of Bay Area
9q97bc,Rest of Bay Area
9q97bd,Rest of Bay Area
9q97be,Rest of Bay Area
9q97bf,Rest of Bay Area
9q97bg,Rest of Bay Area
9q97bh,Rest of Bay Area
9q97bj,Rest of Bay Area
9q97bk,Rest of Bay Area
9q97bm,Rest of Bay Area
9q97bn,Rest of Bay Area
9q97bp,Rest of Bay Area
9q97bq,Rest of Bay Area
9q97br,Rest of Bay Area
9q97bs,Rest of Bay Area
9q97bt,Rest of Bay Area
9q97bu,Rest of Bay Area
9q97bv,Rest of Bay Area
9q97bw,Rest of Bay Area
9q97bx,Rest of Bay Area
9q97by,Rest of Bay Area
9q97bz,Rest of Bay Area
9q97c0,Rest of Bay Area
9q97c1,Rest of Bay Area
9q97c2,Rest of Bay Area
9q97c3,Rest of Bay Area
9q97c4,Rest of Bay Area
9q97c5,Rest of Bay Area
9q97c6,Rest of Bay Area
9q97c7,Rest of Bay Area
9q97c8,Rest of Bay Area
9q97c9,Rest of Bay Area
9q97cb,Rest of Bay Area
9q97cc,Rest of Bay Area
9q97cd,Rest of Bay Area
9q97ce,Rest of Bay Area
9q97cf,Rest of Bay Area
9q97cg,Rest of Bay Area
9q97ch,Rest of Bay Area
9q97cj,Rest of Bay Area
9q97ck,Rest of Bay Area
9q97cm,Rest of Bay Area
9q97cn,Rest of Bay Area
9q97cp,Rest of Bay Area
9q97cq,Rest of Bay Area
9q97cr,Rest of Bay Area
9q97cs,Rest of Bay Area
9q97ct,Rest of Bay Area
9q97cu,Rest of Bay Area
9q97cv,Rest of Bay Area
9q97cw,Rest of Bay Area
9q97cx,Rest of Bay Area
9q97cy,Rest of Bay Area
9q97cz,Rest of Bay Area
9q97d0,Rest of Bay Area
9q97d1,Rest of Bay Area
9q97d2,Rest of Bay Area
9q97d3,Rest of Bay Area
9q97d4,Rest of Bay Area
9q97d5,Rest of Bay Area
9q97d6,Rest of Bay Area
9q97d7,Rest of Bay Area
9q97d8,Rest of Bay Area
9q97d9,Rest of Bay Area
9q97db,Rest of Bay Area
9q97dc,Rest of Bay Area
9q97dd,Rest of Bay Area
9q97de,Rest of Bay Area
9q97df,Rest of Bay Area
9q97dg,Rest of Bay Area
9q97dh,Rest of Bay Area
9q97dj,Rest of Bay Area
9q97dk,Rest of Bay Area
9q97dm,Rest of Bay Area
9q97dn,Rest of Bay Area
9q97dp,Rest of Bay Area
9q97dq,Rest of Bay Area
9q97dr,Rest of Bay Area
9q97ds,Rest of Bay Area
9q97dt,Rest of Bay Area
9q97du,Rest of Bay Area
9q97dv,Rest of Bay Area
9q97dw,Rest of Bay Area
9q97dx,Rest of Bay Area
9q97dy,Rest of Bay Area
9q97dz,Rest of Bay Area
9q97e0,Rest of Bay Area
9q97e1,Rest of Bay Area
9q97e2,Rest of Bay Area
9q97e3,Rest of Bay Area
9q97e4,Rest of Bay Area
9q97e5,Rest of Bay Area
9q97e6,Rest of Bay Area
9q97e7,Rest of Bay Area
9q97e8,Rest of Bay Area
9q97e9,Rest of Bay Area
9q97eb,Rest of Bay Area
9q97ec,Rest of Bay Area
9q97ed,Rest of Bay Area
9q97ee,Rest of Bay Area
9q97ef,Rest of Bay Area
9q97eg,Rest of Bay Area
9q97eh,Rest of Bay Area
9q97ej,Rest of Bay Area
9q97ek,Rest of Bay Area
9q97em,Rest of Bay Area
9q97en,Rest of Bay Area
9q97ep,Rest of Bay Area
9q97eq,Rest of Bay Area
9q97er,Rest of Bay Area
9q97es,Rest of Bay Area
9q97et,Rest of Bay Area
9q97eu,Rest of Bay Area
9q97ev,Rest of Bay Area
9q97ew,Rest of Bay Area
9q97ex,Rest of Bay Area
9q97ey,Rest of Bay Area
9q97ez,Rest of Bay Area
9q97f0,Rest of Bay Area
9q97f1,Rest of Bay Area
9q97f2,Rest of Bay Area
9q97f3,Rest of Bay Area
9q97f4,Rest of Bay Area
9q97f5,Rest of Bay Area
9q97f6,Rest of Bay Area
9q97f7,Rest of Bay Area
9q97f8,Rest of Bay Area
9q97f9,Rest of Bay Area
9q97fb,Rest of Bay Area
9q97fc,Rest of Bay Area
9q97fd,Rest of Bay Area
9q97fe,Rest of Bay Area
9q97ff,Rest of Bay Area
9q97fg,Rest of Bay Area
9q97fh,Rest of Bay Area
9q97fj,Rest of Bay Area
9q97fk,Rest of Bay Area
9q97fm,Rest of Bay Area
9q97fn,Rest of Bay Area
9q97fp,Rest of Bay Area
9q97fq,Rest of Bay Area
9q97fr,Rest of Bay Area
9q97fs,Rest of Bay Area
9q97ft,Rest of Bay Area
9q97fu,Rest of Bay Area
9q97fv,Rest of Bay Area
9q97fw,Rest of Bay Area
9q97fx,Rest of Bay Area
9q97fy,Rest of Bay Area
9q97fz,Rest of Bay Area
9q97g0,Rest of Bay Area
9q97g1,Rest of Bay Area
9q97g2,Rest of Bay Area
9q97g3,Rest of Bay Area
9q97g4,Rest of Bay Area
9q97g5,Rest of Bay Area
9q97g6,Rest of Bay Area
9q97g7,Rest of Bay Area
9q97g8,Rest of Bay Area
9q97g9,Rest of Bay Area
9q97gb,Rest of Bay Area
9q97gc,Rest of Bay Area
9q97gd,Rest of Bay Area
9q97ge,Rest of Bay Area
9q97gf,Rest of Bay Area
9q97gg,Rest of Bay Area
9q97gh,Rest of Bay Area
9q97gj,Rest of Bay Area
9q97gk,Rest of Bay Area
9q97gm,Rest of Bay Area
9q97gn,Rest of Bay Area
9q97gp,Rest of Bay Area
9q97gq,Rest of Bay Area
9q97gr,Rest of Bay Area
9q97gs,Rest of Bay Area
9q97gt,Rest of Bay Area
9q97gu,Rest of Bay Area
9q97gv,Rest of Bay Area
9q97gw,Rest of Bay Area
9q97gx,Rest of Bay Area
9q97gy,Rest of Bay Area
9q97gz,Rest of Bay Area
9q97h0,Rest of Bay Area
9q97h1,Rest of Bay Area
9q97h2,Rest of Bay Area
9q97h3,Rest of Bay Area
9q97h4,Rest of Bay Area
9q97h5,Rest of Bay Area
9q97h6,Rest of Bay Area
9q97h7,Rest of Bay Area
9q97h8,Rest of Bay Area
9q97h9,Rest of Bay Area
9q97hb,Rest of Bay Area
9q97hc,Rest of Bay Area
9q97hd,Rest of Bay Area
9q97he,Rest of Bay Area
9q97hf,Rest of Bay Area
9q97hg,Rest of Bay Area
9q97hh,Rest of Bay Area
9q97hj,Rest of Bay Area
9q97hk,Rest of Bay Area
9q97hm,Rest of Bay Area
9q97hn,Rest of Bay Area
9q97hp,Rest of Bay Area
9q97hq,Rest of Bay Area
9q97hr,Rest of Bay Area
9q97hs,Rest of Bay Area
9q97ht,Rest of Bay Area
9q97hu,Rest of Bay Area
9q97hv,Rest of Bay Area
9q97hw,Rest of Bay Area
9q97hx,Rest of Bay Area
9q97hy,Rest of Bay Area
9q97hz,Rest of Bay Area
9q97j0,Rest of Bay Area
9q97j1,Rest of Bay Area
9q97j2,Rest of Bay Area
9q97j3,Rest of Bay Area
9q97j4,Rest of Bay Area
9q97j5,Rest of Bay Area
9q97j6,Rest of Bay Area
9q97j7,Rest of Bay Area
9q97j8,Rest of Bay Area
9q97j9,Rest of Bay Area
9q97jb,Rest of Bay Area
9q97jc,Rest of Bay Area
9q97jd,Rest of Bay Area
9q97je,Rest of Bay Area
9q97jf,Rest of Bay Area
9q97jg,Rest of Bay Area
9q97jh,Rest of Bay Area
9q97jj,Rest of Bay Area
9q97jk,Rest of Bay Area
9q97jm,Rest of Bay Area
9q97jn,Rest of Bay Area
9q97jp,Rest of Bay Area
9q97jq,Rest of Bay Area
9q97jr,Rest of Bay Area
9q97js,Rest of Bay Area
9q97jt,Rest of Bay Area
9q97ju,Rest of Bay Area
9q97jv,Rest of Bay Area
9q97jw,Rest of Bay Area
9q97jx,Rest of Bay Area
9q97jy,Rest of Bay Area
9q97jz,Rest of Bay Area
9q97k0,Rest of Bay Area
9q97k1,Rest of Bay Area
9q97k2,Rest of Bay Area
9q97k3,Rest of Bay Area
9q97k4,Rest of Bay Area
9q97k5,Rest of Bay Area
9q97k6,Rest of Bay Area
9q97k7,Rest of Bay Area
9q97k8,Rest of Bay Area
9q97k9,Rest of Bay Area
9q97kb,Rest of Bay Area
9q97kc,Rest of Bay Area
9q97kd,Rest of Bay Area
9q97ke,Rest of Bay Area
9q97kf,Rest of Bay Area
9q97kg,Rest of Bay Area
9q97kh,Rest of Bay Area
9q97kj,Rest of Bay Area
9q97kk,Rest of Bay Area
9q97km,Rest of Bay Area
9q97kn,Rest of Bay Area
9q97kp,Rest of Bay Area
9q97kq,Rest of Bay Area
9q97kr,Rest of Bay Area
9q97ks,Rest of Bay Area
9q97kt,Rest of Bay Area
9q97ku,Rest of Bay Area
9q97kv,Rest of Bay Area
9q97kw,Rest of Bay Area
9q97kx,Rest of Bay Area
9q97ky,Rest of Bay Area
9q97kz,Rest of Bay Area
9q97m0,Rest of Bay Area
9q97m1,Rest of Bay Area
9q97m2,Rest of Bay Area
9q97m3,Rest of Bay Area
9q97m4,Rest of Bay Area
9q97m5,Rest of Bay Area
9q97m6,Rest of Bay Area
9q97m7,Rest of Bay Area
9q97m8,Rest of Bay Area
9q97m9,Rest of Bay Area
9q97mb,Rest of Bay Area
9q97mc,Rest of Bay Area
9q97md,Rest of Bay Area
9q97me,Rest of Bay Area
9q97mf,Rest of Bay Area
9q97mg,Rest of Bay Area
9q97mh,Rest of Bay Area
9q97mj,Rest of Bay Area
9q97mk,Rest of Bay Area
9q97mm,Rest of Bay Area
9q97mn,Rest of Bay Area
9q97mp,Rest of Bay Area
9q97mq,Rest of Bay Area
9q97mr,Rest of Bay Area
9q97ms,Rest of Bay Area
9q97mt,Rest of Bay Area
9q97mu,Rest of Bay Area
9q97mv,Rest of Bay Area
9q97mw,Rest of Bay Area
9q97mx,Rest of Bay Area
9q97my,Rest of Bay Area
9q97mz,Rest of Bay Area
9q97n0,Rest of Bay Area
9q97n1,Rest of Bay Area
9q97n2,Rest of Bay Area
9q97n3,Rest of Bay Area
9q97n4,Rest of Bay Area
9q97n5,Rest of Bay Area
9q97n6,Rest of Bay Area
9q97n7,Rest of Bay Area
9q97n8,Rest of Bay Area
9q97n9,Rest of Bay Area
9q97nb,Rest of Bay Area
9q97nc,Rest of Bay Area
9q97nd,Rest of Bay Area
9q97ne,Rest of Bay Area
9q97nf,Rest of Bay Area
9q97ng,Rest of Bay Area
9q97nh,Rest of Bay Area
9q97nj,Rest of Bay Area
9q97nk,Rest of Bay Area
9q97nm,Rest of Bay Area
9q97nn,Rest of Bay Area
9q97np,Rest of Bay Area
9q97nq,Rest of Bay Area
9q97nr,Rest of Bay Area
9q97ns,Rest of Bay Area
9q97nt,Rest of Bay Area
9q97nu,Rest of Bay Area
9q97nv,Rest of Bay Area
9q97nw,Rest of Bay Area
9q97nx,Rest of Bay Area
9q97ny,Rest of Bay Area
9q97nz,Rest of Bay Area
9q97p0,Rest of Bay Area
9q97p1,Rest of Bay Area
9q97p2,Rest of Bay Area
9q97p3,Rest of Bay Area
9q97p4,Rest of Bay Area
9q97p5,Rest of Bay Area
9q97p6,Rest of Bay Area
9q97p7,Rest of Bay Area
9q97p8,Rest of Bay Area
9q97p9,Rest of Bay Area
9q97pb,Rest of Bay Area
9q97pc,Rest of Bay Area
9q97pd,Rest of Bay Area
9q97pe,Rest of Bay Area
9q97pf,Rest of Bay Area
9q97pg,Rest of Bay Area
9q97ph,Rest of Bay Area
9q97pj,Rest of Bay Area
9q97pk,Rest of Bay Area
9q97pm,Rest of Bay Area
9q97pn,Rest of Bay Area
9q97pp,Rest of Bay Area
9q97pq,Rest of Bay Area
9q97pr,Rest of Bay Area
9q97ps,Rest of Bay Area
9q97pt,Rest of Bay Area
9q97pu,Rest of Bay Area
9q97pv,Rest of Bay Area
9q97pw,Rest of Bay Area
9q97px,Rest of Bay Area
9q97py,Rest of Bay Area
9q97pz,Rest of Bay Area
9q97q0,Rest of Bay Area
9q97q1,Rest of Bay Area
9q97q2,Rest of Bay Area
9q97q3,Rest of Bay Area
9q97q4,Rest of Bay Area
9q97q5,Rest of Bay Area
9q97q6,Rest of Bay Area
9q97q7,Rest of Bay Area
9q97q8,Rest of Bay Area
9q97q9,Rest of Bay Area
9q97qb,Rest of Bay Area
9q97qc,Rest of Bay Area
9q97qd,Rest of Bay Area
9q97qe,Rest of Bay Area
9q97qf,Rest of Bay Area
9q97qg,Rest of Bay Area
9q97qh,Rest of Bay Area
9q97qj,Rest of Bay Area
9q97qk,Rest of Bay Area
9q97qm,Rest of Bay Area
9q97qn,Rest of Bay Area
9q97qp,Rest of Bay Area
9q97qq,Rest of Bay Area
9q97qr,Rest of Bay Area
9q97qs,Rest of Bay Area
9q97qt,Rest of Bay Area
9q97qu,Rest of Bay Area
9q97qv,Rest of Bay Area
9q97qw,Rest of Bay Area
9q97qx,Rest of Bay Area
9q97qy,Rest of Bay Area
9q97qz,Rest of Bay Area
9q97r0,Rest of Bay Area
9q97r1,Rest of Bay Area
9q97r2,Rest of Bay Area
9q97r3,Rest of Bay Area
9q97r4,Rest of Bay Area
9q97r5,Rest of Bay Area
9q97r6,Rest of Bay Area
9q97r7,Rest of Bay Area
9q97r8,Rest of Bay Area
9q97r9,Rest of Bay Area
9q97rb,Rest of Bay Area
9q97rc,Rest of Bay Area
9q97rd,Rest of Bay Area
9q97re,Rest of Bay Area
9q97rf,Rest of Bay Area
9q97rg,Rest of Bay Area
9q97rh,Rest of Bay Area
9q97rj,Rest of Bay Area
9q97rk,Rest of Bay Area
9q97rm,Rest of Bay Area
9q97rn,Rest of Bay Area
9q97rp,Rest of Bay Area
9q97rq,Rest of Bay Area
9q97rr,Rest of Bay Area
9q97rs,Rest of Bay Area
9q97rt,Rest of Bay Area
9q97ru,Rest of Bay Area
9q97rv,Rest of Bay Area
9q97rw,Rest of Bay Area
9q97rx,Rest of Bay Area
9q97ry,Rest of Bay Area
9q97rz,Rest of Bay Area
9q97s0,Rest of Bay Area
9q97s1,Rest of Bay Area
9q97s2,Rest of Bay Area
9q97s3,Rest of Bay Area
9q97s4,Rest of Bay Area
9q97s5,Rest of Bay Area
9q97s6,Rest of Bay Area
9q97s7,Rest of Bay Area
9q97s8,Rest of Bay Area
9q97s9,Rest of Bay Area
9q97sb,Rest of Bay Area
9q97sc,Rest of Bay Area
9q97sd,Rest of Bay Area
9q97se,Rest of Bay Area
9q97sf,Rest of Bay Area
9q97sg,Rest of Bay Area
9q97sh,Rest of Bay Area
9q97sj,Rest of Bay Area
9q97sk,Rest of Bay Area
9q97sm,Rest of Bay Area
9q97sn,Rest of Bay Area
9q97sp,Rest of Bay Area
9q97sq,Rest of Bay Area
9q97sr,Rest of Bay Area
9q97ss,Rest of Bay Area
9q97st,Rest of Bay Area
9q97su,Rest of Bay Area
9q97sv,Rest of Bay Area
9q97sw,Rest of Bay Area
9q97sx,Rest of Bay Area
9q97sy,Rest of Bay Area
9q97sz,Rest of Bay Area
9q97t0,Rest of Bay Area
9q97t1,Rest of Bay Area
9q97t2,Rest of Bay Area
9q97t3,Rest of Bay Area
9q97t4,Rest of Bay Area
9q97t5,Rest of Bay Area
9q97t6,Rest of Bay Area
9q97t7,Rest of Bay Area
9q97t8,Rest of Bay Area
9q97t9,Rest of Bay Area
9q97tb,Rest of Bay Area
9q97tc,Rest of Bay Area
9q97td,Rest of Bay Area
9q97te,Rest of Bay Area
9q97tf,Rest of Bay Area
9q97tg,Rest of Bay Area
9q97th,Rest of Bay Area
9q97tj,Rest of Bay Area
9q97tk,Rest of Bay Area
9q97tm,Rest of Bay Area
9q97tn,Rest of Bay Area
9q97tp,Rest of Bay Area
9q97tq,Rest of Bay Area
9q97tr,Rest of Bay Area
9q97ts,Rest of Bay Area
9q97tt,Rest of Bay Area
9q97tu,Rest of Bay Area
9q97tv,Rest of Bay Area
9q97tw,Rest of Bay Area
9q97tx,Rest of Bay Area
9q97ty,Rest of Bay Area
9q97tz,Rest of Bay Area
9q97u0,Rest of Bay Area
9q97u1,Rest of Bay Area
9q97u2,Rest of Bay Area
9q97u3,Rest of Bay Area
9q97u4,Rest of Bay Area
9q97u5,Rest of Bay Area
9q97u6,Rest of Bay Area
9q97u7,Rest of Bay Area
9q97u8,Rest of Bay Area
9q97u9,Rest of Bay Area
9q97ub,Rest of Bay Area
9q97uc,Rest of Bay Area
9q97ud,Rest of Bay Area
9q97ue,Rest of Bay Area
9q97uf,Rest of Bay Area
9q97ug,Rest of Bay Area
9q97uh,Rest of Bay Area
9q97uj,Rest of Bay Area
9q97uk,Rest of Bay Area
9q97um,Rest of Bay Area
9q97un,Rest of Bay Area
9q97up,Rest of Bay Area
9q97uq,Rest of Bay Area
9q97ur,Rest of Bay Area
9q97us,Rest of Bay Area
9q97ut,Rest of Bay Area
9q97uu,Rest of Bay Area
9q97uv,Rest of Bay Area
9q97uw,Rest of Bay Area
9q97ux,Rest of Bay Area
9q97uy,Rest of Bay Area
9q97uz,Rest of Bay Area
9q97v0,Rest of Bay Area
9q97v1,Rest of Bay Area
9q97v2,Rest of Bay Area
9q97v3,Rest of Bay Area
9q97v4,Rest of Bay Area
9q97v5,Rest of Bay Area
9q97v6,Rest of Bay Area
9q97v7,Rest of Bay Area
9q97v8,Rest of Bay Area
9q97v9,Rest of Bay Area
9q97vb,Rest of Bay Area
9q97vc,Rest of Bay Area
9q97vd,Rest of Bay Area
9q97ve,Rest of Bay Area
9q97vf,Rest of Bay Area
9q97vg,Rest of Bay Area
9q97vh,Rest of Bay Area
9q97vj,Rest of Bay Area
9q97vk,Rest of Bay Area
9q97vm,Rest of Bay Area
9q97vn,Rest of Bay Area
9q97vp,Rest of Bay Area
9q97vq,Rest of Bay Area
9q97vr,Rest of Bay Area
9q97vs,Rest of Bay Area
9q97vt,Rest of Bay Area
9q97vu,Rest of Bay Area
9q97vv,Rest of Bay Area
9q97vw,Rest of Bay Area
9q97vx,Rest of Bay Area
9q97vy,Rest of Bay Area
9q97vz,Rest of Bay Area
9q97w0,Rest of Bay Area
9q97w1,Rest of Bay Area
9q97w2,Rest of Bay Area
9q97w3,Rest of Bay Area
9q97w4,Rest of Bay Area
9q97w5,Rest of Bay Area
9q97w6,Rest of Bay Area
9q97w7,Rest of Bay Area
9q97w8,Rest of Bay Area
9q97w9,Rest of Bay Area
9q97wb,Rest of Bay Area
9q97wc,Rest of Bay Area
9q97wd,Rest of Bay Area
9q97we,Rest of Bay Area
9q97wf,Rest of Bay Area
9q97wg,Rest of Bay Area
9q97wh,Rest of Bay Area
9q97wj,Rest of Bay Area
9q97wk,Rest of Bay Area
9q97wm,Rest of Bay Area
9q97wn,Rest of Bay Area
9q97wp,Rest of Bay Area
9q97wq,Rest of Bay Area
9q97wr,Rest of Bay Area
9q97ws,Rest of Bay Area
9q97wt,Rest of Bay Area
9q97wu,Rest of Bay Area
9q97wv,Rest of Bay Area
9q97ww,Rest of Bay Area
9q97wx,Rest of Bay Area
9q97wy,Rest of Bay Area
9q97wz,Rest of Bay Area
9q97x0,Rest of Bay Area
9q97x1,Rest of Bay Area
9q97x2,Rest of Bay Area
9q97x3,Rest of Bay Area
9q97x4,Rest of Bay Area
9q97x5,Rest of Bay Area
9q97x6,Rest of Bay Area
9q97x7,Rest of Bay Area
9q97x8,Rest of Bay Area
9q97x9,Rest of Bay Area
9q97xb,Rest of Bay Area
9q97xc,Rest of Bay Area
9q97xd,Rest of Bay Area
9q97xe,Rest of Bay Area
9q97xf,Rest of Bay Area
9q97xg,Rest of Bay Area
9q97xh,Rest of Bay Area
9q97xj,Rest of Bay Area
9q97xk,Rest of Bay Area
9q97xm,Rest of Bay Area
9q97xn,Rest of Bay Area
9q97xp,Rest of Bay Area
9q97xq,Rest of Bay Area
9q97xr,Rest of Bay Area
9q97xs,Rest of Bay Area
9q97xt,Rest of Bay Area
9q97xu,Rest of Bay Area
9q97xv,Rest of Bay Area
9q97xw,Rest of Bay Area
9q97xx,Rest of Bay Area
9q97xy,Rest of Bay Area
9q97xz,Rest of Bay Area
9q97y0,Rest of Bay Area
9q97y1,Rest of Bay Area
9q97y2,Rest of Bay Area
9q97y3,Rest of Bay Area
9q97y4,Rest of Bay Area
9q97y5,Rest of Bay Area
9q97y6,Rest of Bay Area
9q97y7,Rest of Bay Area
9q97y8,Rest of Bay Area
9q97y9,Rest of Bay Area
9q97yb,Rest of Bay Area
9q97yc,Rest of Bay Area
9q97yd,Rest of Bay Area
9q97ye,Rest of Bay Area
9q97yf,Rest of Bay Area
9q97yg,Rest of Bay Area
9q97yh,Rest of Bay Area
9q97yj,Rest of Bay Area
9q97yk,Rest of Bay Area
9q97ym,Rest of Bay Area
9q97yn,Rest of Bay Area
9q97yp,Rest of Bay Area
9q97yq,Rest of Bay Area
9q97yr,Rest of Bay Area
9q97ys,Rest of Bay Area
9q97yt,Rest of Bay Area
9q97yu,Rest of Bay Area
9q97yv,Rest of Bay Area
9q97yw,Rest of Bay Area
9q97yx,Rest of Bay Area
9q97yy,Rest of Bay Area
9q97yz,Rest of Bay Area
9q97z0,Rest of Bay Area
9q97z1,Rest of Bay Area
9q97z2,Rest of Bay Area
9q97z3,Rest of Bay Area
9q97z4,Rest of Bay Area
9q97z5,Rest of Bay Area
9q97z6,Rest of Bay Area
9q97z7,Rest of Bay Area
9q97z8,Rest of Bay Area
9q97z9,Rest of Bay Area
9q97zb,Rest of Bay Area
9q97zc,Rest of Bay Area
9q97zd,Rest of Bay Area
9q97ze,Rest of Bay Area
9q97zf,Rest of Bay Area
9q97zg,Rest of Bay Area
9q97zh,Rest of Bay Area
9q97zj,Rest of Bay Area
9q97zk,Rest of Bay Area
9q97zm,Rest of Bay Area
9q97zn,Rest of Bay Area
9q97zp,Rest of Bay Area
9q97zq,Rest of Bay Area
9q97zr,Rest of Bay Area
9q97zs,Rest of Bay Area
9q97zt,Rest of Bay Area
9q97zu,Rest of Bay Area
9q97zv,Rest of Bay Area
9q97zw,Rest of Bay Area
9q97zx,Rest of Bay Area
9q97zy,Rest of Bay Area
9q97zz,Rest of Bay Area
9q99ck,Rest of Bay Area
9q99cm,Rest of Bay Area
9q99cq,Rest of Bay Area
9q99cr,Rest of Bay Area
9q99cs,Rest of Bay Area
9q99ct,Rest of Bay Area
9q99cu,Rest of Bay Area
9q99cv,Rest of Bay Area
9q99cw,Rest of Bay Area
9q99cx,Rest of Bay Area
9q99cy,Rest of Bay Area
9q99cz,Rest of Bay Area
9q9d04,Rest of Bay Area
9q9d05,Rest of Bay Area
9q9d07,Rest of Bay Area
9q9d0d,Rest of Bay Area
9q9d0e,Rest of Bay Area
9q9d0f,Rest of Bay Area
9q9d0g,Rest of Bay Area
9q9d0h,Rest of Bay Area
9q9d0j,Rest of Bay Area
9q9d0k,Rest of Bay Area
9q9d0m,Rest of Bay Area
9q9d0n,Rest of Bay Area
9q9d0p,Rest of Bay Area
9q9d0q,Rest of Bay Area
9q9d0r,Rest of Bay Area
9q9d0s,Rest of Bay Area
9q9d0t,Rest of Bay Area
9q9d0u,Rest of Bay Area
9q9d0v,Rest of Bay Area
9q9d0w,Rest of Bay Area
9q9d0x,Rest of Bay Area
9q9d0y,Rest of Bay Area
9q9d0z,Rest of Bay Area
9q9d10,Rest of Bay Area
9q9d11,Rest of Bay Area
9q9d12,Rest of Bay Area
9q9d13,Rest of Bay Area
9q9d14,Rest of Bay Area
9q9d15,Rest of Bay Area
9q9d16,Rest of Bay Area
9q9d17,Rest of Bay Area
9q9d18,Rest of Bay Area
9q9d19,Rest of Bay Area
9q9d1b,Rest of Bay Area
9q9d1c,Rest of Bay Area
9q9d1d,Rest of Bay Area
9q9d1e,Rest of Bay Area
9q9d1f,Rest of Bay Area
9q9d1g,Rest of Bay Area
9q9d1h,Rest of Bay Area
9q9d1j,Rest of Bay Area
9q9d1k,Rest of Bay Area
9q9d1m,Rest of Bay Area
9q9d1n,Rest of Bay Area
9q9d1p,Rest of Bay Area
9q9d1q,Rest of Bay Area
9q9d1r,Rest of Bay Area
9q9d1s,Rest of Bay Area
9q9d1t,Rest of Bay Area
9q9d1u,Rest of Bay Area
9q9d1v,Rest of Bay Area
9q9d1w,Rest of Bay Area
9q9d1x,Rest of Bay Area
9q9d1y,Rest of Bay Area
9q9d1z,Rest of Bay Area
9q9d20,Rest of Bay Area
9q9d21,Rest of Bay Area
9q9d22,Rest of Bay Area
9q9d23,Rest of Bay Area
9q9d24,Rest of Bay Area
9q9d25,Rest of Bay Area
9q9d26,Rest of Bay Area
9q9d27,Rest of Bay Area
9q9d28,Rest of Bay Area
9q9d29,Rest of Bay Area
9q9d2b,Rest of Bay Area
9q9d2c,Rest of Bay Area
9q9d2d,Rest of Bay Area
9q9d2e,Rest of Bay Area
9q9d2f,Rest of Bay Area
9q9d2g,Rest of Bay Area
9q9d2h,Rest of Bay Area
9q9d2j,Rest of Bay Area
9q9d2k,Rest of Bay Area
9q9d2m,Rest of Bay Area
9q9d2n,Rest of Bay Area
9q9d2p,Rest of Bay Area
9q9d2q,Rest of Bay Area
9q9d2r,Rest of Bay Area
9q9d2s,Rest of Bay Area
9q9d2t,Rest of Bay Area
9q9d2u,Rest of Bay Area
9q9d2v,Rest of Bay Area
9q9d2w,Rest of Bay Area
9q9d2x,Rest of Bay Area
9q9d2y,Rest of Bay Area
9q9d2z,Rest of Bay Area
9q9d30,Rest of Bay Area
9q9d31,Rest of Bay Area
9q9d32,Rest of Bay Area
9q9d33,Rest of Bay Area
9q9d34,Rest of Bay Area
9q9d35,Rest of Bay Area
9q9d36,Rest of Bay Area
9q9d37,Rest of Bay Area
9q9d38,Rest of Bay Area
9q9d39,Rest of Bay Area
9q9d3b,Rest of Bay Area
9q9d3c,Rest of Bay Area
9q9d3d,Rest of Bay Area
9q9d3e,Rest of Bay Area
9q9d3f,Rest of Bay Area
9q9d3g,Rest of Bay Area
9q9d3h,Rest of Bay Area
9q9d3j,Rest of Bay Area
9q9d3k,Rest of Bay Area
9q9d3m,Rest of Bay Area
9q9d3n,Rest of Bay Area
9q9d3p,Rest of Bay Area
9q9d3q,Rest of Bay Area
9q9d3r,Rest of Bay Area
9q9d3s,Rest of Bay Area
9q9d3t,Rest of Bay Area
9q9d3u,Rest of Bay Area
9q9d3v,Rest of Bay Area
9q9d3w,Rest of Bay Area
9q9d3x,Rest of Bay Area
9q9d3y,Rest of Bay Area
9q9d3z,Rest of Bay Area
9q9d40,Rest of Bay Area
9q9d41,Rest of Bay Area
9q9d43,Rest of Bay Area
9q9d44,Rest of Bay Area
9q9d45,Rest of Bay Area
9q9d46,Rest of Bay Area
9q9d47,Rest of Bay Area
9q9d4e,Rest of Bay Area
9q9d4h,Rest of Bay Area
9q9d4j,Rest of Bay Area
9q9d4k,Rest of Bay Area
9q9d4m,Rest of Bay Area
9q9d4n,Rest of Bay Area
9q9d4p,Rest of Bay Area
9q9d4q,Rest of Bay Area
9q9d4r,Rest of Bay Area
9q9d4s,Rest of Bay Area
9q9d4t,Rest of Bay Area
9q9d4u,Rest of Bay Area
9q9d4v,Rest of Bay Area
9q9d4w,Rest of Bay Area
9q9d4x,Rest of Bay Area
9q9d4y,Rest of Bay Area
9q9d4z,Rest of Bay Area
9q9d60,Rest of Bay Area
9q9d61,Rest of Bay Area
9q9d62,Rest of Bay Area
9q9d63,Rest of Bay Area
9q9d64,Rest of Bay Area
9q9d65,Rest of Bay Area
9q9d66,Rest of Bay Area
9q9d67,Rest of Bay Area
9q9d68,Rest of Bay Area
9q9d69,Rest of Bay Area
9q9d6b,Rest of Bay Area
9q9d6c,Rest of Bay Area
9q9d6d,Rest of Bay Area
9q9d6e,Rest of Bay Area
9q9d6f,Rest of Bay Area
9q9d6g,Rest of Bay Area
9q9d6h,Rest of Bay Area
9q9d6j,Rest of Bay Area
9q9d6k,Rest of Bay Area
9q9d6m,Rest of Bay Area
9q9d6n,Rest of Bay Area
9q9d6p,Rest of Bay Area
9q9d6q,Rest of Bay Area
9q9d6r,Rest of Bay Area
9q9d6s,Rest of Bay Area
9q9d6t,Rest of Bay Area
9q9d6u,Rest of Bay Area
9q9d6v,Rest of Bay Area
9q9d6w,Rest of Bay Area
9q9d6x,Rest of Bay Area
9q9d6y,Rest of Bay Area
9q9d6z,Rest of Bay Area
9q9d70,Rest of Bay Area
9q9d71,Rest of Bay Area
9q9d74,Rest of Bay Area
9q9d75,Rest of Bay Area
9q9d77,Rest of Bay Area
9q9d7e,Rest of Bay Area
9q9d7g,Rest of Bay Area
9q9d7h,Rest of Bay Area
9q9d7j,Rest of Bay Area
9q9d7k,Rest of Bay Area
9q9d7m,Rest of Bay Area
9q9d7n,Rest of Bay Area
9q9d7p,Rest of Bay Area
9q9d7q,Rest of Bay Area
9q9d7r,Rest of Bay Area
9q9d7s,Rest of Bay Area
9q9d7t,Rest of Bay Area
9q9d7u,Rest of Bay Area
9q9d7v,Rest of Bay Area
9q9d7w,Rest of Bay Area
9q9d7x,Rest of Bay Area
9q9d7y,Rest of Bay Area
9q9d7z,Rest of Bay Area
9q9d80,Rest of Bay Area
9q9d81,Rest of Bay Area
9q9d82,Rest of Bay Area
9q9d83,Rest of Bay Area
9q9d84,Rest of Bay Area
9q9d85,Rest of Bay Area
9q9d86,Rest of Bay Area
9q9d87,Rest of Bay Area
9q9d88,Rest of Bay Area
9q9d89,Rest of Bay Area
9q9d8b,Rest of Bay Area
9q9d8c,Rest of Bay Area
9q9d8d,Rest of Bay Area
9q9d8e,Rest of Bay Area
9q9d8f,Rest of Bay Area
9q9d8g,Rest of Bay Area
9q9d8h,Rest of Bay Area
9q9d8j,Rest of Bay Area
9q9d8k,Rest of Bay Area
9q9d8m,Rest of Bay Area
9q9d8n,Rest of Bay Area
9q9d8p,Rest of Bay Area
9q9d8q,Rest of Bay Area
9q9d8r,Rest of Bay Area
9q9d8s,Rest of Bay Area
9q9d8t,Rest of Bay Area
9q9d8u,Rest of Bay Area
9q9d8v,Rest of Bay Area
9q9d8w,Rest of Bay Area
9q9d8x,Rest of Bay Area
9q9d8y,Rest of Bay Area
9q9d8z,Rest of Bay Area
9q9d90,Rest of Bay Area
9q9d91,Rest of Bay Area
9q9d92,Rest of Bay Area
9q9d93,Rest of Bay Area
9q9d94,Rest of Bay Area
9q9d95,Rest of Bay Area
9q9d96,Rest of Bay Area
9q9d97,Rest of Bay Area
9q9d98,Rest of Bay Area
9q9d99,Rest of Bay Area
9q9d9b,Rest of Bay Area
9q9d9c,Rest of Bay Area
9q9d9d,Rest of Bay Area
9q9d9e,Rest of Bay Area
9q9d9f,Rest of Bay Area
9q9d9g,Rest of Bay Area
9q9d9h,Rest of Bay Area
9q9d9j,Rest of Bay Area
9q9d9k,Rest of Bay Area
9q9d9m,Rest of Bay Area
9q9d9n,Rest of Bay Area
9q9d9p,Rest of Bay Area
9q9d9q,Rest of Bay Area
9q9d9r,Rest of Bay Area
9q9d9s,Rest of Bay Area
9q9d9t,Rest of Bay Area
9q9d9u,Rest of Bay Area
9q9d9v,Rest of Bay Area
9q9d9w,Rest of Bay Area
9q9d9x,Rest of Bay Area
9q9d9y,Rest of Bay Area
9q9d9z,Rest of Bay Area
9q9db0,Rest of Bay Area
9q9db1,Rest of Bay Area
9q9db2,Rest of Bay Area
9q9db3,Rest of Bay Area
9q9db4,Rest of Bay Area
9q9db5,Rest of Bay Area
9q9db6,Rest of Bay Area
9q9db7,Rest of Bay Area
9q9db8,Rest of Bay Area
9q9db9,Rest of Bay Area
9q9dbb,Rest of Bay Area
9q9dbc,Rest of Bay Area
9q9dbd,Rest of Bay Area
9q9dbe,Rest of Bay Area
9q9dbf,Rest of Bay Area
9q9dbg,Rest of Bay Area
9q9dbh,Rest of Bay Area
9q9dbj,Rest of Bay Area
9q9dbk,Rest of Bay Area
9q9dbm,Rest of Bay Area
9q9dbn,Rest of Bay Area
9q9dbp,Rest of Bay Area
9q9dbq,Rest of Bay Area
9q9dbr,Rest of Bay Area
9q9dbs,Rest of Bay Area
9q9dbt,Rest of Bay Area
9q9dbu,Rest of Bay Area
9q9dbv,Rest of Bay Area
9q9dbw,Rest of Bay Area
9q9dbx,Rest of Bay Area
9q9dby,Rest of Bay Area
9q9dbz,Rest of Bay Area
9q9dc0,Rest of Bay Area
9q9dc1,Rest of Bay Area
9q9dc2,Rest of Bay Area
9q9dc3,Rest of Bay Area
9q9dc4,Rest of Bay Area
9q9dc5,Rest of Bay Area
9q9dc6,Rest of Bay Area
9q9dc7,Rest of Bay Area
9q9dc8,Rest of Bay Area
9q9dc9,Rest of Bay Area
9q9dcb,Rest of Bay Area
9q9dcc,Rest of Bay Area
9q9dcd,Rest of Bay Area
9q9dce,Rest of Bay Area
9q9dcf,Rest of Bay Area
9q9dcg,Rest of Bay Area
9q9dch,Rest of Bay Area
9q9dcj,Rest of Bay Area
9q9dck,Rest of Bay Area
9q9dcm,Rest of Bay Area
9q9dcn,Rest of Bay Area
9q9dcp,Rest of Bay Area
9q9dcq,Rest of Bay Area
9q9dcr,Rest of Bay Area
9q9dcs,Rest of Bay Area
9q9dct,Rest of Bay Area
9q9dcu,Rest of Bay Area
9q9dcv,Rest of Bay Area
9q9dcw,Rest of Bay Area
9q9dcx,Rest of Bay Area
9q9dcy,Rest of Bay Area
9q9dcz,Rest of Bay Area
9q9dd0,Rest of Bay Area
9q9dd1,Rest of Bay Area
9q9dd2,Rest of Bay Area
9q9dd3,Rest of Bay Area
9q9dd4,Rest of Bay Area
9q9dd5,Rest of Bay Area
9q9dd6,Rest of Bay Area
9q9dd7,Rest of Bay Area
9q9dd8,Rest of Bay Area
9q9dd9,Rest of Bay Area
9q9ddb,Rest of Bay Area
9q9ddc,Rest of Bay Area
9q9ddd,Rest of Bay Area
9q9dde,Rest of Bay Area
9q9ddf,Rest of Bay Area
9q9ddg,Rest of Bay Area
9q9ddh,Rest of Bay Area
9q9ddj,Rest of Bay Area
9q9ddk,Rest of Bay Area
9q9ddm,Rest of Bay Area
9q9ddn,Rest of Bay Area
9q9ddp,Rest of Bay Area
9q9ddq,Rest of Bay Area
9q9ddr,Rest of Bay Area
9q9dds,Rest of Bay Area
9q9ddt,Rest of Bay Area
9q9ddu,Rest of Bay Area
9q9ddv,Rest of Bay Area
9q9ddw,Rest of Bay Area
9q9ddx,Rest of Bay Area
9q9ddy,Rest of Bay Area
9q9ddz,Rest of Bay Area
9q9de0,Rest of Bay Area
9q9de1,Rest of Bay Area
9q9de2,Rest of Bay Area
9q9de3,Rest of Bay Area
9q9de4,Rest of Bay Area
9q9de5,Rest of Bay Area
9q9de6,Rest of Bay Area
9q9de7,Rest of Bay Area
9q9de8,Rest of Bay Area
9q9de9,Rest of Bay Area
9q9deb,Rest of Bay Area
9q9dec,Rest of Bay Area
9q9ded,Rest of Bay Area
9q9dee,Rest of Bay Area
9q9def,Rest of Bay Area
9q9deg,Rest of Bay Area
9q9deh,Rest of Bay Area
9q9dej,Rest of Bay Area
9q9dek,Rest of Bay Area
9q9dem,Rest of Bay Area
9q9den,Rest of Bay Area
9q9dep,Rest of Bay Area
9q9deq,Rest of Bay Area
9q9der,Rest of Bay Area
9q9des,Rest of Bay Area
9q9det,Rest of Bay Area
9q9deu,Rest of Bay Area
9q9dev,Rest of Bay Area
9q9dew,Rest of Bay Area
9q9dex,Rest of Bay Area
9q9dey,Rest of Bay Area
9q9dez,Rest of Bay Area
9q9df0,Rest of Bay Area
9q9df1,Rest of Bay Area
9q9df2,Rest of Bay Area
9q9df3,Rest of Bay Area
9q9df4,Rest of Bay Area
9q9df5,Rest of Bay Area
9q9df6,Rest of Bay Area
9q9df7,Rest of Bay Area
9q9df8,Rest of Bay Area
9q9df9,Rest of Bay Area
9q9dfb,Rest of Bay Area
9q9dfc,Rest of Bay Area
9q9dfd,Rest of Bay Area
9q9dfe,Rest of Bay Area
9q9dff,Rest of Bay Area
9q9dfg,Rest of Bay Area
9q9dfh,Rest of Bay Area
9q9dfj,Rest of Bay Area
9q9dfk,Rest of Bay Area
9q9dfm,Rest of Bay Area
9q9dfn,Rest of Bay Area
9q9dfp,Rest of Bay Area
9q9dfq,Rest of Bay Area
9q9dfr,Rest of Bay Area
9q9dfs,Rest of Bay Area
9q9dft,Rest of Bay Area
9q9dfu,Rest of Bay Area
9q9dfv,Rest of Bay Area
9q9dfw,Rest of Bay Area
9q9dfx,Rest of Bay Area
9q9dfy,Rest of Bay Area
9q9dfz,Rest of Bay Area
9q9dg0,Rest of Bay Area
9q9dg1,Rest of Bay Area
9q9dg2,Rest of Bay Area
9q9dg3,Rest of Bay Area
9q9dg4,Rest of Bay Area
9q9dg5,Rest of Bay Area
9q9dg6,Rest of Bay Area
9q9dg7,Rest of Bay Area
9q9dg8,Rest of Bay Area
9q9dg9,Rest of Bay Area
9q9dgb,Rest of Bay Area
9q9dgc,Rest of Bay Area
9q9dgd,Rest of Bay Area
9q9dge,Rest of Bay Area
9q9dgf,Rest of Bay Area
9q9dgg,Rest of Bay Area
9q9dgh,Rest of Bay Area
9q9dgj,Rest of Bay Area
9q9dgk,Rest of Bay Area
9q9dgm,Rest of Bay Area
9q9dgn,Rest of Bay Area
9q9dgp,Rest of Bay Area
9q9dgq,Rest of Bay Area
9q9dgr,Rest of Bay Area
9q9dgs,Rest of Bay Area
9q9dgt,Rest of Bay Area
9q9dgu,Rest of Bay Area
9q9dgv,Rest of Bay Area
9q9dgw,Rest of Bay Area
9q9dgx,Rest of Bay Area
9q9dgy,Rest of Bay Area
9q9dgz,Rest of Bay Area
9q9dk5,Rest of Bay Area
9q9dkb,Rest of Bay Area
9q9dkc,Rest of Bay Area
9q9dkd,Rest of Bay Area
9q9dke,Rest of Bay Area
9q9dkf,Rest of Bay Area
9q9dkg,Rest of Bay Area
9q9dkh,Rest of Bay Area
9q9dkj,Rest of Bay Area
9q9dkk,Rest of Bay Area
9q9dkm,Rest of Bay Area
9q9dkn,Rest of Bay Area
9q9dkp,Rest of Bay Area
9q9dkq,Rest of Bay Area
9q9dkr,Rest of Bay Area
9q9dks,Rest of Bay Area
9q9dkt,Rest of Bay Area
9q9dku,Rest of Bay Area
9q9dkv,Rest of Bay Area
9q9dkw,Rest of Bay Area
9q9dkx,Rest of Bay Area
9q9dky,Rest of Bay Area
9q9dkz,Rest of Bay Area
9q9dm0,Rest of Bay Area
9q9dm1,Rest of Bay Area
9q9dm2,Rest of Bay Area
9q9dm3,Rest of Bay Area
9q9dm4,Rest of Bay Area
9q9dm5,Rest of Bay Area
9q9dm6,Rest of Bay Area
9q9dm7,Rest of Bay Area
9q9dm8,Rest of Bay Area
9q9dm9,Rest of Bay Area
9q9dmb,Rest of Bay Area
9q9dmc,Rest of Bay Area
9q9dmd,Rest of Bay Area
9q9dme,Rest of Bay Area
9q9dmf,Rest of Bay Area
9q9dmg,Rest of Bay Area
9q9dmh,Rest of Bay Area
9q9dmj,Rest of Bay Area
9q9dmk,Rest of Bay Area
9q9dmm,Rest of Bay Area
9q9dmn,Rest of Bay Area
9q9dmp,Rest of Bay Area
9q9dmq,Rest of Bay Area
9q9dmr,Rest of Bay Area
9q9dms,Rest of Bay Area
9q9dmt,Rest of Bay Area
9q9dmu,Rest of Bay Area
9q9dmv,Rest of Bay Area
9q9dmw,Rest of Bay Area
9q9dmx,Rest of Bay Area
9q9dmy,Rest of Bay Area
9q9dmz,Rest of Bay Area
9q9dq0,Rest of Bay Area
9q9dq1,Rest of Bay Area
9q9dq2,Rest of Bay Area
9q9dq3,Rest of Bay Area
9q9dq4,Rest of Bay Area
9q9dq5,Rest of Bay Area
9q9dq6,Rest of Bay Area
9q9dq7,Rest of Bay Area
9q9dq8,Rest of Bay Area
9q9dq9,Rest of Bay Area
9q9dqb,Rest of Bay Area
9q9dqc,Rest of Bay Area
9q9dqd,Rest of Bay Area
9q9dqe,Rest of Bay Area
9q9dqf,Rest of Bay Area
9q9dqg,Rest of Bay Area
9q9dqh,Rest of Bay Area
9q9dqj,Rest of Bay Area
9q9dqk,Rest of Bay Area
9q9dqm,Rest of Bay Area
9q9dqn,Rest of Bay Area
9q9dqp,Rest of Bay Area
9q9dqq,Rest of Bay Area
9q9dqr,Rest of Bay Area
9q9dqs,Rest of Bay Area
9q9dqt,Rest of Bay Area
9q9dqu,Rest of Bay Area
9q9dqv,Rest of Bay Area
9q9dqw,Rest of Bay Area
9q9dqx,Rest of Bay Area
9q9dqy,Rest of Bay Area
9q9dqz,Rest of Bay Area
9q9dr0,Rest of Bay Area
9q9dr1,Rest of Bay Area
9q9dr2,Rest of Bay Area
9q9dr3,Rest of Bay Area
9q9dr4,Rest of Bay Area
9q9dr5,Rest of Bay Area
9q9dr6,Rest of Bay Area
9q9dr7,Rest of Bay Area
9q9dr8,Rest of Bay Area
9q9dr9,Rest of Bay Area
9q9drb,Rest of Bay Area
9q9drc,Rest of Bay Area
9q9drd,Rest of Bay Area
9q9dre,Rest of Bay Area
9q9drf,Rest of Bay Area
9q9drg,Rest of Bay Area
9q9drh,Rest of Bay Area
9q9drj,Rest of Bay Area
9q9drk,Rest of Bay Area
9q9drm,Rest of Bay Area
9q9drn,Rest of Bay Area
9q9drp,Rest of Bay Area
9q9drq,Rest of Bay Area
9q9drr,Rest of Bay Area
9q9drs,Rest of Bay Area
9q9drt,Rest of Bay Area
9q9dru,Rest of Bay Area
9q9drv,Rest of Bay Area
9q9drw,Rest of Bay Area
9q9drx,Rest of Bay Area
9q9dry,Rest of Bay Area
9q9drz,Rest of Bay Area
9q9ds0,Rest of Bay Area
9q9ds1,Rest of Bay Area
9q9ds2,Rest of Bay Area
9q9ds3,Rest of Bay Area
9q9ds4,Rest of Bay Area
9q9ds5,Rest of Bay Area
9q9ds6,Rest of Bay Area
9q9ds7,Rest of Bay Area
9q9ds8,Rest of Bay Area
9q9ds9,Rest of Bay Area
9q9dsb,Rest of Bay Area
9q9dsc,Rest of Bay Area
9q9dsd,Rest of Bay Area
9q9dse,Rest of Bay Area
9q9dsf,Rest of Bay Area
9q9dsg,Rest of Bay Area
9q9dsh,Rest of Bay Area
9q9dsj,Rest of Bay Area
9q9dsk,Rest of Bay Area
9q9dsm,Rest of Bay Area
9q9dsn,Rest of Bay Area
9q9dsp,Rest of Bay Area
9q9dsq,Rest of Bay Area
9q9dsr,Rest of Bay Area
9q9dss,Rest of Bay Area
9q9dst,Rest of Bay Area
9q9dsu,Rest of Bay Area
9q9dsv,Rest of Bay Area
9q9dsw,Rest of Bay Area
9q9dsx,Rest of Bay Area
9q9dsy,Rest of Bay Area
9q9dsz,Rest of Bay Area
9q9dt0,Rest of Bay Area
9q9dt1,Rest of Bay Area
9q9dt2,Rest of Bay Area
9q9dt3,Rest of Bay Area
9q9dt4,Rest of Bay Area
9q9dt5,Rest of Bay Area
9q9dt6,Rest of Bay Area
9q9dt7,Rest of Bay Area
9q9dt8,Rest of Bay Area
9q9dt9,Rest of Bay Area
9q9dtb,Rest of Bay Area
9q9dtc,Rest of Bay Area
9q9dtd,Rest of Bay Area
9q9dte,Rest of Bay Area
9q9dtf,Rest of Bay Area
9q9dtg,Rest of Bay Area
9q9dth,Rest of Bay Area
9q9dtj,Rest of Bay Area
9q9dtk,Rest of Bay Area
9q9dtm,Rest of Bay Area
9q9dtn,Rest of Bay Area
9q9dtp,Rest of Bay Area
9q9dtq,Rest of Bay Area
9q9dtr,Rest of Bay Area
9q9dts,Rest of Bay Area
9q9dtt,Rest of Bay Area
9q9dtu,Rest of Bay Area
9q9dtv,Rest of Bay Area
9q9dtw,Rest of Bay Area
9q9dtx,Rest of Bay Area
9q9dty,Rest of Bay Area
9q9dtz,Rest of Bay Area
9q9du0,Rest of Bay Area
9q9du1,Rest of Bay Area
9q9du2,Rest of Bay Area
9q9du3,Rest of Bay Area
9q9du4,Rest of Bay Area
9q9du5,Rest of Bay Area
9q9du6,Rest of Bay Area
9q9du7,Rest of Bay Area
9q9du8,Rest of Bay Area
9q9du9,Rest of Bay Area
9q9dub,Rest of Bay Area
9q9duc,Rest of Bay Area
9q9dud,Rest of Bay Area
9q9due,Rest of Bay Area
9q9duf,Rest of Bay Area
9q9dug,Rest of Bay Area
9q9duh,Rest of Bay Area
9q9duj,Rest of Bay Area
9q9duk,Rest of Bay Area
9q9dum,Rest of Bay Area
9q9dun,Rest of Bay Area
9q9dup,Rest of Bay Area
9q9duq,Rest of Bay Area
9q9dur,Rest of Bay Area
9q9dus,Rest of Bay Area
9q9dut,Rest of Bay Area
9q9duu,Rest of Bay Area
9q9duv,Rest of Bay Area
9q9duw,Rest of Bay Area
9q9dux,Rest of Bay Area
9q9duy,Rest of Bay Area
9q9duz,Rest of Bay Area
9q9dv0,Rest of Bay Area
9q9dv1,Rest of Bay Area
9q9dv2,Rest of Bay Area
9q9dv3,Rest of Bay Area
9q9dv4,Rest of Bay Area
9q9dv5,Rest of Bay Area
9q9dv6,Rest of Bay Area
9q9dv7,Rest of Bay Area
9q9dv8,Rest of Bay Area
9q9dv9,Rest of Bay Area
9q9dvb,Rest of Bay Area
9q9dvc,Rest of Bay Area
9q9dvd,Rest of Bay Area
9q9dve,Rest of Bay Area
9q9dvf,Rest of Bay Area
9q9dvg,Rest of Bay Area
9q9dvh,Rest of Bay Area
9q9dvj,Rest of Bay Area
9q9dvk,Rest of Bay Area
9q9dvm,Rest of Bay Area
9q9dvn,Rest of Bay Area
9q9dvp,Rest of Bay Area
9q9dvq,Rest of Bay Area
9q9dvr,Rest of Bay Area
9q9dvs,Rest of Bay Area
9q9dvt,Rest of Bay Area
9q9dvu,Rest of Bay Area
9q9dvv,Rest of Bay Area
9q9dvw,Rest of Bay Area
9q9dvx,Rest of Bay Area
9q9dvy,Rest of Bay Area
9q9dvz,Rest of Bay Area
9q9dw0,Rest of Bay Area
9q9dw1,Rest of Bay Area
9q9dw2,Rest of Bay Area
9q9dw3,Rest of Bay Area
9q9dw4,Rest of Bay Area
9q9dw5,Rest of Bay Area
9q9dw6,Rest of Bay Area
9q9dw7,Rest of Bay Area
9q9dw8,Rest of Bay Area
9q9dw9,Rest of Bay Area
9q9dwb,Rest of Bay Area
9q9dwc,Rest of Bay Area
9q9dwd,Rest of Bay Area
9q9dwe,Rest of Bay Area
9q9dwf,Rest of Bay Area
9q9dwg,Rest of Bay Area
9q9dwh,Rest of Bay Area
9q9dwj,Rest of Bay Area
9q9dwk,Rest of Bay Area
9q9dwm,Rest of Bay Area
9q9dwn,Rest of Bay Area
9q9dwp,Rest of Bay Area
9q9dwq,Rest of Bay Area
9q9dwr,Rest of Bay Area
9q9dws,Rest of Bay Area
9q9dwt,Rest of Bay Area
9q9dwu,Rest of Bay Area
9q9dwv,Rest of Bay Area
9q9dww,Rest of Bay Area
9q9dwx,Rest of Bay Area
9q9dwy,Rest of Bay Area
9q9dwz,Rest of Bay Area
9q9dx0,Rest of Bay Area
9q9dx1,Rest of Bay Area
9q9dx2,Rest of Bay Area
9q9dx3,Rest of Bay Area
9q9dx4,Rest of Bay Area
9q9dx5,Rest of Bay Area
9q9dx6,Rest of Bay Area
9q9dx7,Rest of Bay Area
9q9dx8,Rest of Bay Area
9q9dx9,Rest of Bay Area
9q9dxb,Rest of Bay Area
9q9dxc,Rest of Bay Area
9q9dxd,Rest of Bay Area
9q9dxe,Rest of Bay Area
9q9dxf,Rest of Bay Area
9q9dxg,Rest of Bay Area
9q9dxh,Rest of Bay Area
9q9dxj,Rest of Bay Area
9q9dxk,Rest of Bay Area
9q9dxm,Rest of Bay Area
9q9dxn,Rest of Bay Area
9q9dxp,Rest of Bay Area
9q9dxq,Rest of Bay Area
9q9dxr,Rest of Bay Area
9q9dxs,Rest of Bay Area
9q9dxt,Rest of Bay Area
9q9dxu,Rest of Bay Area
9q9dxv,Rest of Bay Area
9q9dxw,Rest of Bay Area
9q9dxx,Rest of Bay Area
9q9dxy,Rest of Bay Area
9q9dxz,Rest of Bay Area
9q9dy0,Rest of Bay Area
9q9dy1,Rest of Bay Area
9q9dy2,Rest of Bay Area
9q9dy3,Rest of Bay Area
9q9dy4,Rest of Bay Area
9q9dy5,Rest of Bay Area
9q9dy6,Rest of Bay Area
9q9dy7,Rest of Bay Area
9q9dy8,Rest of Bay Area
9q9dy9,Rest of Bay Area
9q9dyb,Rest of Bay Area
9q9dyc,Rest of Bay Area
9q9dyd,Rest of Bay Area
9q9dye,Rest of Bay Area
9q9dyf,Rest of Bay Area
9q9dyg,Rest of Bay Area
9q9dyh,Rest of Bay Area
9q9dyj,Rest of Bay Area
9q9dyk,Rest of Bay Area
9q9dym,Rest of Bay Area
9q9dyn,Rest of Bay Area
9q9dyp,Rest of Bay Area
9q9dyq,Rest of Bay Area
9q9dyr,Rest of Bay Area
9q9dys,Rest of Bay Area
9q9dyt,Rest of Bay Area
9q9dyu,Rest of Bay Area
9q9dyv,Rest of Bay Area
9q9dyw,Rest of Bay Area
9q9dyx,Rest of Bay Area
9q9dyy,Rest of Bay Area
9q9dyz,Rest of Bay Area
9q9dz0,Rest of Bay Area
9q9dz1,Rest of Bay Area
9q9dz2,Rest of Bay Area
9q9dz3,Rest of Bay Area
9q9dz4,Rest of Bay Area
9q9dz5,Rest of Bay Area
9q9dz6,Rest of Bay Area
9q9dz7,Rest of Bay Area
9q9dz8,Rest of Bay Area
9q9dz9,Rest of Bay Area
9q9dzb,Rest of Bay Area
9q9dzc,Rest of Bay Area
9q9dzd,Rest of Bay Area
9q9dze,Rest of Bay Area
9q9dzf,Rest of Bay Area
9q9dzg,Rest of Bay Area
9q9dzh,Rest of Bay Area
9q9dzj,Rest of Bay Area
9q9dzk,Rest of Bay Area
9q9dzm,Rest of Bay Area
9q9dzn,Rest of Bay Area
9q9dzp,Rest of Bay Area
9q9dzq,Rest of Bay Area
9q9dzr,Rest of Bay Area
9q9dzs,Rest of Bay Area
9q9dzt,Rest of Bay Area
9q9dzu,Rest of Bay Area
9q9dzv,Rest of Bay Area
9q9dzw,Rest of Bay Area
9q9dzx,Rest of Bay Area
9q9dzy,Rest of Bay Area
9q9dzz,Rest of Bay Area
9q9e00,Rest of Bay Area
9q9e01,Rest of Bay Area
9q9e02,Rest of Bay Area
9q9e03,Rest of Bay Area
9q9e04,Rest of Bay Area
9q9e05,Rest of Bay Area
9q9e06,Rest of Bay Area
9q9e07,Rest of Bay Area
9q9e08,Rest of Bay Area
9q9e09,Rest of Bay Area
9q9e0b,Rest of Bay Area
9q9e0c,Rest of Bay Area
9q9e0d,Rest of Bay Area
9q9e0e,Rest of Bay Area
9q9e0f,Rest of Bay Area
9q9e0g,Rest of Bay Area
9q9e0h,Rest of Bay Area
9q9e0j,Rest of Bay Area
9q9e0k,Rest of Bay Area
9q9e0m,Rest of Bay Area
9q9e0n,Rest of Bay Area
9q9e0p,Rest of Bay Area
9q9e0q,Rest of Bay Area
9q9e0r,Rest of Bay Area
9q9e0s,Rest of Bay Area
9q9e0t,Rest of Bay Area
9q9e0u,Rest of Bay Area
9q9e0v,Rest of Bay Area
9q9e0w,Rest of Bay Area
9q9e0x,Rest of Bay Area
9q9e0y,Rest of Bay Area
9q9e0z,Rest of Bay Area
9q9e10,Rest of Bay Area
9q9e11,Rest of Bay Area
9q9e12,Rest of Bay Area
9q9e13,Rest of Bay Area
9q9e14,Rest of Bay Area
9q9e15,Rest of Bay Area
9q9e16,Rest of Bay Area
9q9e17,Rest of Bay Area
9q9e18,Rest of Bay Area
9q9e19,Rest of Bay Area
9q9e1b,Rest of Bay Area
9q9e1c,Rest of Bay Area
9q9e1d,Rest of Bay Area
9q9e1e,Rest of Bay Area
9q9e1f,Rest of Bay Area
9q9e1g,Rest of Bay Area
9q9e1h,Rest of Bay Area
9q9e1j,Rest of Bay Area
9q9e1k,Rest of Bay Area
9q9e1m,Rest of Bay Area
9q9e1n,Rest of Bay Area
9q9e1p,Rest of Bay Area
9q9e1q,Rest of Bay Area
9q9e1r,Rest of Bay Area
9q9e1s,Rest of Bay Area
9q9e1t,Rest of Bay Area
9q9e1u,Rest of Bay Area
9q9e1v,Rest of Bay Area
9q9e1w,Rest of Bay Area
9q9e1x,Rest of Bay Area
9q9e1y,Rest of Bay Area
9q9e1z,Rest of Bay Area
9q9e20,Rest of Bay Area
9q9e21,Rest of Bay Area
9q9e22,Rest of Bay Area
9q9e23,Rest of Bay Area
9q9e24,Rest of Bay Area
9q9e25,Rest of Bay Area
9q9e26,Rest of Bay Area
9q9e27,Rest of Bay Area
9q9e28,Rest of Bay Area
9q9e29,Rest of Bay Area
9q9e2b,Rest of Bay Area
9q9e2c,Rest of Bay Area
9q9e2d,Rest of Bay Area
9q9e2e,Rest of Bay Area
9q9e2f,Rest of Bay Area
9q9e2g,Rest of Bay Area
9q9e2h,Rest of Bay Area
9q9e2j,Rest of Bay Area
9q9e2k,Rest of Bay Area
9q9e2m,Rest of Bay Area
9q9e2n,Rest of Bay Area
9q9e2p,Rest of Bay Area
9q9e2q,Rest of Bay Area
9q9e2r,Rest of Bay Area
9q9e2s,Rest of Bay Area
9q9e2t,Rest of Bay Area
9q9e2u,Rest of Bay Area
9q9e2v,Rest of Bay Area
9q9e2w,Rest of Bay Area
9q9e2x,Rest of Bay Area
9q9e2y,Rest of Bay Area
9q9e2z,Rest of Bay Area
9q9e30,Rest of Bay Area
9q9e31,Rest of Bay Area
9q9e32,Rest of Bay Area
9q9e33,Rest of Bay Area
9q9e34,Rest of Bay Area
9q9e35,Rest of Bay Area
9q9e36,Rest of Bay Area
9q9e37,Rest of Bay Area
9q9e38,Rest of Bay Area
9q9e39,Rest of Bay Area
9q9e3b,Rest of Bay Area
9q9e3c,Rest of Bay Area
9q9e3d,Rest of Bay Area
9q9e3e,Rest of Bay Area
9q9e3f,Rest of Bay Area
9q9e3g,Rest of Bay Area
9q9e3h,Rest of Bay Area
9q9e3j,Rest of Bay Area
9q9e3k,Rest of Bay Area
9q9e3m,Rest of Bay Area
9q9e3n,Rest of Bay Area
9q9e3p,Rest of Bay Area
9q9e3q,Rest of Bay Area
9q9e3r,Rest of Bay Area
9q9e3s,Rest of Bay Area
9q9e3t,Rest of Bay Area
9q9e3u,Rest of Bay Area
9q9e3v,Rest of Bay Area
9q9e3w,Rest of Bay Area
9q9e3x,Rest of Bay Area
9q9e3y,Rest of Bay Area
9q9e3z,Rest of Bay Area
9q9e40,Rest of Bay Area
9q9e41,Rest of Bay Area
9q9e42,Rest of Bay Area
9q9e43,Rest of Bay Area
9q9e44,Rest of Bay Area
9q9e45,Rest of Bay Area
9q9e46,Rest of Bay Area
9q9e47,Rest of Bay Area
9q9e48,Rest of Bay Area
9q9e49,Rest of Bay Area
9q9e4b,Rest of Bay Area
9q9e4c,Rest of Bay Area
9q9e4d,Rest of Bay Area
9q9e4e,Rest of Bay Area
9q9e4f,Rest of Bay Area
9q9e4g,Rest of Bay Area
9q9e4h,Rest of Bay Area
9q9e4j,Rest of Bay Area
9q9e4k,Rest of Bay Area
9q9e4m,Rest of Bay Area
9q9e4n,Rest of Bay Area
9q9e4p,Rest of Bay Area
9q9e4q,Rest of Bay Area
9q9e4r,Rest of Bay Area
9q9e4s,Rest of Bay Area
9q9e4t,Rest of Bay Area
9q9e4u,Rest of Bay Area
9q9e4v,Rest of Bay Area
9q9e4w,Rest of Bay Area
9q9e4x,Rest of Bay Area
9q9e4y,Rest of Bay Area
9q9e4z,Rest of Bay Area
9q9e50,Rest of Bay Area
9q9e51,Rest of Bay Area
9q9e52,Rest of Bay Area
9q9e53,Rest of Bay Area
9q9e54,Rest of Bay Area
9q9e55,Rest of Bay Area
9q9e56,Rest of Bay Area
9q9e57,Rest of Bay Area
9q9e58,Rest of Bay Area
9q9e59,Rest of Bay Area
9q9e5b,Rest of Bay Area
9q9e5c,Rest of Bay Area
9q9e5d,Rest of Bay Area
9q9e5e,Rest of Bay Area
9q9e5f,Rest of Bay Area
9q9e5g,Rest of Bay Area
9q9e5h,Rest of Bay Area
9q9e5j,Rest of Bay Area
9q9e5k,Rest of Bay Area
9q9e5m,Rest of Bay Area
9q9e5n,Rest of Bay Area
9q9e5p,Rest of Bay Area
9q9e5q,Rest of Bay Area
9q9e5r,Rest of Bay Area
9q9e5s,Rest of Bay Area
9q9e5t,Rest of Bay Area
9q9e5u,Rest of Bay Area
9q9e5v,Rest of Bay Area
9q9e5w,Rest of Bay Area
9q9e5x,Rest of Bay Area
9q9e5y,Rest of Bay Area
9q9e5z,Rest of Bay Area
9q9e60,Rest of Bay Area
9q9e61,Rest of Bay Area
9q9e62,Rest of Bay Area
9q9e63,Rest of Bay Area
9q9e64,Rest of Bay Area
9q9e65,Rest of Bay Area
9q9e66,Rest of Bay Area
9q9e67,Rest of Bay Area
9q9e68,Rest of Bay Area
9q9e69,Rest of Bay Area
9q9e6b,Rest of Bay Area
9q9e6c,Rest of Bay Area
9q9e6d,Rest of Bay Area
9q9e6e,Rest of Bay Area
9q9e6f,Rest of Bay Area
9q9e6g,Rest of Bay Area
9q9e6h,Rest of Bay Area
9q9e6j,Rest of Bay Area
9q9e6k,Rest of Bay Area
9q9e6m,Rest of Bay Area
9q9e6n,Rest of Bay Area
9q9e6p,Rest of Bay Area
9q9e6q,Rest of Bay Area
9q9e6r,Rest of Bay Area
9q9e6s,Rest of Bay Area
9q9e6t,Rest of Bay Area
9q9e6u,Rest of Bay Area
9q9e6v,Rest of Bay Area
9q9e6w,Rest of Bay Area
9q9e6x,Rest of Bay Area
9q9e6y,Rest of Bay Area
9q9e6z,Rest of Bay Area
9q9e70,Rest of Bay Area
9q9e71,Rest of Bay Area
9q9e72,Rest of Bay Area
9q9e73,Rest of Bay Area
9q9e74,Rest of Bay Area
9q9e75,Rest of Bay Area
9q9e76,Rest of Bay Area
9q9e77,Rest of Bay Area
9q9e78,Rest of Bay Area
9q9e79,Rest of Bay Area
9q9e7b,Rest of Bay Area
9q9e7c,Rest of Bay Area
9q9e7d,Rest of Bay Area
9q9e7e,Rest of Bay Area
9q9e7f,Rest of Bay Area
9q9e7g,Rest of Bay Area
9q9e7h,Rest of Bay Area
9q9e7j,Rest of Bay Area
9q9e7k,Rest of Bay Area
9q9e7m,Rest of Bay Area
9q9e7n,Rest of Bay Area
9q9e7p,Rest of Bay Area
9q9e7q,Rest of Bay Area
9q9e7r,Rest of Bay Area
9q9e7s,Rest of Bay Area
9q9e7t,Rest of Bay Area
9q9e7u,Rest of Bay Area
9q9e7v,Rest of Bay Area
9q9e7w,Rest of Bay Area
9q9e7x,Rest of Bay Area
9q9e7y,Rest of Bay Area
9q9e7z,Rest of Bay Area
9q9e80,Rest of Bay Area
9q9e81,Rest of Bay Area
9q9e82,Rest of Bay Area
9q9e83,Rest of Bay Area
9q9e84,Rest of Bay Area
9q9e85,Rest of Bay Area
9q9e86,Rest of Bay Area
9q9e87,Rest of Bay Area
9q9e88,Rest of Bay Area
9q9e89,Rest of Bay Area
9q9e8b,Rest of Bay Area
9q9e8c,Rest of Bay Area
9q9e8d,Rest of Bay Area
9q9e8e,Rest of Bay Area
9q9e8f,Rest of Bay Area
9q9e8g,Rest of Bay Area
9q9e8h,Rest of Bay Area
9q9e8j,Rest of Bay Area
9q9e8k,Rest of Bay Area
9q9e8m,Rest of Bay Area
9q9e8n,Rest of Bay Area
9q9e8p,Rest of Bay Area
9q9e8q,Rest of Bay Area
9q9e8r,Rest of Bay Area
9q9e8s,Rest of Bay Area
9q9e8t,Rest of Bay Area
9q9e8u,Rest of Bay Area
9q9e8v,Rest of Bay Area
9q9e8w,Rest of Bay Area
9q9e8x,Rest of Bay Area
9q9e8y,Rest of Bay Area
9q9e8z,Rest of Bay Area
9q9e90,Rest of Bay Area
9q9e91,Rest of Bay Area
9q9e92,Rest of Bay Area
9q9e93,Rest of Bay Area
9q9e94,Rest of Bay Area
9q9e95,Rest of Bay Area
9q9e96,Rest of Bay Area
9q9e97,Rest of Bay Area
9q9e98,Rest of Bay Area
9q9e99,Rest of Bay Area
9q9e9b,Rest of Bay Area
9q9e9c,Rest of Bay Area
9q9e9d,Rest of Bay Area
9q9e9e,Rest of Bay Area
9q9e9f,Rest of Bay Area
9q9e9g,Rest of Bay Area
9q9e9h,Rest of Bay Area
9q9e9j,Rest of Bay Area
9q9e9k,Rest of Bay Area
9q9e9m,Rest of Bay Area
9q9e9n,Rest of Bay Area
9q9e9p,Rest of Bay Area
9q9e9q,Rest of Bay Area
9q9e9r,Rest of Bay Area
9q9e9s,Rest of Bay Area
9q9e9t,Rest of Bay Area
9q9e9u,Rest of Bay Area
9q9e9v,Rest of Bay Area
9q9e9w,Rest of Bay Area
9q9e9x,Rest of Bay Area
9q9e9y,Rest of Bay Area
9q9e9z,Rest of Bay Area
9q9eb0,Rest of Bay Area
9q9eb1,Rest of Bay Area
9q9eb2,Rest of Bay Area
9q9eb3,Rest of Bay Area
9q9eb4,Rest of Bay Area
9q9eb5,Rest of Bay Area
9q9eb6,Rest of Bay Area
9q9eb7,Rest of Bay Area
9q9eb8,Rest of Bay Area
9q9eb9,Rest of Bay Area
9q9ebb,Rest of Bay Area
9q9ebc,Rest of Bay Area
9q9ebd,Rest of Bay Area
9q9ebe,Rest of Bay Area
9q9ebf,Rest of Bay Area
9q9ebg,Rest of Bay Area
9q9ebh,Rest of Bay Area
9q9ebj,Rest of Bay Area
9q9ebk,Rest of Bay Area
9q9ebm,Rest of Bay Area
9q9ebn,Rest of Bay Area
9q9ebp,Rest of Bay Area
9q9ebq,Rest of Bay Area
9q9ebr,Rest of Bay Area
9q9ebs,Rest of Bay Area
9q9ebt,Rest of Bay Area
9q9ebu,Rest of Bay Area
9q9ebv,Rest of Bay Area
9q9ebw,Rest of Bay Area
9q9ebx,Rest of Bay Area
9q9eby,Rest of Bay Area
9q9ebz,Rest of Bay Area
9q9ec0,Rest of Bay Area
9q9ec1,Rest of Bay Area
9q9ec2,Rest of Bay Area
9q9ec3,Rest of Bay Area
9q9ec4,Rest of Bay Area
9q9ec5,Rest of Bay Area
9q9ec6,Rest of Bay Area
9q9ec7,Rest of Bay Area
9q9ec8,Rest of Bay Area
9q9ec9,Rest of Bay Area
9q9ecb,Rest of Bay Area
9q9ecc,Rest of Bay Area
9q9ecd,Rest of Bay Area
9q9ece,Rest of Bay Area
9q9ecf,Rest of Bay Area
9q9ecg,Rest of Bay Area
9q9ech,Rest of Bay Area
9q9ecj,Rest of Bay Area
9q9eck,Rest of Bay Area
9q9ecm,Rest of Bay Area
9q9ecn,Rest of Bay Area
9q9ecp,Rest of Bay Area
9q9ecq,Rest of Bay Area
9q9ecr,Rest of Bay Area
9q9ecs,Rest of Bay Area
9q9ect,Rest of Bay Area
9q9ecu,Rest of Bay Area
9q9ecv,Rest of Bay Area
9q9ecw,Rest of Bay Area
9q9ecx,Rest of Bay Area
9q9ecy,Rest of Bay Area
9q9ecz,Rest of Bay Area
9q9ed0,Rest of Bay Area
9q9ed1,Rest of Bay Area
9q9ed2,Rest of Bay Area
9q9ed3,Rest of Bay Area
9q9ed4,Rest of Bay Area
9q9ed5,Rest of Bay Area
9q9ed6,Rest of Bay Area
9q9ed7,Rest of Bay Area
9q9ed8,Rest of Bay Area
9q9ed9,Rest of Bay Area
9q9edb,Rest of Bay Area
9q9edc,Rest of Bay Area
9q9edd,Rest of Bay Area
9q9ede,Rest of Bay Area
9q9edf,Rest of Bay Area
9q9edg,Rest of Bay Area
9q9edh,Rest of Bay Area
9q9edj,Rest of Bay Area
9q9edk,Rest of Bay Area
9q9edm,Rest of Bay Area
9q9edn,Rest of Bay Area
9q9edp,Rest of Bay Area
9q9edq,Rest of Bay Area
9q9edr,Rest of Bay Area
9q9eds,Rest of Bay Area
9q9edt,Rest of Bay Area
9q9edu,Rest of Bay Area
9q9edv,Rest of Bay Area
9q9edw,Rest of Bay Area
9q9edx,Rest of Bay Area
9q9edy,Rest of Bay Area
9q9edz,Rest of Bay Area
9q9ee0,Rest of Bay Area
9q9ee1,Rest of Bay Area
9q9ee2,Rest of Bay Area
9q9ee3,Rest of Bay Area
9q9ee4,Rest of Bay Area
9q9ee5,Rest of Bay Area
9q9ee6,Rest of Bay Area
9q9ee7,Rest of Bay Area
9q9ee8,Rest of Bay Area
9q9ee9,Rest of Bay Area
9q9eeb,Rest of Bay Area
9q9eec,Rest of Bay Area
9q9eed,Rest of Bay Area
9q9eee,Rest of Bay Area
9q9eef,Rest of Bay Area
9q9eeg,Rest of Bay Area
9q9eeh,Rest of Bay Area
9q9eej,Rest of Bay Area
9q9eek,Rest of Bay Area
9q9eem,Rest of Bay Area
9q9een,Rest of Bay Area
9q9eep,Rest of Bay Area
9q9eeq,Rest of Bay Area
9q9eer,Rest of Bay Area
9q9ees,Rest of Bay Area
9q9eet,Rest of Bay Area
9q9eeu,Rest of Bay Area
9q9eev,Rest of Bay Area
9q9eew,Rest of Bay Area
9q9eex,Rest of Bay Area
9q9eey,Rest of Bay Area
9q9eez,Rest of Bay Area
9q9ef0,Rest of Bay Area
9q9ef1,Rest of Bay Area
9q9ef2,Rest of Bay Area
9q9ef3,Rest of Bay Area
9q9ef4,Rest of Bay Area
9q9ef5,Rest of Bay Area
9q9ef6,Rest of Bay Area
9q9ef7,Rest of Bay Area
9q9ef8,Rest of Bay Area
9q9ef9,Rest of Bay Area
9q9efb,Rest of Bay Area
9q9efc,Rest of Bay Area
9q9efd,Rest of Bay Area
9q9efe,Rest of Bay Area
9q9eff,Rest of Bay Area
9q9efg,Rest of Bay Area
9q9efh,Rest of Bay Area
9q9efj,Rest of Bay Area
9q9efk,Rest of Bay Area
9q9efm,Rest of Bay Area
9q9efn,Rest of Bay Area
9q9efp,Rest of Bay Area
9q9efq,Rest of Bay Area
9q9efr,Rest of Bay Area
9q9efs,Rest of Bay Area
9q9eft,Rest of Bay Area
9q9efu,Rest of Bay Area
9q9efv,Rest of Bay Area
9q9efw,Rest of Bay Area
9q9efx,Rest of Bay Area
9q9efy,Rest of Bay Area
9q9efz,Rest of Bay Area
9q9eg0,Rest of Bay Area
9q9eg1,Rest of Bay Area
9q9eg2,Rest of Bay Area
9q9eg3,Rest of Bay Area
9q9eg4,Rest of Bay Area
9q9eg5,Rest of Bay Area
9q9eg6,Rest of Bay Area
9q9eg7,Rest of Bay Area
9q9eg8,Rest of Bay Area
9q9eg9,Rest of Bay Area
9q9egb,Rest of Bay Area
9q9egc,Rest of Bay Area
9q9egd,Rest of Bay Area
9q9ege,Rest of Bay Area
9q9egf,Rest of Bay Area
9q9egg,Rest of Bay Area
9q9egh,Rest of Bay Area
9q9egj,Rest of Bay Area
9q9egk,Rest of Bay Area
9q9egm,Rest of Bay Area
9q9egn,Rest of Bay Area
9q9egp,Rest of Bay Area
9q9egq,Rest of Bay Area
9q9egr,Rest of Bay Area
9q9egs,Rest of Bay Area
9q9egt,Rest of Bay Area
9q9egu,Rest of Bay Area
9q9egv,Rest of Bay Area
9q9egw,Rest of Bay Area
9q9egx,Rest of Bay Area
9q9egy,Rest of Bay Area
9q9egz,Rest of Bay Area
9q9eh0,Rest of Bay Area
9q9eh1,Rest of Bay Area
9q9eh2,Rest of Bay Area
9q9eh3,Rest of Bay Area
9q9eh4,Rest of Bay Area
9q9eh5,Rest of Bay Area
9q9eh6,Rest of Bay Area
9q9eh7,Rest of Bay Area
9q9eh8,Rest of Bay Area
9q9eh9,Rest of Bay Area
9q9ehb,Rest of Bay Area
9q9ehc,Rest of Bay Area
9q9ehd,Rest of Bay Area
9q9ehe,Rest of Bay Area
9q9ehf,Rest of Bay Area
9q9ehg,Rest of Bay Area
9q9ehh,Rest of Bay Area
9q9ehj,Rest of Bay Area
9q9ehk,Rest of Bay Area
9q9ehm,Rest of Bay Area
9q9ehn,Rest of Bay Area
9q9ehp,Rest of Bay Area
9q9ehq,Rest of Bay Area
9q9ehr,Rest of Bay Area
9q9ehs,Rest of Bay Area
9q9eht,Rest of Bay Area
9q9ehu,Rest of Bay Area
9q9ehv,Rest of Bay Area
9q9ehw,Rest of Bay Area
9q9ehx,Rest of Bay Area
9q9ehy,Rest of Bay Area
9q9ehz,Rest of Bay Area
9q9ej0,Rest of Bay Area
9q9ej1,Rest of Bay Area
9q9ej2,Rest of Bay Area
9q9ej3,Rest of Bay Area
9q9ej4,Rest of Bay Area
9q9ej5,Rest of Bay Area
9q9ej6,Rest of Bay Area
9q9ej7,Rest of Bay Area
9q9ej8,Rest of Bay Area
9q9ej9,Rest of Bay Area
9q9ejb,Rest of Bay Area
9q9ejc,Rest of Bay Area
9q9ejd,Rest of Bay Area
9q9eje,Rest of Bay Area
9q9ejf,Rest of Bay Area
9q9ejg,Rest of Bay Area
9q9ejh,Rest of Bay Area
9q9ejj,Rest of Bay Area
9q9ejk,Rest of Bay Area
9q9ejm,Rest of Bay Area
9q9ejn,Rest of Bay Area
9q9ejp,Rest of Bay Area
9q9ejq,Rest of Bay Area
9q9ejr,Rest of Bay Area
9q9ejs,Rest of Bay Area
9q9ejt,Rest of Bay Area
9q9eju,Rest of Bay Area
9q9ejv,Rest of Bay Area
9q9ejw,Rest of Bay Area
9q9ejx,Rest of Bay Area
9q9ejy,Rest of Bay Area
9q9ejz,Rest of Bay Area
9q9ek0,Rest of Bay Area
9q9ek1,Rest of Bay Area
9q9ek2,Rest of Bay Area
9q9ek3,Rest of Bay Area
9q9ek4,Rest of Bay Area
9q9ek5,Rest of Bay Area
9q9ek6,Rest of Bay Area
9q9ek7,Rest of Bay Area
9q9ek8,Rest of Bay Area
9q9ek9,Rest of Bay Area
9q9ekb,Rest of Bay Area
9q9ekc,Rest of Bay Area
9q9ekd,Rest of Bay Area
9q9eke,Rest of Bay Area
9q9ekf,Rest of Bay Area
9q9ekg,Rest of Bay Area
9q9ekh,Rest of Bay Area
9q9ekj,Rest of Bay Area
9q9ekk,Rest of Bay Area
9q9ekm,Rest of Bay Area
9q9ekn,Rest of Bay Area
9q9ekp,Rest of Bay Area
9q9ekq,Rest of Bay Area
9q9ekr,Rest of Bay Area
9q9eks,Rest of Bay Area
9q9ekt,Rest of Bay Area
9q9eku,Rest of Bay Area
9q9ekv,Rest of Bay Area
9q9ekw,Rest of Bay Area
9q9ekx,Rest of Bay Area
9q9eky,Rest of Bay Area
9q9ekz,Rest of Bay Area
9q9em0,Rest of Bay Area
9q9em1,Rest of Bay Area
9q9em2,Rest of Bay Area
9q9em3,Rest of Bay Area
9q9em4,Rest of Bay Area
9q9em5,Rest of Bay Area
9q9em6,Rest of Bay Area
9q9em7,Rest of Bay Area
9q9em8,Rest of Bay Area
9q9em9,Rest of Bay Area
9q9emb,Rest of Bay Area
9q9emc,Rest of Bay Area
9q9emd,Rest of Bay Area
9q9eme,Rest of Bay Area
9q9emf,Rest of Bay Area
9q9emg,Rest of Bay Area
9q9emh,Rest of Bay Area
9q9emj,Rest of Bay Area
9q9emk,Rest of Bay Area
9q9emm,Rest of Bay Area
9q9emn,Rest of Bay Area
9q9emp,Rest of Bay Area
9q9emq,Rest of Bay Area
9q9emu,Rest of Bay Area
9q9emv,Rest of Bay Area
9q9emy,Rest of Bay Area
9q9emz,Rest of Bay Area
9q9en0,Rest of Bay Area
9q9en1,Rest of Bay Area
9q9en2,Rest of Bay Area
9q9en3,Rest of Bay Area
9q9en4,Rest of Bay Area
9q9en5,Rest of Bay Area
9q9en6,Rest of Bay Area
9q9en7,Rest of Bay Area
9q9en8,Rest of Bay Area
9q9en9,Rest of Bay Area
9q9enb,Rest of Bay Area
9q9enc,Rest of Bay Area
9q9end,Rest of Bay Area
9q9ene,Rest of Bay Area
9q9enf,Rest of Bay Area
9q9eng,Rest of Bay Area
9q9enh,Rest of Bay Area
9q9enj,Rest of Bay Area
9q9enk,Rest of Bay Area
9q9enm,Rest of Bay Area
9q9enn,Rest of Bay Area
9q9enp,Rest of Bay Area
9q9enq,Rest of Bay Area
9q9enr,Rest of Bay Area
9q9ens,Rest of Bay Area
9q9ent,Rest of Bay Area
9q9enu,Rest of Bay Area
9q9env,Rest of Bay Area
9q9enw,Rest of Bay Area
9q9enx,Rest of Bay Area
9q9eny,Rest of Bay Area
9q9enz,Rest of Bay Area
9q9ep0,Rest of Bay Area
9q9ep1,Rest of Bay Area
9q9ep2,Rest of Bay Area
9q9ep3,Rest of Bay Area
9q9ep4,Rest of Bay Area
9q9ep5,Rest of Bay Area
9q9ep6,Rest of Bay Area
9q9ep7,Rest of Bay Area
9q9ep8,Rest of Bay Area
9q9ep9,Rest of Bay Area
9q9epb,Rest of Bay Area
9q9epc,Rest of Bay Area
9q9epd,Rest of Bay Area
9q9epe,Rest of Bay Area
9q9epf,Rest of Bay Area
9q9epg,Rest of Bay Area
9q9eph,Rest of Bay Area
9q9epj,Rest of Bay Area
9q9epk,Rest of Bay Area
9q9epm,Rest of Bay Area
9q9epn,Rest of Bay Area
9q9epp,Rest of Bay Area
9q9epq,Rest of Bay Area
9q9epr,Rest of Bay Area
9q9eps,Rest of Bay Area
9q9ept,Rest of Bay Area
9q9epu,Rest of Bay Area
9q9epv,Rest of Bay Area
9q9epw,Rest of Bay Area
9q9epx,Rest of Bay Area
9q9epy,Rest of Bay Area
9q9epz,Rest of Bay Area
9q9eq0,Rest of Bay Area
9q9eq1,Rest of Bay Area
9q9eq2,Rest of Bay Area
9q9eq3,Rest of Bay Area
9q9eq4,Rest of Bay Area
9q9eq5,Rest of Bay Area
9q9eq6,Rest of Bay Area
9q9eq7,Rest of Bay Area
9q9eq8,Rest of Bay Area
9q9eq9,Rest of Bay Area
9q9eqb,Rest of Bay Area
9q9eqc,Rest of Bay Area
9q9eqd,Rest of Bay Area
9q9eqe,Rest of Bay Area
9q9eqf,Rest of Bay Area
9q9eqg,Rest of Bay Area
9q9eqh,Rest of Bay Area
9q9eqj,Rest of Bay Area
9q9eqk,Rest of Bay Area
9q9eqm,Rest of Bay Area
9q9eqn,Rest of Bay Area
9q9eqp,Rest of Bay Area
9q9eqq,Rest of Bay Area
9q9eqr,Rest of Bay Area
9q9eqs,Rest of Bay Area
9q9eqt,Rest of Bay Area
9q9equ,Rest of Bay Area
9q9eqv,Rest of Bay Area
9q9eqw,Rest of Bay Area
9q9eqx,Rest of Bay Area
9q9eqy,Rest of Bay Area
9q9eqz,Rest of Bay Area
9q9er0,Rest of Bay Area
9q9er1,Rest of Bay Area
9q9er2,Rest of Bay Area
9q9er3,Rest of Bay Area
9q9er4,Rest of Bay Area
9q9er5,Rest of Bay Area
9q9er6,Rest of Bay Area
9q9er7,Rest of Bay Area
9q9er8,Rest of Bay Area
9q9er9,Rest of Bay Area
9q9erb,Rest of Bay Area
9q9erc,Rest of Bay Area
9q9erd,Rest of Bay Area
9q9ere,Rest of Bay Area
9q9erf,Rest of Bay Area
9q9erg,Rest of Bay Area
9q9erh,Rest of Bay Area
9q9erj,Rest of Bay Area
9q9erk,Rest of Bay Area
9q9erm,Rest of Bay Area
9q9ern,Rest of Bay Area
9q9erq,Rest of Bay Area
9q9ers,Rest of Bay Area
9q9ert,Rest of Bay Area
9q9eru,Rest of Bay Area
9q9erv,Rest of Bay Area
9q9erw,Rest of Bay Area
9q9ery,Rest of Bay Area
9q9erz,Rest of Bay Area
9q9es0,Rest of Bay Area
9q9es1,Rest of Bay Area
9q9es2,Rest of Bay Area
9q9es3,Rest of Bay Area
9q9es4,Rest of Bay Area
9q9es5,Rest of Bay Area
9q9es6,Rest of Bay Area
9q9es7,Rest of Bay Area
9q9es8,Rest of Bay Area
9q9es9,Rest of Bay Area
9q9esb,Rest of Bay Area
9q9esc,Rest of Bay Area
9q9esd,Rest of Bay Area
9q9ese,Rest of Bay Area
9q9esf,Rest of Bay Area
9q9esg,Rest of Bay Area
9q9esh,Rest of Bay Area
9q9esj,Rest of Bay Area
9q9esk,Rest of Bay Area
9q9esm,Rest of Bay Area
9q9esn,Rest of Bay Area
9q9esp,Rest of Bay Area
9q9esq,Rest of Bay Area
9q9esr,Rest of Bay Area
9q9ess,Rest of Bay Area
9q9est,Rest of Bay Area
9q9esu,Rest of Bay Area
9q9esv,Rest of Bay Area
9q9esw,Rest of Bay Area
9q9esx,Rest of Bay Area
9q9esy,Rest of Bay Area
9q9esz,Rest of Bay Area
9q9et0,Rest of Bay Area
9q9et1,Rest of Bay Area
9q9et2,Rest of Bay Area
9q9et3,Rest of Bay Area
9q9et4,Rest of Bay Area
9q9et5,Rest of Bay Area
9q9eth,Rest of Bay Area
9q9etj,Rest of Bay Area
9q9etn,Rest of Bay Area
9q9eu0,Rest of Bay Area
9q9eu1,Rest of Bay Area
9q9eu2,Rest of Bay Area
9q9eu3,Rest of Bay Area
9q9eu4,Rest of Bay Area
9q9eu5,Rest of Bay Area
9q9eu6,Rest of Bay Area
9q9eu7,Rest of Bay Area
9q9eu8,Rest of Bay Area
9q9eu9,Rest of Bay Area
9q9eub,Rest of Bay Area
9q9euc,Rest of Bay Area
9q9eud,Rest of Bay Area
9q9euh,Rest of Bay Area
9q9euj,Rest of Bay Area
9q9euk,Rest of Bay Area
9q9eum,Rest of Bay Area
9q9eun,Rest of Bay Area
9q9eup,Rest of Bay Area
9q9euq,Rest of Bay Area
9q9eur,Rest of Bay Area
9q9ew0,Rest of Bay Area
9q9ew2,Rest of Bay Area
9q9ew3,Rest of Bay Area
9q9ew8,Rest of Bay Area
9q9ew9,Rest of Bay Area
9q9exb,Rest of Bay Area
9q9f20,Rest of Bay Area
9q9f21,Rest of Bay Area
9q9f22,Rest of Bay Area
9q9f23,Rest of Bay Area
9q9f24,Rest of Bay Area
9q9f25,Rest of Bay Area
9q9f26,Rest of Bay Area
9q9f27,Rest of Bay Area
9q9f28,Rest of Bay Area
9q9f29,Rest of Bay Area
9q9f2b,Rest of Bay Area
9q9f2c,Rest of Bay Area
9q9f2d,Rest of Bay Area
9q9f2e,Rest of Bay Area
9q9f2f,Rest of Bay Area
9q9f2g,Rest of Bay Area
9q9f2h,Rest of Bay Area
9q9f2j,Rest of Bay Area
9q9f2k,Rest of Bay Area
9q9f2m,Rest of Bay Area
9q9f2n,Rest of Bay Area
9q9f2p,Rest of Bay Area
9q9f2q,Rest of Bay Area
9q9f2r,Rest of Bay Area
9q9f2s,Rest of Bay Area
9q9f2t,Rest of Bay Area
9q9f2u,Rest of Bay Area
9q9f2v,Rest of Bay Area
9q9f2w,Rest of Bay Area
9q9f2x,Rest of Bay Area
9q9f2y,Rest of Bay Area
9q9f2z,Rest of Bay Area
9q9f30,Rest of Bay Area
9q9f31,Rest of Bay Area
9q9f32,Rest of Bay Area
9q9f33,Rest of Bay Area
9q9f34,Rest of Bay Area
9q9f35,Rest of Bay Area
9q9f36,Rest of Bay Area
9q9f38,Rest of Bay Area
9q9f39,Rest of Bay Area
9q9f3h,Rest of Bay Area
9q9f3j,Rest of Bay Area
9q9f3n,Rest of Bay Area
9q9f3p,Rest of Bay Area
9q9f3r,Rest of Bay Area
9q9f80,Rest of Bay Area
9q9f81,Rest of Bay Area
9q9f82,Rest of Bay Area
9q9f83,Rest of Bay Area
9q9f84,Rest of Bay Area
9q9f85,Rest of Bay Area
9q9f86,Rest of Bay Area
9q9f87,Rest of Bay Area
9q9f88,Rest of Bay Area
9q9f89,Rest of Bay Area
9q9f8b,Rest of Bay Area
9q9f8c,Rest of Bay Area
9q9f8d,Rest of Bay Area
9q9f8e,Rest of Bay Area
9q9f8f,Rest of Bay Area
9q9f8g,Rest of Bay Area
9q9f8h,Rest of Bay Area
9q9f8j,Rest of Bay Area
9q9f8k,Rest of Bay Area
9q9f8m,Rest of Bay Area
9q9f8n,Rest of Bay Area
9q9f8p,Rest of Bay Area
9q9f8q,Rest of Bay Area
9q9f8r,Rest of Bay Area
9q9f8s,Rest of Bay Area
9q9f8t,Rest of Bay Area
9q9f8u,Rest of Bay Area
9q9f8v,Rest of Bay Area
9q9f8w,Rest of Bay Area
9q9f8x,Rest of Bay Area
9q9f8y,Rest of Bay Area
9q9f8z,Rest of Bay Area
9q9f90,Rest of Bay Area
9q9f91,Rest of Bay Area
9q9f92,Rest of Bay Area
9q9f93,Rest of Bay Area
9q9f94,Rest of Bay Area
9q9f95,Rest of Bay Area
9q9f9j,Rest of Bay Area
9q9f9n,Rest of Bay Area
9q9f9p,Rest of Bay Area
9q9f9q,Rest of Bay Area
9q9f9r,Rest of Bay Area
9q9f9w,Rest of Bay Area
9q9f9x,Rest of Bay Area
9q9fb0,Rest of Bay Area
9q9fb1,Rest of Bay Area
9q9fb2,Rest of Bay Area
9q9fb3,Rest of Bay Area
9q9fb4,Rest of Bay Area
9q9fb5,Rest of Bay Area
9q9fb6,Rest of Bay Area
9q9fb7,Rest of Bay Area
9q9fb8,Rest of Bay Area
9q9fb9,Rest of Bay Area
9q9fbb,Rest of Bay Area
9q9fbc,Rest of Bay Area
9q9fbd,Rest of Bay Area
9q9fbe,Rest of Bay Area
9q9fbf,Rest of Bay Area
9q9fbg,Rest of Bay Area
9q9fbh,Rest of Bay Area
9q9fbj,Rest of Bay Area
9q9fbk,Rest of Bay Area
9q9fbm,Rest of Bay Area
9q9fbn,Rest of Bay Area
9q9fbp,Rest of Bay Area
9q9fbq,Rest of Bay Area
9q9fbr,Rest of Bay Area
9q9fbs,Rest of Bay Area
9q9fbt,Rest of Bay Area
9q9fbu,Rest of Bay Area
9q9fbv,Rest of Bay Area
9q9fbw,Rest of Bay Area
9q9fbx,Rest of Bay Area
9q9fby,Rest of Bay Area
9q9fbz,Rest of Bay Area
9q9fc0,Rest of Bay Area
9q9fc1,Rest of Bay Area
9q9fc2,Rest of Bay Area
9q9fc3,Rest of Bay Area
9q9fc4,Rest of Bay Area
9q9fc5,Rest of Bay Area
9q9fc6,Rest of Bay Area
9q9fc7,Rest of Bay Area
9q9fc8,Rest of Bay Area
9q9fc9,Rest of Bay Area
9q9fcc,Rest of Bay Area
9q9fcd,Rest of Bay Area
9q9fce,Rest of Bay Area
9q9fcf,Rest of Bay Area
9q9fcg,Rest of Bay Area
9q9fch,Rest of Bay Area
9q9fcj,Rest of Bay Area
9q9fck,Rest of Bay Area
9q9fcm,Rest of Bay Area
9q9fcn,Rest of Bay Area
9q9fcp,Rest of Bay Area
9q9fcq,Rest of Bay Area
9q9fcr,Rest of Bay Area
9q9fcs,Rest of Bay Area
9q9fct,Rest of Bay Area
9q9fcu,Rest of Bay Area
9q9g00,Rest of Bay Area
9q9g01,Rest of Bay Area
9q9g02,Rest of Bay Area
9q9g03,Rest of Bay Area
9q9g04,Rest of Bay Area
9q9g05,Rest of Bay Area
9q9g06,Rest of Bay Area
9q9g07,Rest of Bay Area
9q9g08,Rest of Bay Area
9q9g09,Rest of Bay Area
9q9g0b,Rest of Bay Area
9q9g0c,Rest of Bay Area
9q9g0d,Rest of Bay Area
9q9g0e,Rest of Bay Area
9q9g0f,Rest of Bay Area
9q9g0g,Rest of Bay Area
9q9g0h,Rest of Bay Area
9q9g0j,Rest of Bay Area
9q9g0k,Rest of Bay Area
9q9g0m,Rest of Bay Area
9q9g0n,Rest of Bay Area
9q9g0p,Rest of Bay Area
9q9g0q,Rest of Bay Area
9q9g0r,Rest of Bay Area
9q9g0s,Rest of Bay Area
9q9g0t,Rest of Bay Area
9q9g0u,Rest of Bay Area
9q9g0v,Rest of Bay Area
9q9g0w,Rest of Bay Area
9q9g0x,Rest of Bay Area
9q9g0y,Rest of Bay Area
9q9g0z,Rest of Bay Area
9q9g10,Rest of Bay Area
9q9g11,Rest of Bay Area
9q9g12,Rest of Bay Area
9q9g13,Rest of Bay Area
9q9g14,Rest of Bay Area
9q9g15,Rest of Bay Area
9q9g16,Rest of Bay Area
9q9g17,Rest of Bay Area
9q9g1h,Rest of Bay Area
9q9g1j,Rest of Bay Area
9q9g1k,Rest of Bay Area
9q9g1m,Rest of Bay Area
9q9g1n,Rest of Bay Area
9q9g1p,Rest of Bay Area
9q9g1q,Rest of Bay Area
9q9g1r,Rest of Bay Area
9q9g1s,Rest of Bay Area
9q9g1t,Rest of Bay Area
9q9g1w,Rest of Bay Area
9q9g1x,Rest of Bay Area
9q9g20,Rest of Bay Area
9q9g21,Rest of Bay Area
9q9g22,Rest of Bay Area
9q9g23,Rest of Bay Area
9q9g24,Rest of Bay Area
9q9g25,Rest of Bay Area
9q9g26,Rest of Bay Area
9q9g27,Rest of Bay Area
9q9g28,Rest of Bay Area
9q9g29,Rest of Bay Area
9q9g2b,Rest of Bay Area
9q9g2c,Rest of Bay Area
9q9g2d,Rest of Bay Area
9q9g2e,Rest of Bay Area
9q9g2f,Rest of Bay Area
9q9g2g,Rest of Bay Area
9q9g2h,Rest of Bay Area
9q9g2j,Rest of Bay Area
9q9g2k,Rest of Bay Area
9q9g2m,Rest of Bay Area
9q9g2n,Rest of Bay Area
9q9g2p,Rest of Bay Area
9q9g2q,Rest of Bay Area
9q9g2r,Rest of Bay Area
9q9g2s,Rest of Bay Area
9q9g2t,Rest of Bay Area
9q9g2u,Rest of Bay Area
9q9g30,Rest of Bay Area
9q9g31,Rest of Bay Area
9q9g32,Rest of Bay Area
9q9g33,Rest of Bay Area
9q9g34,Rest of Bay Area
9q9g35,Rest of Bay Area
9q9g3h,Rest of Bay Area
9q9g80,Rest of Bay Area
9q9g82,Rest of Bay Area
9q9h00,Rest of Bay Area
9q9h01,Rest of Bay Area
9q9h02,Rest of Bay Area
9q9h03,Rest of Bay Area
9q9h04,Rest of Bay Area
9q9h05,Rest of Bay Area
9q9h06,Rest of Bay Area
9q9h07,Rest of Bay Area
9q9h08,Rest of Bay Area
9q9h09,Rest of Bay Area
9q9h0b,Rest of Bay Area
9q9h0c,Rest of Bay Area
9q9h0d,Rest of Bay Area
9q9h0e,Rest of Bay Area
9q9h0f,Rest of Bay Area
9q9h0g,Rest of Bay Area
9q9h0h,Rest of Bay Area
9q9h0j,Rest of Bay Area
9q9h0k,Rest of Bay Area
9q9h0m,Rest of Bay Area
9q9h0n,Rest of Bay Area
9q9h0p,Rest of Bay Area
9q9h0q,Rest of Bay Area
9q9h0r,Rest of Bay Area
9q9h0s,Rest of Bay Area
9q9h0t,Rest of Bay Area
9q9h0u,Rest of Bay Area
9q9h0v,Rest of Bay Area
9q9h0w,Rest of Bay Area
9q9h0x,Rest of Bay Area
9q9h0y,Rest of Bay Area
9q9h0z,Rest of Bay Area
9q9h10,Rest of Bay Area
9q9h11,Rest of Bay Area
9q9h12,Rest of Bay Area
9q9h13,Rest of Bay Area
9q9h14,Rest of Bay Area
9q9h15,Rest of Bay Area
9q9h16,Rest of Bay Area
9q9h17,Rest of Bay Area
9q9h18,Rest of Bay Area
9q9h19,Rest of Bay Area
9q9h1b,Rest of Bay Area
9q9h1c,Rest of Bay Area
9q9h1d,Rest of Bay Area
9q9h1e,Rest of Bay Area
9q9h1f,Rest of Bay Area
9q9h1g,Rest of Bay Area
9q9h1h,Rest of Bay Area
9q9h1j,Rest of Bay Area
9q9h1k,Rest of Bay Area
9q9h1m,Rest of Bay Area
9q9h1n,Rest of Bay Area
9q9h1p,Rest of Bay Area
9q9h1q,Rest of Bay Area
9q9h1r,Rest of Bay Area
9q9h1s,Rest of Bay Area
9q9h1t,Rest of Bay Area
9q9h1u,Rest of Bay Area
9q9h1v,Rest of Bay Area
9q9h1w,Rest of Bay Area
9q9h1x,Rest of Bay Area
9q9h1y,Rest of Bay Area
9q9h1z,Rest of Bay Area
9q9h20,Rest of Bay Area
9q9h21,Rest of Bay Area
9q9h22,Rest of Bay Area
9q9h23,Rest of Bay Area
9q9h24,Rest of Bay Area
9q9h25,Rest of Bay Area
9q9h26,Rest of Bay Area
9q9h27,Rest of Bay Area
9q9h28,Rest of Bay Area
9q9h29,Rest of Bay Area
9q9h2b,Rest of Bay Area
9q9h2c,Rest of Bay Area
9q9h2d,Rest of Bay Area
9q9h2e,Rest of Bay Area
9q9h2f,Rest of Bay Area
9q9h2g,Rest of Bay Area
9q9h2h,Rest of Bay Area
9q9h2j,Rest of Bay Area
9q9h2k,Rest of Bay Area
9q9h2m,Rest of Bay Area
9q9h2n,Rest of Bay Area
9q9h2p,Rest of Bay Area
9q9h2q,Rest of Bay Area
9q9h2r,Rest of Bay Area
9q9h2s,Rest of Bay Area
9q9h2t,Rest of Bay Area
9q9h2u,Rest of Bay Area
9q9h2v,Rest of Bay Area
9q9h2w,Rest of Bay Area
9q9h2x,Rest of Bay Area
9q9h2y,Rest of Bay Area
9q9h2z,Rest of Bay Area
9q9h30,Rest of Bay Area
9q9h31,Rest of Bay Area
9q9h32,Rest of Bay Area
9q9h33,Rest of Bay Area
9q9h34,Rest of Bay Area
9q9h35,Rest of Bay Area
9q9h36,Rest of Bay Area
9q9h37,Rest of Bay Area
9q9h38,Rest of Bay Area
9q9h39,Rest of Bay Area
9q9h3b,Rest of Bay Area
9q9h3c,Rest of Bay Area
9q9h3d,Rest of Bay Area
9q9h3e,Rest of Bay Area
9q9h3f,Rest of Bay Area
9q9h3g,Rest of Bay Area
9q9h3h,Rest of Bay Area
9q9h3j,Rest of Bay Area
9q9h3k,Rest of Bay Area
9q9h3m,Rest of Bay Area
9q9h3n,Rest of Bay Area
9q9h3p,Rest of Bay Area
9q9h3q,Rest of Bay Area
9q9h3r,Rest of Bay Area
9q9h3s,Rest of Bay Area
9q9h3t,Rest of Bay Area
9q9h3u,Rest of Bay Area
9q9h3v,Rest of Bay Area
9q9h3w,Rest of Bay Area
9q9h3x,Rest of Bay Area
9q9h3y,Rest of Bay Area
9q9h3z,Rest of Bay Area
9q9h40,Rest of Bay Area
9q9h41,Rest of Bay Area
9q9h42,Rest of Bay Area
9q9h43,Rest of Bay Area
9q9h44,Rest of Bay Area
9q9h45,Rest of Bay Area
9q9h46,Rest of Bay Area
9q9h47,Rest of Bay Area
9q9h48,Rest of Bay Area
9q9h49,Rest of Bay Area
9q9h4b,Rest of Bay Area
9q9h4c,Rest of Bay Area
9q9h4d,Rest of Bay Area
9q9h4e,Rest of Bay Area
9q9h4f,Rest of Bay Area
9q9h4g,Rest of Bay Area
9q9h4h,Rest of Bay Area
9q9h4j,Rest of Bay Area
9q9h4k,Rest of Bay Area
9q9h4m,Rest of Bay Area
9q9h4n,Rest of Bay Area
9q9h4p,Rest of Bay Area
9q9h4q,Rest of Bay Area
9q9h4r,Rest of Bay Area
9q9h4s,Rest of Bay Area
9q9h4t,Rest of Bay Area
9q9h4u,Rest of Bay Area
9q9h4v,Rest of Bay Area
9q9h4w,Rest of Bay Area
9q9h4x,Rest of Bay Area
9q9h4y,Rest of Bay Area
9q9h4z,Rest of Bay Area
9q9h50,Rest of Bay Area
9q9h51,Rest of Bay Area
9q9h52,Rest of Bay Area
9q9h53,Rest of Bay Area
9q9h54,Rest of Bay Area
9q9h55,Rest of Bay Area
9q9h56,Rest of Bay Area
9q9h57,Rest of Bay Area
9q9h58,Rest of Bay Area
9q9h59,Rest of Bay Area
9q9h5b,Rest of Bay Area
9q9h5c,Rest of Bay Area
9q9h5d,Rest of Bay Area
9q9h5e,Rest of Bay Area
9q9h5f,Rest of Bay Area
9q9h5g,Rest of Bay Area
9q9h5h,Rest of Bay Area
9q9h5j,Rest of Bay Area
9q9h5k,Rest of Bay Area
9q9h5m,Rest of Bay Area
9q9h5n,Rest of Bay Area
9q9h5p,Rest of Bay Area
9q9h5q,Rest of Bay Area
9q9h5r,Rest of Bay Area
9q9h5s,Rest of Bay Area
9q9h5t,Rest of Bay Area
9q9h5u,Rest of Bay Area
9q9h5v,Rest of Bay Area
9q9h5w,Rest of Bay Area
9q9h5x,Rest of Bay Area
9q9h5y,Rest of Bay Area
9q9h5z,Rest of Bay Area
9q9h60,Rest of Bay Area
9q9h61,Rest of Bay Area
9q9h62,Rest of Bay Area
9q9h63,Rest of Bay Area
9q9h64,Rest of Bay Area
9q9h65,Rest of Bay Area
9q9h66,Rest of Bay Area
9q9h67,Rest of Bay Area
9q9h68,Rest of Bay Area
9q9h69,Rest of Bay Area
9q9h6b,Rest of Bay Area
9q9h6c,Rest of Bay Area
9q9h6d,Rest of Bay Area
9q9h6e,Rest of Bay Area
9q9h6f,Rest of Bay Area
9q9h6g,Rest of Bay Area
9q9h6h,Rest of Bay Area
9q9h6j,Rest of Bay Area
9q9h6k,Rest of Bay Area
9q9h6m,Rest of Bay Area
9q9h6n,Rest of Bay Area
9q9h6p,Rest of Bay Area
9q9h6q,Rest of Bay Area
9q9h6r,Rest of Bay Area
9q9h6s,Rest of Bay Area
9q9h6t,Rest of Bay Area
9q9h6u,Rest of Bay Area
9q9h6v,Rest of Bay Area
9q9h6w,Rest of Bay Area
9q9h6x,Rest of Bay Area
9q9h6y,Rest of Bay Area
9q9h6z,Rest of Bay Area
9q9h70,Rest of Bay Area
9q9h71,Rest of Bay Area
9q9h72,Rest of Bay Area
9q9h73,Rest of Bay Area
9q9h74,Rest of Bay Area
9q9h75,Rest of Bay Area
9q9h76,Rest of Bay Area
9q9h77,Rest of Bay Area
9q9h78,Rest of Bay Area
9q9h79,Rest of Bay Area
9q9h7b,Rest of Bay Area
9q9h7c,Rest of Bay Area
9q9h7d,Rest of Bay Area
9q9h7e,Rest of Bay Area
9q9h7f,Rest of Bay Area
9q9h7g,Rest of Bay Area
9q9h7h,Rest of Bay Area
9q9h7j,Rest of Bay Area
9q9h7k,Rest of Bay Area
9q9h7m,Rest of Bay Area
9q9h7n,Rest of Bay Area
9q9h7p,Rest of Bay Area
9q9h7q,Rest of Bay Area
9q9h7r,Rest of Bay Area
9q9h7s,Rest of Bay Area
9q9h7t,Rest of Bay Area
9q9h7u,Rest of Bay Area
9q9h7v,Rest of Bay Area
9q9h7w,Rest of Bay Area
9q9h7x,Rest of Bay Area
9q9h7y,Rest of Bay Area
9q9h7z,Rest of Bay Area
9q9h80,Rest of Bay Area
9q9h81,Rest of Bay Area
9q9h82,Rest of Bay Area
9q9h83,Rest of Bay Area
9q9h84,Rest of Bay Area
9q9h85,Rest of Bay Area
9q9h86,Rest of Bay Area
9q9h87,Rest of Bay Area
9q9h88,Rest of Bay Area
9q9h89,Rest of Bay Area
9q9h8b,Rest of Bay Area
9q9h8c,Rest of Bay Area
9q9h8d,Rest of Bay Area
9q9h8e,Rest of Bay Area
9q9h8f,Rest of Bay Area
9q9h8g,Rest of Bay Area
9q9h8h,Rest of Bay Area
9q9h8j,Rest of Bay Area
9q9h8k,Rest of Bay Area
9q9h8m,Rest of Bay Area
9q9h8n,Rest of Bay Area
9q9h8p,Rest of Bay Area
9q9h8q,Rest of Bay Area
9q9h8r,Rest of Bay Area
9q9h8s,Rest of Bay Area
9q9h8t,Rest of Bay Area
9q9h8u,Rest of Bay Area
9q9h8v,Rest of Bay Area
9q9h8w,Rest of Bay Area
9q9h8x,Rest of Bay Area
9q9h8y,Rest of Bay Area
9q9h8z,Rest of Bay Area
9q9h90,Rest of Bay Area
9q9h91,Rest of Bay Area
9q9h92,Rest of Bay Area
9q9h93,Rest of Bay Area
9q9h94,Rest of Bay Area
9q9h95,Rest of Bay Area
9q9h96,Rest of Bay Area
9q9h97,Rest of Bay Area
9q9h98,Rest of Bay Area
9q9h99,Rest of Bay Area
9q9h9b,Rest of Bay Area
9q9h9c,Rest of Bay Area
9q9h9d,Rest of Bay Area
9q9h9e,Rest of Bay Area
9q9h9f,Rest of Bay Area
9q9h9g,Rest of Bay Area
9q9h9h,Rest of Bay Area
9q9h9j,Rest of Bay Area
9q9h9k,Rest of Bay Area
9q9h9m,Rest of Bay Area
9q9h9n,Rest of Bay Area
9q9h9p,Rest of Bay Area
9q9h9q,Rest of Bay Area
9q9h9r,Rest of Bay Area
9q9h9s,Rest of Bay Area
9q9h9t,Rest of Bay Area
9q9h9u,Rest of Bay Area
9q9h9v,Rest of Bay Area
9q9h9w,Rest of Bay Area
9q9h9x,Rest of Bay Area
9q9h9y,Rest of Bay Area
9q9h9z,Rest of Bay Area
9q9hb0,Rest of Bay Area
9q9hb1,Rest of Bay Area
9q9hb2,Rest of Bay Area
9q9hb3,Rest of Bay Area
9q9hb4,Rest of Bay Area
9q9hb5,Rest of Bay Area
9q9hb6,Rest of Bay Area
9q9hb7,Rest of Bay Area
9q9hb8,Rest of Bay Area
9q9hb9,Rest of Bay Area
9q9hbb,Rest of Bay Area
9q9hbc,Rest of Bay Area
9q9hbd,Rest of Bay Area
9q9hbe,Rest of Bay Area
9q9hbf,Rest of Bay Area
9q9hbg,Rest of Bay Area
9q9hbh,Rest of Bay Area
9q9hbj,Rest of Bay Area
9q9hbk,Rest of Bay Area
9q9hbm,Rest of Bay Area
9q9hbn,Rest of Bay Area
9q9hbp,Rest of Bay Area
9q9hbq,Rest of Bay Area
9q9hbr,Rest of Bay Area
9q9hbs,Rest of Bay Area
9q9hbt,Rest of Bay Area
9q9hbu,Rest of Bay Area
9q9hbv,Rest of Bay Area
9q9hbw,Rest of Bay Area
9q9hbx,Rest of Bay Area
9q9hby,Rest of Bay Area
9q9hbz,Rest of Bay Area
9q9hc0,Rest of Bay Area
9q9hc1,Rest of Bay Area
9q9hc2,Rest of Bay Area
9q9hc3,Rest of Bay Area
9q9hc4,Rest of Bay Area
9q9hc5,Rest of Bay Area
9q9hc6,Rest of Bay Area
9q9hc7,Rest of Bay Area
9q9hc8,Rest of Bay Area
9q9hc9,Rest of Bay Area
9q9hcb,Rest of Bay Area
9q9hcc,Rest of Bay Area
9q9hcd,Rest of Bay Area
9q9hce,Rest of Bay Area
9q9hcf,Rest of Bay Area
9q9hcg,Rest of Bay Area
9q9hch,Rest of Bay Area
9q9hcj,Rest of Bay Area
9q9hck,Rest of Bay Area
9q9hcm,Rest of Bay Area
9q9hcn,Rest of Bay Area
9q9hcp,Rest of Bay Area
9q9hcq,Rest of Bay Area
9q9hcr,Rest of Bay Area
9q9hcs,Rest of Bay Area
9q9hct,Rest of Bay Area
9q9hcu,Rest of Bay Area
9q9hcv,Rest of Bay Area
9q9hcw,Rest of Bay Area
9q9hcx,Rest of Bay Area
9q9hcy,Rest of Bay Area
9q9hcz,Rest of Bay Area
9q9hd0,Rest of Bay Area
9q9hd1,Rest of Bay Area
9q9hd2,Rest of Bay Area
9q9hd3,Rest of Bay Area
9q9hd4,Rest of Bay Area
9q9hd5,Rest of Bay Area
9q9hd6,Rest of Bay Area
9q9hd7,Rest of Bay Area
9q9hd8,Rest of Bay Area
9q9hd9,Rest of Bay Area
9q9hdb,Rest of Bay Area
9q9hdc,Rest of Bay Area
9q9hdd,Rest of Bay Area
9q9hde,Rest of Bay Area
9q9hdf,Rest of Bay Area
9q9hdg,Rest of Bay Area
9q9hdh,Rest of Bay Area
9q9hdj,Rest of Bay Area
9q9hdk,Rest of Bay Area
9q9hdm,Rest of Bay Area
9q9hdn,Rest of Bay Area
9q9hdp,Rest of Bay Area
9q9hdq,Rest of Bay Area
9q9hdr,Rest of Bay Area
9q9hds,Rest of Bay Area
9q9hdt,Rest of Bay Area
9q9hdu,Rest of Bay Area
9q9hdv,Rest of Bay Area
9q9hdw,Rest of Bay Area
9q9hdx,Rest of Bay Area
9q9hdy,Rest of Bay Area
9q9hdz,Rest of Bay Area
9q9he0,Rest of Bay Area
9q9he1,Rest of Bay Area
9q9he2,Rest of Bay Area
9q9he3,Rest of Bay Area
9q9he4,Rest of Bay Area
9q9he5,Rest of Bay Area
9q9he6,Rest of Bay Area
9q9he7,Rest of Bay Area
9q9he8,Rest of Bay Area
9q9he9,Rest of Bay Area
9q9heb,Rest of Bay Area
9q9hec,Rest of Bay Area
9q9hed,Rest of Bay Area
9q9hee,Rest of Bay Area
9q9hef,Rest of Bay Area
9q9heg,Rest of Bay Area
9q9heh,Rest of Bay Area
9q9hej,Rest of Bay Area
9q9hek,Rest of Bay Area
9q9hem,Rest of Bay Area
9q9hen,Rest of Bay Area
9q9hep,Rest of Bay Area
9q9heq,Rest of Bay Area
9q9her,Rest of Bay Area
9q9hes,Rest of Bay Area
9q9het,Rest of Bay Area
9q9heu,Rest of Bay Area
9q9hev,Rest of Bay Area
9q9hew,Rest of Bay Area
9q9hex,Rest of Bay Area
9q9hey,Rest of Bay Area
9q9hez,Rest of Bay Area
9q9hf0,Rest of Bay Area
9q9hf1,Rest of Bay Area
9q9hf2,Rest of Bay Area
9q9hf3,Rest of Bay Area
9q9hf4,Rest of Bay Area
9q9hf5,Rest of Bay Area
9q9hf6,Rest of Bay Area
9q9hf7,Rest of Bay Area
9q9hf8,Rest of Bay Area
9q9hf9,Rest of Bay Area
9q9hfb,Rest of Bay Area
9q9hfc,Rest of Bay Area
9q9hfd,Rest of Bay Area
9q9hfe,Rest of Bay Area
9q9hff,Rest of Bay Area
9q9hfg,Rest of Bay Area
9q9hfh,Rest of Bay Area
9q9hfj,Rest of Bay Area
9q9hfk,Rest of Bay Area
9q9hfm,Rest of Bay Area
9q9hfn,Rest of Bay Area
9q9hfp,Rest of Bay Area
9q9hfq,Rest of Bay Area
9q9hfr,Rest of Bay Area
9q9hfs,Rest of Bay Area
9q9hft,Rest of Bay Area
9q9hfu,Rest of Bay Area
9q9hfv,Rest of Bay Area
9q9hfw,Rest of Bay Area
9q9hfx,Rest of Bay Area
9q9hfy,Rest of Bay Area
9q9hfz,Rest of Bay Area
9q9hg0,Rest of Bay Area
9q9hg1,Rest of Bay Area
9q9hg2,Rest of Bay Area
9q9hg3,Rest of Bay Area
9q9hg4,Rest of Bay Area
9q9hg5,Rest of Bay Area
9q9hg6,Rest of Bay Area
9q9hg7,Rest of Bay Area
9q9hg8,Rest of Bay Area
9q9hg9,Rest of Bay Area
9q9hgb,Rest of Bay Area
9q9hgc,Rest of Bay Area
9q9hgd,Rest of Bay Area
9q9hge,Rest of Bay Area
9q9hgf,Rest of Bay Area
9q9hgg,Rest of Bay Area
9q9hgh,Rest of Bay Area
9q9hgj,Rest of Bay Area
9q9hgk,Rest of Bay Area
9q9hgm,Rest of Bay Area
9q9hgn,Rest of Bay Area
9q9hgp,Rest of Bay Area
9q9hgq,Rest of Bay Area
9q9hgr,Rest of Bay Area
9q9hgs,Rest of Bay Area
9q9hgt,Rest of Bay Area
9q9hgu,Rest of Bay Area
9q9hgv,Rest of Bay Area
9q9hgw,Rest of Bay Area
9q9hgx,Rest of Bay Area
9q9hgy,Rest of Bay Area
9q9hgz,Rest of Bay Area
9q9hh0,Rest of Bay Area
9q9hh1,Rest of Bay Area
9q9hh2,Rest of Bay Area
9q9hh3,Rest of Bay Area
9q9hh4,Rest of Bay Area
9q9hh5,Rest of Bay Area
9q9hh6,Rest of Bay Area
9q9hh7,Rest of Bay Area
9q9hh8,Rest of Bay Area
9q9hh9,Rest of Bay Area
9q9hhb,Rest of Bay Area
9q9hhc,Rest of Bay Area
9q9hhd,Rest of Bay Area
9q9hhe,Rest of Bay Area
9q9hhf,Rest of Bay Area
9q9hhg,Rest of Bay Area
9q9hhh,Rest of Bay Area
9q9hhj,Rest of Bay Area
9q9hhk,Rest of Bay Area
9q9hhm,Rest of Bay Area
9q9hhn,Rest of Bay Area
9q9hhp,Rest of Bay Area
9q9hhq,Rest of Bay Area
9q9hhr,Rest of Bay Area
9q9hhs,Rest of Bay Area
9q9hht,Rest of Bay Area
9q9hhu,Rest of Bay Area
9q9hhv,Rest of Bay Area
9q9hhw,Rest of Bay Area
9q9hhx,Rest of Bay Area
9q9hhy,Rest of Bay Area
9q9hhz,Rest of Bay Area
9q9hj0,Rest of Bay Area
9q9hj1,Rest of Bay Area
9q9hj2,Rest of Bay Area
9q9hj3,Rest of Bay Area
9q9hj4,Rest of Bay Area
9q9hj5,Rest of Bay Area
9q9hj6,Rest of Bay Area
9q9hj7,Rest of Bay Area
9q9hj8,Rest of Bay Area
9q9hj9,Rest of Bay Area
9q9hjb,Rest of Bay Area
9q9hjc,Rest of Bay Area
9q9hjd,Rest of Bay Area
9q9hje,Rest of Bay Area
9q9hjf,Rest of Bay Area
9q9hjg,Rest of Bay Area
9q9hjh,Rest of Bay Area
9q9hjj,Rest of Bay Area
9q9hjk,Rest of Bay Area
9q9hjm,Rest of Bay Area
9q9hjn,Rest of Bay Area
9q9hjp,Rest of Bay Area
9q9hjq,Rest of Bay Area
9q9hjr,Rest of Bay Area
9q9hjs,Rest of Bay Area
9q9hjt,Rest of Bay Area
9q9hju,Rest of Bay Area
9q9hjv,Rest of Bay Area
9q9hjw,Rest of Bay Area
9q9hjx,Rest of Bay Area
9q9hjy,Rest of Bay Area
9q9hjz,Rest of Bay Area
9q9hk0,Rest of Bay Area
9q9hk1,Rest of Bay Area
9q9hk2,Rest of Bay Area
9q9hk3,Rest of Bay Area
9q9hk4,Rest of Bay Area
9q9hk5,Rest of Bay Area
9q9hk6,Rest of Bay Area
9q9hk7,Rest of Bay Area
9q9hk8,Rest of Bay Area
9q9hk9,Rest of Bay Area
9q9hkb,Rest of Bay Area
9q9hkc,Rest of Bay Area
9q9hkd,Rest of Bay Area
9q9hke,Rest of Bay Area
9q9hkf,Rest of Bay Area
9q9hkg,Rest of Bay Area
9q9hkh,Rest of Bay Area
9q9hkj,Rest of Bay Area
9q9hkk,Rest of Bay Area
9q9hkm,Rest of Bay Area
9q9hkn,Rest of Bay Area
9q9hkp,Rest of Bay Area
9q9hkq,Rest of Bay Area
9q9hkr,Rest of Bay Area
9q9hks,Rest of Bay Area
9q9hkt,Rest of Bay Area
9q9hku,Rest of Bay Area
9q9hkv,Rest of Bay Area
9q9hkw,Rest of Bay Area
9q9hkx,Rest of Bay Area
9q9hky,Rest of Bay Area
9q9hkz,Rest of Bay Area
9q9hm0,Rest of Bay Area
9q9hm1,Rest of Bay Area
9q9hm2,Rest of Bay Area
9q9hm3,Rest of Bay Area
9q9hm4,Rest of Bay Area
9q9hm5,Rest of Bay Area
9q9hm6,Rest of Bay Area
9q9hm7,Rest of Bay Area
9q9hm8,Rest of Bay Area
9q9hm9,Rest of Bay Area
9q9hmb,Rest of Bay Area
9q9hmc,Rest of Bay Area
9q9hmd,Rest of Bay Area
9q9hme,Rest of Bay Area
9q9hmf,Rest of Bay Area
9q9hmg,Rest of Bay Area
9q9hmh,Rest of Bay Area
9q9hmj,Rest of Bay Area
9q9hmk,Rest of Bay Area
9q9hmm,Rest of Bay Area
9q9hmn,Rest of Bay Area
9q9hmp,Rest of Bay Area
9q9hmq,Rest of Bay Area
9q9hmr,Rest of Bay Area
9q9hms,Rest of Bay Area
9q9hmt,Rest of Bay Area
9q9hmu,Rest of Bay Area
9q9hmv,Rest of Bay Area
9q9hmw,Rest of Bay Area
9q9hmx,Rest of Bay Area
9q9hmy,Rest of Bay Area
9q9hmz,Rest of Bay Area
9q9hn0,Rest of Bay Area
9q9hn1,Rest of Bay Area
9q9hn2,Rest of Bay Area
9q9hn3,Rest of Bay Area
9q9hn4,Rest of Bay Area
9q9hn5,Rest of Bay Area
9q9hn6,Rest of Bay Area
9q9hn7,Rest of Bay Area
9q9hn8,Rest of Bay Area
9q9hn9,Rest of Bay Area
9q9hnb,Rest of Bay Area
9q9hnc,Rest of Bay Area
9q9hnd,Rest of Bay Area
9q9hne,Rest of Bay Area
9q9hnf,Rest of Bay Area
9q9hng,Rest of Bay Area
9q9hnh,Rest of Bay Area
9q9hnj,Rest of Bay Area
9q9hnk,Rest of Bay Area
9q9hnm,Rest of Bay Area
9q9hnn,Rest of Bay Area
9q9hnp,Rest of Bay Area
9q9hnq,Rest of Bay Area
9q9hnr,Rest of Bay Area
9q9hns,Rest of Bay Area
9q9hnt,Rest of Bay Area
9q9hnu,Rest of Bay Area
9q9hnv,Rest of Bay Area
9q9hnw,Rest of Bay Area
9q9hnx,Rest of Bay Area
9q9hny,Rest of Bay Area
9q9hnz,Rest of Bay Area
9q9hp0,Rest of Bay Area
9q9hp1,Rest of Bay Area
9q9hp2,Rest of Bay Area
9q9hp3,Rest of Bay Area
9q9hp4,Rest of Bay Area
9q9hp5,Rest of Bay Area
9q9hp6,Rest of Bay Area
9q9hp7,Rest of Bay Area
9q9hp8,Rest of Bay Area
9q9hp9,Rest of Bay Area
9q9hpb,Rest of Bay Area
9q9hpc,Rest of Bay Area
9q9hpd,Rest of Bay Area
9q9hpe,Rest of Bay Area
9q9hpf,Rest of Bay Area
9q9hpg,Rest of Bay Area
9q9hph,Rest of Bay Area
9q9hpj,Rest of Bay Area
9q9hpk,Rest of Bay Area
9q9hpm,Rest of Bay Area
9q9hpn,Rest of Bay Area
9q9hpp,Rest of Bay Area
9q9hpq,Rest of Bay Area
9q9hpr,Rest of Bay Area
9q9hps,Rest of Bay Area
9q9hpt,Rest of Bay Area
9q9hpu,Rest of Bay Area
9q9hpv,Rest of Bay Area
9q9hpw,Rest of Bay Area
9q9hpx,Rest of Bay Area
9q9hpy,Rest of Bay Area
9q9hpz,Rest of Bay Area
9q9hq0,Rest of Bay Area
9q9hq1,Rest of Bay Area
9q9hq2,Rest of Bay Area
9q9hq3,Rest of Bay Area
9q9hq4,Rest of Bay Area
9q9hq5,Rest of Bay Area
9q9hq6,Rest of Bay Area
9q9hq7,Rest of Bay Area
9q9hq8,Rest of Bay Area
9q9hq9,Rest of Bay Area
9q9hqb,Rest of Bay Area
9q9hqc,Rest of Bay Area
9q9hqd,Rest of Bay Area
9q9hqe,Rest of Bay Area
9q9hqf,Rest of Bay Area
9q9hqg,Rest of Bay Area
9q9hqh,Rest of Bay Area
9q9hqj,Rest of Bay Area
9q9hqk,Rest of Bay Area
9q9hqm,Rest of Bay Area
9q9hqn,Rest of Bay Area
9q9hqp,Rest of Bay Area
9q9hqq,Rest of Bay Area
9q9hqr,Rest of Bay Area
9q9hqs,Rest of Bay Area
9q9hqt,Rest of Bay Area
9q9hqu,Rest of Bay Area
9q9hqv,Rest of Bay Area
9q9hqw,Rest of Bay Area
9q9hqx,Rest of Bay Area
9q9hqy,Rest of Bay Area
9q9hqz,Rest of Bay Area
9q9hr0,Rest of Bay Area
9q9hr1,Rest of Bay Area
9q9hr2,Rest of Bay Area
9q9hr3,Rest of Bay Area
9q9hr4,Rest of Bay Area
9q9hr5,Rest of Bay Area
9q9hr6,Rest of Bay Area
9q9hr7,Rest of Bay Area
9q9hr8,Rest of Bay Area
9q9hr9,Rest of Bay Area
9q9hrb,Rest of Bay Area
9q9hrc,Rest of Bay Area
9q9hrd,Rest of Bay Area
9q9hre,Rest of Bay Area
9q9hrf,Rest of Bay Area
9q9hrg,Rest of Bay Area
9q9hrh,Rest of Bay Area
9q9hrj,Rest of Bay Area
9q9hrk,Rest of Bay Area
9q9hrm,Rest of Bay Area
9q9hrn,Rest of Bay Area
9q9hrp,Rest of Bay Area
9q9hrq,Rest of Bay Area
9q9hrr,Rest of Bay Area
9q9hrs,Rest of Bay Area
9q9hrt,Rest of Bay Area
9q9hru,Rest of Bay Area
9q9hrv,Rest of Bay Area
9q9hrw,Rest of Bay Area
9q9hrx,Rest of Bay Area
9q9hry,Rest of Bay Area
9q9hrz,Rest of Bay Area
9q9hs0,Rest of Bay Area
9q9hs1,Rest of Bay Area
9q9hs2,Rest of Bay Area
9q9hs3,Rest of Bay Area
9q9hs4,Rest of Bay Area
9q9hs5,Rest of Bay Area
9q9hs6,Rest of Bay Area
9q9hs7,Rest of Bay Area
9q9hs8,Rest of Bay Area
9q9hs9,Rest of Bay Area
9q9hsb,Rest of Bay Area
9q9hsc,Rest of Bay Area
9q9hsd,Rest of Bay Area
9q9hse,Rest of Bay Area
9q9hsf,Rest of Bay Area
9q9hsg,Rest of Bay Area
9q9hsh,Rest of Bay Area
9q9hsj,Rest of Bay Area
9q9hsk,Rest of Bay Area
9q9hsm,Rest of Bay Area
9q9hsn,Rest of Bay Area
9q9hsp,Rest of Bay Area
9q9hsq,Rest of Bay Area
9q9hsr,Rest of Bay Area
9q9hss,Rest of Bay Area
9q9hst,Rest of Bay Area
9q9hsu,Rest of Bay Area
9q9hsv,Rest of Bay Area
9q9hsw,Rest of Bay Area
9q9hsx,Rest of Bay Area
9q9hsy,Rest of Bay Area
9q9hsz,Rest of Bay Area
9q9ht0,Rest of Bay Area
9q9ht1,Rest of Bay Area
9q9ht2,Rest of Bay Area
9q9ht3,Rest of Bay Area
9q9ht4,Rest of Bay Area
9q9ht5,Rest of Bay Area
9q9ht6,Rest of Bay Area
9q9ht7,Rest of Bay Area
9q9ht8,Rest of Bay Area
9q9ht9,Rest of Bay Area
9q9htb,Rest of Bay Area
9q9htc,Rest of Bay Area
9q9htd,Rest of Bay Area
9q9hte,Rest of Bay Area
9q9htf,Rest of Bay Area
9q9htg,Rest of Bay Area
9q9hth,Rest of Bay Area
9q9htj,Rest of Bay Area
9q9htk,Rest of Bay Area
9q9htm,Rest of Bay Area
9q9htn,Rest of Bay Area
9q9htp,Rest of Bay Area
9q9htq,Rest of Bay Area
9q9htr,Rest of Bay Area
9q9hts,Rest of Bay Area
9q9htt,Rest of Bay Area
9q9htu,Rest of Bay Area
9q9htv,Rest of Bay Area
9q9htw,Rest of Bay Area
9q9htx,Rest of Bay Area
9q9hty,Rest of Bay Area
9q9htz,Rest of Bay Area
9q9hu0,Rest of Bay Area
9q9hu1,Rest of Bay Area
9q9hu2,Rest of Bay Area
9q9hu3,Rest of Bay Area
9q9hu4,Rest of Bay Area
9q9hu5,Rest of Bay Area
9q9hu6,Rest of Bay Area
9q9hu7,Rest of Bay Area
9q9hu8,Rest of Bay Area
9q9hu9,Rest of Bay Area
9q9hub,Rest of Bay Area
9q9huc,Rest of Bay Area
9q9hud,Rest of Bay Area
9q9hue,Rest of Bay Area
9q9huf,Rest of Bay Area
9q9hug,Rest of Bay Area
9q9huh,Rest of Bay Area
9q9huj,Rest of Bay Area
9q9huk,Rest of Bay Area
9q9hum,Rest of Bay Area
9q9hun,Rest of Bay Area
9q9hup,Rest of Bay Area
9q9huq,Rest of Bay Area
9q9hur,Rest of Bay Area
9q9hus,Rest of Bay Area
9q9hut,Rest of Bay Area
9q9huu,Rest of Bay Area
9q9huv,Rest of Bay Area
9q9huw,Rest of Bay Area
9q9hux,Rest of Bay Area
9q9huy,Rest of Bay Area
9q9huz,Rest of Bay Area
9q9hv0,Rest of Bay Area
9q9hv1,Rest of Bay Area
9q9hv2,Rest of Bay Area
9q9hv3,Rest of Bay Area
9q9hv4,Rest of Bay Area
9q9hv5,Rest of Bay Area
9q9hv6,Rest of Bay Area
9q9hv7,Rest of Bay Area
9q9hv8,Rest of Bay Area
9q9hv9,Rest of Bay Area
9q9hvb,Rest of Bay Area
9q9hvc,Rest of Bay Area
9q9hvd,Rest of Bay Area
9q9hve,Rest of Bay Area
9q9hvf,Rest of Bay Area
9q9hvg,Rest of Bay Area
9q9hvh,Rest of Bay Area
9q9hvj,Rest of Bay Area
9q9hvk,Rest of Bay Area
9q9hvm,Rest of Bay Area
9q9hvn,Rest of Bay Area
9q9hvp,Rest of Bay Area
9q9hvq,Rest of Bay Area
9q9hvr,Rest of Bay Area
9q9hvs,Rest of Bay Area
9q9hvt,Rest of Bay Area
9q9hvu,Rest of Bay Area
9q9hvv,Rest of Bay Area
9q9hvw,Rest of Bay Area
9q9hvx,Rest of Bay Area
9q9hvy,Rest of Bay Area
9q9hvz,Rest of Bay Area
9q9hw0,Rest of Bay Area
9q9hw1,Rest of Bay Area
9q9hw2,Rest of Bay Area
9q9hw3,Rest of Bay Area
9q9hw4,Rest of Bay Area
9q9hw5,Rest of Bay Area
9q9hw6,Rest of Bay Area
9q9hw7,Rest of Bay Area
9q9hw8,Rest of Bay Area
9q9hw9,Rest of Bay Area
9q9hwb,Rest of Bay Area
9q9hwc,Rest of Bay Area
9q9hwd,Rest of Bay Area
9q9hwe,Rest of Bay Area
9q9hwf,Rest of Bay Area
9q9hwg,Rest of Bay Area
9q9hwh,Rest of Bay Area
9q9hwj,Rest of Bay Area
9q9hwk,Rest of Bay Area
9q9hwm,Rest of Bay Area
9q9hwn,Rest of Bay Area
9q9hwp,Rest of Bay Area
9q9hwq,Rest of Bay Area
9q9hwr,Rest of Bay Area
9q9hws,Rest of Bay Area
9q9hwt,Rest of Bay Area
9q9hwu,Rest of Bay Area
9q9hwv,Rest of Bay Area
9q9hww,Rest of Bay Area
9q9hwx,Rest of Bay Area
9q9hwy,Rest of Bay Area
9q9hwz,Rest of Bay Area
9q9hx0,Rest of Bay Area
9q9hx1,Rest of Bay Area
9q9hx2,Rest of Bay Area
9q9hx3,Rest of Bay Area
9q9hx4,Rest of Bay Area
9q9hx5,Rest of Bay Area
9q9hx6,Rest of Bay Area
9q9hx7,Rest of Bay Area
9q9hx8,Rest of Bay Area
9q9hx9,Rest of Bay Area
9q9hxb,Rest of Bay Area
9q9hxc,Rest of Bay Area
9q9hxd,Rest of Bay Area
9q9hxe,Rest of Bay Area
9q9hxf,Rest of Bay Area
9q9hxg,Rest of Bay Area
9q9hxh,Rest of Bay Area
9q9hxj,Rest of Bay Area
9q9hxk,Rest of Bay Area
9q9hxm,Rest of Bay Area
9q9hxn,Rest of Bay Area
9q9hxp,Rest of Bay Area
9q9hxq,Rest of Bay Area
9q9hxr,Rest of Bay Area
9q9hxs,Rest of Bay Area
9q9hxt,Rest of Bay Area
9q9hxu,Rest of Bay Area
9q9hxv,Rest of Bay Area
9q9hxw,Rest of Bay Area
9q9hxx,Rest of Bay Area
9q9hxy,Rest of Bay Area
9q9hxz,Rest of Bay Area
9q9hy0,Rest of Bay Area
9q9hy1,Rest of Bay Area
9q9hy2,Rest of Bay Area
9q9hy3,Rest of Bay Area
9q9hy4,Rest of Bay Area
9q9hy5,Rest of Bay Area
9q9hy6,Rest of Bay Area
9q9hy7,Rest of Bay Area
9q9hy8,Rest of Bay Area
9q9hy9,Rest of Bay Area
9q9hyb,Rest of Bay Area
9q9hyc,Rest of Bay Area
9q9hyd,Rest of Bay Area
9q9hye,Rest of Bay Area
9q9hyf,Rest of Bay Area
9q9hyg,Rest of Bay Area
9q9hyh,Rest of Bay Area
9q9hyj,Rest of Bay Area
9q9hyk,Rest of Bay Area
9q9hym,Rest of Bay Area
9q9hyn,Rest of Bay Area
9q9hyp,Rest of Bay Area
9q9hyq,Rest of Bay Area
9q9hyr,Rest of Bay Area
9q9hys,Rest of Bay Area
9q9hyt,Rest of Bay Area
9q9hyu,Rest of Bay Area
9q9hyv,Rest of Bay Area
9q9hyw,Rest of Bay Area
9q9hyx,Rest of Bay Area
9q9hyy,Rest of Bay Area
9q9hyz,Rest of Bay Area
9q9hz0,Rest of Bay Area
9q9hz1,Rest of Bay Area
9q9hz2,Rest of Bay Area
9q9hz3,Rest of Bay Area
9q9hz4,Rest of Bay Area
9q9hz5,Rest of Bay Area
9q9hz6,Rest of Bay Area
9q9hz7,Rest of Bay Area
9q9hz8,Rest of Bay Area
9q9hz9,Rest of Bay Area
9q9hzb,Rest of Bay Area
9q9hzc,Rest of Bay Area
9q9hzd,Rest of Bay Area
9q9hze,Rest of Bay Area
9q9hzf,Rest of Bay Area
9q9hzg,Rest of Bay Area
9q9hzh,Rest of Bay Area
9q9hzj,Rest of Bay Area
9q9hzk,Rest of Bay Area
9q9hzm,Rest of Bay Area
9q9hzn,Rest of Bay Area
9q9hzp,Rest of Bay Area
9q9hzq,Rest of Bay Area
9q9hzr,Rest of Bay Area
9q9hzs,Rest of Bay Area
9q9hzt,Rest of Bay Area
9q9hzu,Rest of Bay Area
9q9hzv,Rest of Bay Area
9q9hzw,Rest of Bay Area
9q9hzx,Rest of Bay Area
9q9hzy,Rest of Bay Area
9q9hzz,Rest of Bay Area
9q9j00,Rest of Bay Area
9q9j01,Rest of Bay Area
9q9j02,Rest of Bay Area
9q9j03,Rest of Bay Area
9q9j04,Rest of Bay Area
9q9j05,Rest of Bay Area
9q9j06,Rest of Bay Area
9q9j07,Rest of Bay Area
9q9j08,Rest of Bay Area
9q9j09,Rest of Bay Area
9q9j0b,Rest of Bay Area
9q9j0c,Rest of Bay Area
9q9j0d,Rest of Bay Area
9q9j0e,Rest of Bay Area
9q9j0f,Rest of Bay Area
9q9j0g,Rest of Bay Area
9q9j0h,Rest of Bay Area
9q9j0j,Rest of Bay Area
9q9j0k,Rest of Bay Area
9q9j0m,Rest of Bay Area
9q9j0n,Rest of Bay Area
9q9j0p,Rest of Bay Area
9q9j0q,Rest of Bay Area
9q9j0r,Rest of Bay Area
9q9j0s,Rest of Bay Area
9q9j0t,Rest of Bay Area
9q9j0u,Rest of Bay Area
9q9j0v,Rest of Bay Area
9q9j0w,Rest of Bay Area
9q9j0x,Rest of Bay Area
9q9j0y,Rest of Bay Area
9q9j0z,Rest of Bay Area
9q9j10,Rest of Bay Area
9q9j11,Rest of Bay Area
9q9j12,Rest of Bay Area
9q9j13,Rest of Bay Area
9q9j14,Rest of Bay Area
9q9j15,Rest of Bay Area
9q9j16,Rest of Bay Area
9q9j17,Rest of Bay Area
9q9j18,Rest of Bay Area
9q9j19,Rest of Bay Area
9q9j1b,Rest of Bay Area
9q9j1c,Rest of Bay Area
9q9j1d,Rest of Bay Area
9q9j1e,Rest of Bay Area
9q9j1f,Rest of Bay Area
9q9j1g,Rest of Bay Area
9q9j1h,Rest of Bay Area
9q9j1j,Rest of Bay Area
9q9j1k,Rest of Bay Area
9q9j1m,Rest of Bay Area
9q9j1n,Rest of Bay Area
9q9j1p,Rest of Bay Area
9q9j1q,Rest of Bay Area
9q9j1r,Rest of Bay Area
9q9j1s,Rest of Bay Area
9q9j1t,Rest of Bay Area
9q9j1u,Rest of Bay Area
9q9j1v,Rest of Bay Area
9q9j1w,Rest of Bay Area
9q9j1x,Rest of Bay Area
9q9j1y,Rest of Bay Area
9q9j1z,Rest of Bay Area
9q9j20,Rest of Bay Area
9q9j21,Rest of Bay Area
9q9j22,Rest of Bay Area
9q9j23,Rest of Bay Area
9q9j24,Rest of Bay Area
9q9j25,Rest of Bay Area
9q9j26,Rest of Bay Area
9q9j27,Rest of Bay Area
9q9j28,Rest of Bay Area
9q9j29,Rest of Bay Area
9q9j2b,Rest of Bay Area
9q9j2c,Rest of Bay Area
9q9j2d,Rest of Bay Area
9q9j2e,Rest of Bay Area
9q9j2f,Rest of Bay Area
9q9j2g,Rest of Bay Area
9q9j2h,Rest of Bay Area
9q9j2j,Rest of Bay Area
9q9j2k,Rest of Bay Area
9q9j2m,Rest of Bay Area
9q9j2n,Rest of Bay Area
9q9j2p,Rest of Bay Area
9q9j2q,Rest of Bay Area
9q9j2r,Rest of Bay Area
9q9j2s,Rest of Bay Area
9q9j2t,Rest of Bay Area
9q9j2u,Rest of Bay Area
9q9j2v,Rest of Bay Area
9q9j2w,Rest of Bay Area
9q9j2x,Rest of Bay Area
9q9j2y,Rest of Bay Area
9q9j2z,Rest of Bay Area
9q9j30,Rest of Bay Area
9q9j31,Rest of Bay Area
9q9j32,Rest of Bay Area
9q9j33,Rest of Bay Area
9q9j34,Rest of Bay Area
9q9j35,Rest of Bay Area
9q9j36,Rest of Bay Area
9q9j37,Rest of Bay Area
9q9j38,Rest of Bay Area
9q9j39,Rest of Bay Area
9q9j3b,Rest of Bay Area
9q9j3c,Rest of Bay Area
9q9j3d,Rest of Bay Area
9q9j3e,Rest of Bay Area
9q9j3f,Rest of Bay Area
9q9j3g,Rest of Bay Area
9q9j3h,Rest of Bay Area
9q9j3j,Rest of Bay Area
9q9j3k,Rest of Bay Area
9q9j3m,Rest of Bay Area
9q9j3n,Rest of Bay Area
9q9j3p,Rest of Bay Area
9q9j3q,Rest of Bay Area
9q9j3r,Rest of Bay Area
9q9j3s,Rest of Bay Area
9q9j3t,Rest of Bay Area
9q9j3u,Rest of Bay Area
9q9j3v,Rest of Bay Area
9q9j3w,Rest of Bay Area
9q9j3x,Rest of Bay Area
9q9j3y,Rest of Bay Area
9q9j3z,Rest of Bay Area
9q9j40,Rest of Bay Area
9q9j41,Rest of Bay Area
9q9j42,Rest of Bay Area
9q9j43,Rest of Bay Area
9q9j44,Rest of Bay Area
9q9j45,Rest of Bay Area
9q9j46,Rest of Bay Area
9q9j47,Rest of Bay Area
9q9j48,Rest of Bay Area
9q9j49,Rest of Bay Area
9q9j4b,Rest of Bay Area
9q9j4c,Rest of Bay Area
9q9j4d,Rest of Bay Area
9q9j4e,Rest of Bay Area
9q9j4f,Rest of Bay Area
9q9j4g,Rest of Bay Area
9q9j4h,Rest of Bay Area
9q9j4j,Rest of Bay Area
9q9j4k,Rest of Bay Area
9q9j4m,Rest of Bay Area
9q9j4n,Rest of Bay Area
9q9j4p,Rest of Bay Area
9q9j4q,Rest of Bay Area
9q9j4r,Rest of Bay Area
9q9j4s,Rest of Bay Area
9q9j4t,Rest of Bay Area
9q9j4u,Rest of Bay Area
9q9j4v,Rest of Bay Area
9q9j4w,Rest of Bay Area
9q9j4x,Rest of Bay Area
9q9j4y,Rest of Bay Area
9q9j4z,Rest of Bay Area
9q9j50,Rest of Bay Area
9q9j51,Rest of Bay Area
9q9j52,Rest of Bay Area
9q9j53,Rest of Bay Area
9q9j54,Rest of Bay Area
9q9j55,Rest of Bay Area
9q9j56,Rest of Bay Area
9q9j57,Rest of Bay Area
9q9j58,Rest of Bay Area
9q9j59,Rest of Bay Area
9q9j5b,Rest of Bay Area
9q9j5c,Rest of Bay Area
9q9j5d,Rest of Bay Area
9q9j5e,Rest of Bay Area
9q9j5f,Rest of Bay Area
9q9j5g,Rest of Bay Area
9q9j5h,Rest of Bay Area
9q9j5j,Rest of Bay Area
9q9j5k,Rest of Bay Area
9q9j5m,Rest of Bay Area
9q9j5n,Rest of Bay Area
9q9j5p,Rest of Bay Area
9q9j5q,Rest of Bay Area
9q9j5r,Rest of Bay Area
9q9j5s,Rest of Bay Area
9q9j5t,Rest of Bay Area
9q9j5u,Rest of Bay Area
9q9j5v,Rest of Bay Area
9q9j5w,Rest of Bay Area
9q9j5x,Rest of Bay Area
9q9j5y,Rest of Bay Area
9q9j5z,Rest of Bay Area
9q9j60,Rest of Bay Area
9q9j61,Rest of Bay Area
9q9j62,Rest of Bay Area
9q9j63,Rest of Bay Area
9q9j64,Rest of Bay Area
9q9j65,Rest of Bay Area
9q9j66,Rest of Bay Area
9q9j67,Rest of Bay Area
9q9j68,Rest of Bay Area
9q9j69,Rest of Bay Area
9q9j6b,Rest of Bay Area
9q9j6c,Rest of Bay Area
9q9j6d,Rest of Bay Area
9q9j6e,Rest of Bay Area
9q9j6f,Rest of Bay Area
9q9j6g,Rest of Bay Area
9q9j6h,Rest of Bay Area
9q9j6j,Rest of Bay Area
9q9j6k,Rest of Bay Area
9q9j6m,Rest of Bay Area
9q9j6n,Rest of Bay Area
9q9j6p,Rest of Bay Area
9q9j6q,Rest of Bay Area
9q9j6r,Rest of Bay Area
9q9j6s,Rest of Bay Area
9q9j6t,Rest of Bay Area
9q9j6u,Rest of Bay Area
9q9j6v,Rest of Bay Area
9q9j6w,Rest of Bay Area
9q9j6x,Rest of Bay Area
9q9j6y,Rest of Bay Area
9q9j6z,Rest of Bay Area
9q9j70,Rest of Bay Area
9q9j71,Rest of Bay Area
9q9j72,Rest of Bay Area
9q9j73,Rest of Bay Area
9q9j74,Rest of Bay Area
9q9j75,Rest of Bay Area
9q9j76,Rest of Bay Area
9q9j77,Rest of Bay Area
9q9j78,Rest of Bay Area
9q9j79,Rest of Bay Area
9q9j7b,Rest of Bay Area
9q9j7c,Rest of Bay Area
9q9j7d,Rest of Bay Area
9q9j7e,Rest of Bay Area
9q9j7f,Rest of Bay Area
9q9j7g,Rest of Bay Area
9q9j7h,Rest of Bay Area
9q9j7j,Rest of Bay Area
9q9j7k,Rest of Bay Area
9q9j7m,Rest of Bay Area
9q9j7n,Rest of Bay Area
9q9j7p,Rest of Bay Area
9q9j7q,Rest of Bay Area
9q9j7r,Rest of Bay Area
9q9j7s,Rest of Bay Area
9q9j7t,Rest of Bay Area
9q9j7u,Rest of Bay Area
9q9j7w,Rest of Bay Area
9q9j80,Rest of Bay Area
9q9j81,Rest of Bay Area
9q9j82,Rest of Bay Area
9q9j83,Rest of Bay Area
9q9j84,Rest of Bay Area
9q9j85,Rest of Bay Area
9q9j86,Rest of Bay Area
9q9j87,Rest of Bay Area
9q9j88,Rest of Bay Area
9q9j89,Rest of Bay Area
9q9j8b,Rest of Bay Area
9q9j8c,Rest of Bay Area
9q9j8d,Rest of Bay Area
9q9j8e,Rest of Bay Area
9q9j8f,Rest of Bay Area
9q9j8g,Rest of Bay Area
9q9j8h,Rest of Bay Area
9q9j8j,Rest of Bay Area
9q9j8k,Rest of Bay Area
9q9j8m,Rest of Bay Area
9q9j8n,Rest of Bay Area
9q9j8p,Rest of Bay Area
9q9j8q,Rest of Bay Area
9q9j8r,Rest of Bay Area
9q9j8s,Rest of Bay Area
9q9j8t,Rest of Bay Area
9q9j8u,Rest of Bay Area
9q9j8v,Rest of Bay Area
9q9j8w,Rest of Bay Area
9q9j8x,Rest of Bay Area
9q9j8y,Rest of Bay Area
9q9j8z,Rest of Bay Area
9q9j90,Rest of Bay Area
9q9j91,Rest of Bay Area
9q9j92,Rest of Bay Area
9q9j93,Rest of Bay Area
9q9j94,Rest of Bay Area
9q9j95,Rest of Bay Area
9q9j96,Rest of Bay Area
9q9j97,Rest of Bay Area
9q9j98,Rest of Bay Area
9q9j99,Rest of Bay Area
9q9j9b,Rest of Bay Area
9q9j9c,Rest of Bay Area
9q9j9d,Rest of Bay Area
9q9j9e,Rest of Bay Area
9q9j9f,Rest of Bay Area
9q9j9g,Rest of Bay Area
9q9j9h,Rest of Bay Area
9q9j9j,Rest of Bay Area
9q9j9k,Rest of Bay Area
9q9j9m,Rest of Bay Area
9q9j9n,Rest of Bay Area
9q9j9p,Rest of Bay Area
9q9j9q,Rest of Bay Area
9q9j9r,Rest of Bay Area
9q9j9s,Rest of Bay Area
9q9j9t,Rest of Bay Area
9q9j9u,Rest of Bay Area
9q9j9v,Rest of Bay Area
9q9j9w,Rest of Bay Area
9q9j9x,Rest of Bay Area
9q9j9y,Rest of Bay Area
9q9j9z,Rest of Bay Area
9q9jb0,Rest of Bay Area
9q9jb1,Rest of Bay Area
9q9jb2,Rest of Bay Area
9q9jb3,Rest of Bay Area
9q9jb4,Rest of Bay Area
9q9jb5,Rest of Bay Area
9q9jb6,Rest of Bay Area
9q9jb7,Rest of Bay Area
9q9jb8,Rest of Bay Area
9q9jb9,Rest of Bay Area
9q9jbb,Rest of Bay Area
9q9jbc,Rest of Bay Area
9q9jbd,Rest of Bay Area
9q9jbe,Rest of Bay Area
9q9jc0,Rest of Bay Area
9q9jc2,Rest of Bay Area
9q9jcb,Rest of Bay Area
9q9jd0,Rest of Bay Area
9q9jd1,Rest of Bay Area
9q9jd2,Rest of Bay Area
9q9jd3,Rest of Bay Area
9q9jd4,Rest of Bay Area
9q9jd5,Rest of Bay Area
9q9jd6,Rest of Bay Area
9q9jd7,Rest of Bay Area
9q9jd8,Rest of Bay Area
9q9jd9,Rest of Bay Area
9q9jdb,Rest of Bay Area
9q9jdc,Rest of Bay Area
9q9jdd,Rest of Bay Area
9q9jde,Rest of Bay Area
9q9jdf,Rest of Bay Area
9q9jdh,Rest of Bay Area
9q9jdj,Rest of Bay Area
9q9jdk,Rest of Bay Area
9q9jdn,Rest of Bay Area
9q9jdp,Rest of Bay Area
9q9jds,Rest of Bay Area
9q9je0,Rest of Bay Area
9q9je1,Rest of Bay Area
9q9je2,Rest of Bay Area
9q9je3,Rest of Bay Area
9q9jh0,Rest of Bay Area
9q9jh1,Rest of Bay Area
9q9jh2,Rest of Bay Area
9q9jh3,Rest of Bay Area
9q9jh4,Rest of Bay Area
9q9jh5,Rest of Bay Area
9q9jh6,Rest of Bay Area
9q9jh7,Rest of Bay Area
9q9jh8,Rest of Bay Area
9q9jh9,Rest of Bay Area
9q9jhb,Rest of Bay Area
9q9jhc,Rest of Bay Area
9q9jhd,Rest of Bay Area
9q9jhe,Rest of Bay Area
9q9jhf,Rest of Bay Area
9q9jhg,Rest of Bay Area
9q9jhh,Rest of Bay Area
9q9jhj,Rest of Bay Area
9q9jhk,Rest of Bay Area
9q9jhm,Rest of Bay Area
9q9jhn,Rest of Bay Area
9q9jhp,Rest of Bay Area
9q9jhq,Rest of Bay Area
9q9jhr,Rest of Bay Area
9q9jhs,Rest of Bay Area
9q9jht,Rest of Bay Area
9q9jhu,Rest of Bay Area
9q9jhv,Rest of Bay Area
9q9jhw,Rest of Bay Area
9q9jhx,Rest of Bay Area
9q9jhy,Rest of Bay Area
9q9jhz,Rest of Bay Area
9q9jj0,Rest of Bay Area
9q9jj1,Rest of Bay Area
9q9jj2,Rest of Bay Area
9q9jj3,Rest of Bay Area
9q9jj4,Rest of Bay Area
9q9jj5,Rest of Bay Area
9q9jj6,Rest of Bay Area
9q9jj7,Rest of Bay Area
9q9jj8,Rest of Bay Area
9q9jj9,Rest of Bay Area
9q9jjb,Rest of Bay Area
9q9jjc,Rest of Bay Area
9q9jjd,Rest of Bay Area
9q9jje,Rest of Bay Area
9q9jjh,Rest of Bay Area
9q9jjj,Rest of Bay Area
9q9jjk,Rest of Bay Area
9q9jjn,Rest of Bay Area
9q9jk0,Rest of Bay Area
9q9jk1,Rest of Bay Area
9q9jk2,Rest of Bay Area
9q9jk3,Rest of Bay Area
9q9jk4,Rest of Bay Area
9q9jk5,Rest of Bay Area
9q9jk6,Rest of Bay Area
9q9jk7,Rest of Bay Area
9q9jk8,Rest of Bay Area
9q9jk9,Rest of Bay Area
9q9jkb,Rest of Bay Area
9q9jkc,Rest of Bay Area
9q9jkd,Rest of Bay Area
9q9jke,Rest of Bay Area
9q9jkf,Rest of Bay Area
9q9jkg,Rest of Bay Area
9q9jm0,Rest of Bay Area
9q9jm6,Rest of East Bay
9q9jm7,Rest of East Bay
9q9jmd,Rest of East Bay
9q9jme,Rest of East Bay
9q9jmf,Rest of East Bay
9q9jmg,Rest of East Bay
9q9jmk,Rest of East Bay
9q9jmm,Rest of East Bay
9q9jmq,Rest of East Bay
9q9jmr,Rest of East Bay
9q9jms,Rest of East Bay
9q9jmt,Rest of East Bay
9q9jmu,Rest of East Bay
9q9jmv,Rest of East Bay
9q9jmw,Rest of East Bay
9q9jmx,Rest of East Bay
9q9jmy,Rest of East Bay
9q9jmz,Rest of East Bay
9q9jn0,Rest of Bay Area
9q9jn1,Rest of Bay Area
9q9jn2,Rest of Bay Area
9q9jn3,Rest of Bay Area
9q9jn8,Rest of Bay Area
9q9jn9,Rest of Bay Area
9q9jnb,Rest of Bay Area
9q9jnc,Rest of Bay Area
9q9jnf,Rest of Bay Area
9q9jng,Rest of Bay Area
9q9jns,Rest of East Bay
9q9jnt,Rest of East Bay
9q9jnu,Rest of East Bay
9q9jnv,Rest of East Bay
9q9jnw,Rest of East Bay
9q9jnx,Rest of East Bay
9q9jny,Rest of East Bay
9q9jnz,Rest of East Bay
9q9jp0,Rest of Bay Area
9q9jp1,Rest of Bay Area
9q9jp2,Rest of Bay Area
9q9jp3,Rest of Bay Area
9q9jp4,Rest of Bay Area
9q9jp5,Rest of Bay Area
9q9jp6,Rest of Bay Area
9q9jp7,Rest of Bay Area
9q9jp8,Rest of Bay Area
9q9jp9,Rest of Bay Area
9q9jpb,Rest of Bay Area
9q9jpc,Rest of Bay Area
9q9jpd,Rest of Bay Area
9q9jpe,Rest of Bay Area
9q9jpf,Rest of Bay Area
9q9jpg,Rest of Bay Area
9q9jph,Rest of East Bay
9q9jpj,Rest of East Bay
9q9jpk,Rest of East Bay
9q9jpm,Rest of East Bay
9q9jpn,Rest of East Bay
9q9jpp,Rest of East Bay
9q9jpq,Rest of East Bay
9q9jpr,Rest of East Bay
9q9jps,Rest of East Bay
9q9jpt,Rest of East Bay
9q9jpu,Rest of East Bay
9q9jpv,Rest of East Bay
9q9jpw,Rest of East Bay
9q9jpx,Rest of East Bay
9q9jpy,Rest of East Bay
9q9jpz,Rest of East Bay
9q9jq4,Rest of East Bay
9q9jq5,Rest of East Bay
9q9jq6,Rest of East Bay
9q9jq7,Rest of East Bay
9q9jq8,Rest of East Bay
9q9jq9,Rest of East Bay
9q9jqb,Rest of East Bay
9q9jqc,Rest of East Bay
9q9jqd,Rest of East Bay
9q9jqe,Rest of East Bay
9q9jqf,Rest of East Bay
9q9jqg,Rest of East Bay
9q9jqh,Rest of East Bay
9q9jqj,Rest of East Bay
9q9jqk,Rest of East Bay
9q9jqm,Rest of East Bay
9q9jqn,Rest of East Bay
9q9jqp,Rest of East Bay
9q9jqq,Rest of East Bay
9q9jqr,Rest of East Bay
9q9jqs,Rest of East Bay
9q9jqt,Rest of East Bay
9q9jqu,Rest of East Bay
9q9jqv,Rest of East Bay
9q9jqw,Rest of East Bay
9q9jqx,Rest of East Bay
9q9jqy,Rest of East Bay
9q9jqz,Rest of East Bay
9q9jr0,Rest of East Bay
9q9jr1,Rest of East Bay
9q9jr2,Rest of East Bay
9q9jr3,Rest of East Bay
9q9jr4,Rest of East Bay
9q9jr5,Rest of East Bay
9q9jr6,Rest of East Bay
9q9jr7,Rest of East Bay
9q9jr8,Rest of East Bay
9q9jr9,Rest of East Bay
9q9jrb,Rest of East Bay
9q9jrc,Rest of East Bay
9q9jrd,Rest of East Bay
9q9jre,Rest of East Bay
9q9jrf,Rest of East Bay
9q9jrg,Rest of East Bay
9q9jrh,Rest of East Bay
9q9jrj,Rest of East Bay
9q9jrk,Rest of East Bay
9q9jrm,Rest of East Bay
9q9jrn,Rest of East Bay
9q9jrp,Rest of East Bay
9q9jrq,Rest of East Bay
9q9jrr,Rest of East Bay
9q9jrs,Rest of East Bay
9q9jrt,Rest of East Bay
9q9jru,Rest of East Bay
9q9jrv,Rest of East Bay
9q9jrw,Rest of East Bay
9q9jrx,Rest of East Bay
9q9jry,Rest of East Bay
9q9jrz,Rest of East Bay
9q9jsu,Rest of East Bay
9q9jsv,Rest of East Bay
9q9jsx,Rest of East Bay
9q9jsy,Rest of East Bay
9q9jsz,Rest of East Bay
9q9jt0,Rest of East Bay
9q9jt1,Rest of East Bay
9q9jt2,Rest of East Bay
9q9jt3,Rest of East Bay
9q9jt4,Rest of East Bay
9q9jt5,Rest of East Bay
9q9jt6,Rest of East Bay
9q9jt7,Rest of East Bay
9q9jt8,Rest of East Bay
9q9jt9,Rest of East Bay
9q9jtb,Rest of East Bay
9q9jtc,Rest of East Bay
9q9jtd,Rest of East Bay
9q9jte,Rest of East Bay
9q9jtf,Rest of East Bay
9q9jtg,Rest of East Bay
9q9jth,Rest of East Bay
9q9jtj,Rest of East Bay
9q9jtk,Rest of East Bay
9q9jtm,Rest of East Bay
9q9jtn,Rest of East Bay
9q9jtp,Rest of East Bay
9q9jtq,Rest of East Bay
9q9jtr,Rest of East Bay
9q9jts,Rest of East Bay
9q9jtt,Rest of East Bay
9q9jtu,Rest of East Bay
9q9jtv,Rest of East Bay
9q9jtw,Rest of East Bay
9q9jtx,Rest of East Bay
9q9jty,Rest of East Bay
9q9jtz,Rest of East Bay
9q9ju6,Rest of East Bay
9q9ju7,Rest of East Bay
9q9ju8,Rest of East Bay
9q9ju9,Rest of East Bay
9q9jub,Rest of East Bay
9q9juc,Rest of East Bay
9q9jud,Rest of East Bay
9q9jue,Rest of East Bay
9q9juf,Rest of East Bay
9q9jug,Rest of East Bay
9q9juk,Rest of East Bay
9q9jum,Rest of East Bay
9q9juq,Rest of East Bay
9q9jur,Rest of East Bay
9q9jus,Rest of East Bay
9q9jut,Rest of East Bay
9q9juu,Rest of East Bay
9q9juv,Rest of East Bay
9q9juw,Rest of East Bay
9q9jux,Rest of East Bay
9q9juy,Rest of East Bay
9q9juz,Rest of East Bay
9q9jv0,Rest of East Bay
9q9jv1,Rest of East Bay
9q9jv2,Rest of East Bay
9q9jv3,Rest of East Bay
9q9jv4,Rest of East Bay
9q9jv5,Rest of East Bay
9q9jv6,Rest of East Bay
9q9jv7,Rest of East Bay
9q9jv8,Rest of East Bay
9q9jv9,Rest of East Bay
9q9jvb,Rest of East Bay
9q9jvc,Rest of East Bay
9q9jvd,Rest of East Bay
9q9jve,Rest of East Bay
9q9jvf,Rest of East Bay
9q9jvg,Rest of East Bay
9q9jvh,Rest of East Bay
9q9jvj,Rest of East Bay
9q9jvk,Rest of East Bay
9q9jvm,Rest of East Bay
9q9jvn,Rest of East Bay
9q9jvp,Rest of East Bay
9q9jvq,Rest of East Bay
9q9jvr,Rest of East Bay
9q9jvs,Rest of East Bay
9q9jvt,Rest of East Bay
9q9jvu,Rest of East Bay
9q9jvv,Rest of East Bay
9q9jvw,Rest of East Bay
9q9jvx,Rest of East Bay
9q9jvy,Rest of East Bay
9q9jvz,Rest of East Bay
9q9jw0,Rest of East Bay
9q9jw1,Rest of East Bay
9q9jw2,Rest of East Bay
9q9jw3,Rest of East Bay
9q9jw4,Rest of East Bay
9q9jw5,Rest of East Bay
9q9jw6,Rest of East Bay
9q9jw7,Rest of East Bay
9q9jw8,Rest of East Bay
9q9jw9,Rest of East Bay
9q9jwb,Rest of East Bay
9q9jwc,Rest of East Bay
9q9jwd,Rest of East Bay
9q9jwe,Rest of East Bay
9q9jwf,Rest of East Bay
9q9jwg,Rest of East Bay
9q9jwh,Rest of East Bay
9q9jwj,Rest of East Bay
9q9jwk,Rest of East Bay
9q9jwm,Rest of East Bay
9q9jwn,Rest of East Bay
9q9jwp,Rest of East Bay
9q9jwq,Rest of East Bay
9q9jwr,Rest of East Bay
9q9jws,Rest of East Bay
9q9jwt,Rest of East Bay
9q9jwu,Rest of East Bay
9q9jwv,Rest of East Bay
9q9jww,Rest of East Bay
9q9jwx,Rest of East Bay
9q9jwy,Rest of East Bay
9q9jwz,Rest of East Bay
9q9jx0,Rest of East Bay
9q9jx1,Rest of East Bay
9q9jx2,Rest of East Bay
9q9jx3,Rest of East Bay
9q9jx4,Rest of East Bay
9q9jx5,Rest of East Bay
9q9jx6,Rest of East Bay
9q9jx7,Rest of East Bay
9q9jx8,Rest of East Bay
9q9jx9,Rest of East Bay
9q9jxb,Rest of East Bay
9q9jxc,Rest of East Bay
9q9jxd,Rest of East Bay
9q9jxe,Rest of East Bay
9q9jxf,Rest of East Bay
9q9jxg,Rest of East Bay
9q9jxh,Rest of East Bay
9q9jxj,Rest of East Bay
9q9jxk,Rest of East Bay
9q9jxm,Rest of East Bay
9q9jxn,Rest of East Bay
9q9jxp,Rest of East Bay
9q9jxq,Rest of East Bay
9q9jxr,Rest of East Bay
9q9jxs,Rest of East Bay
9q9jxt,Rest of East Bay
9q9jxu,Rest of East Bay
9q9jxv,Rest of East Bay
9q9jxw,Rest of East Bay
9q9jxx,Rest of East Bay
9q9jxy,Rest of East Bay
9q9jxz,Rest of East Bay
9q9jy0,Rest of East Bay
9q9jy1,Rest of East Bay
9q9jy2,Rest of East Bay
9q9jy3,Rest of East Bay
9q9jy4,Rest of East Bay
9q9jy5,Rest of East Bay
9q9jy6,Rest of East Bay
9q9jy7,Rest of East Bay
9q9jy8,Rest of East Bay
9q9jy9,Rest of East Bay
9q9jyb,Rest of East Bay
9q9jyc,Rest of East Bay
9q9jyd,Rest of East Bay
9q9jye,Rest of East Bay
9q9jyf,Rest of East Bay
9q9jyg,Rest of East Bay
9q9jyh,Rest of East Bay
9q9jyj,Rest of East Bay
9q9jyk,Rest of East Bay
9q9jym,Rest of East Bay
9q9jyn,Rest of East Bay
9q9jyp,Rest of East Bay
9q9jyq,Rest of East Bay
9q9jyr,Rest of East Bay
9q9jys,Rest of East Bay
9q9jyt,Rest of East Bay
9q9jyu,Rest of East Bay
9q9jyv,Rest of East Bay
9q9jyw,Rest of East Bay
9q9jyx,Rest of East Bay
9q9jyy,Rest of East Bay
9q9jyz,Rest of East Bay
9q9jz0,Rest of East Bay
9q9jz1,Rest of East Bay
9q9jz2,Rest of East Bay
9q9jz3,Rest of East Bay
9q9jz4,Rest of East Bay
9q9jz5,Rest of East Bay
9q9jz6,Rest of East Bay
9q9jz7,Rest of East Bay
9q9jz8,Rest of East Bay
9q9jz9,Rest of East Bay
9q9jzb,Rest of East Bay
9q9jzc,Rest of East Bay
9q9jzd,Rest of East Bay
9q9jze,Rest of East Bay
9q9jzf,Rest of East Bay
9q9jzg,Rest of East Bay
9q9jzh,Rest of East Bay
9q9jzj,Rest of East Bay
9q9jzk,Rest of East Bay
9q9jzm,Rest of East Bay
9q9jzn,Rest of East Bay
9q9jzp,Rest of East Bay
9q9jzq,Rest of East Bay
9q9jzr,Rest of East Bay
9q9jzs,Rest of East Bay
9q9jzt,Rest of East Bay
9q9jzu,Rest of East Bay
9q9jzv,Rest of East Bay
9q9jzw,Rest of East Bay
9q9jzx,Rest of East Bay
9q9jzy,Rest of East Bay
9q9jzz,Rest of East Bay
9q9k00,Rest of Bay Area
9q9k01,Rest of Bay Area
9q9k02,Rest of Bay Area
9q9k03,Rest of Bay Area
9q9k04,Rest of Bay Area
9q9k05,Rest of Bay Area
9q9k06,Rest of Bay Area
9q9k07,Rest of Bay Area
9q9k08,Rest of Bay Area
9q9k09,Rest of Bay Area
9q9k0b,Rest of Bay Area
9q9k0c,Rest of Bay Area
9q9k0d,Rest of Bay Area
9q9k0e,Rest of Bay Area
9q9k0f,Rest of Bay Area
9q9k0g,Rest of Bay Area
9q9k0h,Rest of Bay Area
9q9k0j,Rest of Bay Area
9q9k0k,Rest of Bay Area
9q9k0m,Rest of Bay Area
9q9k0n,Rest of Bay Area
9q9k0p,Rest of Bay Area
9q9k0q,Rest of Bay Area
9q9k0r,Rest of Bay Area
9q9k0s,Rest of Bay Area
9q9k0t,Rest of Bay Area
9q9k0u,Rest of Bay Area
9q9k0v,Rest of Bay Area
9q9k0w,Rest of Bay Area
9q9k0x,Rest of Bay Area
9q9k0y,Rest of Bay Area
9q9k0z,Rest of Bay Area
9q9k10,Rest of Bay Area
9q9k11,Rest of Bay Area
9q9k12,Rest of Bay Area
9q9k13,Rest of Bay Area
9q9k14,Rest of Bay Area
9q9k15,Rest of Bay Area
9q9k16,Rest of Bay Area
9q9k17,Rest of Bay Area
9q9k18,Rest of Bay Area
9q9k19,Rest of Bay Area
9q9k1b,Rest of Bay Area
9q9k1c,Rest of Bay Area
9q9k1d,Rest of Bay Area
9q9k1e,Rest of Bay Area
9q9k1f,Rest of Bay Area
9q9k1g,Rest of Bay Area
9q9k1h,Rest of Bay Area
9q9k1j,Rest of Bay Area
9q9k1k,Rest of Bay Area
9q9k1m,Rest of Bay Area
9q9k1n,Rest of Bay Area
9q9k1p,Rest of Bay Area
9q9k1q,Rest of Bay Area
9q9k1r,Rest of Bay Area
9q9k1s,Rest of Bay Area
9q9k1t,Rest of Bay Area
9q9k1u,Rest of Bay Area
9q9k1v,Rest of Bay Area
9q9k1w,Rest of Bay Area
9q9k1x,Rest of Bay Area
9q9k1y,Rest of Bay Area
9q9k1z,Rest of Bay Area
9q9k20,Rest of Bay Area
9q9k21,Rest of Bay Area
9q9k22,Rest of Bay Area
9q9k23,Rest of Bay Area
9q9k24,Rest of Bay Area
9q9k25,Rest of Bay Area
9q9k26,Rest of Bay Area
9q9k27,Rest of Bay Area
9q9k28,Rest of Bay Area
9q9k29,Rest of Bay Area
9q9k2b,Rest of Bay Area
9q9k2c,Rest of Bay Area
9q9k2d,Rest of Bay Area
9q9k2e,Rest of Bay Area
9q9k2f,Rest of Bay Area
9q9k2g,Rest of Bay Area
9q9k2h,Rest of Bay Area
9q9k2j,Rest of Bay Area
9q9k2k,Rest of Bay Area
9q9k2m,Rest of Bay Area
9q9k2n,Rest of Bay Area
9q9k2p,Rest of Bay Area
9q9k2q,Rest of Bay Area
9q9k2r,Rest of Bay Area
9q9k2s,Rest of Bay Area
9q9k2t,Rest of Bay Area
9q9k2u,Rest of Bay Area
9q9k2v,Rest of Bay Area
9q9k2w,Rest of Bay Area
9q9k2x,Rest of Bay Area
9q9k2y,Rest of Bay Area
9q9k2z,Rest of Bay Area
9q9k30,Rest of Bay Area
9q9k31,Rest of Bay Area
9q9k32,Rest of Bay Area
9q9k33,Rest of Bay Area
9q9k34,Rest of Bay Area
9q9k35,Rest of Bay Area
9q9k36,Rest of Bay Area
9q9k37,Rest of Bay Area
9q9k38,Rest of Bay Area
9q9k39,Rest of Bay Area
9q9k3b,Rest of Bay Area
9q9k3c,Rest of Bay Area
9q9k3d,Rest of Bay Area
9q9k3e,Rest of Bay Area
9q9k3f,Rest of Bay Area
9q9k3g,Rest of Bay Area
9q9k3h,Rest of Bay Area
9q9k3j,Rest of Bay Area
9q9k3k,Rest of Bay Area
9q9k3m,Rest of Bay Area
9q9k3n,Rest of Bay Area
9q9k3p,Rest of Bay Area
9q9k3q,Rest of Bay Area
9q9k3r,Rest of Bay Area
9q9k3s,Rest of Bay Area
9q9k3t,Rest of Bay Area
9q9k3u,Rest of Bay Area
9q9k3v,Rest of Bay Area
9q9k3w,Rest of Bay Area
9q9k3x,Rest of Bay Area
9q9k3y,Rest of Bay Area
9q9k3z,Rest of Bay Area
9q9k40,Rest of Bay Area
9q9k41,Rest of Bay Area
9q9k42,Rest of Bay Area
9q9k43,Rest of Bay Area
9q9k44,Rest of Bay Area
9q9k45,Rest of Bay Area
9q9k46,Rest of Bay Area
9q9k47,Rest of Bay Area
9q9k48,Rest of Bay Area
9q9k49,Rest of Bay Area
9q9k4b,Rest of Bay Area
9q9k4c,Rest of Bay Area
9q9k4d,Rest of Bay Area
9q9k4e,Rest of Bay Area
9q9k4f,Rest of Bay Area
9q9k4g,Rest of Bay Area
9q9k4h,Rest of Bay Area
9q9k4j,Rest of Bay Area
9q9k4k,Rest of Bay Area
9q9k4m,Rest of Bay Area
9q9k4n,Rest of Bay Area
9q9k4p,Rest of Bay Area
9q9k4q,Rest of Bay Area
9q9k4r,Rest of Bay Area
9q9k4s,Rest of Bay Area
9q9k4t,Rest of Bay Area
9q9k4u,Rest of Bay Area
9q9k4v,Rest of Bay Area
9q9k4w,Rest of Bay Area
9q9k4x,Rest of Bay Area
9q9k4y,Rest of Bay Area
9q9k4z,Rest of Bay Area
9q9k50,Rest of Bay Area
9q9k51,Rest of Bay Area
9q9k52,Rest of Bay Area
9q9k53,Rest of Bay Area
9q9k54,Rest of Bay Area
9q9k55,Rest of Bay Area
9q9k56,Rest of Bay Area
9q9k57,Rest of Bay Area
9q9k58,Rest of Bay Area
9q9k59,Rest of Bay Area
9q9k5b,Rest of Bay Area
9q9k5c,Rest of Bay Area
9q9k5d,Rest of Bay Area
9q9k5e,Rest of Bay Area
9q9k5f,Rest of Bay Area
9q9k5g,Rest of Bay Area
9q9k5h,Rest of Bay Area
9q9k5j,Rest of Bay Area
9q9k5k,Rest of Bay Area
9q9k5m,Rest of Bay Area
9q9k5n,Rest of Bay Area
9q9k5p,Rest of Bay Area
9q9k5q,Rest of Bay Area
9q9k5r,Rest of Bay Area
9q9k5s,Rest of Bay Area
9q9k5t,Rest of Bay Area
9q9k5u,Rest of Bay Area
9q9k5v,Rest of Bay Area
9q9k5w,Rest of Bay Area
9q9k5x,Rest of Bay Area
9q9k5y,Rest of Bay Area
9q9k5z,Rest of Bay Area
9q9k60,Rest of Bay Area
9q9k61,Rest of Bay Area
9q9k62,Rest of Bay Area
9q9k63,Rest of Bay Area
9q9k64,Rest of Bay Area
9q9k65,Rest of Bay Area
9q9k66,Rest of Bay Area
9q9k67,Rest of Bay Area
9q9k68,Rest of Bay Area
9q9k69,Rest of Bay Area
9q9k6b,Rest of Bay Area
9q9k6c,Rest of Bay Area
9q9k6d,Rest of Bay Area
9q9k6e,Rest of Bay Area
9q9k6f,Rest of Bay Area
9q9k6g,Rest of Bay Area
9q9k6h,Rest of Bay Area
9q9k6j,Rest of Bay Area
9q9k6k,Rest of Bay Area
9q9k6m,Rest of Bay Area
9q9k6n,Rest of Bay Area
9q9k6p,Rest of Bay Area
9q9k6q,Rest of Bay Area
9q9k6r,Rest of Bay Area
9q9k6s,Rest of Bay Area
9q9k6t,Rest of Bay Area
9q9k6u,Rest of Bay Area
9q9k6v,Rest of Bay Area
9q9k6w,Rest of Bay Area
9q9k6x,Rest of Bay Area
9q9k6y,Rest of Bay Area
9q9k6z,Rest of Bay Area
9q9k70,Rest of Bay Area
9q9k71,Rest of Bay Area
9q9k72,Rest of Bay Area
9q9k73,Rest of Bay Area
9q9k74,Rest of Bay Area
9q9k75,Rest of Bay Area
9q9k76,Rest of Bay Area
9q9k77,Rest of Bay Area
9q9k78,Rest of Bay Area
9q9k79,Rest of Bay Area
9q9k7b,Rest of Bay Area
9q9k7c,Rest of Bay Area
9q9k7d,Rest of Bay Area
9q9k7e,Rest of Bay Area
9q9k7f,Rest of Bay Area
9q9k7g,Rest of Bay Area
9q9k7h,Rest of Bay Area
9q9k7j,Rest of Bay Area
9q9k7k,Rest of Bay Area
9q9k7m,Rest of Bay Area
9q9k7n,Rest of Bay Area
9q9k7p,Rest of Bay Area
9q9k7q,Rest of Bay Area
9q9k7r,Rest of Bay Area
9q9k7s,Rest of Bay Area
9q9k7t,Rest of Bay Area
9q9k7u,Rest of Bay Area
9q9k7v,Rest of Bay Area
9q9k7w,Rest of Bay Area
9q9k7x,Rest of Bay Area
9q9k7y,Rest of Bay Area
9q9k7z,Rest of Bay Area
9q9k80,Rest of Bay Area
9q9k81,Rest of Bay Area
9q9k82,Rest of Bay Area
9q9k83,Rest of Bay Area
9q9k84,Rest of Bay Area
9q9k85,Rest of Bay Area
9q9k86,Rest of Bay Area
9q9k87,Rest of Bay Area
9q9k88,Rest of Bay Area
9q9k89,Rest of Bay Area
9q9k8b,Rest of Bay Area
9q9k8c,Rest of Bay Area
9q9k8d,Rest of Bay Area
9q9k8e,Rest of Bay Area
9q9k8f,Rest of Bay Area
9q9k8g,Rest of Bay Area
9q9k8h,Rest of Bay Area
9q9k8j,Rest of Bay Area
9q9k8k,Rest of Bay Area
9q9k8m,Rest of Bay Area
9q9k8n,Rest of Bay Area
9q9k8p,Rest of Bay Area
9q9k8q,Rest of Bay Area
9q9k8r,Rest of Bay Area
9q9k8s,Rest of Bay Area
9q9k8t,Rest of Bay Area
9q9k8u,Rest of Bay Area
9q9k8v,Rest of Bay Area
9q9k8w,Rest of Bay Area
9q9k8x,Rest of Bay Area
9q9k8y,Rest of Bay Area
9q9k8z,Rest of Bay Area
9q9k90,Rest of Bay Area
9q9k91,Rest of Bay Area
9q9k92,Rest of Bay Area
9q9k93,Rest of Bay Area
9q9k94,Rest of Bay Area
9q9k95,Rest of Bay Area
9q9k96,Rest of Bay Area
9q9k97,Rest of Bay Area
9q9k98,Rest of Bay Area
9q9k99,Rest of Bay Area
9q9k9b,Rest of Bay Area
9q9k9c,Rest of Bay Area
9q9k9d,Rest of Bay Area
9q9k9e,Rest of Bay Area
9q9k9f,Rest of Bay Area
9q9k9g,Rest of Bay Area
9q9k9h,Rest of Bay Area
9q9k9j,Rest of Bay Area
9q9k9k,Rest of Bay Area
9q9k9m,Rest of Bay Area
9q9k9n,Rest of Bay Area
9q9k9p,Rest of Bay Area
9q9k9q,Rest of Bay Area
9q9k9r,Rest of Bay Area
9q9k9s,Rest of Bay Area
9q9k9t,Rest of Bay Area
9q9k9u,Rest of Bay Area
9q9k9v,Rest of Bay Area
9q9k9w,Rest of Bay Area
9q9k9x,Rest of Bay Area
9q9k9y,Rest of Bay Area
9q9k9z,Rest of Bay Area
9q9kb0,Rest of Bay Area
9q9kb1,Rest of Bay Area
9q9kb2,Rest of Bay Area
9q9kb3,Rest of Bay Area
9q9kb4,Rest of Bay Area
9q9kb5,Rest of Bay Area
9q9kb6,Rest of Bay Area
9q9kb7,Rest of Bay Area
9q9kb8,Rest of Bay Area
9q9kb9,Rest of Bay Area
9q9kbb,Rest of Bay Area
9q9kbc,Rest of Bay Area
9q9kbd,Rest of Bay Area
9q9kbe,Rest of Bay Area
9q9kbf,Rest of Bay Area
9q9kbg,Rest of Bay Area
9q9kbh,Rest of Bay Area
9q9kbj,Rest of Bay Area
9q9kbk,Rest of Bay Area
9q9kbm,Rest of Bay Area
9q9kbn,Rest of Bay Area
9q9kbp,Rest of Bay Area
9q9kbq,Rest of Bay Area
9q9kbr,Rest of Bay Area
9q9kbs,Rest of Bay Area
9q9kbt,Rest of Bay Area
9q9kbu,Rest of Bay Area
9q9kbv,Rest of Bay Area
9q9kbw,Rest of Bay Area
9q9kbx,Rest of Bay Area
9q9kby,Rest of Bay Area
9q9kbz,Rest of Bay Area
9q9kc0,Rest of Bay Area
9q9kc1,Rest of Bay Area
9q9kc2,Rest of Bay Area
9q9kc3,Rest of Bay Area
9q9kc4,Rest of Bay Area
9q9kc5,Rest of Bay Area
9q9kc6,Rest of Bay Area
9q9kc7,Rest of Bay Area
9q9kc8,Rest of Bay Area
9q9kc9,Rest of Bay Area
9q9kcb,Rest of Bay Area
9q9kcc,Rest of Bay Area
9q9kcd,Rest of Bay Area
9q9kce,Rest of Bay Area
9q9kcf,Rest of Bay Area
9q9kcg,Rest of Bay Area
9q9kch,Rest of Bay Area
9q9kcj,Rest of Bay Area
9q9kck,Rest of Bay Area
9q9kcm,Rest of Bay Area
9q9kcn,Rest of Bay Area
9q9kcp,Rest of Bay Area
9q9kcq,Rest of Bay Area
9q9kcr,Rest of Bay Area
9q9kcs,Rest of Bay Area
9q9kct,Rest of Bay Area
9q9kcu,Rest of Bay Area
9q9kcv,Rest of Bay Area
9q9kcw,Rest of Bay Area
9q9kcx,Rest of Bay Area
9q9kcy,Rest of Bay Area
9q9kcz,Rest of Bay Area
9q9kd0,Rest of Bay Area
9q9kd1,Rest of Bay Area
9q9kd2,Rest of Bay Area
9q9kd3,Rest of Bay Area
9q9kd4,Rest of Bay Area
9q9kd5,Rest of Bay Area
9q9kd6,Rest of Bay Area
9q9kd7,Rest of Bay Area
9q9kd8,Rest of Bay Area
9q9kd9,Rest of Bay Area
9q9kdb,Rest of Bay Area
9q9kdc,Rest of Bay Area
9q9kdd,Rest of Bay Area
9q9kde,Rest of Bay Area
9q9kdf,Rest of Bay Area
9q9kdg,Rest of Bay Area
9q9kdh,Rest of Bay Area
9q9kdj,Rest of Bay Area
9q9kdk,Rest of Bay Area
9q9kdm,Rest of Bay Area
9q9kdn,Rest of Bay Area
9q9kdp,Rest of Bay Area
9q9kdq,Rest of Bay Area
9q9kdr,Rest of Bay Area
9q9kds,Rest of Bay Area
9q9kdt,Rest of Bay Area
9q9kdu,Rest of Bay Area
9q9kdv,Rest of Bay Area
9q9kdw,Rest of Bay Area
9q9kdx,Rest of Bay Area
9q9kdy,Rest of Bay Area
9q9kdz,Rest of Bay Area
9q9ke0,Rest of Bay Area
9q9ke1,Rest of Bay Area
9q9ke2,Rest of Bay Area
9q9ke3,Rest of Bay Area
9q9ke4,Rest of Bay Area
9q9ke5,Rest of Bay Area
9q9ke6,Rest of Bay Area
9q9ke7,Rest of Bay Area
9q9ke8,Rest of Bay Area
9q9ke9,Rest of Bay Area
9q9keb,Rest of Bay Area
9q9kec,Rest of Bay Area
9q9ked,Rest of Bay Area
9q9kee,Rest of Bay Area
9q9kef,Rest of Bay Area
9q9keg,Rest of Bay Area
9q9keh,Rest of Bay Area
9q9kej,Rest of Bay Area
9q9kek,Rest of Bay Area
9q9kem,Rest of Bay Area
9q9ken,Rest of Bay Area
9q9kep,Rest of Bay Area
9q9keq,Rest of Bay Area
9q9ker,Rest of Bay Area
9q9kes,Rest of Bay Area
9q9ket,Rest of Bay Area
9q9keu,Rest of Bay Area
9q9kev,Rest of Bay Area
9q9kew,Rest of Bay Area
9q9kex,Rest of Bay Area
9q9key,Rest of Bay Area
9q9kez,Rest of Bay Area
9q9kf0,Rest of Bay Area
9q9kf1,Rest of Bay Area
9q9kf2,Rest of Bay Area
9q9kf3,Rest of Bay Area
9q9kf4,Rest of Bay Area
9q9kf5,Rest of Bay Area
9q9kf6,Rest of Bay Area
9q9kf7,Rest of Bay Area
9q9kf8,Rest of Bay Area
9q9kf9,Rest of Bay Area
9q9kfb,Rest of Bay Area
9q9kfc,Rest of Bay Area
9q9kfd,Rest of Bay Area
9q9kfe,Rest of Bay Area
9q9kff,Rest of Bay Area
9q9kfg,Rest of Bay Area
9q9kfh,Rest of Bay Area
9q9kfj,Rest of Bay Area
9q9kfk,Rest of Bay Area
9q9kfm,Rest of Bay Area
9q9kfn,Rest of Bay Area
9q9kfp,Rest of Bay Area
9q9kfq,Rest of Bay Area
9q9kfr,Rest of Bay Area
9q9kfs,Rest of Bay Area
9q9kft,Rest of Bay Area
9q9kfu,Rest of Bay Area
9q9kfv,Rest of Bay Area
9q9kfw,Rest of Bay Area
9q9kfx,Rest of Bay Area
9q9kfy,Rest of Bay Area
9q9kfz,Rest of Bay Area
9q9kg0,Rest of Bay Area
9q9kg1,Rest of Bay Area
9q9kg2,Rest of Bay Area
9q9kg3,Rest of Bay Area
9q9kg4,Rest of Bay Area
9q9kg5,Rest of Bay Area
9q9kg6,Rest of Bay Area
9q9kg7,Rest of Bay Area
9q9kg8,Rest of Bay Area
9q9kg9,Rest of Bay Area
9q9kgb,Rest of Bay Area
9q9kgc,Rest of Bay Area
9q9kgd,Rest of Bay Area
9q9kge,Rest of Bay Area
9q9kgf,Rest of Bay Area
9q9kgg,Rest of Bay Area
9q9kgh,Rest of Bay Area
9q9kgj,Rest of Bay Area
9q9kgk,Rest of Bay Area
9q9kgm,Rest of Bay Area
9q9kgn,Rest of Bay Area
9q9kgp,Rest of Bay Area
9q9kgq,Rest of Bay Area
9q9kgr,Rest of Bay Area
9q9kgs,Rest of Bay Area
9q9kgt,Rest of Bay Area
9q9kgu,Rest of Bay Area
9q9kgv,Rest of Bay Area
9q9kgw,Rest of Bay Area
9q9kgx,Rest of Bay Area
9q9kgy,Rest of Bay Area
9q9kgz,Rest of Bay Area
9q9kh0,Rest of Bay Area
9q9kh1,Rest of Bay Area
9q9kh2,Rest of Bay Area
9q9kh3,Rest of Bay Area
9q9kh4,Rest of Bay Area
9q9kh5,Rest of Bay Area
9q9kh6,Rest of Bay Area
9q9kh7,Rest of Bay Area
9q9kh8,Rest of Bay Area
9q9kh9,Rest of Bay Area
9q9khb,Rest of Bay Area
9q9khc,Rest of Bay Area
9q9khd,Rest of Bay Area
9q9khe,Rest of Bay Area
9q9khf,Rest of Bay Area
9q9khg,Rest of Bay Area
9q9khh,Rest of Bay Area
9q9khj,Rest of Bay Area
9q9khk,Rest of Bay Area
9q9khm,Rest of Bay Area
9q9khn,Rest of Bay Area
9q9khp,Rest of Bay Area
9q9khq,Rest of Bay Area
9q9khr,Rest of Bay Area
9q9khs,Rest of Bay Area
9q9kht,Rest of Bay Area
9q9khu,Rest of Bay Area
9q9khv,Rest of Bay Area
9q9khw,Rest of Bay Area
9q9khx,Rest of Bay Area
9q9khy,Rest of Bay Area
9q9khz,Rest of Bay Area
9q9kj0,Rest of Bay Area
9q9kj1,Rest of Bay Area
9q9kj2,Rest of Bay Area
9q9kj3,Rest of Bay Area
9q9kj4,Rest of Bay Area
9q9kj5,Rest of Bay Area
9q9kj6,Rest of Bay Area
9q9kj7,Rest of Bay Area
9q9kj8,Rest of Bay Area
9q9kj9,Rest of Bay Area
9q9kjb,Rest of Bay Area
9q9kjc,Rest of Bay Area
9q9kjd,Rest of Bay Area
9q9kje,Rest of Bay Area
9q9kjf,Rest of Bay Area
9q9kjg,Rest of Bay Area
9q9kjh,Rest of Bay Area
9q9kjj,Rest of Bay Area
9q9kjk,Rest of Bay Area
9q9kjm,Rest of Bay Area
9q9kjn,Rest of Bay Area
9q9kjp,Rest of Bay Area
9q9kjq,Rest of Bay Area
9q9kjr,Rest of Bay Area
9q9kjs,Rest of Bay Area
9q9kjt,Rest of Bay Area
9q9kju,Rest of Bay Area
9q9kjv,Rest of Bay Area
9q9kjw,Rest of Bay Area
9q9kjx,Rest of Bay Area
9q9kjy,Rest of Bay Area
9q9kjz,Rest of Bay Area
9q9kk0,Rest of Bay Area
9q9kk1,Rest of Bay Area
9q9kk2,Rest of Bay Area
9q9kk3,Rest of Bay Area
9q9kk4,Rest of Bay Area
9q9kk5,Rest of Bay Area
9q9kk6,Rest of Bay Area
9q9kk7,Rest of Bay Area
9q9kk8,Rest of Bay Area
9q9kk9,Rest of Bay Area
9q9kkb,Rest of Bay Area
9q9kkc,Rest of Bay Area
9q9kkd,Rest of Bay Area
9q9kke,Rest of Bay Area
9q9kkf,Rest of Bay Area
9q9kkg,Rest of Bay Area
9q9kkh,Rest of Bay Area
9q9kkj,Rest of Bay Area
9q9kkk,Rest of Bay Area
9q9kkm,Rest of Bay Area
9q9kkn,Rest of Bay Area
9q9kkp,Rest of Bay Area
9q9kkq,Rest of Bay Area
9q9kkr,Rest of Bay Area
9q9kks,Rest of Bay Area
9q9kkt,Rest of Bay Area
9q9kku,Rest of Bay Area
9q9kkv,Rest of Bay Area
9q9kkw,Rest of Bay Area
9q9kkx,Rest of Bay Area
9q9kky,Rest of Bay Area
9q9kkz,Rest of Bay Area
9q9km0,Rest of Bay Area
9q9km1,Rest of Bay Area
9q9km2,Rest of Bay Area
9q9km3,Rest of Bay Area
9q9km4,Rest of Bay Area
9q9km5,Rest of Bay Area
9q9km6,Rest of Bay Area
9q9km7,Rest of Bay Area
9q9km8,Rest of Bay Area
9q9km9,Rest of Bay Area
9q9kmb,Rest of Bay Area
9q9kmc,Rest of Bay Area
9q9kmd,Rest of Bay Area
9q9kme,Rest of Bay Area
9q9kmf,Rest of Bay Area
9q9kmg,Rest of Bay Area
9q9kmh,Rest of Bay Area
9q9kmj,Rest of Bay Area
9q9kmk,Rest of Bay Area
9q9kmm,Rest of Bay Area
9q9kmn,Rest of Bay Area
9q9kmp,Rest of Bay Area
9q9kmq,Rest of Bay Area
9q9kmr,Rest of Bay Area
9q9kms,Rest of Bay Area
9q9kmt,Rest of Bay Area
9q9kmu,Rest of Bay Area
9q9kmv,Rest of Bay Area
9q9kmw,Rest of Bay Area
9q9kmx,Rest of Bay Area
9q9kmy,Rest of Bay Area
9q9kmz,Rest of Bay Area
9q9kn0,Rest of Bay Area
9q9kn1,Rest of Bay Area
9q9kn2,Rest of Bay Area
9q9kn3,Rest of Bay Area
9q9kn4,Rest of Bay Area
9q9kn5,Rest of Bay Area
9q9kn6,Rest of Bay Area
9q9kn7,Rest of Bay Area
9q9kn8,Rest of Bay Area
9q9kn9,Rest of Bay Area
9q9knb,Rest of Bay Area
9q9knc,Rest of Bay Area
9q9knd,Rest of Bay Area
9q9kne,Rest of Bay Area
9q9knf,Rest of Bay Area
9q9kng,Rest of Bay Area
9q9knh,Rest of Bay Area
9q9knj,Rest of Bay Area
9q9knk,Rest of Bay Area
9q9knm,Rest of Bay Area
9q9knn,Rest of Bay Area
9q9knp,Rest of Bay Area
9q9knq,Rest of Bay Area
9q9knr,Rest of Bay Area
9q9kns,Rest of Bay Area
9q9knt,Rest of Bay Area
9q9knu,Rest of Bay Area
9q9knv,Rest of Bay Area
9q9knw,Rest of Bay Area
9q9knx,Rest of Bay Area
9q9kny,Rest of Bay Area
9q9knz,Rest of Bay Area
9q9kp0,Rest of Bay Area
9q9kp1,Rest of Bay Area
9q9kp2,Rest of Bay Area
9q9kp3,Rest of Bay Area
9q9kp4,Rest of Bay Area
9q9kp5,Rest of Bay Area
9q9kp6,Rest of Bay Area
9q9kp7,Rest of Bay Area
9q9kp8,Rest of Bay Area
9q9kp9,Rest of Bay Area
9q9kpb,Rest of Bay Area
9q9kpc,Rest of Bay Area
9q9kpd,Rest of Bay Area
9q9kpe,Rest of Bay Area
9q9kpf,Rest of Bay Area
9q9kpg,Rest of Bay Area
9q9kph,Rest of Bay Area
9q9kpj,Rest of Bay Area
9q9kpk,Rest of Bay Area
9q9kpm,Rest of Bay Area
9q9kpn,Rest of Bay Area
9q9kpp,Rest of Bay Area
9q9kpq,Rest of Bay Area
9q9kpr,Rest of Bay Area
9q9kps,Rest of Bay Area
9q9kpt,Rest of Bay Area
9q9kpu,Rest of Bay Area
9q9kpv,Rest of Bay Area
9q9kpw,Rest of Bay Area
9q9kpx,Rest of Bay Area
9q9kpy,Rest of Bay Area
9q9kpz,Rest of Bay Area
9q9kq0,Rest of Bay Area
9q9kq1,Rest of Bay Area
9q9kq2,Rest of Bay Area
9q9kq3,Rest of Bay Area
9q9kq4,Rest of Bay Area
9q9kq5,Rest of Bay Area
9q9kq6,Rest of Bay Area
9q9kq7,Rest of Bay Area
9q9kq8,Rest of Bay Area
9q9kq9,Rest of Bay Area
9q9kqb,Rest of Bay Area
9q9kqc,Rest of Bay Area
9q9kqd,Rest of Bay Area
9q9kqe,Rest of Bay Area
9q9kqf,Rest of Bay Area
9q9kqg,Rest of Bay Area
9q9kqh,Rest of Bay Area
9q9kqj,Rest of Bay Area
9q9kqk,Rest of Bay Area
9q9kqm,Rest of Bay Area
9q9kqn,Rest of Bay Area
9q9kqp,Rest of Bay Area
9q9kqq,Rest of Bay Area
9q9kqr,Rest of Bay Area
9q9kqs,Rest of Bay Area
9q9kqt,Rest of Bay Area
9q9kqu,Rest of Bay Area
9q9kqv,Rest of Bay Area
9q9kqw,Rest of Bay Area
9q9kqx,Rest of Bay Area
9q9kqy,Rest of Bay Area
9q9kqz,Rest of Bay Area
9q9kr0,Rest of Bay Area
9q9kr1,Rest of Bay Area
9q9kr2,Rest of Bay Area
9q9kr3,Rest of Bay Area
9q9kr4,Rest of Bay Area
9q9kr5,Rest of Bay Area
9q9kr6,Rest of Bay Area
9q9kr7,Rest of Bay Area
9q9kr8,Rest of Bay Area
9q9kr9,Rest of Bay Area
9q9krb,Rest of Bay Area
9q9krc,Rest of Bay Area
9q9krd,Rest of Bay Area
9q9kre,Rest of Bay Area
9q9krf,Rest of Bay Area
9q9krg,Rest of Bay Area
9q9krh,Rest of Bay Area
9q9krj,Rest of Bay Area
9q9krk,Rest of Bay Area
9q9krm,Rest of Bay Area
9q9krn,Rest of Bay Area
9q9krp,Rest of Bay Area
9q9krq,Rest of Bay Area
9q9krr,Rest of Bay Area
9q9krs,Rest of Bay Area
9q9krt,Rest of Bay Area
9q9kru,Rest of Bay Area
9q9krv,Rest of Bay Area
9q9krw,Rest of Bay Area
9q9krx,Rest of Bay Area
9q9kry,Rest of Bay Area
9q9krz,Rest of Bay Area
9q9ks0,Rest of Bay Area
9q9ks1,Rest of Bay Area
9q9ks2,Rest of Bay Area
9q9ks3,Rest of Bay Area
9q9ks4,Rest of Bay Area
9q9ks5,Rest of Bay Area
9q9ks6,Rest of Bay Area
9q9ks7,Rest of Bay Area
9q9ks8,Rest of Bay Area
9q9ks9,Rest of Bay Area
9q9ksb,Rest of Bay Area
9q9ksc,Rest of Bay Area
9q9ksd,Rest of Bay Area
9q9kse,Rest of Bay Area
9q9ksf,Rest of Bay Area
9q9ksg,Rest of Bay Area
9q9ksh,Rest of Bay Area
9q9ksj,Rest of Bay Area
9q9ksk,Rest of Bay Area
9q9ksm,Rest of Bay Area
9q9ksn,Rest of Bay Area
9q9ksp,Rest of Bay Area
9q9ksq,Rest of Bay Area
9q9ksr,Rest of Bay Area
9q9kss,Rest of Bay Area
9q9kst,Rest of Bay Area
9q9ksu,Rest of Bay Area
9q9ksv,Rest of Bay Area
9q9ksw,Rest of Bay Area
9q9ksx,Rest of Bay Area
9q9ksy,Rest of Bay Area
9q9ksz,Rest of Bay Area
9q9kt0,Rest of Bay Area
9q9kt1,Rest of Bay Area
9q9kt2,Rest of Bay Area
9q9kt3,Rest of Bay Area
9q9kt4,Rest of Bay Area
9q9kt5,Rest of Bay Area
9q9kt6,Rest of Bay Area
9q9kt7,Rest of Bay Area
9q9kt8,Rest of Bay Area
9q9kt9,Rest of Bay Area
9q9ktb,Rest of Bay Area
9q9ktc,Rest of Bay Area
9q9ktd,Rest of Bay Area
9q9kte,Rest of Bay Area
9q9ktf,Rest of Bay Area
9q9ktg,Rest of Bay Area
9q9kth,Rest of Bay Area
9q9ktj,Rest of Bay Area
9q9ktk,Rest of Bay Area
9q9ktm,Rest of Bay Area
9q9ktn,Rest of Bay Area
9q9ktp,Rest of Bay Area
9q9ktq,Rest of Bay Area
9q9ktr,Rest of Bay Area
9q9kts,Rest of Bay Area
9q9ktt,Rest of Bay Area
9q9ktu,Rest of Bay Area
9q9ktv,Rest of Bay Area
9q9ktw,Rest of Bay Area
9q9ktx,Rest of Bay Area
9q9kty,Rest of Bay Area
9q9ktz,Rest of Bay Area
9q9ku0,Rest of Bay Area
9q9ku1,Rest of Bay Area
9q9ku2,Rest of Bay Area
9q9ku3,Rest of Bay Area
9q9ku4,Rest of Bay Area
9q9ku5,Rest of Bay Area
9q9ku6,Rest of Bay Area
9q9ku7,Rest of Bay Area
9q9ku8,Rest of Bay Area
9q9ku9,Rest of Bay Area
9q9kub,Rest of Bay Area
9q9kuc,Rest of Bay Area
9q9kud,Rest of Bay Area
9q9kue,Rest of Bay Area
9q9kuf,Rest of Bay Area
9q9kug,Rest of Bay Area
9q9kuh,Rest of Bay Area
9q9kuj,Rest of Bay Area
9q9kuk,Rest of Bay Area
9q9kum,Rest of Bay Area
9q9kun,Rest of Bay Area
9q9kup,Rest of Bay Area
9q9kuq,Rest of Bay Area
9q9kur,Rest of Bay Area
9q9kus,Rest of Bay Area
9q9kut,Rest of Bay Area
9q9kuu,Rest of Bay Area
9q9kuv,Rest of Bay Area
9q9kuw,Rest of Bay Area
9q9kux,Rest of Bay Area
9q9kuy,Rest of Bay Area
9q9kuz,Rest of Bay Area
9q9kv0,Rest of Bay Area
9q9kv1,Rest of Bay Area
9q9kv2,Rest of Bay Area
9q9kv3,Rest of Bay Area
9q9kv4,Rest of Bay Area
9q9kv5,Rest of Bay Area
9q9kv6,Rest of Bay Area
9q9kv7,Rest of Bay Area
9q9kv8,Rest of Bay Area
9q9kv9,Rest of Bay Area
9q9kvb,Rest of Bay Area
9q9kvc,Rest of Bay Area
9q9kvd,Rest of Bay Area
9q9kve,Rest of Bay Area
9q9kvf,Rest of Bay Area
9q9kvg,Rest of Bay Area
9q9kvh,Rest of Bay Area
9q9kvj,Rest of Bay Area
9q9kvk,Rest of Bay Area
9q9kvm,Rest of Bay Area
9q9kvn,Rest of Bay Area
9q9kvp,Rest of Bay Area
9q9kvq,Rest of Bay Area
9q9kvr,Rest of Bay Area
9q9kvs,Rest of Bay Area
9q9kvt,Rest of Bay Area
9q9kvu,Rest of Bay Area
9q9kvv,Rest of Bay Area
9q9kvw,Rest of Bay Area
9q9kvx,Rest of Bay Area
9q9kvy,Rest of Bay Area
9q9kvz,Rest of Bay Area
9q9kw0,Rest of Bay Area
9q9kw1,Rest of Bay Area
9q9kw2,Rest of Bay Area
9q9kw3,Rest of Bay Area
9q9kw4,Rest of Bay Area
9q9kw5,Rest of Bay Area
9q9kw6,Rest of Bay Area
9q9kw7,Rest of Bay Area
9q9kw8,Rest of Bay Area
9q9kw9,Rest of Bay Area
9q9kwb,Rest of Bay Area
9q9kwc,Rest of Bay Area
9q9kwd,Rest of Bay Area
9q9kwe,Rest of Bay Area
9q9kwf,Rest of Bay Area
9q9kwg,Rest of Bay Area
9q9kwh,Rest of Bay Area
9q9kwj,Rest of Bay Area
9q9kwk,Rest of Bay Area
9q9kwm,Rest of Bay Area
9q9kwn,Rest of Bay Area
9q9kwp,Rest of Bay Area
9q9kwq,Rest of Bay Area
9q9kwr,Rest of Bay Area
9q9kws,Rest of Bay Area
9q9kwt,Rest of Bay Area
9q9kwu,Rest of Bay Area
9q9kwv,Rest of Bay Area
9q9kww,Rest of Bay Area
9q9kwx,Rest of Bay Area
9q9kwy,Rest of Bay Area
9q9kwz,Rest of Bay Area
9q9kx0,Rest of Bay Area
9q9kx1,Rest of Bay Area
9q9kx2,Rest of Bay Area
9q9kx3,Rest of Bay Area
9q9kx4,Rest of Bay Area
9q9kx5,Rest of Bay Area
9q9kx6,Rest of Bay Area
9q9kx7,Rest of Bay Area
9q9kx8,Rest of Bay Area
9q9kx9,Rest of Bay Area
9q9kxb,Rest of Bay Area
9q9kxc,Rest of Bay Area
9q9kxd,Rest of Bay Area
9q9kxe,Rest of Bay Area
9q9kxf,Rest of Bay Area
9q9kxg,Rest of Bay Area
9q9kxh,Rest of Bay Area
9q9kxj,Rest of Bay Area
9q9kxk,Rest of Bay Area
9q9kxm,Rest of Bay Area
9q9kxn,Rest of Bay Area
9q9kxp,Rest of Bay Area
9q9kxq,Rest of Bay Area
9q9kxr,Rest of Bay Area
9q9kxs,Rest of Bay Area
9q9kxt,Rest of Bay Area
9q9kxu,Rest of Bay Area
9q9kxv,Rest of Bay Area
9q9kxw,Rest of Bay Area
9q9kxx,Rest of Bay Area
9q9kxy,Rest of Bay Area
9q9kxz,Rest of Bay Area
9q9ky0,Rest of Bay Area
9q9ky1,Rest of Bay Area
9q9ky2,Rest of Bay Area
9q9ky3,Rest of Bay Area
9q9ky4,Rest of Bay Area
9q9ky5,Rest of Bay Area
9q9ky6,Rest of Bay Area
9q9ky7,Rest of Bay Area
9q9ky8,Rest of Bay Area
9q9ky9,Rest of Bay Area
9q9kyb,Rest of Bay Area
9q9kyc,Rest of Bay Area
9q9kyd,Rest of Bay Area
9q9kye,Rest of Bay Area
9q9kyf,Rest of Bay Area
9q9kyg,Rest of Bay Area
9q9kyh,Rest of Bay Area
9q9kyj,Rest of Bay Area
9q9kyk,Rest of Bay Area
9q9kym,Rest of Bay Area
9q9kyn,Rest of Bay Area
9q9kyp,Rest of Bay Area
9q9kyq,Rest of Bay Area
9q9kyr,Rest of Bay Area
9q9kys,Rest of Bay Area
9q9kyt,Rest of Bay Area
9q9kyu,Rest of Bay Area
9q9kyv,Rest of Bay Area
9q9kyw,Rest of Bay Area
9q9kyx,Rest of Bay Area
9q9kyy,Rest of Bay Area
9q9kyz,Rest of Bay Area
9q9kz0,Rest of Bay Area
9q9kz1,Rest of Bay Area
9q9kz2,Rest of Bay Area
9q9kz3,Rest of Bay Area
9q9kz4,Rest of Bay Area
9q9kz5,Rest of Bay Area
9q9kz6,Rest of Bay Area
9q9kz7,Rest of Bay Area
9q9kz8,Rest of Bay Area
9q9kz9,Rest of Bay Area
9q9kzb,Rest of Bay Area
9q9kzc,Rest of Bay Area
9q9kzd,Rest of Bay Area
9q9kze,Rest of Bay Area
9q9kzf,Rest of Bay Area
9q9kzg,Rest of Bay Area
9q9kzh,Rest of Bay Area
9q9kzj,Rest of Bay Area
9q9kzk,Rest of Bay Area
9q9kzm,Rest of Bay Area
9q9kzn,Rest of Bay Area
9q9kzp,Rest of Bay Area
9q9kzq,Rest of Bay Area
9q9kzr,Rest of Bay Area
9q9kzs,Rest of Bay Area
9q9kzt,Rest of Bay Area
9q9kzu,Rest of Bay Area
9q9kzv,Rest of Bay Area
9q9kzw,Rest of Bay Area
9q9kzx,Rest of Bay Area
9q9kzy,Rest of Bay Area
9q9kzz,Rest of Bay Area
9q9m00,Rest of Bay Area
9q9m01,Rest of Bay Area
9q9m02,Rest of Bay Area
9q9m03,Rest of Bay Area
9q9m04,Rest of Bay Area
9q9m05,Rest of Bay Area
9q9m06,Rest of Bay Area
9q9m07,Rest of Bay Area
9q9m08,Rest of Bay Area
9q9m09,Rest of Bay Area
9q9m0b,Rest of Bay Area
9q9m0c,Rest of Bay Area
9q9m0d,Rest of Bay Area
9q9m0e,Rest of Bay Area
9q9m0f,Rest of Bay Area
9q9m0g,Rest of Bay Area
9q9m0h,Rest of East Bay
9q9m0j,Rest of East Bay
9q9m0k,Rest of East Bay
9q9m0m,Rest of East Bay
9q9m0n,Rest of East Bay
9q9m0p,Rest of East Bay
9q9m0q,Rest of East Bay
9q9m0r,Rest of East Bay
9q9m0s,Rest of East Bay
9q9m0t,Rest of East Bay
9q9m0u,Rest of East Bay
9q9m0v,Rest of East Bay
9q9m0w,Rest of East Bay
9q9m0x,Rest of East Bay
9q9m0y,Rest of East Bay
9q9m0z,Rest of East Bay
9q9m10,Rest of Bay Area
9q9m11,Rest of Bay Area
9q9m12,Rest of Bay Area
9q9m13,Rest of Bay Area
9q9m14,Rest of Bay Area
9q9m15,Rest of Bay Area
9q9m16,Rest of Bay Area
9q9m17,Rest of East Bay
9q9m18,Rest of Bay Area
9q9m19,Rest of Bay Area
9q9m1b,Rest of Bay Area
9q9m1c,Rest of Bay Area
9q9m1d,Rest of Bay Area
9q9m1e,Rest of East Bay
9q9m1f,Rest of Bay Area
9q9m1g,Rest of Bay Area
9q9m1h,Rest of East Bay
9q9m1j,Rest of East Bay
9q9m1k,Rest of East Bay
9q9m1m,Rest of East Bay
9q9m1n,Rest of East Bay
9q9m1p,Rest of East Bay
9q9m1q,Rest of East Bay
9q9m1r,Rest of East Bay
9q9m1s,Rest of East Bay
9q9m1t,Rest of East Bay
9q9m1u,Rest of East Bay
9q9m1v,Rest of East Bay
9q9m1w,Rest of East Bay
9q9m1x,Rest of East Bay
9q9m1y,Rest of East Bay
9q9m1z,Rest of East Bay
9q9m20,Rest of East Bay
9q9m21,Rest of East Bay
9q9m22,Rest of East Bay
9q9m23,Rest of East Bay
9q9m24,Rest of East Bay
9q9m25,Rest of East Bay
9q9m26,Rest of East Bay
9q9m27,Rest of East Bay
9q9m28,Rest of East Bay
9q9m29,Rest of East Bay
9q9m2b,Rest of East Bay
9q9m2c,Rest of East Bay
9q9m2d,Rest of East Bay
9q9m2e,Rest of East Bay
9q9m2f,Rest of East Bay
9q9m2g,Rest of East Bay
9q9m2h,Rest of East Bay
9q9m2j,Rest of East Bay
9q9m2k,Rest of East Bay
9q9m2m,Rest of East Bay
9q9m2n,Rest of East Bay
9q9m2p,Rest of East Bay
9q9m2q,Rest of East Bay
9q9m2r,Rest of East Bay
9q9m2s,Rest of East Bay
9q9m2t,Rest of East Bay
9q9m2u,Rest of East Bay
9q9m2v,Rest of East Bay
9q9m2w,Rest of East Bay
9q9m2x,Rest of East Bay
9q9m2y,Rest of East Bay
9q9m2z,Rest of East Bay
9q9m30,Rest of East Bay
9q9m31,Rest of East Bay
9q9m32,Rest of East Bay
9q9m33,Rest of East Bay
9q9m34,Rest of East Bay
9q9m35,Rest of East Bay
9q9m36,Rest of East Bay
9q9m37,Rest of East Bay
9q9m38,Rest of East Bay
9q9m39,Rest of East Bay
9q9m3b,Rest of East Bay
9q9m3c,Rest of East Bay
9q9m3d,Rest of East Bay
9q9m3e,Rest of East Bay
9q9m3f,Rest of East Bay
9q9m3g,Rest of East Bay
9q9m3h,Rest of East Bay
9q9m3j,Rest of East Bay
9q9m3k,Rest of East Bay
9q9m3m,Rest of East Bay
9q9m3n,Rest of East Bay
9q9m3p,Rest of East Bay
9q9m3q,Rest of East Bay
9q9m3r,Rest of East Bay
9q9m3s,Rest of East Bay
9q9m3t,Rest of East Bay
9q9m3u,Rest of East Bay
9q9m3v,Rest of East Bay
9q9m3w,Rest of East Bay
9q9m3x,Rest of East Bay
9q9m3y,Rest of East Bay
9q9m3z,Rest of East Bay
9q9m40,Rest of Bay Area
9q9m41,Rest of Bay Area
9q9m42,Rest of Bay Area
9q9m43,Rest of Bay Area
9q9m44,Rest of Bay Area
9q9m45,Rest of Bay Area
9q9m46,Rest of Bay Area
9q9m47,Rest of Bay Area
9q9m48,Rest of Bay Area
9q9m49,Rest of Bay Area
9q9m4b,Rest of Bay Area
9q9m4c,Rest of Bay Area
9q9m4d,Rest of Bay Area
9q9m4e,Rest of Bay Area
9q9m4f,Rest of Bay Area
9q9m4g,Rest of Bay Area
9q9m4h,Rest of Bay Area
9q9m4j,Rest of East Bay
9q9m4k,Rest of Bay Area
9q9m4m,Rest of East Bay
9q9m4n,Rest of East Bay
9q9m4p,Rest of East Bay
9q9m4q,Rest of East Bay
9q9m4r,Rest of East Bay
9q9m4s,Rest of Bay Area
9q9m4t,Rest of Bay Area
9q9m4u,Rest of Bay Area
9q9m4v,Rest of Bay Area
9q9m4w,Rest of East Bay
9q9m4x,Rest of East Bay
9q9m4y,Rest of Bay Area
9q9m4z,Rest of Bay Area
9q9m50,Rest of Bay Area
9q9m51,Rest of Bay Area
9q9m52,Rest of Bay Area
9q9m53,Rest of Bay Area
9q9m54,Rest of Bay Area
9q9m55,Rest of Bay Area
9q9m56,Rest of Bay Area
9q9m57,Rest of Bay Area
9q9m58,Rest of Bay Area
9q9m59,Rest of Bay Area
9q9m5b,Rest of Bay Area
9q9m5c,Rest of Bay Area
9q9m5d,Rest of Bay Area
9q9m5e,Rest of Bay Area
9q9m5f,Rest of Bay Area
9q9m5g,Rest of Bay Area
9q9m5h,Rest of Bay Area
9q9m5j,Rest of Bay Area
9q9m5k,Rest of Bay Area
9q9m5m,Rest of Bay Area
9q9m5n,Rest of Bay Area
9q9m5p,Rest of Bay Area
9q9m5q,Rest of Bay Area
9q9m5r,Rest of Bay Area
9q9m5s,Rest of Bay Area
9q9m5t,Rest of Bay Area
9q9m5u,Rest of Bay Area
9q9m5v,Rest of Bay Area
9q9m5w,Rest of Bay Area
9q9m5x,Rest of Bay Area
9q9m5y,Rest of Bay Area
9q9m5z,Rest of Bay Area
9q9m60,Rest of East Bay
9q9m61,Rest of East Bay
9q9m62,Rest of East Bay
9q9m63,Rest of East Bay
9q9m64,Rest of East Bay
9q9m65,Rest of East Bay
9q9m66,Rest of East Bay
9q9m67,Rest of East Bay
9q9m68,Rest of East Bay
9q9m69,Rest of East Bay
9q9m6b,Rest of East Bay
9q9m6c,Rest of East Bay
9q9m6d,Rest of East Bay
9q9m6e,Rest of East Bay
9q9m6f,Rest of East Bay
9q9m6g,Rest of East Bay
9q9m6h,Rest of East Bay
9q9m6j,Rest of East Bay
9q9m6k,Rest of East Bay
9q9m6m,Rest of East Bay
9q9m6n,Rest of East Bay
9q9m6p,Rest of East Bay
9q9m6q,Rest of East Bay
9q9m6r,Rest of East Bay
9q9m6s,Rest of East Bay
9q9m6t,Rest of East Bay
9q9m6u,Rest of East Bay
9q9m6v,Rest of East Bay
9q9m6w,Rest of East Bay
9q9m6x,Rest of East Bay
9q9m6y,Rest of East Bay
9q9m6z,Rest of East Bay
9q9m70,Rest of East Bay
9q9m71,Rest of East Bay
9q9m72,Rest of East Bay
9q9m73,Rest of East Bay
9q9m74,Rest of East Bay
9q9m75,Rest of East Bay
9q9m76,Rest of East Bay
9q9m77,Rest of East Bay
9q9m78,Rest of East Bay
9q9m79,Rest of East Bay
9q9m7b,Rest of East Bay
9q9m7c,Rest of East Bay
9q9m7d,Rest of East Bay
9q9m7e,Rest of East Bay
9q9m7f,Rest of East Bay
9q9m7g,Rest of East Bay
9q9m7h,Rest of East Bay
9q9m7j,Rest of East Bay
9q9m7k,Rest of East Bay
9q9m7m,Rest of East Bay
9q9m7n,Rest of East Bay
9q9m7p,Rest of East Bay
9q9m7q,Rest of East Bay
9q9m7r,Rest of East Bay
9q9m7s,Rest of East Bay
9q9m7t,Rest of East Bay
9q9m7u,Rest of East Bay
9q9m7v,Rest of East Bay
9q9m7w,Rest of East Bay
9q9m7x,Rest of East Bay
9q9m7y,Rest of East Bay
9q9m7z,Rest of East Bay
9q9m80,Rest of East Bay
9q9m81,Rest of East Bay
9q9m82,Rest of East Bay
9q9m83,Rest of East Bay
9q9m84,Rest of East Bay
9q9m85,Rest of East Bay
9q9m86,Rest of East Bay
9q9m87,Rest of East Bay
9q9m88,Rest of East Bay
9q9m89,Rest of East Bay
9q9m8b,Rest of East Bay
9q9m8c,Rest of East Bay
9q9m8d,Rest of East Bay
9q9m8e,Rest of East Bay
9q9m8f,Rest of East Bay
9q9m8g,Rest of East Bay
9q9m8h,Rest of East Bay
9q9m8j,Rest of East Bay
9q9m8k,Rest of East Bay
9q9m8m,Rest of East Bay
9q9m8n,Rest of East Bay
9q9m8p,Rest of East Bay
9q9m8q,Rest of East Bay
9q9m8r,Rest of East Bay
9q9m8s,Rest of East Bay
9q9m8t,Rest of East Bay
9q9m8u,Rest of East Bay
9q9m8v,Rest of East Bay
9q9m8w,Rest of East Bay
9q9m8x,Rest of East Bay
9q9m8y,Rest of East Bay
9q9m8z,Rest of East Bay
9q9m90,Rest of East Bay
9q9m91,Rest of East Bay
9q9m92,Rest of East Bay
9q9m93,Rest of East Bay
9q9m94,Rest of East Bay
9q9m95,Rest of East Bay
9q9m96,Rest of East Bay
9q9m97,Rest of East Bay
9q9m98,Rest of East Bay
9q9m99,Rest of East Bay
9q9m9b,Rest of East Bay
9q9m9c,Rest of East Bay
9q9m9d,Rest of East Bay
9q9m9e,Rest of East Bay
9q9m9f,Rest of East Bay
9q9m9g,Rest of East Bay
9q9m9h,Rest of East Bay
9q9m9j,Rest of East Bay
9q9m9k,Rest of East Bay
9q9m9m,Rest of East Bay
9q9m9n,Rest of East Bay
9q9m9p,Rest of East Bay
9q9m9q,Rest of East Bay
9q9m9r,Rest of East Bay
9q9m9s,Rest of East Bay
9q9m9t,Rest of East Bay
9q9m9u,Rest of East Bay
9q9m9v,Rest of East Bay
9q9m9w,Rest of East Bay
9q9m9x,Rest of East Bay
9q9m9y,Rest of East Bay
9q9m9z,Rest of East Bay
9q9mb0,Rest of East Bay
9q9mb1,Rest of East Bay
9q9mb2,Rest of East Bay
9q9mb3,Rest of East Bay
9q9mb4,Rest of East Bay
9q9mb5,Rest of East Bay
9q9mb6,Rest of East Bay
9q9mb7,Rest of East Bay
9q9mb8,Rest of East Bay
9q9mb9,Rest of East Bay
9q9mbb,Rest of East Bay
9q9mbc,Rest of East Bay
9q9mbd,Rest of East Bay
9q9mbe,Rest of East Bay
9q9mbf,Rest of East Bay
9q9mbg,Rest of East Bay
9q9mbh,Rest of East Bay
9q9mbj,Rest of East Bay
9q9mbk,Rest of East Bay
9q9mbm,Rest of East Bay
9q9mbn,Rest of East Bay
9q9mbp,Rest of East Bay
9q9mbq,Rest of East Bay
9q9mbr,Rest of East Bay
9q9mbs,Rest of East Bay
9q9mbt,Rest of East Bay
9q9mbu,Rest of East Bay
9q9mbv,Rest of East Bay
9q9mbw,Rest of East Bay
9q9mbx,Rest of East Bay
9q9mby,Rest of East Bay
9q9mbz,Rest of East Bay
9q9mc0,Rest of East Bay
9q9mc1,Rest of East Bay
9q9mc2,Rest of East Bay
9q9mc3,Rest of East Bay
9q9mc4,Rest of East Bay
9q9mc5,Rest of East Bay
9q9mc6,Rest of East Bay
9q9mc7,Rest of East Bay
9q9mc8,Rest of East Bay
9q9mc9,Rest of East Bay
9q9mcb,Rest of East Bay
9q9mcc,Rest of East Bay
9q9mcd,Rest of East Bay
9q9mce,Rest of East Bay
9q9mcf,Rest of East Bay
9q9mcg,Rest of East Bay
9q9mch,Rest of East Bay
9q9mcj,Rest of East Bay
9q9mck,Rest of East Bay
9q9mcm,Rest of East Bay
9q9mcn,Rest of East Bay
9q9mcp,Rest of East Bay
9q9mcq,Rest of East Bay
9q9mcr,Rest of East Bay
9q9mcs,Rest of East Bay
9q9mct,Rest of East Bay
9q9mcu,Rest of East Bay
9q9mcv,Rest of East Bay
9q9mcw,Rest of East Bay
9q9mcx,Rest of East Bay
9q9mcy,Rest of East Bay
9q9mcz,Rest of East Bay
9q9md0,Rest of East Bay
9q9md1,Rest of East Bay
9q9md2,Rest of East Bay
9q9md3,Rest of East Bay
9q9md4,Rest of East Bay
9q9md5,Rest of East Bay
9q9md6,Rest of East Bay
9q9md7,Rest of East Bay
9q9md8,Rest of East Bay
9q9md9,Rest of East Bay
9q9mdb,Rest of East Bay
9q9mdc,Rest of East Bay
9q9mdd,Rest of East Bay
9q9mde,Rest of East Bay
9q9mdf,Rest of East Bay
9q9mdg,Rest of East Bay
9q9mdh,Rest of East Bay
9q9mdj,Rest of East Bay
9q9mdk,Rest of East Bay
9q9mdm,Rest of East Bay
9q9mdn,Rest of East Bay
9q9mdp,Rest of East Bay
9q9mdq,Rest of East Bay
9q9mdr,Rest of East Bay
9q9mds,Rest of East Bay
9q9mdt,Rest of East Bay
9q9mdu,Rest of East Bay
9q9mdv,Rest of East Bay
9q9mdw,Rest of East Bay
9q9mdx,Rest of East Bay
9q9mdy,Rest of East Bay
9q9mdz,Rest of East Bay
9q9me0,Rest of East Bay
9q9me1,Rest of East Bay
9q9me2,Rest of East Bay
9q9me3,Rest of East Bay
9q9me4,Rest of East Bay
9q9me5,Rest of East Bay
9q9me6,Rest of East Bay
9q9me7,Rest of East Bay
9q9me8,Rest of East Bay
9q9me9,Rest of East Bay
9q9meb,Rest of East Bay
9q9mec,Rest of East Bay
9q9med,Rest of East Bay
9q9mee,Rest of East Bay
9q9mef,Rest of East Bay
9q9meg,Rest of East Bay
9q9meh,Rest of East Bay
9q9mej,Rest of East Bay
9q9mek,Rest of East Bay
9q9mem,Rest of East Bay
9q9men,Rest of East Bay
9q9mep,Rest of East Bay
9q9meq,Rest of East Bay
9q9mer,Rest of East Bay
9q9mes,Rest of East Bay
9q9met,Rest of East Bay
9q9meu,Rest of East Bay
9q9mev,Rest of East Bay
9q9mew,Rest of East Bay
9q9mex,Rest of East Bay
9q9mey,Rest of East Bay
9q9mez,Rest of East Bay
9q9mf0,Rest of East Bay
9q9mf1,Rest of East Bay
9q9mf2,Rest of East Bay
9q9mf3,Rest of East Bay
9q9mf4,Rest of East Bay
9q9mf5,Rest of East Bay
9q9mf6,Rest of East Bay
9q9mf7,Rest of East Bay
9q9mf8,Rest of East Bay
9q9mf9,Rest of East Bay
9q9mfb,Rest of East Bay
9q9mfc,Rest of East Bay
9q9mfd,Rest of East Bay
9q9mfe,Rest of East Bay
9q9mff,Rest of East Bay
9q9mfg,Rest of East Bay
9q9mfh,Rest of East Bay
9q9mfj,Rest of East Bay
9q9mfk,Rest of East Bay
9q9mfm,Rest of East Bay
9q9mfn,Rest of East Bay
9q9mfp,Rest of East Bay
9q9mfq,Rest of East Bay
9q9mfr,Rest of East Bay
9q9mfs,Rest of East Bay
9q9mft,Rest of East Bay
9q9mfu,Rest of East Bay
9q9mfv,Rest of East Bay
9q9mfw,Rest of East Bay
9q9mfx,Rest of East Bay
9q9mfy,Rest of East Bay
9q9mfz,Rest of East Bay
9q9mg0,Rest of East Bay
9q9mg1,Rest of East Bay
9q9mg2,Rest of East Bay
9q9mg3,Rest of East Bay
9q9mg4,Rest of East Bay
9q9mg5,Rest of East Bay
9q9mg6,Rest of East Bay
9q9mg7,Rest of East Bay
9q9mg8,Rest of East Bay
9q9mg9,Rest of East Bay
9q9mgb,Rest of East Bay
9q9mgc,Rest of East Bay
9q9mgd,Rest of East Bay
9q9mge,Rest of East Bay
9q9mgf,Rest of East Bay
9q9mgg,Rest of East Bay
9q9mgh,Rest of East Bay
9q9mgj,Rest of East Bay
9q9mgk,Rest of East Bay
9q9mgm,Rest of East Bay
9q9mgn,Rest of East Bay
9q9mgp,Rest of East Bay
9q9mgq,Rest of East Bay
9q9mgr,Rest of East Bay
9q9mgs,Rest of East Bay
9q9mgt,Rest of East Bay
9q9mgu,Rest of East Bay
9q9mgv,Rest of East Bay
9q9mgw,Rest of East Bay
9q9mgx,Rest of East Bay
9q9mgy,Rest of East Bay
9q9mgz,Rest of East Bay
9q9mh0,Rest of Bay Area
9q9mh1,Rest of Bay Area
9q9mh2,Rest of Bay Area
9q9mh3,Rest of Bay Area
9q9mh4,Rest of Bay Area
9q9mh5,Rest of Bay Area
9q9mh6,Rest of Bay Area
9q9mh7,Rest of Bay Area
9q9mh8,Rest of Bay Area
9q9mh9,Rest of Bay Area
9q9mhb,Rest of Bay Area
9q9mhc,Rest of Bay Area
9q9mhd,Rest of Bay Area
9q9mhe,Rest of Bay Area
9q9mhf,Rest of Bay Area
9q9mhg,Rest of Bay Area
9q9mhh,Rest of Bay Area
9q9mhj,Rest of Bay Area
9q9mhk,Rest of Bay Area
9q9mhm,Rest of Bay Area
9q9mhn,Rest of Bay Area
9q9mhp,Rest of Bay Area
9q9mhq,Rest of Bay Area
9q9mhr,Rest of Bay Area
9q9mhs,Rest of Bay Area
9q9mht,Rest of Bay Area
9q9mhu,Rest of Bay Area
9q9mhv,Rest of Bay Area
9q9mhw,Rest of Bay Area
9q9mhx,Rest of Bay Area
9q9mhy,Rest of Bay Area
9q9mhz,Rest of Bay Area
9q9mj0,Rest of Bay Area
9q9mj1,Rest of Bay Area
9q9mj2,Rest of Bay Area
9q9mj3,Rest of Bay Area
9q9mj4,Rest of Bay Area
9q9mj5,Rest of Bay Area
9q9mj6,Rest of Bay Area
9q9mj7,Rest of Bay Area
9q9mj8,Rest of Bay Area
9q9mj9,Rest of Bay Area
9q9mjb,Rest of Bay Area
9q9mjc,Rest of Bay Area
9q9mjd,Rest of Bay Area
9q9mje,Rest of Bay Area
9q9mjf,Rest of Bay Area
9q9mjg,Rest of Bay Area
9q9mjh,Rest of Bay Area
9q9mjj,Rest of Bay Area
9q9mjk,Rest of Bay Area
9q9mjm,Rest of Bay Area
9q9mjn,Rest of Bay Area
9q9mjp,Rest of Bay Area
9q9mjq,Rest of Bay Area
9q9mjr,Rest of Bay Area
9q9mjs,Rest of Bay Area
9q9mjt,Rest of Bay Area
9q9mju,Rest of Bay Area
9q9mjv,Rest of Bay Area
9q9mjw,Rest of Bay Area
9q9mjx,Rest of Bay Area
9q9mjy,Rest of Bay Area
9q9mjz,Rest of Bay Area
9q9mk0,Rest of East Bay
9q9mk1,Rest of East Bay
9q9mk2,Rest of East Bay
9q9mk3,Rest of East Bay
9q9mk4,Rest of East Bay
9q9mk5,Rest of East Bay
9q9mk6,Rest of East Bay
9q9mk7,Rest of East Bay
9q9mk8,Rest of East Bay
9q9mk9,Rest of East Bay
9q9mkb,Rest of East Bay
9q9mkc,Rest of East Bay
9q9mkd,Rest of East Bay
9q9mke,Rest of East Bay
9q9mkf,Rest of East Bay
9q9mkg,Rest of East Bay
9q9mkh,Rest of East Bay
9q9mkj,Rest of East Bay
9q9mkk,Rest of East Bay
9q9mkm,Rest of East Bay
9q9mkn,Rest of East Bay
9q9mkp,Rest of East Bay
9q9mkq,Rest of East Bay
9q9mkr,Rest of East Bay
9q9mks,Rest of East Bay
9q9mkt,Rest of East Bay
9q9mku,Rest of East Bay
9q9mkv,Rest of East Bay
9q9mkw,Rest of East Bay
9q9mkx,Rest of East Bay
9q9mky,Rest of East Bay
9q9mkz,Rest of East Bay
9q9mm0,Rest of East Bay
9q9mm1,Rest of East Bay
9q9mm2,Rest of East Bay
9q9mm3,Rest of East Bay
9q9mm4,Rest of East Bay
9q9mm5,Rest of East Bay
9q9mm6,Rest of East Bay
9q9mm7,Rest of East Bay
9q9mm8,Rest of East Bay
9q9mm9,Rest of East Bay
9q9mmb,Rest of East Bay
9q9mmc,Rest of East Bay
9q9mmd,Rest of East Bay
9q9mme,Rest of East Bay
9q9mmf,Rest of East Bay
9q9mmg,Rest of East Bay
9q9mmh,Rest of East Bay
9q9mmj,Rest of East Bay
9q9mmk,Rest of East Bay
9q9mmm,Rest of East Bay
9q9mmn,Rest of East Bay
9q9mmp,Rest of East Bay
9q9mmq,Rest of East Bay
9q9mmr,Rest of East Bay
9q9mms,Rest of East Bay
9q9mmt,Rest of East Bay
9q9mmu,Rest of East Bay
9q9mmv,Rest of East Bay
9q9mmw,Rest of East Bay
9q9mmx,Rest of East Bay
9q9mmy,Rest of East Bay
9q9mmz,Rest of East Bay
9q9mn0,Rest of Bay Area
9q9mn1,Rest of Bay Area
9q9mn2,Rest of Bay Area
9q9mn3,Rest of Bay Area
9q9mn4,Rest of Bay Area
9q9mn5,Rest of Bay Area
9q9mn6,Rest of Bay Area
9q9mn7,Rest of Bay Area
9q9mn8,Rest of Bay Area
9q9mn9,Rest of Bay Area
9q9mnb,Rest of Bay Area
9q9mnc,Rest of Bay Area
9q9mnd,Rest of Bay Area
9q9mne,Rest of Bay Area
9q9mnf,Rest of Bay Area
9q9mng,Rest of Bay Area
9q9mnh,Rest of Bay Area
9q9mnj,Rest of Bay Area
9q9mnk,Rest of Bay Area
9q9mnm,Rest of Bay Area
9q9mnn,Rest of Bay Area
9q9mnp,Rest of Bay Area
9q9mnq,Rest of Bay Area
9q9mnr,Rest of Bay Area
9q9mns,Rest of Bay Area
9q9mnt,Rest of Bay Area
9q9mnu,Rest of Bay Area
9q9mnv,Rest of Bay Area
9q9mnw,Rest of Bay Area
9q9mnx,Rest of Bay Area
9q9mny,Rest of Bay Area
9q9mnz,Rest of Bay Area
9q9mp0,Rest of Bay Area
9q9mp1,Rest of Bay Area
9q9mp2,Rest of Bay Area
9q9mp3,Rest of Bay Area
9q9mp4,Rest of Bay Area
9q9mp5,Rest of Bay Area
9q9mp6,Rest of Bay Area
9q9mp7,Rest of Bay Area
9q9mp8,Rest of Bay Area
9q9mp9,Rest of Bay Area
9q9mpb,Rest of Bay Area
9q9mpc,Rest of Bay Area
9q9mpd,Rest of Bay Area
9q9mpe,Rest of Bay Area
9q9mpf,Rest of Bay Area
9q9mpg,Rest of Bay Area
9q9mph,Rest of Bay Area
9q9mpj,Rest of Bay Area
9q9mpk,Rest of Bay Area
9q9mpm,Rest of Bay Area
9q9mpn,Rest of Bay Area
9q9mpp,Rest of Bay Area
9q9mpq,Rest of Bay Area
9q9mpr,Rest of Bay Area
9q9mps,Rest of Bay Area
9q9mpt,Rest of Bay Area
9q9mpu,Rest of Bay Area
9q9mpv,Rest of Bay Area
9q9mpw,Rest of Bay Area
9q9mpx,Rest of Bay Area
9q9mpy,Rest of Bay Area
9q9mpz,Rest of Bay Area
9q9mq0,Rest of East Bay
9q9mq1,Rest of East Bay
9q9mq2,Rest of East Bay
9q9mq3,Rest of East Bay
9q9mq4,Rest of East Bay
9q9mq5,Rest of East Bay
9q9mq6,Rest of East Bay
9q9mq7,Rest of East Bay
9q9mq8,Rest of East Bay
9q9mq9,Rest of East Bay
9q9mqb,Rest of East Bay
9q9mqc,Rest of East Bay
9q9mqd,Rest of East Bay
9q9mqe,Rest of East Bay
9q9mqf,Rest of East Bay
9q9mqg,Rest of East Bay
9q9mqh,Rest of East Bay
9q9mqj,Rest of East Bay
9q9mqk,Rest of East Bay
9q9mqm,Rest of East Bay
9q9mqn,Rest of East Bay
9q9mqp,Rest of East Bay
9q9mqq,Rest of East Bay
9q9mqr,Rest of East Bay
9q9mqs,Rest of East Bay
9q9mqt,Rest of East Bay
9q9mqu,Rest of East Bay
9q9mqv,Rest of East Bay
9q9mqw,Rest of East Bay
9q9mqx,Rest of East Bay
9q9mqy,Rest of East Bay
9q9mqz,Rest of East Bay
9q9mr0,Rest of East Bay
9q9mr1,Rest of East Bay
9q9mr2,Rest of East Bay
9q9mr3,Rest of East Bay
9q9mr4,Rest of East Bay
9q9mr5,Rest of East Bay
9q9mr6,Rest of East Bay
9q9mr7,Rest of East Bay
9q9mr8,Rest of East Bay
9q9mr9,Rest of East Bay
9q9mrb,Rest of East Bay
9q9mrc,Rest of East Bay
9q9mrd,Rest of East Bay
9q9mre,Rest of East Bay
9q9mrf,Rest of East Bay
9q9mrg,Rest of East Bay
9q9mrh,Rest of East Bay
9q9mrj,Rest of East Bay
9q9mrk,Rest of East Bay
9q9mrm,Rest of East Bay
9q9mrn,Rest of East Bay
9q9mrp,Rest of East Bay
9q9mrq,Rest of East Bay
9q9mrr,Rest of East Bay
9q9mrs,Rest of East Bay
9q9mrt,Rest of East Bay
9q9mru,Rest of East Bay
9q9mrv,Rest of East Bay
9q9mrw,Rest of East Bay
9q9mrx,Rest of East Bay
9q9mry,Rest of East Bay
9q9mrz,Rest of East Bay
9q9ms0,Rest of East Bay
9q9ms1,Rest of East Bay
9q9ms2,Rest of East Bay
9q9ms3,Rest of East Bay
9q9ms4,Rest of East Bay
9q9ms5,Rest of East Bay
9q9ms6,Rest of East Bay
9q9ms7,Rest of East Bay
9q9ms8,Rest of East Bay
9q9ms9,Rest of East Bay
9q9msb,Rest of East Bay
9q9msc,Rest of East Bay
9q9msd,Rest of East Bay
9q9mse,Rest of East Bay
9q9msf,Rest of East Bay
9q9msg,Rest of East Bay
9q9msh,Rest of East Bay
9q9msj,Rest of East Bay
9q9msk,Rest of East Bay
9q9msm,Rest of East Bay
9q9msn,Rest of East Bay
9q9msp,Rest of East Bay
9q9msq,Rest of East Bay
9q9msr,Rest of East Bay
9q9mss,Rest of East Bay
9q9mst,Rest of East Bay
9q9msu,Rest of East Bay
9q9msv,Rest of East Bay
9q9msw,Rest of East Bay
9q9msx,Rest of East Bay
9q9msy,Rest of East Bay
9q9msz,Rest of East Bay
9q9mt0,Rest of East Bay
9q9mt1,Rest of East Bay
9q9mt2,Rest of East Bay
9q9mt3,Rest of East Bay
9q9mt4,Rest of East Bay
9q9mt5,Rest of East Bay
9q9mt6,Rest of East Bay
9q9mt7,Rest of East Bay
9q9mt8,Rest of East Bay
9q9mt9,Rest of East Bay
9q9mtb,Rest of East Bay
9q9mtc,Rest of East Bay
9q9mtd,Rest of East Bay
9q9mte,Rest of East Bay
9q9mtf,Rest of East Bay
9q9mtg,Rest of East Bay
9q9mth,Rest of East Bay
9q9mtj,Rest of East Bay
9q9mtk,Rest of East Bay
9q9mtm,Rest of East Bay
9q9mtn,Rest of East Bay
9q9mtp,Rest of East Bay
9q9mtq,Rest of East Bay
9q9mtr,Rest of East Bay
9q9mts,Rest of East Bay
9q9mtt,Rest of East Bay
9q9mtu,Rest of East Bay
9q9mtv,Rest of East Bay
9q9mtw,Rest of East Bay
9q9mtx,Rest of East Bay
9q9mty,Rest of East Bay
9q9mtz,Rest of East Bay
9q9mu0,Rest of East Bay
9q9mu1,Rest of East Bay
9q9mu2,Rest of East Bay
9q9mu3,Rest of East Bay
9q9mu4,Rest of East Bay
9q9mu5,Rest of East Bay
9q9mu6,Rest of East Bay
9q9mu7,Rest of East Bay
9q9mu8,Rest of East Bay
9q9mu9,Rest of East Bay
9q9mub,Rest of East Bay
9q9muc,Rest of East Bay
9q9mud,Rest of East Bay
9q9mue,Rest of East Bay
9q9muf,Rest of East Bay
9q9mug,Rest of East Bay
9q9muh,Rest of East Bay
9q9muj,Rest of East Bay
9q9muk,Rest of East Bay
9q9mum,Rest of East Bay
9q9mun,Rest of East Bay
9q9mup,Rest of East Bay
9q9muq,Rest of East Bay
9q9mur,Rest of East Bay
9q9mus,Rest of East Bay
9q9mut,Rest of East Bay
9q9muu,Rest of East Bay
9q9muv,Rest of East Bay
9q9muw,Rest of East Bay
9q9mux,Rest of East Bay
9q9muy,Rest of East Bay
9q9muz,Rest of East Bay
9q9mv0,Rest of East Bay
9q9mv1,Rest of East Bay
9q9mv2,Rest of East Bay
9q9mv3,Rest of East Bay
9q9mv4,Rest of East Bay
9q9mv5,Rest of East Bay
9q9mv6,Rest of East Bay
9q9mv7,Rest of East Bay
9q9mv8,Rest of East Bay
9q9mv9,Rest of East Bay
9q9mvb,Rest of East Bay
9q9mvc,Rest of East Bay
9q9mvd,Rest of East Bay
9q9mve,Rest of East Bay
9q9mvf,Rest of East Bay
9q9mvg,Rest of East Bay
9q9mvh,Rest of East Bay
9q9mvj,Rest of East Bay
9q9mvk,Rest of East Bay
9q9mvm,Rest of East Bay
9q9mvn,Rest of East Bay
9q9mvp,Rest of East Bay
9q9mvq,Rest of East Bay
9q9mvr,Rest of East Bay
9q9mvs,Rest of East Bay
9q9mvt,Rest of East Bay
9q9mvu,Rest of East Bay
9q9mvv,Rest of East Bay
9q9mvw,Rest of East Bay
9q9mvx,Rest of East Bay
9q9mvy,Rest of East Bay
9q9mvz,Rest of East Bay
9q9mw0,Rest of East Bay
9q9mw1,Rest of East Bay
9q9mw2,Rest of East Bay
9q9mw3,Rest of East Bay
9q9mw4,Rest of East Bay
9q9mw5,Rest of East Bay
9q9mw6,Rest of East Bay
9q9mw7,Rest of East Bay
9q9mw8,Rest of East Bay
9q9mw9,Rest of East Bay
9q9mwb,Rest of East Bay
9q9mwc,Rest of East Bay
9q9mwd,Rest of East Bay
9q9mwe,Rest of East Bay
9q9mwf,Rest of East Bay
9q9mwg,Rest of East Bay
9q9mwh,Rest of East Bay
9q9mwj,Rest of East Bay
9q9mwk,Rest of East Bay
9q9mwm,Rest of East Bay
9q9mwn,Rest of East Bay
9q9mwp,Rest of East Bay
9q9mwq,Rest of East Bay
9q9mwr,Rest of East Bay
9q9mws,Rest of East Bay
9q9mwt,Rest of East Bay
9q9mwu,Rest of East Bay
9q9mwv,Rest of East Bay
9q9mww,Rest of East Bay
9q9mwx,Rest of East Bay
9q9mwy,Rest of East Bay
9q9mwz,Rest of East Bay
9q9mx0,Rest of East Bay
9q9mx1,Rest of East Bay
9q9mx2,Rest of East Bay
9q9mx3,Rest of East Bay
9q9mx4,Rest of East Bay
9q9mx5,Rest of East Bay
9q9mx6,Rest of East Bay
9q9mx7,Rest of East Bay
9q9mx8,Rest of East Bay
9q9mx9,Rest of East Bay
9q9mxb,Rest of East Bay
9q9mxc,Rest of East Bay
9q9mxd,Rest of East Bay
9q9mxe,Rest of East Bay
9q9mxf,Rest of East Bay
9q9mxg,Rest of East Bay
9q9mxh,Rest of East Bay
9q9mxj,Rest of East Bay
9q9mxk,Rest of East Bay
9q9mxm,Rest of East Bay
9q9mxn,Rest of East Bay
9q9mxp,Rest of East Bay
9q9mxq,Rest of East Bay
9q9mxr,Rest of East Bay
9q9mxs,Rest of East Bay
9q9mxt,Rest of East Bay
9q9mxu,Rest of East Bay
9q9mxv,Rest of East Bay
9q9mxw,Rest of East Bay
9q9mxx,Rest of East Bay
9q9mxy,Rest of East Bay
9q9mxz,Rest of East Bay
9q9my0,Rest of East Bay
9q9my1,Rest of East Bay
9q9my2,Rest of East Bay
9q9my3,Rest of East Bay
9q9my4,Rest of East Bay
9q9my5,Rest of East Bay
9q9my6,Rest of East Bay
9q9my7,Rest of East Bay
9q9my8,Rest of East Bay
9q9my9,Rest of East Bay
9q9myb,Rest of East Bay
9q9myc,Rest of East Bay
9q9myd,Rest of East Bay
9q9mye,Rest of East Bay
9q9myf,Rest of East Bay
9q9myg,Rest of East Bay
9q9myh,Rest of East Bay
9q9myj,Rest of East Bay
9q9myk,Rest of East Bay
9q9mym,Rest of East Bay
9q9myn,Rest of East Bay
9q9myp,Rest of East Bay
9q9myq,Rest of East Bay
9q9myr,Rest of East Bay
9q9mys,Rest of East Bay
9q9myt,Rest of East Bay
9q9myu,Rest of East Bay
9q9myv,Rest of East Bay
9q9myw,Rest of East Bay
9q9myx,Rest of East Bay
9q9myy,Rest of East Bay
9q9myz,Rest of East Bay
9q9mz0,Rest of East Bay
9q9mz1,Rest of East Bay
9q9mz2,Rest of East Bay
9q9mz3,Rest of East Bay
9q9mz4,Rest of East Bay
9q9mz5,Rest of East Bay
9q9mz6,Rest of East Bay
9q9mz7,Rest of East Bay
9q9mz8,Rest of East Bay
9q9mz9,Rest of East Bay
9q9mzb,Rest of East Bay
9q9mzc,Rest of East Bay
9q9mzd,Rest of East Bay
9q9mze,Rest of East Bay
9q9mzf,Rest of East Bay
9q9mzg,Rest of East Bay
9q9mzh,Rest of East Bay
9q9mzj,Rest of East Bay
9q9mzk,Rest of East Bay
9q9mzm,Rest of East Bay
9q9mzn,Rest of East Bay
9q9mzp,Rest of East Bay
9q9mzq,Rest of East Bay
9q9mzr,Rest of East Bay
9q9mzs,Rest of East Bay
9q9mzt,Rest of East Bay
9q9mzu,Rest of East Bay
9q9mzv,Rest of East Bay
9q9mzw,Rest of East Bay
9q9mzx,Rest of East Bay
9q9mzy,Rest of East Bay
9q9mzz,Rest of East Bay
9q9n6x,Oakland
9q9n6y,Oakland
9q9n6z,Oakland
9q9n7f,Rest of East Bay
9q9n7g,Rest of East Bay
9q9n7m,Rest of East Bay
9q9n7p,Oakland
9q9n7q,Rest of East Bay
9q9n7r,Rest of East Bay
9q9n7s,Rest of East Bay
9q9n7t,Rest of East Bay
9q9n7u,Rest of East Bay
9q9n7v,Rest of East Bay
9q9n7w,Rest of East Bay
9q9n7x,Rest of East Bay
9q9n7y,Rest of East Bay
9q9n7z,Rest of East Bay
9q9n9v,Rest of East Bay
9q9n9y,Rest of East Bay
9q9n9z,Rest of East Bay
9q9nbm,Rest of East Bay
9q9nbq,Rest of East Bay
9q9nbr,Rest of East Bay
9q9nbs,Rest of East Bay
9q9nbt,Rest of East Bay
9q9nbu,Rest of East Bay
9q9nbv,Rest of East Bay
9q9nbw,Rest of East Bay
9q9nbx,Rest of East Bay
9q9nby,Rest of East Bay
9q9nbz,Rest of East Bay
9q9nc5,Rest of East Bay
9q9nc6,Rest of East Bay
9q9nc7,Rest of East Bay
9q9nc9,Rest of East Bay
9q9ncc,Rest of East Bay
9q9ncd,Rest of East Bay
9q9nce,Rest of East Bay
9q9ncf,Rest of East Bay
9q9ncg,Rest of East Bay
9q9nch,Rest of East Bay
9q9ncj,Rest of East Bay
9q9nck,Rest of East Bay
9q9ncm,Rest of East Bay
9q9ncn,Rest of East Bay
9q9ncp,Rest of East Bay
9q9ncq,Rest of East Bay
9q9ncr,Rest of East Bay
9q9ncs,Rest of East Bay
9q9nct,Rest of East Bay
9q9ncu,Rest of East Bay
9q9ncv,Rest of East Bay
9q9ncw,Rest of East Bay
9q9ncx,Oakland
9q9ncy,Rest of East Bay
9q9ncz,Oakland
9q9nd3,Oakland
9q9nd4,Oakland
9q9nd5,Oakland
9q9nd6,Oakland
9q9nd7,Rest of East Bay
9q9nd8,Oakland
9q9nd9,Oakland
9q9ndb,Oakland
9q9ndc,Oakland
9q9ndd,Oakland
9q9nde,Oakland
9q9ndf,Oakland
9q9ndg,Oakland
9q9ndh,Rest of East Bay
9q9ndj,Rest of East Bay
9q9ndk,Rest of East Bay
9q9ndm,Rest of East Bay
9q9ndn,Rest of East Bay
9q9ndp,Rest of East Bay
9q9ndq,Rest of East Bay
9q9ndr,Rest of East Bay
9q9nds,Rest of East Bay
9q9ndt,Rest of East Bay
9q9ndu,Oakland
9q9ndv,Oakland
9q9ndw,Rest of East Bay
9q9ndx,Rest of East Bay
9q9ndy,Oakland
9q9ndz,Oakland
9q9ne0,Rest of East Bay
9q9ne1,Oakland
9q9ne2,Rest of East Bay
9q9ne3,Rest of East Bay
9q9ne4,Oakland
9q9ne5,Oakland
9q9ne6,Oakland
9q9ne7,Rest of East Bay
9q9ne8,Rest of East Bay
9q9ne9,Rest of East Bay
9q9neb,Rest of East Bay
9q9nec,Rest of East Bay
9q9ned,Rest of East Bay
9q9nee,Rest of East Bay
9q9nef,Rest of East Bay
9q9neg,Rest of East Bay
9q9neh,Oakland
9q9nej,Oakland
9q9nek,Oakland
9q9nem,Oakland
9q9nen,Oakland
9q9nep,Oakland
9q9neq,Oakland
9q9ner,Oakland
9q9nes,Oakland
9q9net,Oakland
9q9neu,Oakland
9q9nev,Oakland
9q9new,Oakland
9q9nex,Oakland
9q9ney,Oakland
9q9nez,Oakland
9q9nf0,Rest of East Bay
9q9nf1,Rest of East Bay
9q9nf2,Rest of East Bay
9q9nf3,Rest of East Bay
9q9nf4,Rest of East Bay
9q9nf5,Rest of East Bay
9q9nf6,Rest of East Bay
9q9nf7,Rest of East Bay
9q9nf8,Rest of East Bay
9q9nf9,Rest of East Bay
9q9nfb,Oakland
9q9nfc,Oakland
9q9nfd,Rest of East Bay
9q9nfe,Oakland
9q9nff,Oakland
9q9nfg,Oakland
9q9nfh,Rest of East Bay
9q9nfj,Rest of East Bay
9q9nfk,Oakland
9q9nfm,Oakland
9q9nfn,Rest of East Bay
9q9nfp,Oakland
9q9nfq,Oakland
9q9nfr,Oakland
9q9nfs,Oakland
9q9nft,Oakland
9q9nfu,Oakland
9q9nfv,Oakland
9q9nfw,Oakland
9q9nfx,Oakland
9q9nfy,Oakland
9q9nfz,Oakland
9q9ng0,Oakland
9q9ng1,Oakland
9q9ng2,Oakland
9q9ng3,Oakland
9q9ng4,Oakland
9q9ng5,Oakland
9q9ng6,Oakland
9q9ng7,Oakland
9q9ng8,Oakland
9q9ng9,Oakland
9q9ngb,Oakland
9q9ngc,Oakland
9q9ngd,Oakland
9q9nge,Oakland
9q9ngf,Oakland
9q9ngg,Oakland
9q9ngh,Oakland
9q9ngj,Oakland
9q9ngk,Oakland
9q9ngm,Oakland
9q9ngn,Oakland
9q9ngp,Oakland
9q9ngq,Oakland
9q9ngr,Oakland
9q9ngs,Oakland
9q9ngt,Oakland
9q9ngu,Oakland
9q9ngv,Oakland
9q9ngw,Oakland
9q9ngx,Oakland
9q9ngy,Oakland
9q9ngz,Oakland
9q9nh2,Rest of East Bay
9q9nh3,Rest of East Bay
9q9nh6,Rest of East Bay
9q9nh7,Rest of East Bay
9q9nh8,Rest of East Bay
9q9nh9,Rest of East Bay
9q9nhb,Rest of East Bay
9q9nhc,Rest of East Bay
9q9nhd,Rest of East Bay
9q9nhe,Rest of East Bay
9q9nhf,Rest of East Bay
9q9nhg,Rest of East Bay
9q9nhk,Rest of East Bay
9q9nhm,Rest of East Bay
9q9nhp,Rest of East Bay
9q9nhq,Rest of East Bay
9q9nhr,Rest of East Bay
9q9nhs,Rest of East Bay
9q9nht,Rest of East Bay
9q9nhu,Rest of East Bay
9q9nhv,Rest of East Bay
9q9nhw,Rest of East Bay
9q9nhx,Rest of East Bay
9q9nhy,Rest of East Bay
9q9nhz,Rest of East Bay
9q9nj0,Rest of East Bay
9q9nj1,Rest of East Bay
9q9nj2,Rest of East Bay
9q9nj3,Rest of East Bay
9q9nj4,Rest of East Bay
9q9nj5,Rest of East Bay
9q9nj6,Rest of East Bay
9q9nj7,Rest of East Bay
9q9nj8,Rest of East Bay
9q9nj9,Rest of East Bay
9q9njb,Rest of East Bay
9q9njc,Rest of East Bay
9q9njd,Rest of East Bay
9q9nje,Rest of East Bay
9q9njf,Rest of East Bay
9q9njg,Rest of East Bay
9q9njh,Rest of East Bay
9q9njj,Rest of East Bay
9q9njk,Rest of East Bay
9q9njm,Rest of East Bay
9q9njn,Rest of East Bay
9q9njp,Rest of East Bay
9q9njq,Rest of East Bay
9q9njr,Rest of East Bay
9q9njs,Rest of East Bay
9q9njt,Rest of East Bay
9q9nju,Rest of East Bay
9q9njv,Rest of East Bay
9q9njw,Rest of East Bay
9q9njx,Rest of East Bay
9q9njy,Rest of East Bay
9q9njz,Rest of East Bay
9q9nk0,Rest of East Bay
9q9nk1,Rest of East Bay
9q9nk2,Rest of East Bay
9q9nk3,Rest of East Bay
9q9nk4,Rest of East Bay
9q9nk5,Rest of East Bay
9q9nk6,Rest of East Bay
9q9nk7,Rest of East Bay
9q9nk8,Rest of East Bay
9q9nk9,Rest of East Bay
9q9nkb,Rest of East Bay
9q9nkc,Rest of East Bay
9q9nkd,Rest of East Bay
9q9nke,Rest of East Bay
9q9nkf,Rest of East Bay
9q9nkg,Rest of East Bay
9q9nkh,Rest of East Bay
9q9nkj,Rest of East Bay
9q9nkk,Rest of East Bay
9q9nkm,Rest of East Bay
9q9nkn,Rest of East Bay
9q9nkp,Rest of East Bay
9q9nkq,Rest of East Bay
9q9nkr,Rest of East Bay
9q9nks,Rest of East Bay
9q9nkt,Rest of East Bay
9q9nku,Rest of East Bay
9q9nkv,Rest of East Bay
9q9nkw,Rest of East Bay
9q9nkx,Rest of East Bay
9q9nky,Rest of East Bay
9q9nkz,Rest of East Bay
9q9nm0,Rest of East Bay
9q9nm1,Rest of East Bay
9q9nm2,Rest of East Bay
9q9nm3,Rest of East Bay
9q9nm4,Rest of East Bay
9q9nm5,Rest of East Bay
9q9nm6,Rest of East Bay
9q9nm7,Rest of East Bay
9q9nm8,Rest of East Bay
9q9nm9,Rest of East Bay
9q9nmb,Rest of East Bay
9q9nmc,Rest of East Bay
9q9nmd,Rest of East Bay
9q9nme,Rest of East Bay
9q9nmf,Rest of East Bay
9q9nmg,Rest of East Bay
9q9nmh,Rest of East Bay
9q9nmj,Rest of East Bay
9q9nmk,Rest of East Bay
9q9nmm,Rest of East Bay
9q9nmn,Rest of East Bay
9q9nmp,Rest of East Bay
9q9nmq,Rest of East Bay
9q9nmr,Rest of East Bay
9q9nms,Rest of East Bay
9q9nmt,Rest of East Bay
9q9nmu,Rest of East Bay
9q9nmv,Rest of East Bay
9q9nmw,Rest of East Bay
9q9nmx,Rest of East Bay
9q9nmy,Rest of East Bay
9q9nmz,Rest of East Bay
9q9nn0,Rest of East Bay
9q9nn1,Rest of East Bay
9q9nn2,Rest of East Bay
9q9nn3,Rest of East Bay
9q9nn4,Rest of East Bay
9q9nn5,Rest of East Bay
9q9nn6,Rest of East Bay
9q9nn7,Rest of East Bay
9q9nn8,Rest of East Bay
9q9nn9,Rest of East Bay
9q9nnb,Rest of East Bay
9q9nnc,Rest of East Bay
9q9nnd,Rest of East Bay
9q9nne,Rest of East Bay
9q9nnf,Rest of East Bay
9q9nng,Rest of East Bay
9q9nnh,Rest of East Bay
9q9nnj,Rest of East Bay
9q9nnk,Rest of East Bay
9q9nnm,Rest of East Bay
9q9nnn,Rest of East Bay
9q9nnp,Rest of East Bay
9q9nnq,Rest of East Bay
9q9nnr,Rest of East Bay
9q9nns,Rest of East Bay
9q9nnt,Rest of East Bay
9q9nnu,Rest of East Bay
9q9nnv,Rest of East Bay
9q9nnw,Rest of East Bay
9q9nnx,Rest of East Bay
9q9nny,Rest of East Bay
9q9nnz,Rest of East Bay
9q9np0,Rest of East Bay
9q9np1,Rest of East Bay
9q9np2,Rest of East Bay
9q9np3,Rest of East Bay
9q9np4,Rest of East Bay
9q9np5,Rest of East Bay
9q9np6,Rest of East Bay
9q9np7,Rest of East Bay
9q9np8,Rest of East Bay
9q9np9,Rest of East Bay
9q9npb,Rest of East Bay
9q9npc,Rest of East Bay
9q9npd,Rest of East Bay
9q9npe,Rest of East Bay
9q9npf,Rest of East Bay
9q9npg,Rest of East Bay
9q9nph,Rest of East Bay
9q9npj,Rest of East Bay
9q9npk,Rest of East Bay
9q9npm,Rest of East Bay
9q9npn,Rest of East Bay
9q9npp,Rest of East Bay
9q9npq,Rest of East Bay
9q9npr,Rest of East Bay
9q9nps,Rest of East Bay
9q9npt,Rest of East Bay
9q9npu,Rest of East Bay
9q9npv,Rest of East Bay
9q9npw,Rest of East Bay
9q9npx,Rest of East Bay
9q9npy,Rest of East Bay
9q9npz,Rest of East Bay
9q9nq0,Rest of East Bay
9q9nq1,Rest of East Bay
9q9nq2,Rest of East Bay
9q9nq3,Rest of East Bay
9q9nq4,Rest of East Bay
9q9nq5,Rest of East Bay
9q9nq6,Rest of East Bay
9q9nq7,Rest of East Bay
9q9nq8,Rest of East Bay
9q9nq9,Rest of East Bay
9q9nqb,Rest of East Bay
9q9nqc,Rest of East Bay
9q9nqd,Rest of East Bay
9q9nqe,Rest of East Bay
9q9nqf,Rest of East Bay
9q9nqg,Rest of East Bay
9q9nqh,Rest of East Bay
9q9nqj,Rest of East Bay
9q9nqk,Rest of East Bay
9q9nqm,Rest of East Bay
9q9nqn,Rest of East Bay
9q9nqp,Rest of East Bay
9q9nqq,Rest of East Bay
9q9nqr,Rest of East Bay
9q9nqs,Rest of East Bay
9q9nqt,Rest of East Bay
9q9nqu,Rest of East Bay
9q9nqv,Rest of East Bay
9q9nqw,Rest of East Bay
9q9nqx,Rest of East Bay
9q9nqy,Rest of East Bay
9q9nqz,Rest of East Bay
9q9nr0,Rest of East Bay
9q9nr1,Rest of East Bay
9q9nr2,Rest of East Bay
9q9nr3,Rest of East Bay
9q9nr4,Rest of East Bay
9q9nr5,Rest of East Bay
9q9nr6,Rest of East Bay
9q9nr7,Rest of East Bay
9q9nr8,Rest of East Bay
9q9nr9,Rest of East Bay
9q9nrb,Rest of East Bay
9q9nrc,Rest of East Bay
9q9nrd,Rest of East Bay
9q9nre,Rest of East Bay
9q9nrf,Rest of East Bay
9q9nrg,Rest of East Bay
9q9nrh,Rest of East Bay
9q9nrj,Rest of East Bay
9q9nrk,Rest of East Bay
9q9nrm,Rest of East Bay
9q9nrn,Rest of East Bay
9q9nrp,Rest of East Bay
9q9nrq,Rest of East Bay
9q9nrr,Rest of East Bay
9q9nrs,Rest of East Bay
9q9nrt,Rest of East Bay
9q9nru,Rest of East Bay
9q9nrv,Rest of East Bay
9q9nrw,Rest of East Bay
9q9nrx,Rest of East Bay
9q9nry,Rest of East Bay
9q9nrz,Rest of East Bay
9q9ns0,Rest of East Bay
9q9ns1,Rest of East Bay
9q9ns2,Rest of East Bay
9q9ns3,Rest of East Bay
9q9ns4,Rest of East Bay
9q9ns5,Rest of East Bay
9q9ns6,Rest of East Bay
9q9ns7,Rest of East Bay
9q9ns8,Rest of East Bay
9q9ns9,Rest of East Bay
9q9nsb,Rest of East Bay
9q9nsc,Rest of East Bay
9q9nsd,Rest of East Bay
9q9nse,Rest of East Bay
9q9nsf,Rest of East Bay
9q9nsg,Rest of East Bay
9q9nsh,Rest of East Bay
9q9nsj,Rest of East Bay
9q9nsk,Rest of East Bay
9q9nsm,Rest of East Bay
9q9nsn,Oakland
9q9nsp,Oakland
9q9nsq,Oakland
9q9nsr,Oakland
9q9nss,Rest of East Bay
9q9nst,Rest of East Bay
9q9nsu,Rest of East Bay
9q9nsv,Oakland
9q9nsw,Oakland
9q9nsx,Oakland
9q9nsy,Oakland
9q9nsz,Oakland
9q9nt0,Rest of East Bay
9q9nt1,Rest of East Bay
9q9nt2,Rest of East Bay
9q9nt3,Rest of East Bay
9q9nt4,Rest of East Bay
9q9nt5,Rest of East Bay
9q9nt6,Rest of East Bay
9q9nt7,Rest of East Bay
9q9nt8,Rest of East Bay
9q9nt9,Rest of East Bay
9q9ntb,Rest of East Bay
9q9ntc,Rest of East Bay
9q9ntd,Rest of East Bay
9q9nte,Rest of East Bay
9q9ntf,Rest of East Bay
9q9ntg,Rest of East Bay
9q9nth,Rest of East Bay
9q9ntj,Oakland
9q9ntk,Rest of East Bay
9q9ntm,Rest of East Bay
9q9ntn,Oakland
9q9ntp,Oakland
9q9ntq,Rest of East Bay
9q9ntr,Rest of East Bay
9q9nts,Rest of East Bay
9q9ntt,Rest of East Bay
9q9ntu,Rest of East Bay
9q9ntv,Rest of East Bay
9q9ntw,Rest of East Bay
9q9ntx,Rest of East Bay
9q9nty,Rest of East Bay
9q9ntz,Rest of East Bay
9q9nu0,Oakland
9q9nu1,Oakland
9q9nu2,Oakland
9q9nu3,Oakland
9q9nu4,Oakland
9q9nu5,Oakland
9q9nu6,Oakland
9q9nu7,Oakland
9q9nu8,Oakland
9q9nu9,Oakland
9q9nub,Oakland
9q9nuc,Oakland
9q9nud,Oakland
9q9nue,Oakland
9q9nuf,Oakland
9q9nug,Oakland
9q9nuh,Oakland
9q9nuj,Oakland
9q9nuk,Oakland
9q9num,Oakland
9q9nun,Oakland
9q9nup,Oakland
9q9nuq,Oakland
9q9nur,Oakland
9q9nus,Oakland
9q9nut,Oakland
9q9nuu,Rest of East Bay
9q9nuv,Rest of East Bay
9q9nuw,Rest of East Bay
9q9nux,Rest of East Bay
9q9nuy,Rest of East Bay
9q9nuz,Rest of East Bay
9q9nv0,Oakland
9q9nv1,Rest of East Bay
9q9nv2,Rest of East Bay
9q9nv3,Rest of East Bay
9q9nv4,Rest of East Bay
9q9nv5,Rest of East Bay
9q9nv6,Rest of East Bay
9q9nv7,Rest of East Bay
9q9nv8,Rest of East Bay
9q9nv9,Rest of East Bay
9q9nvb,Rest of East Bay
9q9nvc,Rest of East Bay
9q9nvd,Rest of East Bay
9q9nve,Rest of East Bay
9q9nvf,Rest of East Bay
9q9nvg,Rest of East Bay
9q9nvh,Rest of East Bay
9q9nvj,Rest of East Bay
9q9nvk,Rest of East Bay
9q9nvm,Rest of East Bay
9q9nvn,Rest of East Bay
9q9nvp,Rest of East Bay
9q9nvq,Rest of East Bay
9q9nvr,Rest of East Bay
9q9nvs,Rest of East Bay
9q9nvt,Rest of East Bay
9q9nvu,Rest of East Bay
9q9nvv,Rest of East Bay
9q9nvw,Rest of East Bay
9q9nvx,Rest of East Bay
9q9nvy,Rest of East Bay
9q9nvz,Rest of East Bay
9q9nw0,Rest of East Bay
9q9nw1,Rest of East Bay
9q9nw2,Rest of East Bay
9q9nw3,Rest of East Bay
9q9nw4,Rest of East Bay
9q9nw5,Rest of East Bay
9q9nw6,Rest of East Bay
9q9nw7,Rest of East Bay
9q9nw8,Rest of East Bay
9q9nw9,Rest of East Bay
9q9nwb,Rest of East Bay
9q9nwc,Rest of East Bay
9q9nwd,Rest of East Bay
9q9nwe,Rest of East Bay
9q9nwf,Rest of East Bay
9q9nwg,Rest of East Bay
9q9nwh,Rest of East Bay
9q9nwj,Rest of East Bay
9q9nwk,Rest of East Bay
9q9nwm,Rest of East Bay
9q9nwn,Rest of East Bay
9q9nwp,Rest of East Bay
9q9nwq,Rest of East Bay
9q9nwr,Rest of East Bay
9q9nws,Rest of East Bay
9q9nwt,Rest of East Bay
9q9nwu,Rest of East Bay
9q9nwv,Rest of East Bay
9q9nww,Rest of East Bay
9q9nwx,Rest of East Bay
9q9nwy,Rest of East Bay
9q9nwz,Rest of East Bay
9q9nx0,Rest of East Bay
9q9nx1,Rest of East Bay
9q9nx2,Rest of East Bay
9q9nx3,Rest of East Bay
9q9nx4,Rest of East Bay
9q9nx5,Rest of East Bay
9q9nx6,Rest of East Bay
9q9nx7,Rest of East Bay
9q9nx8,Rest of East Bay
9q9nx9,Rest of East Bay
9q9nxb,Rest of East Bay
9q9nxc,Rest of East Bay
9q9nxd,Rest of East Bay
9q9nxe,Rest of East Bay
9q9nxf,Rest of East Bay
9q9nxg,Rest of East Bay
9q9nxh,Rest of East Bay
9q9nxj,Rest of East Bay
9q9nxk,Rest of East Bay
9q9nxm,Rest of East Bay
9q9nxn,Rest of East Bay
9q9nxp,Rest of East Bay
9q9nxq,Rest of East Bay
9q9nxr,Rest of East Bay
9q9nxs,Rest of East Bay
9q9nxt,Rest of East Bay
9q9nxu,Rest of East Bay
9q9nxv,Rest of East Bay
9q9nxw,Rest of East Bay
9q9nxx,Rest of East Bay
9q9nxy,Rest of East Bay
9q9nxz,Rest of East Bay
9q9ny0,Rest of East Bay
9q9ny1,Rest of East Bay
9q9ny2,Rest of East Bay
9q9ny3,Rest of East Bay
9q9ny4,Rest of East Bay
9q9ny5,Rest of East Bay
9q9ny6,Rest of East Bay
9q9ny7,Rest of East Bay
9q9ny8,Rest of East Bay
9q9ny9,Rest of East Bay
9q9nyb,Rest of East Bay
9q9nyc,Rest of East Bay
9q9nyd,Rest of East Bay
9q9nye,Rest of East Bay
9q9nyf,Rest of East Bay
9q9nyg,Rest of East Bay
9q9nyh,Rest of East Bay
9q9nyj,Rest of East Bay
9q9nyk,Rest of East Bay
9q9nym,Rest of East Bay
9q9nyn,Rest of East Bay
9q9nyp,Rest of East Bay
9q9nyq,Rest of East Bay
9q9nyr,Rest of East Bay
9q9nys,Rest of East Bay
9q9nyt,Rest of East Bay
9q9nyu,Rest of East Bay
9q9nyv,Rest of East Bay
9q9nyw,Rest of East Bay
9q9nyx,Rest of East Bay
9q9nyy,Rest of East Bay
9q9nyz,Rest of East Bay
9q9nz0,Rest of East Bay
9q9nz1,Rest of East Bay
9q9nz2,Rest of East Bay
9q9nz3,Rest of East Bay
9q9nz4,Rest of East Bay
9q9nz5,Rest of East Bay
9q9nz6,Rest of East Bay
9q9nz7,Rest of East Bay
9q9nz8,Rest of East Bay
9q9nz9,Rest of East Bay
9q9nzb,Rest of East Bay
9q9nzc,Rest of East Bay
9q9nzd,Rest of East Bay
9q9nze,Rest of East Bay
9q9nzf,Rest of East Bay
9q9nzg,Rest of East Bay
9q9nzh,Rest of East Bay
9q9nzj,Rest of East Bay
9q9nzk,Rest of East Bay
9q9nzm,Rest of East Bay
9q9nzn,Rest of East Bay
9q9nzp,Rest of East Bay
9q9nzq,Rest of East Bay
9q9nzr,Rest of East Bay
9q9nzs,Rest of East Bay
9q9nzt,Rest of East Bay
9q9nzu,Rest of East Bay
9q9nzv,Rest of East Bay
9q9nzw,Rest of East Bay
9q9nzx,Rest of East Bay
9q9nzy,Rest of East Bay
9q9nzz,Rest of East Bay
9q9p01,Oakland
9q9p02,Rest of East Bay
9q9p03,Oakland
9q9p04,Oakland
9q9p05,Oakland
9q9p06,Oakland
9q9p07,Oakland
9q9p08,Oakland
9q9p09,Oakland
9q9p0b,Oakland
9q9p0c,Oakland
9q9p0d,Oakland
9q9p0e,Oakland
9q9p0f,Oakland
9q9p0g,Oakland
9q9p0k,Oakland
9q9p0m,Oakland
9q9p0s,Oakland
9q9p0t,Oakland
9q9p0u,Oakland
9q9p0v,Oakland
9q9p0w,Oakland
9q9p0y,Oakland
9q9p0z,Rest of East Bay
9q9p10,Oakland
9q9p11,Oakland
9q9p12,Oakland
9q9p13,Oakland
9q9p14,Oakland
9q9p15,Oakland
9q9p16,Oakland
9q9p17,Oakland
9q9p18,Oakland
9q9p19,Oakland
9q9p1b,Oakland
9q9p1c,Oakland
9q9p1d,Oakland
9q9p1e,Oakland
9q9p1f,Oakland
9q9p1g,Oakland
9q9p1h,Oakland
9q9p1j,Oakland
9q9p1k,Oakland
9q9p1m,Oakland
9q9p1n,Oakland
9q9p1p,Rest of East Bay
9q9p1q,Rest of East Bay
9q9p1r,Rest of East Bay
9q9p1s,Oakland
9q9p1t,Oakland
9q9p1u,Oakland
9q9p1v,Oakland
9q9p1w,Oakland
9q9p1x,Oakland
9q9p1y,Oakland
9q9p1z,Oakland
9q9p28,Rest of East Bay
9q9p29,Rest of East Bay
9q9p2b,Rest of East Bay
9q9p2c,Rest of East Bay
9q9p2f,Rest of East Bay
9q9p2g,Rest of East Bay
9q9p2q,Rest of East Bay
9q9p2s,Rest of East Bay
9q9p2t,Rest of East Bay
9q9p2u,Rest of East Bay
9q9p2v,Rest of East Bay
9q9p2w,Rest of East Bay
9q9p2x,Rest of East Bay
9q9p2y,Rest of East Bay
9q9p2z,Rest of East Bay
9q9p30,Rest of East Bay
9q9p31,Rest of East Bay
9q9p32,Oakland
9q9p33,Oakland
9q9p34,Rest of East Bay
9q9p35,Rest of East Bay
9q9p36,Rest of East Bay
9q9p37,Rest of East Bay
9q9p38,Oakland
9q9p39,Oakland
9q9p3b,Oakland
9q9p3c,Oakland
9q9p3d,Rest of East Bay
9q9p3e,Rest of East Bay
9q9p3f,Oakland
9q9p3g,Rest of East Bay
9q9p3h,Rest of East Bay
9q9p3j,Rest of East Bay
9q9p3k,Rest of East Bay
9q9p3m,Rest of East Bay
9q9p3n,Rest of East Bay
9q9p3p,Rest of East Bay
9q9p3q,Rest of East Bay
9q9p3r,Rest of East Bay
9q9p3s,Rest of East Bay
9q9p3t,Rest of East Bay
9q9p3u,Rest of East Bay
9q9p3v,Rest of East Bay
9q9p3w,Rest of East Bay
9q9p3x,Rest of East Bay
9q9p3y,Rest of East Bay
9q9p3z,Rest of East Bay
9q9p40,Oakland
9q9p41,Oakland
9q9p42,Oakland
9q9p43,Oakland
9q9p44,Oakland
9q9p45,Oakland
9q9p46,Oakland
9q9p47,Oakland
9q9p48,Oakland
9q9p49,Oakland
9q9p4b,Oakland
9q9p4c,Oakland
9q9p4d,Oakland
9q9p4e,Oakland
9q9p4f,Oakland
9q9p4g,Oakland
9q9p4h,Oakland
9q9p4j,Oakland
9q9p4k,Oakland
9q9p4m,Rest of East Bay
9q9p4n,Oakland
9q9p4p,Oakland
9q9p4q,Rest of East Bay
9q9p4r,Oakland
9q9p4s,Rest of East Bay
9q9p4t,Rest of East Bay
9q9p4u,Rest of East Bay
9q9p4v,Rest of East Bay
9q9p4w,Rest of East Bay
9q9p4x,Oakland
9q9p4y,Oakland
9q9p4z,Oakland
9q9p50,Oakland
9q9p51,Oakland
9q9p52,Oakland
9q9p53,Oakland
9q9p54,Oakland
9q9p55,Oakland
9q9p56,Oakland
9q9p57,Oakland
9q9p58,Oakland
9q9p59,Oakland
9q9p5b,Oakland
9q9p5c,Oakland
9q9p5d,Oakland
9q9p5e,Oakland
9q9p5f,Rest of East Bay
9q9p5g,Rest of East Bay
9q9p5h,Oakland
9q9p5j,Oakland
9q9p5k,Oakland
9q9p5m,Oakland
9q9p5n,Oakland
9q9p5p,Oakland
9q9p5q,Oakland
9q9p5r,Oakland
9q9p5s,Oakland
9q9p5t,Rest of East Bay
9q9p5u,Rest of East Bay
9q9p5v,Rest of East Bay
9q9p5w,Rest of East Bay
9q9p5x,Rest of East Bay
9q9p5y,Rest of East Bay
9q9p5z,Rest of East Bay
9q9p60,Oakland
9q9p61,Oakland
9q9p62,Oakland
9q9p63,Oakland
9q9p64,Oakland
9q9p65,Rest of East Bay
9q9p66,Oakland
9q9p67,Rest of East Bay
9q9p68,Oakland
9q9p69,Oakland
9q9p6b,Oakland
9q9p6c,Oakland
9q9p6d,Oakland
9q9p6e,Oakland
9q9p6f,Oakland
9q9p6g,Oakland
9q9p6h,Rest of East Bay
9q9p6j,Rest of East Bay
9q9p6k,Oakland
9q9p6m,Oakland
9q9p6n,Rest of East Bay
9q9p6p,Rest of East Bay
9q9p6q,Oakland
9q9p6r,Oakland
9q9p6s,Oakland
9q9p6t,Oakland
9q9p6u,Oakland
9q9p6v,Rest of East Bay
9q9p6w,Oakland
9q9p6x,Oakland
9q9p6y,Rest of East Bay
9q9p6z,Rest of East Bay
9q9p70,Oakland
9q9p71,Oakland
9q9p72,Oakland
9q9p73,Rest of East Bay
9q9p74,Oakland
9q9p75,Rest of East Bay
9q9p76,Rest of East Bay
9q9p77,Rest of East Bay
9q9p78,Rest of East Bay
9q9p79,Rest of East Bay
9q9p7b,Rest of East Bay
9q9p7c,Rest of East Bay
9q9p7d,Rest of East Bay
9q9p7e,Rest of East Bay
9q9p7f,Rest of East Bay
9q9p7g,Rest of East Bay
9q9p7h,Rest of East Bay
9q9p7j,Rest of East Bay
9q9p7k,Rest of East Bay
9q9p7m,Rest of East Bay
9q9p7n,Rest of East Bay
9q9p7p,Rest of East Bay
9q9p7q,Rest of East Bay
9q9p7r,Rest of East Bay
9q9p7s,Rest of East Bay
9q9p7t,Rest of East Bay
9q9p7u,Rest of East Bay
9q9p7v,Rest of East Bay
9q9p7w,Rest of East Bay
9q9p7x,Rest of East Bay
9q9p7y,Rest of East Bay
9q9p7z,Rest of East Bay
9q9p83,Rest of East Bay
9q9p86,Rest of East Bay
9q9p87,Rest of East Bay
9q9p88,Rest of East Bay
9q9p89,Rest of East Bay
9q9p8b,Rest of East Bay
9q9p8c,Rest of East Bay
9q9p8d,Rest of East Bay
9q9p8e,Rest of East Bay
9q9p8f,Rest of East Bay
9q9p8g,Rest of East Bay
9q9p8h,Rest of East Bay
9q9p8j,Rest of East Bay
9q9p8k,Rest of East Bay
9q9p8m,Rest of East Bay
9q9p8n,Rest of East Bay
9q9p8p,Rest of East Bay
9q9p8q,Rest of East Bay
9q9p8r,Rest of East Bay
9q9p8s,Rest of East Bay
9q9p8t,Rest of East Bay
9q9p8u,Rest of East Bay
9q9p8v,Rest of East Bay
9q9p8w,Rest of East Bay
9q9p8x,Rest of East Bay
9q9p8y,Rest of East Bay
9q9p8z,Rest of East Bay
9q9p90,Rest of East Bay
9q9p91,Rest of East Bay
9q9p92,Rest of East Bay
9q9p93,Rest of East Bay
9q9p94,Rest of East Bay
9q9p95,Rest of East Bay
9q9p96,Rest of East Bay
9q9p97,Rest of East Bay
9q9p98,Rest of East Bay
9q9p99,Rest of East Bay
9q9p9b,Rest of East Bay
9q9p9c,Rest of East Bay
9q9p9d,Rest of East Bay
9q9p9e,Rest of East Bay
9q9p9f,Rest of East Bay
9q9p9g,Rest of East Bay
9q9p9h,Rest of East Bay
9q9p9j,Rest of East Bay
9q9p9k,Rest of East Bay
9q9p9m,Rest of East Bay
9q9p9n,Rest of East Bay
9q9p9p,Rest of East Bay
9q9p9q,Rest of East Bay
9q9p9r,Rest of East Bay
9q9p9s,Rest of East Bay
9q9p9t,Rest of East Bay
9q9p9u,Rest of East Bay
9q9p9v,Rest of East Bay
9q9p9w,Rest of East Bay
9q9p9x,Rest of East Bay
9q9p9y,Rest of East Bay
9q9p9z,Rest of East Bay
9q9pb0,Rest of East Bay
9q9pb1,Rest of East Bay
9q9pb2,Rest of East Bay
9q9pb3,Rest of East Bay
9q9pb4,Rest of East Bay
9q9pb5,Rest of East Bay
9q9pb6,Rest of East Bay
9q9pb7,Rest of East Bay
9q9pb8,Rest of East Bay
9q9pb9,Rest of East Bay
9q9pbb,Rest of East Bay
9q9pbc,Rest of East Bay
9q9pbd,Rest of East Bay
9q9pbe,Rest of East Bay
9q9pbf,Rest of East Bay
9q9pbg,Rest of East Bay
9q9pbh,Rest of East Bay
9q9pbj,Rest of East Bay
9q9pbk,Rest of East Bay
9q9pbm,Rest of East Bay
9q9pbn,Rest of East Bay
9q9pbp,Rest of East Bay
9q9pbq,Rest of East Bay
9q9pbr,Rest of East Bay
9q9pbs,Rest of East Bay
9q9pbt,Rest of East Bay
9q9pbu,Rest of East Bay
9q9pbv,Rest of East Bay
9q9pbw,Rest of East Bay
9q9pbx,Rest of East Bay
9q9pby,Rest of East Bay
9q9pbz,Rest of East Bay
9q9pc0,Rest of East Bay
9q9pc1,Rest of East Bay
9q9pc2,Rest of East Bay
9q9pc3,Rest of East Bay
9q9pc4,Rest of East Bay
9q9pc5,Rest of East Bay
9q9pc6,Rest of East Bay
9q9pc7,Rest of East Bay
9q9pc8,Rest of East Bay
9q9pc9,Rest of East Bay
9q9pcb,Rest of East Bay
9q9pcc,Rest of East Bay
9q9pcd,Rest of East Bay
9q9pce,Rest of East Bay
9q9pcf,Rest of East Bay
9q9pcg,Rest of East Bay
9q9pch,Rest of East Bay
9q9pcj,Rest of East Bay
9q9pck,Rest of East Bay
9q9pcm,Rest of East Bay
9q9pcn,Rest of East Bay
9q9pcp,Rest of East Bay
9q9pcq,Rest of East Bay
9q9pcr,Rest of East Bay
9q9pcs,Rest of East Bay
9q9pct,Rest of East Bay
9q9pcu,Rest of East Bay
9q9pcv,Rest of East Bay
9q9pcw,Rest of East Bay
9q9pcx,Rest of East Bay
9q9pcy,Rest of East Bay
9q9pcz,Rest of East Bay
9q9pd0,Rest of East Bay
9q9pd1,Rest of East Bay
9q9pd2,Rest of East Bay
9q9pd3,Rest of East Bay
9q9pd4,Rest of East Bay
9q9pd5,Rest of East Bay
9q9pd6,Rest of East Bay
9q9pd7,Rest of East Bay
9q9pd8,Rest of East Bay
9q9pd9,Rest of East Bay
9q9pdb,Rest of East Bay
9q9pdc,Rest of East Bay
9q9pdd,Rest of East Bay
9q9pde,Rest of East Bay
9q9pdf,Rest of East Bay
9q9pdg,Rest of East Bay
9q9pdh,Rest of East Bay
9q9pdj,Rest of East Bay
9q9pdk,Rest of East Bay
9q9pdm,Rest of East Bay
9q9pdn,Rest of East Bay
9q9pdp,Rest of East Bay
9q9pdq,Rest of East Bay
9q9pdr,Rest of East Bay
9q9pds,Rest of East Bay
9q9pdt,Rest of East Bay
9q9pdu,Rest of East Bay
9q9pdv,Rest of East Bay
9q9pdw,Rest of East Bay
9q9pdx,Rest of East Bay
9q9pdy,Rest of East Bay
9q9pdz,Rest of East Bay
9q9pe0,Rest of East Bay
9q9pe1,Rest of East Bay
9q9pe2,Rest of East Bay
9q9pe3,Rest of East Bay
9q9pe4,Rest of East Bay
9q9pe5,Rest of East Bay
9q9pe6,Rest of East Bay
9q9pe7,Rest of East Bay
9q9pe8,Rest of East Bay
9q9pe9,Rest of East Bay
9q9peb,Rest of East Bay
9q9pec,Rest of East Bay
9q9ped,Rest of East Bay
9q9pee,Rest of East Bay
9q9pef,Rest of East Bay
9q9peg,Rest of East Bay
9q9peh,Rest of East Bay
9q9pej,Rest of East Bay
9q9pek,Rest of East Bay
9q9pem,Rest of East Bay
9q9pen,Rest of East Bay
9q9pep,Rest of East Bay
9q9peq,Rest of East Bay
9q9per,Rest of East Bay
9q9pes,Rest of East Bay
9q9pet,Rest of East Bay
9q9peu,Rest of East Bay
9q9pev,Rest of East Bay
9q9pew,Rest of East Bay
9q9pex,Rest of East Bay
9q9pey,Rest of East Bay
9q9pez,Rest of East Bay
9q9pf0,Rest of East Bay
9q9pf1,Rest of East Bay
9q9pf2,Rest of East Bay
9q9pf3,Rest of East Bay
9q9pf4,Rest of East Bay
9q9pf5,Rest of East Bay
9q9pf6,Rest of East Bay
9q9pf7,Rest of East Bay
9q9pf8,Rest of East Bay
9q9pf9,Rest of East Bay
9q9pfb,Rest of East Bay
9q9pfc,Rest of East Bay
9q9pfd,Rest of East Bay
9q9pfe,Rest of East Bay
9q9pff,Rest of East Bay
9q9pfg,Rest of East Bay
9q9pfh,Rest of East Bay
9q9pfj,Rest of East Bay
9q9pfk,Rest of East Bay
9q9pfm,Rest of East Bay
9q9pfn,Rest of East Bay
9q9pfp,Rest of East Bay
9q9pfq,Rest of East Bay
9q9pfr,Rest of East Bay
9q9pfs,Rest of East Bay
9q9pft,Rest of East Bay
9q9pfu,Rest of East Bay
9q9pfv,Rest of East Bay
9q9pfw,Rest of East Bay
9q9pfx,Rest of East Bay
9q9pfy,Rest of East Bay
9q9pfz,Rest of East Bay
9q9pg0,Rest of East Bay
9q9pg1,Rest of East Bay
9q9pg2,Rest of East Bay
9q9pg3,Rest of East Bay
9q9pg4,Rest of East Bay
9q9pg5,Rest of East Bay
9q9pg6,Rest of East Bay
9q9pg7,Rest of East Bay
9q9pg8,Rest of East Bay
9q9pg9,Rest of East Bay
9q9pgb,Rest of East Bay
9q9pgc,Rest of East Bay
9q9pgd,Rest of East Bay
9q9pge,Rest of East Bay
9q9pgf,Rest of East Bay
9q9pgg,Rest of East Bay
9q9pgh,Rest of East Bay
9q9pgj,Rest of East Bay
9q9pgk,Rest of East Bay
9q9pgm,Rest of East Bay
9q9pgn,Rest of East Bay
9q9pgp,Rest of East Bay
9q9pgq,Rest of East Bay
9q9pgr,Rest of East Bay
9q9pgs,Rest of East Bay
9q9pgt,Rest of East Bay
9q9pgu,Rest of East Bay
9q9pgv,Rest of East Bay
9q9pgw,Rest of East Bay
9q9pgx,Rest of East Bay
9q9pgy,Rest of East Bay
9q9pgz,Rest of East Bay
9q9ph0,Oakland
9q9ph1,Oakland
9q9ph2,Rest of East Bay
9q9ph3,Rest of East Bay
9q9ph4,Rest of East Bay
9q9ph5,Rest of East Bay
9q9ph6,Rest of East Bay
9q9ph7,Rest of East Bay
9q9ph8,Rest of East Bay
9q9ph9,Rest of East Bay
9q9phb,Rest of East Bay
9q9phc,Rest of East Bay
9q9phd,Rest of East Bay
9q9phe,Rest of East Bay
9q9phf,Rest of East Bay
9q9phg,Rest of East Bay
9q9phh,Rest of East Bay
9q9phj,Rest of East Bay
9q9phk,Rest of East Bay
9q9phm,Rest of East Bay
9q9phn,Rest of East Bay
9q9php,Rest of East Bay
9q9phq,Rest of East Bay
9q9phr,Rest of East Bay
9q9phs,Rest of East Bay
9q9pht,Rest of East Bay
9q9phu,Rest of East Bay
9q9phv,Rest of East Bay
9q9phw,Rest of East Bay
9q9phx,Rest of East Bay
9q9phy,Rest of East Bay
9q9phz,Rest of East Bay
9q9pj0,Rest of East Bay
9q9pj1,Rest of East Bay
9q9pj2,Rest of East Bay
9q9pj3,Rest of East Bay
9q9pj4,Rest of East Bay
9q9pj5,Rest of East Bay
9q9pj6,Rest of East Bay
9q9pj7,Rest of East Bay
9q9pj8,Rest of East Bay
9q9pj9,Rest of East Bay
9q9pjb,Rest of East Bay
9q9pjc,Rest of East Bay
9q9pjd,Rest of East Bay
9q9pje,Rest of East Bay
9q9pjf,Rest of East Bay
9q9pjg,Rest of East Bay
9q9pjh,Rest of East Bay
9q9pjj,Rest of East Bay
9q9pjk,Rest of East Bay
9q9pjm,Rest of East Bay
9q9pjn,Rest of East Bay
9q9pjp,Rest of East Bay
9q9pjq,Rest of East Bay
9q9pjr,Rest of East Bay
9q9pjs,Rest of East Bay
9q9pjt,Rest of East Bay
9q9pju,Rest of East Bay
9q9pjv,Rest of East Bay
9q9pjw,Rest of East Bay
9q9pjx,Rest of East Bay
9q9pjy,Rest of East Bay
9q9pjz,Rest of East Bay
9q9pk0,Rest of East Bay
9q9pk1,Rest of East Bay
9q9pk2,Rest of East Bay
9q9pk3,Rest of East Bay
9q9pk4,Rest of East Bay
9q9pk5,Rest of East Bay
9q9pk6,Rest of East Bay
9q9pk7,Rest of East Bay
9q9pk8,Rest of East Bay
9q9pk9,Rest of East Bay
9q9pkb,Rest of East Bay
9q9pkc,Rest of East Bay
9q9pkd,Rest of East Bay
9q9pke,Rest of East Bay
9q9pkf,Rest of East Bay
9q9pkg,Rest of East Bay
9q9pkh,Rest of East Bay
9q9pkj,Rest of East Bay
9q9pkk,Rest of East Bay
9q9pkm,Rest of East Bay
9q9pkn,Rest of East Bay
9q9pkp,Rest of East Bay
9q9pkq,Rest of East Bay
9q9pkr,Rest of East Bay
9q9pks,Rest of East Bay
9q9pkt,Rest of East Bay
9q9pku,Rest of East Bay
9q9pkv,Rest of East Bay
9q9pkw,Rest of East Bay
9q9pkx,Rest of East Bay
9q9pky,Rest of East Bay
9q9pkz,Rest of East Bay
9q9pm0,Rest of East Bay
9q9pm1,Rest of East Bay
9q9pm2,Rest of East Bay
9q9pm3,Rest of East Bay
9q9pm4,Rest of East Bay
9q9pm5,Rest of East Bay
9q9pm6,Rest of East Bay
9q9pm7,Rest of East Bay
9q9pm8,Rest of East Bay
9q9pm9,Rest of East Bay
9q9pmb,Rest of East Bay
9q9pmc,Rest of East Bay
9q9pmd,Rest of East Bay
9q9pme,Rest of East Bay
9q9pmf,Rest of East Bay
9q9pmg,Rest of East Bay
9q9pmh,Rest of East Bay
9q9pmj,Rest of East Bay
9q9pmk,Rest of East Bay
9q9pmm,Rest of East Bay
9q9pmn,Rest of East Bay
9q9pmp,Rest of East Bay
9q9pmq,Rest of East Bay
9q9pmr,Rest of East Bay
9q9pms,Rest of East Bay
9q9pmt,Rest of East Bay
9q9pmu,Rest of East Bay
9q9pmv,Rest of East Bay
9q9pmw,Rest of East Bay
9q9pmx,Rest of East Bay
9q9pmy,Rest of East Bay
9q9pmz,Rest of East Bay
9q9pn0,Rest of East Bay
9q9pn1,Rest of East Bay
9q9pn2,Rest of East Bay
9q9pn3,Rest of East Bay
9q9pn4,Rest of East Bay
9q9pn5,Rest of East Bay
9q9pn6,Rest of East Bay
9q9pn7,Rest of East Bay
9q9pn8,Rest of East Bay
9q9pn9,Rest of East Bay
9q9pnb,Rest of East Bay
9q9pnc,Rest of East Bay
9q9pnd,Rest of East Bay
9q9pne,Rest of East Bay
9q9pnf,Rest of East Bay
9q9png,Rest of East Bay
9q9pnh,Rest of East Bay
9q9pnj,Rest of East Bay
9q9pnk,Rest of East Bay
9q9pnm,Rest of East Bay
9q9pnn,Rest of East Bay
9q9pnp,Rest of East Bay
9q9pnq,Rest of East Bay
9q9pnr,Rest of East Bay
9q9pns,Rest of East Bay
9q9pnt,Rest of East Bay
9q9pnu,Rest of East Bay
9q9pnv,Rest of East Bay
9q9pnw,Rest of East Bay
9q9pnx,Rest of East Bay
9q9pny,Rest of East Bay
9q9pnz,Rest of East Bay
9q9pp0,Rest of East Bay
9q9pp1,Rest of East Bay
9q9pp2,Rest of East Bay
9q9pp3,Rest of East Bay
9q9pp4,Rest of East Bay
9q9pp5,Rest of East Bay
9q9pp6,Rest of East Bay
9q9pp7,Rest of East Bay
9q9pp8,Rest of East Bay
9q9pp9,Rest of East Bay
9q9ppb,Rest of East Bay
9q9ppc,Rest of East Bay
9q9ppd,Rest of East Bay
9q9ppe,Rest of East Bay
9q9ppf,Rest of East Bay
9q9ppg,Rest of East Bay
9q9pph,Rest of East Bay
9q9ppj,Rest of East Bay
9q9ppk,Rest of East Bay
9q9ppm,Rest of East Bay
9q9ppn,Rest of East Bay
9q9ppp,Rest of East Bay
9q9ppq,Rest of East Bay
9q9ppr,Rest of East Bay
9q9pps,Rest of East Bay
9q9ppt,Rest of East Bay
9q9ppu,Rest of East Bay
9q9ppv,Rest of East Bay
9q9ppw,Rest of East Bay
9q9ppx,Rest of East Bay
9q9ppy,Rest of East Bay
9q9ppz,Rest of East Bay
9q9pq0,Rest of East Bay
9q9pq1,Rest of East Bay
9q9pq2,Rest of East Bay
9q9pq3,Rest of East Bay
9q9pq4,Rest of East Bay
9q9pq5,Rest of East Bay
9q9pq6,Rest of East Bay
9q9pq7,Rest of East Bay
9q9pq8,Rest of East Bay
9q9pq9,Rest of East Bay
9q9pqb,Rest of East Bay
9q9pqc,Rest of East Bay
9q9pqd,Rest of East Bay
9q9pqe,Rest of East Bay
9q9pqf,Rest of East Bay
9q9pqg,Rest of East Bay
9q9pqh,Rest of East Bay
9q9pqj,Rest of East Bay
9q9pqk,Rest of East Bay
9q9pqm,Rest of East Bay
9q9pqn,Rest of East Bay
9q9pqp,Rest of East Bay
9q9pqq,Rest of East Bay
9q9pqr,Rest of East Bay
9q9pqs,Rest of East Bay
9q9pqt,Rest of East Bay
9q9pqu,Rest of East Bay
9q9pqv,Rest of East Bay
9q9pqw,Rest of East Bay
9q9pqx,Rest of East Bay
9q9pqy,Rest of East Bay
9q9pqz,Rest of East Bay
9q9pr0,Rest of East Bay
9q9pr1,Rest of East Bay
9q9pr2,Rest of East Bay
9q9pr3,Rest of East Bay
9q9pr4,Rest of East Bay
9q9pr5,Rest of East Bay
9q9pr6,Rest of East Bay
9q9pr7,Rest of East Bay
9q9pr8,Rest of East Bay
9q9pr9,Rest of East Bay
9q9prb,Rest of East Bay
9q9prc,Rest of East Bay
9q9prd,Rest of East Bay
9q9pre,Rest of East Bay
9q9prf,Rest of East Bay
9q9prg,Rest of East Bay
9q9prh,Rest of East Bay
9q9prj,Rest of East Bay
9q9prk,Rest of East Bay
9q9prm,Rest of East Bay
9q9prn,Rest of East Bay
9q9prp,Rest of East Bay
9q9prq,Rest of East Bay
9q9prr,Rest of East Bay
9q9prs,Rest of East Bay
9q9prt,Rest of East Bay
9q9pru,Rest of East Bay
9q9prv,Rest of East Bay
9q9prw,Rest of East Bay
9q9prx,Rest of East Bay
9q9pry,Rest of East Bay
9q9prz,Rest of East Bay
9q9ps0,Rest of East Bay
9q9ps1,Rest of East Bay
9q9ps2,Rest of East Bay
9q9ps3,Rest of East Bay
9q9ps4,Rest of East Bay
9q9ps5,Rest of East Bay
9q9ps6,Rest of East Bay
9q9ps7,Rest of East Bay
9q9ps8,Rest of East Bay
9q9ps9,Rest of East Bay
9q9psb,Rest of East Bay
9q9psc,Rest of East Bay
9q9psd,Rest of East Bay
9q9pse,Rest of East Bay
9q9psf,Rest of East Bay
9q9psg,Rest of East Bay
9q9psh,Rest of East Bay
9q9psj,Rest of East Bay
9q9psk,Rest of East Bay
9q9psm,Rest of East Bay
9q9psn,Rest of East Bay
9q9psp,Rest of East Bay
9q9psq,Rest of East Bay
9q9psr,Rest of East Bay
9q9pss,Rest of East Bay
9q9pst,Rest of East Bay
9q9psu,Rest of East Bay
9q9psv,Rest of East Bay
9q9psw,Rest of East Bay
9q9psx,Rest of East Bay
9q9psy,Rest of East Bay
9q9psz,Rest of East Bay
9q9pt0,Rest of East Bay
9q9pt1,Rest of East Bay
9q9pt2,Rest of East Bay
9q9pt3,Rest of East Bay
9q9pt4,Rest of East Bay
9q9pt5,Rest of East Bay
9q9pt6,Rest of East Bay
9q9pt7,Rest of East Bay
9q9pt8,Rest of East Bay
9q9pt9,Rest of East Bay
9q9ptb,Rest of East Bay
9q9ptc,Rest of East Bay
9q9ptd,Rest of East Bay
9q9pte,Rest of East Bay
9q9ptf,Rest of East Bay
9q9ptg,Rest of East Bay
9q9pth,Rest of East Bay
9q9ptj,Rest of East Bay
9q9ptk,Rest of East Bay
9q9ptm,Rest of East Bay
9q9ptn,Rest of East Bay
9q9ptp,Rest of East Bay
9q9ptq,Rest of East Bay
9q9ptr,Rest of East Bay
9q9pts,Rest of East Bay
9q9ptt,Rest of East Bay
9q9ptu,Rest of East Bay
9q9ptv,Rest of East Bay
9q9ptw,Rest of East Bay
9q9ptx,Rest of East Bay
9q9pty,Rest of East Bay
9q9ptz,Rest of East Bay
9q9pu0,Rest of East Bay
9q9pu1,Rest of East Bay
9q9pu2,Rest of East Bay
9q9pu3,Rest of East Bay
9q9pu4,Rest of East Bay
9q9pu5,Rest of East Bay
9q9pu6,Rest of East Bay
9q9pu7,Rest of East Bay
9q9pu8,Rest of East Bay
9q9pu9,Rest of East Bay
9q9pub,Rest of East Bay
9q9puc,Rest of East Bay
9q9pud,Rest of East Bay
9q9pue,Rest of East Bay
9q9puf,Rest of East Bay
9q9pug,Rest of East Bay
9q9puh,Rest of East Bay
9q9puj,Rest of East Bay
9q9puk,Rest of East Bay
9q9pum,Rest of East Bay
9q9pun,Rest of East Bay
9q9pup,Rest of East Bay
9q9puq,Rest of East Bay
9q9pur,Rest of East Bay
9q9pus,Rest of East Bay
9q9put,Rest of East Bay
9q9puu,Rest of East Bay
9q9puv,Rest of East Bay
9q9puw,Rest of East Bay
9q9pux,Rest of East Bay
9q9puy,Rest of East Bay
9q9puz,Rest of East Bay
9q9pv0,Rest of East Bay
9q9pv1,Rest of East Bay
9q9pv2,Rest of East Bay
9q9pv3,Rest of East Bay
9q9pv4,Rest of East Bay
9q9pv5,Rest of East Bay
9q9pv6,Rest of East Bay
9q9pv7,Rest of East Bay
9q9pv8,Rest of East Bay
9q9pv9,Rest of East Bay
9q9pvb,Rest of East Bay
9q9pvc,Rest of East Bay
9q9pvd,Rest of East Bay
9q9pve,Rest of East Bay
9q9pvf,Rest of East Bay
9q9pvg,Rest of East Bay
9q9pvh,Rest of East Bay
9q9pvj,Rest of East Bay
9q9pvk,Rest of East Bay
9q9pvm,Rest of East Bay
9q9pvn,Rest of East Bay
9q9pvp,Rest of East Bay
9q9pvq,Rest of East Bay
9q9pvr,Rest of East Bay
9q9pvs,Rest of East Bay
9q9pvt,Rest of East Bay
9q9pvu,Rest of East Bay
9q9pvv,Rest of East Bay
9q9pvw,Rest of East Bay
9q9pvx,Rest of East Bay
9q9pvy,Rest of East Bay
9q9pvz,Rest of East Bay
9q9pw0,Rest of East Bay
9q9pw1,Rest of East Bay
9q9pw2,Rest of East Bay
9q9pw3,Rest of East Bay
9q9pw4,Rest of East Bay
9q9pw5,Rest of East Bay
9q9pw6,Rest of East Bay
9q9pw7,Rest of East Bay
9q9pw8,Rest of East Bay
9q9pw9,Rest of East Bay
9q9pwb,Rest of East Bay
9q9pwc,Rest of East Bay
9q9pwd,Rest of East Bay
9q9pwe,Rest of East Bay
9q9pwf,Rest of East Bay
9q9pwg,Rest of East Bay
9q9pwh,Rest of East Bay
9q9pwj,Rest of East Bay
9q9pwk,Rest of East Bay
9q9pwm,Rest of East Bay
9q9pwn,Rest of East Bay
9q9pwp,Rest of East Bay
9q9pwq,Rest of East Bay
9q9pwr,Rest of East Bay
9q9pws,Rest of East Bay
9q9pwt,Rest of East Bay
9q9pwu,Rest of East Bay
9q9pwv,Rest of East Bay
9q9pww,Rest of East Bay
9q9pwx,Rest of East Bay
9q9pwy,Rest of East Bay
9q9pwz,Rest of East Bay
9q9px0,Rest of East Bay
9q9px1,Rest of East Bay
9q9px2,Rest of East Bay
9q9px3,Rest of East Bay
9q9px4,Rest of East Bay
9q9px5,Rest of East Bay
9q9px6,Rest of East Bay
9q9px7,Rest of East Bay
9q9px8,Rest of East Bay
9q9px9,Rest of East Bay
9q9pxb,Rest of East Bay
9q9pxc,Rest of East Bay
9q9pxd,Rest of East Bay
9q9pxe,Rest of East Bay
9q9pxf,Rest of East Bay
9q9pxg,Rest of East Bay
9q9pxh,Rest of East Bay
9q9pxj,Rest of East Bay
9q9pxk,Rest of East Bay
9q9pxm,Rest of East Bay
9q9pxn,Rest of East Bay
9q9pxp,Rest of East Bay
9q9pxq,Rest of East Bay
9q9pxr,Rest of East Bay
9q9pxs,Rest of East Bay
9q9pxt,Rest of East Bay
9q9pxu,Rest of East Bay
9q9pxv,Rest of East Bay
9q9pxw,Rest of East Bay
9q9pxx,Rest of East Bay
9q9pxy,Rest of East Bay
9q9pxz,Rest of East Bay
9q9py0,Rest of East Bay
9q9py1,Rest of East Bay
9q9py2,Rest of East Bay
9q9py3,Rest of East Bay
9q9py4,Rest of East Bay
9q9py5,Rest of East Bay
9q9py6,Rest of East Bay
9q9py7,Rest of East Bay
9q9py8,Rest of East Bay
9q9py9,Rest of East Bay
9q9pyb,Rest of East Bay
9q9pyc,Rest of East Bay
9q9pyd,Rest of East Bay
9q9pye,Rest of East Bay
9q9pyf,Rest of East Bay
9q9pyg,Rest of East Bay
9q9pyh,Rest of East Bay
9q9pyj,Rest of East Bay
9q9pyk,Rest of East Bay
9q9pym,Rest of East Bay
9q9pyn,Rest of East Bay
9q9pyp,Rest of East Bay
9q9pyq,Rest of East Bay
9q9pyr,Rest of East Bay
9q9pys,Rest of East Bay
9q9pyt,Rest of East Bay
9q9pyu,Rest of East Bay
9q9pyv,Rest of East Bay
9q9pyw,Rest of East Bay
9q9pyx,Rest of East Bay
9q9pyy,Rest of East Bay
9q9pyz,Rest of East Bay
9q9pz0,Rest of East Bay
9q9pz1,Rest of East Bay
9q9pz2,Rest of East Bay
9q9pz3,Rest of East Bay
9q9pz4,Rest of East Bay
9q9pz5,Rest of East Bay
9q9pz6,Rest of East Bay
9q9pz7,Rest of East Bay
9q9pz8,Rest of East Bay
9q9pz9,Rest of East Bay
9q9pzb,Rest of East Bay
9q9pzc,Rest of East Bay
9q9pzd,Rest of East Bay
9q9pze,Rest of East Bay
9q9pzf,Rest of East Bay
9q9pzg,Rest of East Bay
9q9pzh,Rest of East Bay
9q9pzj,Rest of East Bay
9q9pzk,Rest of East Bay
9q9pzm,Rest of East Bay
9q9pzn,Rest of East Bay
9q9pzp,Rest of East Bay
9q9pzq,Rest of East Bay
9q9pzr,Rest of East Bay
9q9pzs,Rest of East Bay
9q9pzt,Rest of East Bay
9q9pzu,Rest of East Bay
9q9pzv,Rest of East Bay
9q9pzw,Rest of East Bay
9q9pzx,Rest of East Bay
9q9pzy,Rest of East Bay
9q9pzz,Rest of East Bay
9q9q00,Rest of East Bay
9q9q01,Rest of East Bay
9q9q02,Rest of East Bay
9q9q03,Rest of East Bay
9q9q04,Rest of East Bay
9q9q05,Rest of East Bay
9q9q06,Rest of East Bay
9q9q07,Rest of East Bay
9q9q08,Rest of East Bay
9q9q09,Rest of East Bay
9q9q0b,Rest of East Bay
9q9q0c,Rest of East Bay
9q9q0d,Rest of East Bay
9q9q0e,Rest of East Bay
9q9q0f,Rest of East Bay
9q9q0g,Rest of East Bay
9q9q0h,Rest of East Bay
9q9q0j,Rest of East Bay
9q9q0k,Rest of East Bay
9q9q0m,Rest of East Bay
9q9q0n,Rest of East Bay
9q9q0p,Rest of East Bay
9q9q0q,Rest of East Bay
9q9q0r,Rest of East Bay
9q9q0s,Rest of East Bay
9q9q0t,Rest of East Bay
9q9q0u,Rest of East Bay
9q9q0v,Rest of East Bay
9q9q0w,Rest of East Bay
9q9q0x,Rest of East Bay
9q9q0y,Rest of East Bay
9q9q0z,Rest of East Bay
9q9q10,Rest of East Bay
9q9q11,Rest of East Bay
9q9q12,Rest of East Bay
9q9q13,Rest of East Bay
9q9q14,Rest of East Bay
9q9q15,Rest of East Bay
9q9q16,Rest of East Bay
9q9q17,Rest of East Bay
9q9q18,Rest of East Bay
9q9q19,Rest of East Bay
9q9q1b,Rest of East Bay
9q9q1c,Rest of East Bay
9q9q1d,Rest of East Bay
9q9q1e,Rest of East Bay
9q9q1f,Rest of East Bay
9q9q1g,Rest of East Bay
9q9q1h,Rest of East Bay
9q9q1j,Rest of East Bay
9q9q1k,Rest of East Bay
9q9q1m,Rest of East Bay
9q9q1n,Rest of East Bay
9q9q1p,Rest of East Bay
9q9q1q,Rest of East Bay
9q9q1r,Rest of East Bay
9q9q1s,Rest of East Bay
9q9q1t,Rest of East Bay
9q9q1u,Rest of East Bay
9q9q1v,Rest of East Bay
9q9q1w,Rest of East Bay
9q9q1x,Rest of East Bay
9q9q1y,Rest of East Bay
9q9q1z,Rest of East Bay
9q9q20,Rest of East Bay
9q9q21,Rest of East Bay
9q9q22,Rest of East Bay
9q9q23,Rest of East Bay
9q9q24,Rest of East Bay
9q9q25,Rest of East Bay
9q9q26,Rest of East Bay
9q9q27,Rest of East Bay
9q9q28,Rest of East Bay
9q9q29,Rest of East Bay
9q9q2b,Rest of East Bay
9q9q2c,Rest of East Bay
9q9q2d,Rest of East Bay
9q9q2e,Rest of East Bay
9q9q2f,Rest of East Bay
9q9q2g,Rest of East Bay
9q9q2h,Rest of East Bay
9q9q2j,Rest of East Bay
9q9q2k,Rest of East Bay
9q9q2m,Rest of East Bay
9q9q2n,Rest of East Bay
9q9q2p,Rest of East Bay
9q9q2q,Rest of East Bay
9q9q2r,Rest of East Bay
9q9q2s,Rest of East Bay
9q9q2t,Rest of East Bay
9q9q2u,Rest of East Bay
9q9q2v,Rest of East Bay
9q9q2w,Rest of East Bay
9q9q2x,Rest of East Bay
9q9q2y,Rest of East Bay
9q9q2z,Rest of East Bay
9q9q30,Rest of East Bay
9q9q31,Rest of East Bay
9q9q32,Rest of East Bay
9q9q33,Rest of East Bay
9q9q34,Rest of East Bay
9q9q35,Rest of East Bay
9q9q36,Rest of East Bay
9q9q37,Rest of East Bay
9q9q38,Rest of East Bay
9q9q39,Rest of East Bay
9q9q3b,Rest of East Bay
9q9q3c,Rest of East Bay
9q9q3d,Rest of East Bay
9q9q3e,Rest of East Bay
9q9q3f,Rest of East Bay
9q9q3g,Rest of East Bay
9q9q3h,Rest of East Bay
9q9q3j,Rest of East Bay
9q9q3k,Rest of East Bay
9q9q3m,Rest of East Bay
9q9q3n,Rest of East Bay
9q9q3p,Rest of East Bay
9q9q3q,Rest of East Bay
9q9q3r,Rest of East Bay
9q9q3s,Rest of East Bay
9q9q3t,Rest of East Bay
9q9q3u,Rest of East Bay
9q9q3v,Rest of East Bay
9q9q3w,Rest of East Bay
9q9q3x,Rest of East Bay
9q9q3y,Rest of East Bay
9q9q3z,Rest of East Bay
9q9q40,Rest of East Bay
9q9q41,Rest of East Bay
9q9q42,Rest of East Bay
9q9q43,Rest of East Bay
9q9q44,Rest of East Bay
9q9q45,Rest of East Bay
9q9q46,Rest of East Bay
9q9q47,Rest of East Bay
9q9q48,Rest of East Bay
9q9q49,Rest of East Bay
9q9q4b,Rest of East Bay
9q9q4c,Rest of East Bay
9q9q4d,Rest of East Bay
9q9q4e,Rest of East Bay
9q9q4f,Rest of East Bay
9q9q4g,Rest of East Bay
9q9q4h,Rest of East Bay
9q9q4j,Rest of East Bay
9q9q4k,Rest of East Bay
9q9q4m,Rest of East Bay
9q9q4n,Rest of East Bay
9q9q4p,Rest of East Bay
9q9q4q,Rest of East Bay
9q9q4r,Rest of East Bay
9q9q4s,Rest of East Bay
9q9q4t,Rest of East Bay
9q9q4u,Rest of East Bay
9q9q4v,Rest of East Bay
9q9q4w,Rest of East Bay
9q9q4x,Rest of East Bay
9q9q4y,Rest of East Bay
9q9q4z,Rest of East Bay
9q9q50,Rest of East Bay
9q9q51,Rest of East Bay
9q9q52,Rest of East Bay
9q9q53,Rest of East Bay
9q9q54,Rest of East Bay
9q9q55,Rest of East Bay
9q9q56,Rest of East Bay
9q9q57,Rest of East Bay
9q9q58,Rest of East Bay
9q9q59,Rest of East Bay
9q9q5b,Rest of East Bay
9q9q5c,Rest of East Bay
9q9q5d,Rest of East Bay
9q9q5e,Rest of East Bay
9q9q5f,Rest of East Bay
9q9q5g,Rest of East Bay
9q9q5h,Rest of East Bay
9q9q5j,Rest of East Bay
9q9q5k,Rest of East Bay
9q9q5m,Rest of East Bay
9q9q5n,Rest of East Bay
9q9q5p,Rest of East Bay
9q9q5q,Rest of East Bay
9q9q5r,Rest of East Bay
9q9q5s,Rest of East Bay
9q9q5t,Rest of East Bay
9q9q5u,Rest of East Bay
9q9q5v,Rest of East Bay
9q9q5w,Rest of East Bay
9q9q5x,Rest of East Bay
9q9q5y,Rest of East Bay
9q9q5z,Rest of East Bay
9q9q60,Rest of East Bay
9q9q61,Rest of East Bay
9q9q62,Rest of East Bay
9q9q63,Rest of East Bay
9q9q64,Rest of East Bay
9q9q65,Rest of East Bay
9q9q66,Rest of East Bay
9q9q67,Rest of East Bay
9q9q68,Rest of East Bay
9q9q69,Rest of East Bay
9q9q6b,Rest of East Bay
9q9q6c,Rest of East Bay
9q9q6d,Rest of East Bay
9q9q6e,Rest of East Bay
9q9q6f,Rest of East Bay
9q9q6g,Rest of East Bay
9q9q6h,Rest of East Bay
9q9q6j,Rest of East Bay
9q9q6k,Rest of East Bay
9q9q6m,Rest of East Bay
9q9q6n,Rest of East Bay
9q9q6p,Rest of East Bay
9q9q6q,Rest of East Bay
9q9q6r,Rest of East Bay
9q9q6s,Rest of East Bay
9q9q6t,Rest of East Bay
9q9q6u,Rest of East Bay
9q9q6v,Rest of East Bay
9q9q6w,Rest of East Bay
9q9q6x,Rest of East Bay
9q9q6y,Rest of East Bay
9q9q6z,Rest of East Bay
9q9q70,Rest of East Bay
9q9q71,Rest of East Bay
9q9q72,Rest of East Bay
9q9q73,Rest of East Bay
9q9q74,Rest of East Bay
9q9q75,Rest of East Bay
9q9q76,Rest of East Bay
9q9q77,Rest of East Bay
9q9q78,Rest of East Bay
9q9q79,Rest of East Bay
9q9q7b,Rest of East Bay
9q9q7c,Rest of East Bay
9q9q7d,Rest of East Bay
9q9q7e,Rest of East Bay
9q9q7f,Rest of East Bay
9q9q7g,Rest of East Bay
9q9q7h,Rest of East Bay
9q9q7j,Rest of East Bay
9q9q7k,Rest of East Bay
9q9q7m,Rest of East Bay
9q9q7n,Rest of East Bay
9q9q7p,Rest of East Bay
9q9q7q,Rest of East Bay
9q9q7r,Rest of East Bay
9q9q7s,Rest of East Bay
9q9q7t,Rest of East Bay
9q9q7u,Rest of East Bay
9q9q7v,Rest of East Bay
9q9q7w,Rest of East Bay
9q9q7x,Rest of East Bay
9q9q7y,Rest of East Bay
9q9q7z,Rest of East Bay
9q9q80,Rest of East Bay
9q9q81,Rest of East Bay
9q9q82,Rest of East Bay
9q9q83,Rest of East Bay
9q9q84,Rest of East Bay
9q9q85,Rest of East Bay
9q9q86,Rest of East Bay
9q9q87,Rest of East Bay
9q9q88,Rest of East Bay
9q9q89,Rest of East Bay
9q9q8b,Rest of East Bay
9q9q8c,Rest of East Bay
9q9q8d,Rest of East Bay
9q9q8e,Rest of East Bay
9q9q8f,Rest of East Bay
9q9q8g,Rest of East Bay
9q9q8h,Rest of East Bay
9q9q8j,Rest of East Bay
9q9q8k,Rest of East Bay
9q9q8m,Rest of East Bay
9q9q8n,Rest of East Bay
9q9q8p,Rest of East Bay
9q9q8q,Rest of East Bay
9q9q8r,Rest of East Bay
9q9q8s,Rest of East Bay
9q9q8t,Rest of East Bay
9q9q8u,Rest of East Bay
9q9q8v,Rest of East Bay
9q9q8w,Rest of East Bay
9q9q8x,Rest of East Bay
9q9q8y,Rest of East Bay
9q9q8z,Rest of East Bay
9q9q90,Rest of East Bay
9q9q91,Rest of East Bay
9q9q92,Rest of East Bay
9q9q93,Rest of East Bay
9q9q94,Rest of East Bay
9q9q95,Rest of East Bay
9q9q96,Rest of East Bay
9q9q97,Rest of East Bay
9q9q98,Rest of East Bay
9q9q99,Rest of East Bay
9q9q9b,Rest of East Bay
9q9q9c,Rest of East Bay
9q9q9d,Rest of East Bay
9q9q9e,Rest of East Bay
9q9q9f,Rest of East Bay
9q9q9g,Rest of East Bay
9q9q9h,Rest of East Bay
9q9q9j,Rest of East Bay
9q9q9k,Rest of East Bay
9q9q9m,Rest of East Bay
9q9q9n,Rest of East Bay
9q9q9p,Rest of East Bay
9q9q9q,Rest of East Bay
9q9q9r,Rest of East Bay
9q9q9s,Rest of East Bay
9q9q9t,Rest of East Bay
9q9q9u,Rest of East Bay
9q9q9v,Rest of East Bay
9q9q9w,Rest of East Bay
9q9q9x,Rest of East Bay
9q9q9y,Rest of East Bay
9q9q9z,Rest of East Bay
9q9qb0,Rest of East Bay
9q9qb1,Rest of East Bay
9q9qb2,Rest of East Bay
9q9qb3,Rest of East Bay
9q9qb4,Rest of East Bay
9q9qb5,Rest of East Bay
9q9qb6,Rest of East Bay
9q9qb7,Rest of East Bay
9q9qb8,Rest of East Bay
9q9qb9,Rest of East Bay
9q9qbb,Rest of East Bay
9q9qbc,Rest of East Bay
9q9qbd,Rest of East Bay
9q9qbe,Rest of East Bay
9q9qbf,Rest of East Bay
9q9qbg,Rest of East Bay
9q9qbh,Rest of East Bay
9q9qbj,Rest of East Bay
9q9qbk,Rest of East Bay
9q9qbm,Rest of East Bay
9q9qbn,Rest of East Bay
9q9qbp,Rest of East Bay
9q9qbq,Rest of East Bay
9q9qbr,Rest of East Bay
9q9qbs,Rest of East Bay
9q9qbt,Rest of East Bay
9q9qbu,Rest of East Bay
9q9qbv,Rest of East Bay
9q9qbw,Rest of East Bay
9q9qbx,Rest of East Bay
9q9qby,Rest of East Bay
9q9qbz,Rest of East Bay
9q9qc0,Rest of East Bay
9q9qc1,Rest of East Bay
9q9qc2,Rest of East Bay
9q9qc3,Rest of East Bay
9q9qc4,Rest of East Bay
9q9qc5,Rest of East Bay
9q9qc6,Rest of East Bay
9q9qc7,Rest of East Bay
9q9qc8,Rest of East Bay
9q9qc9,Rest of East Bay
9q9qcb,Rest of East Bay
9q9qcc,Rest of East Bay
9q9qcd,Rest of East Bay
9q9qce,Rest of East Bay
9q9qcf,Rest of East Bay
9q9qcg,Rest of East Bay
9q9qch,Rest of East Bay
9q9qcj,Rest of East Bay
9q9qck,Rest of East Bay
9q9qcm,Rest of East Bay
9q9qcn,Rest of East Bay
9q9qcp,Rest of East Bay
9q9qcq,Rest of East Bay
9q9qcr,Rest of East Bay
9q9qcs,Rest of East Bay
9q9qct,Rest of East Bay
9q9qcu,Rest of East Bay
9q9qcv,Rest of East Bay
9q9qcw,Rest of East Bay
9q9qcx,Rest of East Bay
9q9qcy,Rest of East Bay
9q9qcz,Rest of East Bay
9q9qd0,Rest of East Bay
9q9qd1,Rest of East Bay
9q9qd2,Rest of East Bay
9q9qd3,Rest of East Bay
9q9qd4,Rest of East Bay
9q9qd5,Rest of East Bay
9q9qd6,Rest of East Bay
9q9qd7,Rest of East Bay
9q9qd8,Rest of East Bay
9q9qd9,Rest of East Bay
9q9qdb,Rest of East Bay
9q9qdc,Rest of East Bay
9q9qdd,Rest of East Bay
9q9qde,Rest of East Bay
9q9qdf,Rest of East Bay
9q9qdg,Rest of East Bay
9q9qdh,Rest of East Bay
9q9qdj,Rest of East Bay
9q9qdk,Rest of East Bay
9q9qdm,Rest of East Bay
9q9qdn,Rest of East Bay
9q9qdp,Rest of East Bay
9q9qdq,Rest of East Bay
9q9qdr,Rest of East Bay
9q9qds,Rest of East Bay
9q9qdt,Rest of East Bay
9q9qdu,Rest of East Bay
9q9qdv,Rest of East Bay
9q9qdw,Rest of East Bay
9q9qdx,Rest of East Bay
9q9qdy,Rest of East Bay
9q9qdz,Rest of East Bay
9q9qe0,Rest of East Bay
9q9qe1,Rest of East Bay
9q9qe2,Rest of East Bay
9q9qe3,Rest of East Bay
9q9qe4,Rest of East Bay
9q9qe5,Rest of East Bay
9q9qe6,Rest of East Bay
9q9qe7,Rest of East Bay
9q9qe8,Rest of East Bay
9q9qe9,Rest of East Bay
9q9qeb,Rest of East Bay
9q9qec,Rest of East Bay
9q9qed,Rest of East Bay
9q9qee,Rest of East Bay
9q9qef,Rest of East Bay
9q9qeg,Rest of East Bay
9q9qeh,Rest of East Bay
9q9qej,Rest of East Bay
9q9qek,Rest of East Bay
9q9qem,Rest of East Bay
9q9qen,Rest of East Bay
9q9qep,Rest of East Bay
9q9qeq,Rest of East Bay
9q9qer,Rest of East Bay
9q9qes,Rest of East Bay
9q9qet,Rest of East Bay
9q9qeu,Rest of East Bay
9q9qev,Rest of East Bay
9q9qew,Rest of East Bay
9q9qex,Rest of East Bay
9q9qey,Rest of East Bay
9q9qez,Rest of East Bay
9q9qf0,Rest of East Bay
9q9qf1,Rest of East Bay
9q9qf2,Rest of East Bay
9q9qf3,Rest of East Bay
9q9qf4,Rest of East Bay
9q9qf5,Rest of East Bay
9q9qf6,Rest of East Bay
9q9qf7,Rest of East Bay
9q9qf8,Rest of East Bay
9q9qf9,Rest of East Bay
9q9qfb,Rest of East Bay
9q9qfc,Rest of East Bay
9q9qfd,Rest of East Bay
9q9qfe,Rest of East Bay
9q9qff,Rest of East Bay
9q9qfg,Rest of East Bay
9q9qfh,Rest of East Bay
9q9qfj,Rest of East Bay
9q9qfk,Rest of East Bay
9q9qfm,Rest of East Bay
9q9qfn,Rest of East Bay
9q9qfp,Rest of East Bay
9q9qfq,Rest of East Bay
9q9qfr,Rest of East Bay
9q9qfs,Rest of East Bay
9q9qft,Rest of East Bay
9q9qfu,Rest of East Bay
9q9qfv,Rest of East Bay
9q9qfw,Rest of East Bay
9q9qfx,Rest of East Bay
9q9qfy,Rest of East Bay
9q9qfz,Rest of East Bay
9q9qg0,Rest of East Bay
9q9qg1,Rest of East Bay
9q9qg2,Rest of East Bay
9q9qg3,Rest of East Bay
9q9qg4,Rest of East Bay
9q9qg5,Rest of East Bay
9q9qg6,Rest of East Bay
9q9qg7,Rest of East Bay
9q9qg8,Rest of East Bay
9q9qg9,Rest of East Bay
9q9qgb,Rest of East Bay
9q9qgc,Rest of East Bay
9q9qgd,Rest of East Bay
9q9qge,Rest of East Bay
9q9qgf,Rest of East Bay
9q9qgg,Rest of East Bay
9q9qgh,Rest of East Bay
9q9qgj,Rest of East Bay
9q9qgk,Rest of East Bay
9q9qgm,Rest of East Bay
9q9qgn,Rest of East Bay
9q9qgp,Rest of East Bay
9q9qgq,Rest of East Bay
9q9qgr,Rest of East Bay
9q9qgs,Rest of East Bay
9q9qgt,Rest of East Bay
9q9qgu,Rest of East Bay
9q9qgv,Rest of East Bay
9q9qgw,Rest of East Bay
9q9qgx,Rest of East Bay
9q9qgy,Rest of East Bay
9q9qgz,Rest of East Bay
9q9qh0,Rest of East Bay
9q9qh1,Rest of East Bay
9q9qh2,Rest of East Bay
9q9qh3,Rest of East Bay
9q9qh4,Rest of East Bay
9q9qh5,Rest of East Bay
9q9qh6,Rest of East Bay
9q9qh7,Rest of East Bay
9q9qh8,Rest of East Bay
9q9qh9,Rest of East Bay
9q9qhb,Rest of East Bay
9q9qhc,Rest of East Bay
9q9qhd,Rest of East Bay
9q9qhe,Rest of East Bay
9q9qhf,Rest of East Bay
9q9qhg,Rest of East Bay
9q9qhh,Rest of East Bay
9q9qhj,Rest of East Bay
9q9qhk,Rest of East Bay
9q9qhm,Rest of East Bay
9q9qhn,Rest of East Bay
9q9qhp,Rest of East Bay
9q9qhq,Rest of East Bay
9q9qhr,Rest of East Bay
9q9qhs,Rest of East Bay
9q9qht,Rest of East Bay
9q9qhu,Rest of East Bay
9q9qhv,Rest of East Bay
9q9qhw,Rest of East Bay
9q9qhx,Rest of East Bay
9q9qhy,Rest of East Bay
9q9qhz,Rest of East Bay
9q9qj0,Rest of East Bay
9q9qj1,Rest of East Bay
9q9qj2,Rest of East Bay
9q9qj3,Rest of East Bay
9q9qj4,Rest of East Bay
9q9qj5,Rest of East Bay
9q9qj6,Rest of East Bay
9q9qj7,Rest of East Bay
9q9qj8,Rest of East Bay
9q9qj9,Rest of East Bay
9q9qjb,Rest of East Bay
9q9qjc,Rest of East Bay
9q9qjd,Rest of East Bay
9q9qje,Rest of East Bay
9q9qjf,Rest of East Bay
9q9qjg,Rest of East Bay
9q9qjh,Rest of East Bay
9q9qjj,Rest of East Bay
9q9qjk,Rest of East Bay
9q9qjm,Rest of East Bay
9q9qjn,Rest of East Bay
9q9qjp,Rest of East Bay
9q9qjq,Rest of East Bay
9q9qjr,Rest of East Bay
9q9qjs,Rest of East Bay
9q9qjt,Rest of East Bay
9q9qju,Rest of East Bay
9q9qjv,Rest of East Bay
9q9qjw,Rest of East Bay
9q9qjx,Rest of East Bay
9q9qjy,Rest of East Bay
9q9qjz,Rest of East Bay
9q9qk0,Rest of East Bay
9q9qk1,Rest of East Bay
9q9qk2,Rest of East Bay
9q9qk3,Rest of East Bay
9q9qk4,Rest of East Bay
9q9qk5,Rest of East Bay
9q9qk6,Rest of East Bay
9q9qk7,Rest of East Bay
9q9qk8,Rest of East Bay
9q9qk9,Rest of East Bay
9q9qkb,Rest of East Bay
9q9qkc,Rest of East Bay
9q9qkd,Rest of East Bay
9q9qke,Rest of East Bay
9q9qkf,Rest of East Bay
9q9qkg,Rest of East Bay
9q9qkh,Rest of East Bay
9q9qkj,Rest of East Bay
9q9qkk,Rest of East Bay
9q9qkm,Rest of East Bay
9q9qkn,Rest of East Bay
9q9qkp,Rest of East Bay
9q9qkq,Rest of East Bay
9q9qkr,Rest of East Bay
9q9qks,Rest of East Bay
9q9qkt,Rest of East Bay
9q9qku,Rest of East Bay
9q9qkv,Rest of East Bay
9q9qkw,Rest of East Bay
9q9qkx,Rest of East Bay
9q9qky,Rest of East Bay
9q9qkz,Rest of East Bay
9q9qm0,Rest of East Bay
9q9qm1,Rest of East Bay
9q9qm2,Rest of East Bay
9q9qm3,Rest of East Bay
9q9qm4,Rest of East Bay
9q9qm5,Rest of East Bay
9q9qm6,Rest of East Bay
9q9qm7,Rest of East Bay
9q9qm8,Rest of East Bay
9q9qm9,Rest of East Bay
9q9qmb,Rest of East Bay
9q9qmc,Rest of East Bay
9q9qmd,Rest of East Bay
9q9qme,Rest of East Bay
9q9qmf,Rest of East Bay
9q9qmg,Rest of East Bay
9q9qmh,Rest of East Bay
9q9qmj,Rest of East Bay
9q9qmk,Rest of East Bay
9q9qmm,Rest of East Bay
9q9qmn,Rest of East Bay
9q9qmp,Rest of East Bay
9q9qmq,Rest of East Bay
9q9qmr,Rest of East Bay
9q9qms,Rest of East Bay
9q9qmt,Rest of East Bay
9q9qmu,Rest of East Bay
9q9qmv,Rest of East Bay
9q9qmw,Rest of East Bay
9q9qmx,Rest of East Bay
9q9qmy,Rest of East Bay
9q9qmz,Rest of East Bay
9q9qn0,Rest of East Bay
9q9qn1,Rest of East Bay
9q9qn2,Rest of East Bay
9q9qn3,Rest of East Bay
9q9qn4,Rest of East Bay
9q9qn5,Rest of East Bay
9q9qn6,Rest of East Bay
9q9qn7,Rest of East Bay
9q9qn8,Rest of East Bay
9q9qn9,Rest of East Bay
9q9qnb,Rest of East Bay
9q9qnc,Rest of East Bay
9q9qnd,Rest of East Bay
9q9qne,Rest of East Bay
9q9qnf,Rest of East Bay
9q9qng,Rest of East Bay
9q9qnh,Rest of East Bay
9q9qnj,Rest of East Bay
9q9qnk,Rest of East Bay
9q9qnm,Rest of East Bay
9q9qnn,Rest of East Bay
9q9qnp,Rest of East Bay
9q9qnq,Rest of East Bay
9q9qnr,Rest of East Bay
9q9qns,Rest of East Bay
9q9qnt,Rest of East Bay
9q9qnu,Rest of East Bay
9q9qnv,Rest of East Bay
9q9qnw,Rest of East Bay
9q9qnx,Rest of East Bay
9q9qny,Rest of East Bay
9q9qnz,Rest of East Bay
9q9qp0,Rest of East Bay
9q9qp1,Rest of East Bay
9q9qp2,Rest of East Bay
9q9qp3,Rest of East Bay
9q9qp4,Rest of East Bay
9q9qp5,Rest of East Bay
9q9qp6,Rest of East Bay
9q9qp7,Rest of East Bay
9q9qp8,Rest of East Bay
9q9qp9,Rest of East Bay
9q9qpb,Rest of East Bay
9q9qpc,Rest of East Bay
9q9qpd,Rest of East Bay
9q9qpe,Rest of East Bay
9q9qpf,Rest of East Bay
9q9qpg,Rest of East Bay
9q9qph,Rest of East Bay
9q9qpj,Rest of East Bay
9q9qpk,Rest of East Bay
9q9qpm,Rest of East Bay
9q9qpn,Rest of East Bay
9q9qpp,Rest of East Bay
9q9qpq,Rest of East Bay
9q9qpr,Rest of East Bay
9q9qps,Rest of East Bay
9q9qpt,Rest of East Bay
9q9qpu,Rest of East Bay
9q9qpv,Rest of East Bay
9q9qpw,Rest of East Bay
9q9qpx,Rest of East Bay
9q9qpy,Rest of East Bay
9q9qpz,Rest of East Bay
9q9qq0,Rest of East Bay
9q9qq1,Rest of East Bay
9q9qq2,Rest of East Bay
9q9qq3,Rest of East Bay
9q9qq4,Rest of East Bay
9q9qq5,Rest of East Bay
9q9qq6,Rest of East Bay
9q9qq7,Rest of East Bay
9q9qq8,Rest of East Bay
9q9qq9,Rest of East Bay
9q9qqb,Rest of East Bay
9q9qqc,Rest of East Bay
9q9qqd,Rest of East Bay
9q9qqe,Rest of East Bay
9q9qqf,Rest of East Bay
9q9qqg,Rest of East Bay
9q9qqh,Rest of East Bay
9q9qqj,Rest of East Bay
9q9qqk,Rest of East Bay
9q9qqm,Rest of East Bay
9q9qqn,Rest of East Bay
9q9qqp,Rest of East Bay
9q9qqq,Rest of East Bay
9q9qqr,Rest of East Bay
9q9qqs,Rest of East Bay
9q9qqt,Rest of East Bay
9q9qqu,Rest of East Bay
9q9qqv,Rest of East Bay
9q9qqw,Rest of East Bay
9q9qqx,Rest of East Bay
9q9qqy,Rest of East Bay
9q9qqz,Rest of East Bay
9q9qr0,Rest of East Bay
9q9qr1,Rest of East Bay
9q9qr2,Rest of East Bay
9q9qr3,Rest of East Bay
9q9qr4,Rest of East Bay
9q9qr5,Rest of East Bay
9q9qr6,Rest of East Bay
9q9qr7,Rest of East Bay
9q9qr8,Rest of East Bay
9q9qr9,Rest of East Bay
9q9qrb,Rest of East Bay
9q9qrc,Rest of East Bay
9q9qrd,Rest of East Bay
9q9qre,Rest of East Bay
9q9qrf,Rest of East Bay
9q9qrg,Rest of East Bay
9q9qrh,Rest of East Bay
9q9qrj,Rest of East Bay
9q9qrk,Rest of East Bay
9q9qrm,Rest of East Bay
9q9qrn,Rest of East Bay
9q9qrp,Rest of East Bay
9q9qrq,Rest of East Bay
9q9qrr,Rest of East Bay
9q9qrs,Rest of East Bay
9q9qrt,Rest of East Bay
9q9qru,Rest of East Bay
9q9qrv,Rest of East Bay
9q9qrw,Rest of East Bay
9q9qrx,Rest of East Bay
9q9qry,Rest of East Bay
9q9qrz,Rest of East Bay
9q9qs0,Rest of East Bay
9q9qs1,Rest of East Bay
9q9qs2,Rest of East Bay
9q9qs3,Rest of East Bay
9q9qs4,Rest of East Bay
9q9qs5,Rest of East Bay
9q9qs6,Rest of East Bay
9q9qs7,Rest of East Bay
9q9qs8,Rest of East Bay
9q9qs9,Rest of East Bay
9q9qsb,Rest of East Bay
9q9qsc,Rest of East Bay
9q9qsd,Rest of East Bay
9q9qse,Rest of East Bay
9q9qsf,Rest of East Bay
9q9qsg,Rest of East Bay
9q9qsh,Rest of East Bay
9q9qsj,Rest of East Bay
9q9qsk,Rest of East Bay
9q9qsm,Rest of East Bay
9q9qsn,Rest of East Bay
9q9qsp,Rest of East Bay
9q9qsq,Rest of East Bay
9q9qsr,Rest of East Bay
9q9qss,Rest of East Bay
9q9qst,Rest of East Bay
9q9qsu,Rest of East Bay
9q9qsv,Rest of East Bay
9q9qsw,Rest of East Bay
9q9qsx,Rest of East Bay
9q9qsy,Rest of East Bay
9q9qsz,Rest of East Bay
9q9qt0,Rest of East Bay
9q9qt1,Rest of East Bay
9q9qt2,Rest of East Bay
9q9qt3,Rest of East Bay
9q9qt4,Rest of East Bay
9q9qt5,Rest of East Bay
9q9qt6,Rest of East Bay
9q9qt7,Rest of East Bay
9q9qt8,Rest of East Bay
9q9qt9,Rest of East Bay
9q9qtb,Rest of East Bay
9q9qtc,Rest of East Bay
9q9qtd,Rest of East Bay
9q9qte,Rest of East Bay
9q9qtf,Rest of East Bay
9q9qtg,Rest of East Bay
9q9qth,Rest of East Bay
9q9qtj,Rest of East Bay
9q9qtk,Rest of East Bay
9q9qtm,Rest of East Bay
9q9qtn,Rest of East Bay
9q9qtp,Rest of East Bay
9q9qtq,Rest of East Bay
9q9qtr,Rest of East Bay
9q9qts,Rest of East Bay
9q9qtt,Rest of East Bay
9q9qtu,Rest of East Bay
9q9qtv,Rest of East Bay
9q9qtw,Rest of East Bay
9q9qtx,Rest of East Bay
9q9qty,Rest of East Bay
9q9qtz,Rest of East Bay
9q9qu0,Rest of East Bay
9q9qu1,Rest of East Bay
9q9qu2,Rest of East Bay
9q9qu3,Rest of East Bay
9q9qu4,Rest of East Bay
9q9qu5,Rest of East Bay
9q9qu6,Rest of East Bay
9q9qu7,Rest of East Bay
9q9qu8,Rest of East Bay
9q9qu9,Rest of East Bay
9q9qub,Rest of East Bay
9q9quc,Rest of East Bay
9q9qud,Rest of East Bay
9q9que,Rest of East Bay
9q9quf,Rest of East Bay
9q9qug,Rest of East Bay
9q9quh,Rest of East Bay
9q9quj,Rest of East Bay
9q9quk,Rest of East Bay
9q9qum,Rest of East Bay
9q9qun,Rest of East Bay
9q9qup,Rest of East Bay
9q9quq,Rest of East Bay
9q9qur,Rest of East Bay
9q9qus,Rest of East Bay
9q9qut,Rest of East Bay
9q9quu,Rest of East Bay
9q9quv,Rest of East Bay
9q9quw,Rest of East Bay
9q9qux,Rest of East Bay
9q9quy,Rest of East Bay
9q9quz,Rest of East Bay
9q9qv0,Rest of East Bay
9q9qv1,Rest of East Bay
9q9qv2,Rest of East Bay
9q9qv3,Rest of East Bay
9q9qv4,Rest of East Bay
9q9qv5,Rest of East Bay
9q9qv6,Rest of East Bay
9q9qv7,Rest of East Bay
9q9qv8,Rest of East Bay
9q9qv9,Rest of East Bay
9q9qvb,Rest of East Bay
9q9qvc,Rest of East Bay
9q9qvd,Rest of East Bay
9q9qve,Rest of East Bay
9q9qvf,Rest of East Bay
9q9qvg,Rest of East Bay
9q9qvh,Rest of East Bay
9q9qvj,Rest of East Bay
9q9qvk,Rest of East Bay
9q9qvm,Rest of East Bay
9q9qvn,Rest of East Bay
9q9qvp,Rest of East Bay
9q9qvq,Rest of East Bay
9q9qvr,Rest of East Bay
9q9qvs,Rest of East Bay
9q9qvt,Rest of East Bay
9q9qvu,Rest of East Bay
9q9qvv,Rest of East Bay
9q9qvw,Rest of East Bay
9q9qvx,Rest of East Bay
9q9qvy,Rest of East Bay
9q9qvz,Rest of East Bay
9q9qw0,Rest of East Bay
9q9qw1,Rest of East Bay
9q9qw2,Rest of East Bay
9q9qw3,Rest of East Bay
9q9qw4,Rest of East Bay
9q9qw5,Rest of East Bay
9q9qw6,Rest of East Bay
9q9qw7,Rest of East Bay
9q9qw8,Rest of East Bay
9q9qw9,Rest of East Bay
9q9qwb,Rest of East Bay
9q9qwc,Rest of East Bay
9q9qwd,Rest of East Bay
9q9qwe,Rest of East Bay
9q9qwf,Rest of East Bay
9q9qwg,Rest of East Bay
9q9qwh,Rest of East Bay
9q9qwj,Rest of East Bay
9q9qwk,Rest of East Bay
9q9qwm,Rest of East Bay
9q9qwn,Rest of East Bay
9q9qwp,Rest of East Bay
9q9qwq,Rest of East Bay
9q9qwr,Rest of East Bay
9q9qws,Rest of East Bay
9q9qwt,Rest of East Bay
9q9qwu,Rest of East Bay
9q9qwv,Rest of East Bay
9q9qww,Rest of East Bay
9q9qwx,Rest of East Bay
9q9qwy,Rest of East Bay
9q9qwz,Rest of East Bay
9q9qx0,Rest of East Bay
9q9qx1,Rest of East Bay
9q9qx2,Rest of East Bay
9q9qx3,Rest of East Bay
9q9qx4,Rest of East Bay
9q9qx5,Rest of East Bay
9q9qx6,Rest of East Bay
9q9qx7,Rest of East Bay
9q9qx8,Rest of East Bay
9q9qx9,Rest of East Bay
9q9qxb,Rest of East Bay
9q9qxc,Rest of East Bay
9q9qxd,Rest of East Bay
9q9qxe,Rest of East Bay
9q9qxf,Rest of East Bay
9q9qxg,Rest of East Bay
9q9qxh,Rest of East Bay
9q9qxj,Rest of East Bay
9q9qxk,Rest of East Bay
9q9qxm,Rest of East Bay
9q9qxn,Rest of East Bay
9q9qxp,Rest of East Bay
9q9qxq,Rest of East Bay
9q9qxr,Rest of East Bay
9q9qxs,Rest of East Bay
9q9qxt,Rest of East Bay
9q9qxu,Rest of East Bay
9q9qxv,Rest of East Bay
9q9qxw,Rest of East Bay
9q9qxx,Rest of East Bay
9q9qxy,Rest of East Bay
9q9qxz,Rest of East Bay
9q9qy0,Rest of East Bay
9q9qy1,Rest of East Bay
9q9qy2,Rest of East Bay
9q9qy3,Rest of East Bay
9q9qy4,Rest of East Bay
9q9qy5,Rest of East Bay
9q9qy6,Rest of East Bay
9q9qy7,Rest of East Bay
9q9qy8,Rest of East Bay
9q9qy9,Rest of East Bay
9q9qyb,Rest of East Bay
9q9qyc,Rest of East Bay
9q9qyd,Rest of East Bay
9q9qye,Rest of East Bay
9q9qyf,Rest of East Bay
9q9qyg,Rest of East Bay
9q9qyh,Rest of East Bay
9q9qyj,Rest of East Bay
9q9qyk,Rest of East Bay
9q9qym,Rest of East Bay
9q9qyn,Rest of East Bay
9q9qyp,Rest of East Bay
9q9qyq,Rest of East Bay
9q9qyr,Rest of East Bay
9q9qys,Rest of East Bay
9q9qyt,Rest of East Bay
9q9qyu,Rest of East Bay
9q9qyv,Rest of East Bay
9q9qyw,Rest of East Bay
9q9qyx,Rest of East Bay
9q9qyy,Rest of East Bay
9q9qyz,Rest of East Bay
9q9qz0,Rest of East Bay
9q9qz1,Rest of East Bay
9q9qz2,Rest of East Bay
9q9qz3,Rest of East Bay
9q9qz4,Rest of East Bay
9q9qz5,Rest of East Bay
9q9qz6,Rest of East Bay
9q9qz7,Rest of East Bay
9q9qz8,Rest of East Bay
9q9qz9,Rest of East Bay
9q9qzb,Rest of East Bay
9q9qzc,Rest of East Bay
9q9qzd,Rest of East Bay
9q9qze,Rest of East Bay
9q9qzf,Rest of East Bay
9q9qzg,Rest of East Bay
9q9qzh,Rest of East Bay
9q9qzj,Rest of East Bay
9q9qzk,Rest of East Bay
9q9qzm,Rest of East Bay
9q9qzn,Rest of East Bay
9q9qzp,Rest of East Bay
9q9qzq,Rest of East Bay
9q9qzr,Rest of East Bay
9q9qzs,Rest of East Bay
9q9qzt,Rest of East Bay
9q9qzu,Rest of East Bay
9q9qzv,Rest of East Bay
9q9qzw,Rest of East Bay
9q9qzx,Rest of East Bay
9q9qzy,Rest of East Bay
9q9qzz,Rest of East Bay
9q9r00,Rest of East Bay
9q9r01,Rest of East Bay
9q9r02,Rest of East Bay
9q9r03,Rest of East Bay
9q9r04,Rest of East Bay
9q9r05,Rest of East Bay
9q9r06,Rest of East Bay
9q9r07,Rest of East Bay
9q9r08,Rest of East Bay
9q9r09,Rest of East Bay
9q9r0b,Rest of East Bay
9q9r0c,Rest of East Bay
9q9r0d,Rest of East Bay
9q9r0e,Rest of East Bay
9q9r0f,Rest of East Bay
9q9r0g,Rest of East Bay
9q9r0h,Rest of East Bay
9q9r0j,Rest of East Bay
9q9r0k,Rest of East Bay
9q9r0m,Rest of East Bay
9q9r0n,Rest of East Bay
9q9r0p,Rest of East Bay
9q9r0q,Rest of East Bay
9q9r0r,Rest of East Bay
9q9r0s,Rest of East Bay
9q9r0t,Rest of East Bay
9q9r0u,Rest of East Bay
9q9r0v,Rest of East Bay
9q9r0w,Rest of East Bay
9q9r0x,Rest of East Bay
9q9r0y,Rest of East Bay
9q9r0z,Rest of East Bay
9q9r10,Rest of East Bay
9q9r11,Rest of East Bay
9q9r12,Rest of East Bay
9q9r13,Rest of East Bay
9q9r14,Rest of East Bay
9q9r15,Rest of East Bay
9q9r16,Rest of East Bay
9q9r17,Rest of East Bay
9q9r18,Rest of East Bay
9q9r19,Rest of East Bay
9q9r1b,Rest of East Bay
9q9r1c,Rest of East Bay
9q9r1d,Rest of East Bay
9q9r1e,Rest of East Bay
9q9r1f,Rest of East Bay
9q9r1g,Rest of East Bay
9q9r1h,Rest of East Bay
9q9r1j,Rest of East Bay
9q9r1k,Rest of East Bay
9q9r1m,Rest of East Bay
9q9r1n,Rest of East Bay
9q9r1p,Rest of East Bay
9q9r1q,Rest of East Bay
9q9r1r,Rest of East Bay
9q9r1s,Rest of East Bay
9q9r1t,Rest of East Bay
9q9r1u,Rest of East Bay
9q9r1v,Rest of East Bay
9q9r1w,Rest of East Bay
9q9r1x,Rest of East Bay
9q9r1y,Rest of East Bay
9q9r1z,Rest of East Bay
9q9r20,Rest of East Bay
9q9r21,Rest of East Bay
9q9r22,Rest of East Bay
9q9r23,Rest of East Bay
9q9r24,Rest of East Bay
9q9r25,Rest of East Bay
9q9r26,Rest of East Bay
9q9r27,Rest of East Bay
9q9r28,Rest of East Bay
9q9r29,Rest of East Bay
9q9r2b,Rest of East Bay
9q9r2c,Rest of East Bay
9q9r2d,Rest of East Bay
9q9r2e,Rest of East Bay
9q9r2f,Rest of East Bay
9q9r2g,Rest of East Bay
9q9r2h,Rest of East Bay
9q9r2j,Rest of East Bay
9q9r2k,Rest of East Bay
9q9r2m,Rest of East Bay
9q9r2n,Rest of East Bay
9q9r2p,Rest of East Bay
9q9r2q,Rest of East Bay
9q9r2r,Rest of East Bay
9q9r2s,Rest of East Bay
9q9r2t,Rest of East Bay
9q9r2u,Rest of East Bay
9q9r2v,Rest of East Bay
9q9r2w,Rest of East Bay
9q9r2x,Rest of East Bay
9q9r2y,Rest of East Bay
9q9r2z,Rest of East Bay
9q9r30,Rest of East Bay
9q9r31,Rest of East Bay
9q9r32,Rest of East Bay
9q9r33,Rest of East Bay
9q9r34,Rest of East Bay
9q9r35,Rest of East Bay
9q9r36,Rest of East Bay
9q9r37,Rest of East Bay
9q9r38,Rest of East Bay
9q9r39,Rest of East Bay
9q9r3b,Rest of East Bay
9q9r3c,Rest of East Bay
9q9r3d,Rest of East Bay
9q9r3e,Rest of East Bay
9q9r3f,Rest of East Bay
9q9r3g,Rest of East Bay
9q9r3h,Rest of East Bay
9q9r3j,Rest of East Bay
9q9r3k,Rest of East Bay
9q9r3m,Rest of East Bay
9q9r3n,Rest of East Bay
9q9r3p,Rest of East Bay
9q9r3q,Rest of East Bay
9q9r3r,Rest of East Bay
9q9r3s,Rest of East Bay
9q9r3t,Rest of East Bay
9q9r3u,Rest of East Bay
9q9r3v,Rest of East Bay
9q9r3w,Rest of East Bay
9q9r3x,Rest of East Bay
9q9r3y,Rest of East Bay
9q9r3z,Rest of East Bay
9q9r40,Rest of East Bay
9q9r41,Rest of East Bay
9q9r42,Rest of East Bay
9q9r43,Rest of East Bay
9q9r44,Rest of East Bay
9q9r45,Rest of East Bay
9q9r46,Rest of East Bay
9q9r47,Rest of East Bay
9q9r48,Rest of East Bay
9q9r49,Rest of East Bay
9q9r4b,Rest of East Bay
9q9r4c,Rest of East Bay
9q9r4d,Rest of East Bay
9q9r4e,Rest of East Bay
9q9r4f,Rest of East Bay
9q9r4g,Rest of East Bay
9q9r4h,Rest of East Bay
9q9r4j,Rest of East Bay
9q9r4k,Rest of East Bay
9q9r4m,Rest of East Bay
9q9r4n,Rest of East Bay
9q9r4p,Rest of East Bay
9q9r4q,Rest of East Bay
9q9r4r,Rest of East Bay
9q9r4s,Rest of East Bay
9q9r4t,Rest of East Bay
9q9r4u,Rest of East Bay
9q9r4v,Rest of East Bay
9q9r4w,Rest of East Bay
9q9r4x,Rest of East Bay
9q9r4y,Rest of East Bay
9q9r4z,Rest of East Bay
9q9r50,Rest of East Bay
9q9r51,Rest of East Bay
9q9r52,Rest of East Bay
9q9r53,Rest of East Bay
9q9r54,Rest of East Bay
9q9r55,Rest of East Bay
9q9r56,Rest of East Bay
9q9r57,Rest of East Bay
9q9r58,Rest of East Bay
9q9r59,Rest of East Bay
9q9r5b,Rest of East Bay
9q9r5c,Rest of East Bay
9q9r5d,Rest of East Bay
9q9r5e,Rest of East Bay
9q9r5f,Rest of East Bay
9q9r5g,Rest of East Bay
9q9r5h,Rest of East Bay
9q9r5j,Rest of East Bay
9q9r5k,Rest of East Bay
9q9r5m,Rest of East Bay
9q9r5n,Rest of East Bay
9q9r5p,Rest of East Bay
9q9r5q,Rest of East Bay
9q9r5r,Rest of East Bay
9q9r5s,Rest of East Bay
9q9r5t,Rest of East Bay
9q9r5u,Rest of East Bay
9q9r5v,Rest of East Bay
9q9r5w,Rest of East Bay
9q9r5x,Rest of East Bay
9q9r5y,Rest of East Bay
9q9r5z,Rest of East Bay
9q9r60,Rest of East Bay
9q9r61,Rest of East Bay
9q9r62,Rest of East Bay
9q9r63,Rest of East Bay
9q9r64,Rest of East Bay
9q9r65,Rest of East Bay
9q9r66,Rest of East Bay
9q9r67,Rest of East Bay
9q9r68,Rest of East Bay
9q9r69,Rest of East Bay
9q9r6b,Rest of East Bay
9q9r6c,Rest of East Bay
9q9r6d,Rest of East Bay
9q9r6e,Rest of East Bay
9q9r6f,Rest of East Bay
9q9r6g,Rest of East Bay
9q9r6h,Rest of East Bay
9q9r6j,Rest of East Bay
9q9r6k,Rest of East Bay
9q9r6m,Rest of East Bay
9q9r6n,Rest of East Bay
9q9r6p,Rest of East Bay
9q9r6q,Rest of East Bay
9q9r6r,Rest of East Bay
9q9r6s,Rest of East Bay
9q9r6t,Rest of East Bay
9q9r6u,Rest of East Bay
9q9r6v,Rest of East Bay
9q9r6w,Rest of East Bay
9q9r6x,Rest of East Bay
9q9r6y,Rest of East Bay
9q9r6z,Rest of East Bay
9q9r70,Rest of East Bay
9q9r71,Rest of East Bay
9q9r72,Rest of East Bay
9q9r73,Rest of East Bay
9q9r74,Rest of East Bay
9q9r75,Rest of East Bay
9q9r76,Rest of East Bay
9q9r77,Rest of East Bay
9q9r78,Rest of East Bay
9q9r79,Rest of East Bay
9q9r7b,Rest of East Bay
9q9r7c,Rest of East Bay
9q9r7d,Rest of East Bay
9q9r7e,Rest of East Bay
9q9r7f,Rest of East Bay
9q9r7g,Rest of East Bay
9q9r7h,Rest of East Bay
9q9r7j,Rest of East Bay
9q9r7k,Rest of East Bay
9q9r7m,Rest of East Bay
9q9r7n,Rest of East Bay
9q9r7p,Rest of East Bay
9q9r7q,Rest of East Bay
9q9r7r,Rest of East Bay
9q9r7s,Rest of East Bay
9q9r7t,Rest of East Bay
9q9r7u,Rest of East Bay
9q9r7v,Rest of East Bay
9q9r7w,Rest of East Bay
9q9r7x,Rest of East Bay
9q9r7y,Rest of East Bay
9q9r7z,Rest of East Bay
9q9r80,Rest of East Bay
9q9r81,Rest of East Bay
9q9r82,Rest of East Bay
9q9r83,Rest of East Bay
9q9r84,Rest of East Bay
9q9r85,Rest of East Bay
9q9r86,Rest of East Bay
9q9r87,Rest of East Bay
9q9r88,Rest of East Bay
9q9r89,Rest of East Bay
9q9r8b,Rest of East Bay
9q9r8c,Rest of East Bay
9q9r8d,Rest of East Bay
9q9r8e,Rest of East Bay
9q9r8f,Rest of East Bay
9q9r8g,Rest of East Bay
9q9r8h,Rest of East Bay
9q9r8j,Rest of East Bay
9q9r8k,Rest of East Bay
9q9r8m,Rest of East Bay
9q9r8n,Rest of East Bay
9q9r8p,Rest of East Bay
9q9r8q,Rest of East Bay
9q9r8r,Rest of East Bay
9q9r8s,Rest of East Bay
9q9r8t,Rest of East Bay
9q9r8u,Rest of East Bay
9q9r8v,Rest of East Bay
9q9r8w,Rest of East Bay
9q9r8x,Rest of East Bay
9q9r8y,Rest of East Bay
9q9r8z,Rest of East Bay
9q9r90,Rest of East Bay
9q9r91,Rest of East Bay
9q9r92,Rest of East Bay
9q9r93,Rest of East Bay
9q9r94,Rest of East Bay
9q9r95,Rest of East Bay
9q9r96,Rest of East Bay
9q9r97,Rest of East Bay
9q9r98,Rest of East Bay
9q9r99,Rest of East Bay
9q9r9b,Rest of East Bay
9q9r9c,Rest of East Bay
9q9r9d,Rest of East Bay
9q9r9e,Rest of East Bay
9q9r9f,Rest of East Bay
9q9r9g,Rest of East Bay
9q9r9h,Rest of East Bay
9q9r9j,Rest of East Bay
9q9r9k,Rest of East Bay
9q9r9m,Rest of East Bay
9q9r9n,Rest of East Bay
9q9r9p,Rest of East Bay
9q9r9q,Rest of East Bay
9q9r9r,Rest of East Bay
9q9r9s,Rest of East Bay
9q9r9t,Rest of East Bay
9q9r9u,Rest of East Bay
9q9r9v,Rest of East Bay
9q9r9w,Rest of East Bay
9q9r9x,Rest of East Bay
9q9r9y,Rest of East Bay
9q9r9z,Rest of East Bay
9q9rb0,Rest of East Bay
9q9rb1,Rest of East Bay
9q9rb2,Rest of East Bay
9q9rb3,Rest of East Bay
9q9rb4,Rest of East Bay
9q9rb5,Rest of East Bay
9q9rb6,Rest of East Bay
9q9rb7,Rest of East Bay
9q9rb8,Rest of East Bay
9q9rb9,Rest of East Bay
9q9rbb,Rest of East Bay
9q9rbc,Rest of East Bay
9q9rbd,Rest of East Bay
9q9rbe,Rest of East Bay
9q9rbf,Rest of East Bay
9q9rbg,Rest of East Bay
9q9rbh,Rest of East Bay
9q9rbj,Rest of East Bay
9q9rbk,Rest of East Bay
9q9rbm,Rest of East Bay
9q9rbn,Rest of East Bay
9q9rbp,Rest of East Bay
9q9rbq,Rest of East Bay
9q9rbr,Rest of East Bay
9q9rbs,Rest of East Bay
9q9rbt,Rest of East Bay
9q9rbu,Rest of East Bay
9q9rbv,Rest of East Bay
9q9rbw,Rest of East Bay
9q9rbx,Rest of East Bay
9q9rby,Rest of East Bay
9q9rbz,Rest of East Bay
9q9rc0,Rest of East Bay
9q9rc1,Rest of East Bay
9q9rc2,Rest of East Bay
9q9rc3,Rest of East Bay
9q9rc4,Rest of East Bay
9q9rc5,Rest of East Bay
9q9rc6,Rest of East Bay
9q9rc7,Rest of East Bay
9q9rc8,Rest of East Bay
9q9rc9,Rest of East Bay
9q9rcb,Rest of East Bay
9q9rcc,Rest of East Bay
9q9rcd,Rest of East Bay
9q9rce,Rest of East Bay
9q9rcf,Rest of East Bay
9q9rcg,Rest of East Bay
9q9rch,Rest of East Bay
9q9rcj,Rest of East Bay
9q9rck,Rest of East Bay
9q9rcm,Rest of East Bay
9q9rcn,Rest of East Bay
9q9rcp,Rest of East Bay
9q9rcq,Rest of East Bay
9q9rcr,Rest of East Bay
9q9rcs,Rest of East Bay
9q9rct,Rest of East Bay
9q9rcu,Rest of East Bay
9q9rcv,Rest of East Bay
9q9rcw,Rest of East Bay
9q9rcx,Rest of East Bay
9q9rcy,Rest of East Bay
9q9rcz,Rest of East Bay
9q9rd0,Rest of East Bay
9q9rd1,Rest of East Bay
9q9rd2,Rest of East Bay
9q9rd3,Rest of East Bay
9q9rd4,Rest of East Bay
9q9rd5,Rest of East Bay
9q9rd6,Rest of East Bay
9q9rd7,Rest of East Bay
9q9rd8,Rest of East Bay
9q9rd9,Rest of East Bay
9q9rdb,Rest of East Bay
9q9rdc,Rest of East Bay
9q9rdd,Rest of East Bay
9q9rde,Rest of East Bay
9q9rdf,Rest of East Bay
9q9rdg,Rest of East Bay
9q9rdh,Rest of East Bay
9q9rdj,Rest of East Bay
9q9rdk,Rest of East Bay
9q9rdm,Rest of East Bay
9q9rdn,Rest of East Bay
9q9rdp,Rest of East Bay
9q9rdq,Rest of East Bay
9q9rdr,Rest of East Bay
9q9rds,Rest of East Bay
9q9rdt,Rest of East Bay
9q9rdu,Rest of East Bay
9q9rdv,Rest of East Bay
9q9rdw,Rest of East Bay
9q9rdx,Rest of East Bay
9q9rdy,Rest of East Bay
9q9rdz,Rest of East Bay
9q9re0,Rest of East Bay
9q9re1,Rest of East Bay
9q9re2,Rest of East Bay
9q9re3,Rest of East Bay
9q9re4,Rest of East Bay
9q9re5,Rest of East Bay
9q9re6,Rest of East Bay
9q9re7,Rest of East Bay
9q9re8,Rest of East Bay
9q9re9,Rest of East Bay
9q9reb,Rest of East Bay
9q9rec,Rest of East Bay
9q9red,Rest of East Bay
9q9ree,Rest of East Bay
9q9ref,Rest of East Bay
9q9reg,Rest of East Bay
9q9reh,Rest of East Bay
9q9rej,Rest of East Bay
9q9rek,Rest of East Bay
9q9rem,Rest of East Bay
9q9ren,Rest of East Bay
9q9rep,Rest of East Bay
9q9req,Rest of East Bay
9q9rer,Rest of East Bay
9q9res,Rest of East Bay
9q9ret,Rest of East Bay
9q9reu,Rest of East Bay
9q9rev,Rest of East Bay
9q9rew,Rest of East Bay
9q9rex,Rest of East Bay
9q9rey,Rest of East Bay
9q9rez,Rest of East Bay
9q9rf0,Rest of East Bay
9q9rf1,Rest of East Bay
9q9rf2,Rest of East Bay
9q9rf3,Rest of East Bay
9q9rf4,Rest of East Bay
9q9rf5,Rest of East Bay
9q9rf6,Rest of East Bay
9q9rf7,Rest of East Bay
9q9rf8,Rest of East Bay
9q9rf9,Rest of East Bay
9q9rfb,Rest of East Bay
9q9rfc,Rest of East Bay
9q9rfd,Rest of East Bay
9q9rfe,Rest of East Bay
9q9rff,Rest of East Bay
9q9rfg,Rest of East Bay
9q9rfh,Rest of East Bay
9q9rfj,Rest of East Bay
9q9rfk,Rest of East Bay
9q9rfm,Rest of East Bay
9q9rfn,Rest of East Bay
9q9rfp,Rest of East Bay
9q9rfq,Rest of East Bay
9q9rfr,Rest of East Bay
9q9rfs,Rest of East Bay
9q9rft,Rest of East Bay
9q9rfu,Rest of East Bay
9q9rfv,Rest of East Bay
9q9rfw,Rest of East Bay
9q9rfx,Rest of East Bay
9q9rfy,Rest of East Bay
9q9rfz,Rest of East Bay
9q9rg0,Rest of East Bay
9q9rg1,Rest of East Bay
9q9rg2,Rest of East Bay
9q9rg3,Rest of East Bay
9q9rg4,Rest of East Bay
9q9rg5,Rest of East Bay
9q9rg6,Rest of East Bay
9q9rg7,Rest of East Bay
9q9rg8,Rest of East Bay
9q9rg9,Rest of East Bay
9q9rgb,Rest of East Bay
9q9rgc,Rest of East Bay
9q9rgd,Rest of East Bay
9q9rge,Rest of East Bay
9q9rgf,Rest of East Bay
9q9rgg,Rest of East Bay
9q9rgh,Rest of East Bay
9q9rgj,Rest of East Bay
9q9rgk,Rest of East Bay
9q9rgm,Rest of East Bay
9q9rgn,Rest of East Bay
9q9rgp,Rest of East Bay
9q9rgq,Rest of East Bay
9q9rgr,Rest of East Bay
9q9rgs,Rest of East Bay
9q9rgt,Rest of East Bay
9q9rgu,Rest of East Bay
9q9rgv,Rest of East Bay
9q9rgw,Rest of East Bay
9q9rgx,Rest of East Bay
9q9rgy,Rest of East Bay
9q9rgz,Rest of East Bay
9q9rh0,Rest of East Bay
9q9rh1,Rest of East Bay
9q9rh2,Rest of East Bay
9q9rh3,Rest of East Bay
9q9rh4,Rest of East Bay
9q9rh5,Rest of East Bay
9q9rh6,Rest of East Bay
9q9rh7,Rest of East Bay
9q9rh8,Rest of East Bay
9q9rh9,Rest of East Bay
9q9rhb,Rest of East Bay
9q9rhc,Rest of East Bay
9q9rhd,Rest of East Bay
9q9rhe,Rest of East Bay
9q9rhf,Rest of East Bay
9q9rhg,Rest of East Bay
9q9rhh,Rest of East Bay
9q9rhj,Rest of East Bay
9q9rhk,Rest of East Bay
9q9rhm,Rest of East Bay
9q9rhn,Rest of East Bay
9q9rhp,Rest of East Bay
9q9rhq,Rest of East Bay
9q9rhr,Rest of East Bay
9q9rhs,Rest of East Bay
9q9rht,Rest of East Bay
9q9rhu,Rest of East Bay
9q9rhv,Rest of East Bay
9q9rhw,Rest of East Bay
9q9rhx,Rest of East Bay
9q9rhy,Rest of East Bay
9q9rhz,Rest of East Bay
9q9rj0,Rest of East Bay
9q9rj1,Rest of East Bay
9q9rj2,Rest of East Bay
9q9rj3,Rest of East Bay
9q9rj4,Rest of East Bay
9q9rj5,Rest of East Bay
9q9rj6,Rest of East Bay
9q9rj7,Rest of East Bay
9q9rj8,Rest of East Bay
9q9rj9,Rest of East Bay
9q9rjb,Rest of East Bay
9q9rjc,Rest of East Bay
9q9rjd,Rest of East Bay
9q9rje,Rest of East Bay
9q9rjf,Rest of East Bay
9q9rjg,Rest of East Bay
9q9rjh,Rest of East Bay
9q9rjj,Rest of East Bay
9q9rjk,Rest of East Bay
9q9rjm,Rest of East Bay
9q9rjn,Rest of East Bay
9q9rjp,Rest of East Bay
9q9rjq,Rest of East Bay
9q9rjr,Rest of East Bay
9q9rjs,Rest of East Bay
9q9rjt,Rest of East Bay
9q9rju,Rest of East Bay
9q9rjv,Rest of East Bay
9q9rjw,Rest of East Bay
9q9rjx,Rest of East Bay
9q9rjy,Rest of East Bay
9q9rjz,Rest of East Bay
9q9rk0,Rest of East Bay
9q9rk1,Rest of East Bay
9q9rk2,Rest of East Bay
9q9rk3,Rest of East Bay
9q9rk4,Rest of East Bay
9q9rk5,Rest of East Bay
9q9rk6,Rest of East Bay
9q9rk7,Rest of East Bay
9q9rk8,Rest of East Bay
9q9rk9,Rest of East Bay
9q9rkb,Rest of East Bay
9q9rkc,Rest of East Bay
9q9rkd,Rest of East Bay
9q9rke,Rest of East Bay
9q9rkf,Rest of East Bay
9q9rkg,Rest of East Bay
9q9rkh,Rest of East Bay
9q9rkj,Rest of East Bay
9q9rkk,Rest of East Bay
9q9rkm,Rest of East Bay
9q9rkn,Rest of East Bay
9q9rkp,Rest of East Bay
9q9rkq,Rest of East Bay
9q9rkr,Rest of East Bay
9q9rks,Rest of East Bay
9q9rkt,Rest of East Bay
9q9rku,Rest of East Bay
9q9rkv,Rest of East Bay
9q9rkw,Rest of East Bay
9q9rkx,Rest of East Bay
9q9rky,Rest of East Bay
9q9rkz,Rest of East Bay
9q9rm0,Rest of East Bay
9q9rm1,Rest of East Bay
9q9rm2,Rest of East Bay
9q9rm3,Rest of East Bay
9q9rm4,Rest of East Bay
9q9rm5,Rest of East Bay
9q9rm6,Rest of East Bay
9q9rm7,Rest of East Bay
9q9rm8,Rest of East Bay
9q9rm9,Rest of East Bay
9q9rmb,Rest of East Bay
9q9rmc,Rest of East Bay
9q9rmd,Rest of East Bay
9q9rme,Rest of East Bay
9q9rmf,Rest of East Bay
9q9rmg,Rest of East Bay
9q9rmh,Rest of East Bay
9q9rmj,Rest of East Bay
9q9rmk,Rest of East Bay
9q9rmm,Rest of East Bay
9q9rmn,Rest of East Bay
9q9rmp,Rest of East Bay
9q9rmq,Rest of East Bay
9q9rmr,Rest of East Bay
9q9rms,Rest of East Bay
9q9rmt,Rest of East Bay
9q9rmu,Rest of East Bay
9q9rmv,Rest of East Bay
9q9rmw,Rest of East Bay
9q9rmx,Rest of East Bay
9q9rmy,Rest of East Bay
9q9rmz,Rest of East Bay
9q9rn0,Rest of East Bay
9q9rn1,Rest of East Bay
9q9rn2,Rest of East Bay
9q9rn3,Rest of East Bay
9q9rn4,Rest of East Bay
9q9rn5,Rest of East Bay
9q9rn6,Rest of East Bay
9q9rn7,Rest of East Bay
9q9rn8,Rest of East Bay
9q9rn9,Rest of East Bay
9q9rnb,Rest of East Bay
9q9rnc,Rest of East Bay
9q9rnd,Rest of East Bay
9q9rne,Rest of East Bay
9q9rnf,Rest of East Bay
9q9rng,Rest of East Bay
9q9rnh,Rest of East Bay
9q9rnj,Rest of East Bay
9q9rnk,Rest of East Bay
9q9rnm,Rest of East Bay
9q9rnn,Rest of East Bay
9q9rnp,Rest of East Bay
9q9rnq,Rest of East Bay
9q9rnr,Rest of East Bay
9q9rns,Rest of East Bay
9q9rnt,Rest of East Bay
9q9rnu,Rest of East Bay
9q9rnv,Rest of East Bay
9q9rnw,Rest of East Bay
9q9rnx,Rest of East Bay
9q9rny,Rest of East Bay
9q9rnz,Rest of East Bay
9q9rp0,Rest of East Bay
9q9rp1,Rest of East Bay
9q9rp2,Rest of East Bay
9q9rp3,Rest of East Bay
9q9rp4,Rest of East Bay
9q9rp5,Rest of East Bay
9q9rp6,Rest of East Bay
9q9rp7,Rest of East Bay
9q9rp8,Rest of East Bay
9q9rp9,Rest of East Bay
9q9rpb,Rest of East Bay
9q9rpc,Rest of East Bay
9q9rpd,Rest of East Bay
9q9rpe,Rest of East Bay
9q9rpf,Rest of East Bay
9q9rpg,Rest of East Bay
9q9rph,Rest of East Bay
9q9rpj,Rest of East Bay
9q9rpk,Rest of East Bay
9q9rpm,Rest of East Bay
9q9rpn,Rest of East Bay
9q9rpp,Rest of East Bay
9q9rpq,Rest of East Bay
9q9rpr,Rest of East Bay
9q9rps,Rest of East Bay
9q9rpt,Rest of East Bay
9q9rpu,Rest of East Bay
9q9rpv,Rest of East Bay
9q9rpw,Rest of East Bay
9q9rpx,Rest of East Bay
9q9rpy,Rest of East Bay
9q9rpz,Rest of East Bay
9q9rq0,Rest of East Bay
9q9rq1,Rest of East Bay
9q9rq2,Rest of East Bay
9q9rq3,Rest of East Bay
9q9rq4,Rest of East Bay
9q9rq5,Rest of East Bay
9q9rq6,Rest of East Bay
9q9rq7,Rest of East Bay
9q9rq8,Rest of East Bay
9q9rq9,Rest of East Bay
9q9rqb,Rest of East Bay
9q9rqc,Rest of East Bay
9q9rqd,Rest of East Bay
9q9rqe,Rest of East Bay
9q9rqf,Rest of East Bay
9q9rqg,Rest of East Bay
9q9rqh,Rest of East Bay
9q9rqj,Rest of East Bay
9q9rqk,Rest of East Bay
9q9rqm,Rest of East Bay
9q9rqn,Rest of East Bay
9q9rqp,Rest of East Bay
9q9rqq,Rest of East Bay
9q9rqr,Rest of East Bay
9q9rqs,Rest of East Bay
9q9rqt,Rest of East Bay
9q9rqu,Rest of East Bay
9q9rqv,Rest of East Bay
9q9rqw,Rest of East Bay
9q9rqx,Rest of East Bay
9q9rqy,Rest of East Bay
9q9rqz,Rest of East Bay
9q9rr0,Rest of East Bay
9q9rr1,Rest of East Bay
9q9rr2,Rest of East Bay
9q9rr3,Rest of East Bay
9q9rr4,Rest of East Bay
9q9rr5,Rest of East Bay
9q9rr6,Rest of East Bay
9q9rr7,Rest of East Bay
9q9rr8,Rest of East Bay
9q9rr9,Rest of East Bay
9q9rrb,Rest of East Bay
9q9rrc,Rest of East Bay
9q9rrd,Rest of East Bay
9q9rre,Rest of East Bay
9q9rrf,Rest of East Bay
9q9rrg,Rest of East Bay
9q9rrh,Rest of East Bay
9q9rrj,Rest of East Bay
9q9rrk,Rest of East Bay
9q9rrm,Rest of East Bay
9q9rrn,Rest of East Bay
9q9rrp,Rest of East Bay
9q9rrq,Rest of East Bay
9q9rrr,Rest of East Bay
9q9rrs,Rest of East Bay
9q9rrt,Rest of East Bay
9q9rru,Rest of East Bay
9q9rrv,Rest of East Bay
9q9rrw,Rest of East Bay
9q9rrx,Rest of East Bay
9q9rry,Rest of East Bay
9q9rrz,Rest of East Bay
9q9rs0,Rest of East Bay
9q9rs1,Rest of East Bay
9q9rs2,Rest of East Bay
9q9rs3,Rest of East Bay
9q9rs4,Rest of East Bay
9q9rs5,Rest of East Bay
9q9rs6,Rest of East Bay
9q9rs7,Rest of East Bay
9q9rs8,Rest of East Bay
9q9rs9,Rest of East Bay
9q9rsb,Rest of East Bay
9q9rsc,Rest of East Bay
9q9rsd,Rest of East Bay
9q9rse,Rest of East Bay
9q9rsf,Rest of East Bay
9q9rsg,Rest of East Bay
9q9rsh,Rest of East Bay
9q9rsj,Rest of East Bay
9q9rsk,Rest of East Bay
9q9rsm,Rest of East Bay
9q9rsn,Rest of East Bay
9q9rsp,Rest of East Bay
9q9rsq,Rest of East Bay
9q9rsr,Rest of East Bay
9q9rss,Rest of East Bay
9q9rst,Rest of East Bay
9q9rsu,Rest of East Bay
9q9rsv,Rest of East Bay
9q9rsw,Rest of East Bay
9q9rsx,Rest of East Bay
9q9rsy,Rest of East Bay
9q9rsz,Rest of East Bay
9q9rt0,Rest of East Bay
9q9rt1,Rest of East Bay
9q9rt2,Rest of East Bay
9q9rt3,Rest of East Bay
9q9rt4,Rest of East Bay
9q9rt5,Rest of East Bay
9q9rt6,Rest of East Bay
9q9rt7,Rest of East Bay
9q9rt8,Rest of East Bay
9q9rt9,Rest of East Bay
9q9rtb,Rest of East Bay
9q9rtc,Rest of East Bay
9q9rtd,Rest of East Bay
9q9rte,Rest of East Bay
9q9rtf,Rest of East Bay
9q9rtg,Rest of East Bay
9q9rth,Rest of East Bay
9q9rtj,Rest of East Bay
9q9rtk,Rest of East Bay
9q9rtm,Rest of East Bay
9q9rtn,Rest of East Bay
9q9rtp,Rest of East Bay
9q9rtq,Rest of East Bay
9q9rtr,Rest of East Bay
9q9rts,Rest of East Bay
9q9rtt,Rest of East Bay
9q9rtu,Rest of East Bay
9q9rtv,Rest of East Bay
9q9rtw,Rest of East Bay
9q9rtx,Rest of East Bay
9q9rty,Rest of East Bay
9q9rtz,Rest of East Bay
9q9ru0,Rest of East Bay
9q9ru1,Rest of East Bay
9q9ru2,Rest of East Bay
9q9ru3,Rest of East Bay
9q9ru4,Rest of East Bay
9q9ru5,Rest of East Bay
9q9ru6,Rest of East Bay
9q9ru7,Rest of East Bay
9q9ru8,Rest of East Bay
9q9ru9,Rest of East Bay
9q9rub,Rest of East Bay
9q9ruc,Rest of East Bay
9q9rud,Rest of East Bay
9q9rue,Rest of East Bay
9q9ruf,Rest of East Bay
9q9rug,Rest of East Bay
9q9ruh,Rest of East Bay
9q9ruj,Rest of East Bay
9q9ruk,Rest of East Bay
9q9rum,Rest of East Bay
9q9run,Rest of East Bay
9q9rup,Rest of East Bay
9q9ruq,Rest of East Bay
9q9rur,Rest of East Bay
9q9rus,Rest of East Bay
9q9rut,Rest of East Bay
9q9ruu,Rest of East Bay
9q9ruv,Rest of East Bay
9q9ruw,Rest of East Bay
9q9rux,Rest of East Bay
9q9ruy,Rest of East Bay
9q9ruz,Rest of East Bay
9q9rv0,Rest of East Bay
9q9rv1,Rest of East Bay
9q9rv2,Rest of East Bay
9q9rv3,Rest of East Bay
9q9rv4,Rest of East Bay
9q9rv5,Rest of East Bay
9q9rv6,Rest of East Bay
9q9rv7,Rest of East Bay
9q9rv8,Rest of East Bay
9q9rv9,Rest of East Bay
9q9rvb,Rest of East Bay
9q9rvc,Rest of East Bay
9q9rvd,Rest of East Bay
9q9rve,Rest of East Bay
9q9rvf,Rest of East Bay
9q9rvg,Rest of East Bay
9q9rvh,Rest of East Bay
9q9rvj,Rest of East Bay
9q9rvk,Rest of East Bay
9q9rvm,Rest of East Bay
9q9rvn,Rest of East Bay
9q9rvp,Rest of East Bay
9q9rvq,Rest of East Bay
9q9rvr,Rest of East Bay
9q9rvs,Rest of East Bay
9q9rvt,Rest of East Bay
9q9rvu,Rest of East Bay
9q9rvv,Rest of East Bay
9q9rvw,Rest of East Bay
9q9rvx,Rest of East Bay
9q9rvy,Rest of East Bay
9q9rvz,Rest of East Bay
9q9rw0,Rest of East Bay
9q9rw1,Rest of East Bay
9q9rw2,Rest of East Bay
9q9rw3,Rest of East Bay
9q9rw4,Rest of East Bay
9q9rw5,Rest of East Bay
9q9rw6,Rest of East Bay
9q9rw7,Rest of East Bay
9q9rw8,Rest of East Bay
9q9rw9,Rest of East Bay
9q9rwb,Rest of East Bay
9q9rwc,Rest of East Bay
9q9rwd,Rest of East Bay
9q9rwe,Rest of East Bay
9q9rwf,Rest of East Bay
9q9rwg,Rest of East Bay
9q9rwh,Rest of East Bay
9q9rwj,Rest of East Bay
9q9rwk,Rest of East Bay
9q9rwm,Rest of East Bay
9q9rwn,Rest of East Bay
9q9rwp,Rest of East Bay
9q9rwq,Rest of East Bay
9q9rwr,Rest of East Bay
9q9rws,Rest of East Bay
9q9rwt,Rest of East Bay
9q9rwu,Rest of East Bay
9q9rwv,Rest of East Bay
9q9rww,Rest of East Bay
9q9rwx,Rest of East Bay
9q9rwy,Rest of East Bay
9q9rwz,Rest of East Bay
9q9rx0,Rest of East Bay
9q9rx1,Rest of East Bay
9q9rx2,Rest of East Bay
9q9rx3,Rest of East Bay
9q9rx4,Rest of East Bay
9q9rx5,Rest of East Bay
9q9rx6,Rest of East Bay
9q9rx7,Rest of East Bay
9q9rx8,Rest of East Bay
9q9rx9,Rest of East Bay
9q9rxb,Rest of East Bay
9q9rxc,Rest of East Bay
9q9rxd,Rest of East Bay
9q9rxe,Rest of East Bay
9q9rxf,Rest of East Bay
9q9rxg,Rest of East Bay
9q9rxh,Rest of East Bay
9q9rxj,Rest of East Bay
9q9rxk,Rest of East Bay
9q9rxm,Rest of East Bay
9q9rxn,Rest of East Bay
9q9rxp,Rest of East Bay
9q9rxq,Rest of East Bay
9q9rxr,Rest of East Bay
9q9rxs,Rest of East Bay
9q9rxt,Rest of East Bay
9q9rxu,Rest of East Bay
9q9rxv,Rest of East Bay
9q9rxw,Rest of East Bay
9q9rxx,Rest of East Bay
9q9rxy,Rest of East Bay
9q9rxz,Rest of East Bay
9q9ry0,Rest of East Bay
9q9ry1,Rest of East Bay
9q9ry2,Rest of East Bay
9q9ry3,Rest of East Bay
9q9ry4,Rest of East Bay
9q9ry5,Rest of East Bay
9q9ry6,Rest of East Bay
9q9ry7,Rest of East Bay
9q9ry8,Rest of East Bay
9q9ry9,Rest of East Bay
9q9ryb,Rest of East Bay
9q9ryc,Rest of East Bay
9q9ryd,Rest of East Bay
9q9rye,Rest of East Bay
9q9ryf,Rest of East Bay
9q9ryg,Rest of East Bay
9q9ryh,Rest of East Bay
9q9ryj,Rest of East Bay
9q9ryk,Rest of East Bay
9q9rym,Rest of East Bay
9q9ryn,Rest of East Bay
9q9ryp,Rest of East Bay
9q9ryq,Rest of East Bay
9q9ryr,Rest of East Bay
9q9rys,Rest of East Bay
9q9ryt,Rest of East Bay
9q9ryu,Rest of East Bay
9q9ryv,Rest of East Bay
9q9ryw,Rest of East Bay
9q9ryx,Rest of East Bay
9q9ryy,Rest of East Bay
9q9ryz,Rest of East Bay
9q9rz0,Rest of East Bay
9q9rz1,Rest of East Bay
9q9rz2,Rest of East Bay
9q9rz3,Rest of East Bay
9q9rz4,Rest of East Bay
9q9rz5,Rest of East Bay
9q9rz6,Rest of East Bay
9q9rz7,Rest of East Bay
9q9rz8,Rest of East Bay
9q9rz9,Rest of East Bay
9q9rzb,Rest of East Bay
9q9rzc,Rest of East Bay
9q9rzd,Rest of East Bay
9q9rze,Rest of East Bay
9q9rzf,Rest of East Bay
9q9rzg,Rest of East Bay
9q9rzh,Rest of East Bay
9q9rzj,Rest of East Bay
9q9rzk,Rest of East Bay
9q9rzm,Rest of East Bay
9q9rzn,Rest of East Bay
9q9rzp,Rest of East Bay
9q9rzq,Rest of East Bay
9q9rzr,Rest of East Bay
9q9rzs,Rest of East Bay
9q9rzt,Rest of East Bay
9q9rzu,Rest of East Bay
9q9rzv,Rest of East Bay
9q9rzw,Rest of East Bay
9q9rzx,Rest of East Bay
9q9rzy,Rest of East Bay
9q9rzz,Rest of East Bay
9q9s00,Rest of Bay Area
9q9s01,Rest of Bay Area
9q9s02,Rest of Bay Area
9q9s03,Rest of Bay Area
9q9s04,Rest of Bay Area
9q9s05,Rest of Bay Area
9q9s06,Rest of Bay Area
9q9s07,Rest of Bay Area
9q9s08,Rest of Bay Area
9q9s09,Rest of Bay Area
9q9s0b,Rest of Bay Area
9q9s0c,Rest of Bay Area
9q9s0d,Rest of Bay Area
9q9s0e,Rest of Bay Area
9q9s0f,Rest of Bay Area
9q9s0g,Rest of Bay Area
9q9s0h,Rest of Bay Area
9q9s0j,Rest of Bay Area
9q9s0k,Rest of Bay Area
9q9s0m,Rest of Bay Area
9q9s0n,Rest of Bay Area
9q9s0p,Rest of Bay Area
9q9s0q,Rest of Bay Area
9q9s0r,Rest of Bay Area
9q9s0s,Rest of Bay Area
9q9s0t,Rest of Bay Area
9q9s0u,Rest of Bay Area
9q9s0v,Rest of Bay Area
9q9s0w,Rest of Bay Area
9q9s0x,Rest of Bay Area
9q9s0y,Rest of Bay Area
9q9s0z,Rest of Bay Area
9q9s10,Rest of Bay Area
9q9s11,Rest of Bay Area
9q9s12,Rest of Bay Area
9q9s13,Rest of Bay Area
9q9s14,Rest of Bay Area
9q9s15,Rest of Bay Area
9q9s16,Rest of Bay Area
9q9s17,Rest of Bay Area
9q9s18,Rest of Bay Area
9q9s19,Rest of Bay Area
9q9s1b,Rest of Bay Area
9q9s1c,Rest of Bay Area
9q9s1d,Rest of Bay Area
9q9s1e,Rest of Bay Area
9q9s1f,Rest of Bay Area
9q9s1g,Rest of Bay Area
9q9s1h,Rest of Bay Area
9q9s1j,Rest of Bay Area
9q9s1k,Rest of Bay Area
9q9s1m,Rest of Bay Area
9q9s1n,Rest of Bay Area
9q9s1p,Rest of Bay Area
9q9s1q,Rest of Bay Area
9q9s1r,Rest of Bay Area
9q9s1s,Rest of Bay Area
9q9s1t,Rest of Bay Area
9q9s1u,Rest of Bay Area
9q9s1v,Rest of Bay Area
9q9s1w,Rest of Bay Area
9q9s1x,Rest of Bay Area
9q9s1y,Rest of Bay Area
9q9s1z,Rest of Bay Area
9q9s20,Rest of Bay Area
9q9s21,Rest of Bay Area
9q9s22,Rest of Bay Area
9q9s23,Rest of Bay Area
9q9s24,Rest of Bay Area
9q9s25,Rest of Bay Area
9q9s26,Rest of Bay Area
9q9s27,Rest of Bay Area
9q9s28,Rest of Bay Area
9q9s29,Rest of Bay Area
9q9s2b,Rest of Bay Area
9q9s2c,Rest of Bay Area
9q9s2d,Rest of Bay Area
9q9s2e,Rest of Bay Area
9q9s2f,Rest of Bay Area
9q9s2g,Rest of Bay Area
9q9s2h,Rest of Bay Area
9q9s2j,Rest of Bay Area
9q9s2k,Rest of Bay Area
9q9s2m,Rest of Bay Area
9q9s2n,Rest of Bay Area
9q9s2p,Rest of Bay Area
9q9s2q,Rest of Bay Area
9q9s2r,Rest of Bay Area
9q9s2s,Rest of Bay Area
9q9s2t,Rest of Bay Area
9q9s2u,Rest of Bay Area
9q9s2v,Rest of Bay Area
9q9s2w,Rest of Bay Area
9q9s2x,Rest of Bay Area
9q9s2y,Rest of Bay Area
9q9s2z,Rest of Bay Area
9q9s30,Rest of Bay Area
9q9s31,Rest of Bay Area
9q9s32,Rest of Bay Area
9q9s33,Rest of Bay Area
9q9s34,Rest of Bay Area
9q9s35,Rest of Bay Area
9q9s36,Rest of Bay Area
9q9s37,Rest of Bay Area
9q9s38,Rest of Bay Area
9q9s39,Rest of Bay Area
9q9s3b,Rest of Bay Area
9q9s3c,Rest of Bay Area
9q9s3d,Rest of Bay Area
9q9s3e,Rest of Bay Area
9q9s3f,Rest of Bay Area
9q9s3g,Rest of Bay Area
9q9s3h,Rest of Bay Area
9q9s3j,Rest of Bay Area
9q9s3k,Rest of Bay Area
9q9s3m,Rest of Bay Area
9q9s3n,Rest of Bay Area
9q9s3p,Rest of Bay Area
9q9s3q,Rest of Bay Area
9q9s3r,Rest of Bay Area
9q9s3s,Rest of Bay Area
9q9s3t,Rest of Bay Area
9q9s3u,Rest of Bay Area
9q9s3v,Rest of Bay Area
9q9s3w,Rest of Bay Area
9q9s3x,Rest of Bay Area
9q9s3y,Rest of Bay Area
9q9s3z,Rest of Bay Area
9q9s40,Rest of Bay Area
9q9s41,Rest of Bay Area
9q9s42,Rest of Bay Area
9q9s43,Rest of Bay Area
9q9s44,Rest of Bay Area
9q9s45,Rest of Bay Area
9q9s46,Rest of Bay Area
9q9s47,Rest of Bay Area
9q9s48,Rest of Bay Area
9q9s49,Rest of Bay Area
9q9s4b,Rest of Bay Area
9q9s4c,Rest of Bay Area
9q9s4d,Rest of Bay Area
9q9s4e,Rest of Bay Area
9q9s4f,Rest of Bay Area
9q9s4g,Rest of Bay Area
9q9s4h,Rest of Bay Area
9q9s4j,Rest of Bay Area
9q9s4k,Rest of Bay Area
9q9s4m,Rest of Bay Area
9q9s4n,Rest of Bay Area
9q9s4p,Rest of Bay Area
9q9s4q,Rest of Bay Area
9q9s4r,Rest of Bay Area
9q9s4s,Rest of Bay Area
9q9s4t,Rest of Bay Area
9q9s4u,Rest of Bay Area
9q9s4v,Rest of Bay Area
9q9s4w,Rest of Bay Area
9q9s4x,Rest of Bay Area
9q9s4y,Rest of Bay Area
9q9s4z,Rest of Bay Area
9q9s50,Rest of Bay Area
9q9s51,Rest of Bay Area
9q9s52,Rest of Bay Area
9q9s53,Rest of Bay Area
9q9s54,Rest of Bay Area
9q9s55,Rest of Bay Area
9q9s56,Rest of Bay Area
9q9s57,Rest of Bay Area
9q9s58,Rest of Bay Area
9q9s59,Rest of Bay Area
9q9s5b,Rest of Bay Area
9q9s5c,Rest of Bay Area
9q9s5d,Rest of Bay Area
9q9s5e,Rest of Bay Area
9q9s5f,Rest of Bay Area
9q9s5g,Rest of Bay Area
9q9s5h,Rest of Bay Area
9q9s5j,Rest of Bay Area
9q9s5k,Rest of Bay Area
9q9s5m,Rest of Bay Area
9q9s5n,Rest of Bay Area
9q9s5p,Rest of Bay Area
9q9s5q,Rest of Bay Area
9q9s5r,Rest of Bay Area
9q9s5s,Rest of Bay Area
9q9s5t,Rest of Bay Area
9q9s5u,Rest of Bay Area
9q9s5v,Rest of Bay Area
9q9s5w,Rest of Bay Area
9q9s5x,Rest of Bay Area
9q9s5y,Rest of Bay Area
9q9s5z,Rest of Bay Area
9q9s60,Rest of Bay Area
9q9s61,Rest of Bay Area
9q9s62,Rest of Bay Area
9q9s63,Rest of Bay Area
9q9s64,Rest of Bay Area
9q9s65,Rest of Bay Area
9q9s66,Rest of Bay Area
9q9s67,Rest of Bay Area
9q9s68,Rest of Bay Area
9q9s69,Rest of Bay Area
9q9s6b,Rest of Bay Area
9q9s6c,Rest of Bay Area
9q9s6d,Rest of Bay Area
9q9s6e,Rest of Bay Area
9q9s6f,Rest of Bay Area
9q9s6g,Rest of Bay Area
9q9s6h,Rest of Bay Area
9q9s6j,Rest of Bay Area
9q9s6k,Rest of Bay Area
9q9s6m,Rest of Bay Area
9q9s6n,Rest of Bay Area
9q9s6p,Rest of Bay Area
9q9s6q,Rest of Bay Area
9q9s6r,Rest of Bay Area
9q9s6s,Rest of Bay Area
9q9s6t,Rest of Bay Area
9q9s6u,Rest of Bay Area
9q9s6v,Rest of Bay Area
9q9s6w,Rest of Bay Area
9q9s6x,Rest of Bay Area
9q9s6y,Rest of Bay Area
9q9s6z,Rest of Bay Area
9q9s70,Rest of Bay Area
9q9s71,Rest of Bay Area
9q9s72,Rest of Bay Area
9q9s73,Rest of Bay Area
9q9s74,Rest of Bay Area
9q9s75,Rest of Bay Area
9q9s76,Rest of Bay Area
9q9s77,Rest of Bay Area
9q9s78,Rest of Bay Area
9q9s79,Rest of Bay Area
9q9s7b,Rest of Bay Area
9q9s7c,Rest of Bay Area
9q9s7d,Rest of Bay Area
9q9s7e,Rest of Bay Area
9q9s7f,Rest of Bay Area
9q9s7g,Rest of Bay Area
9q9s7h,Rest of Bay Area
9q9s7j,Rest of Bay Area
9q9s7k,Rest of Bay Area
9q9s7m,Rest of Bay Area
9q9s7n,Rest of Bay Area
9q9s7p,Rest of Bay Area
9q9s7q,Rest of Bay Area
9q9s7r,Rest of Bay Area
9q9s7s,Rest of Bay Area
9q9s7t,Rest of Bay Area
9q9s7u,Rest of Bay Area
9q9s7v,Rest of Bay Area
9q9s7w,Rest of Bay Area
9q9s7x,Rest of Bay Area
9q9s7y,Rest of Bay Area
9q9s7z,Rest of Bay Area
9q9s80,Rest of Bay Area
9q9s81,Rest of Bay Area
9q9s82,Rest of Bay Area
9q9s83,Rest of Bay Area
9q9s84,Rest of Bay Area
9q9s85,Rest of Bay Area
9q9s86,Rest of Bay Area
9q9s87,Rest of Bay Area
9q9s88,Rest of Bay Area
9q9s89,Rest of Bay Area
9q9s8b,Rest of Bay Area
9q9s8c,Rest of Bay Area
9q9s8d,Rest of Bay Area
9q9s8e,Rest of Bay Area
9q9s8f,Rest of Bay Area
9q9s8g,Rest of Bay Area
9q9s8h,Rest of Bay Area
9q9s8j,Rest of Bay Area
9q9s8k,Rest of Bay Area
9q9s8m,Rest of Bay Area
9q9s8n,Rest of Bay Area
9q9s8p,Rest of Bay Area
9q9s8q,Rest of Bay Area
9q9s8r,Rest of Bay Area
9q9s8s,Rest of Bay Area
9q9s8t,Rest of Bay Area
9q9s8u,Rest of Bay Area
9q9s8v,Rest of Bay Area
9q9s8w,Rest of Bay Area
9q9s8x,Rest of Bay Area
9q9s8y,Rest of Bay Area
9q9s8z,Rest of Bay Area
9q9s90,Rest of Bay Area
9q9s91,Rest of Bay Area
9q9s92,Rest of Bay Area
9q9s93,Rest of Bay Area
9q9s94,Rest of Bay Area
9q9s95,Rest of Bay Area
9q9s96,Rest of Bay Area
9q9s97,Rest of Bay Area
9q9s98,Rest of Bay Area
9q9s99,Rest of Bay Area
9q9s9b,Rest of Bay Area
9q9s9c,Rest of Bay Area
9q9s9d,Rest of Bay Area
9q9s9e,Rest of Bay Area
9q9s9f,Rest of Bay Area
9q9s9g,Rest of Bay Area
9q9s9h,Rest of Bay Area
9q9s9j,Rest of Bay Area
9q9s9k,Rest of Bay Area
9q9s9m,Rest of Bay Area
9q9s9n,Rest of Bay Area
9q9s9p,Rest of Bay Area
9q9s9q,Rest of Bay Area
9q9s9r,Rest of Bay Area
9q9s9s,Rest of Bay Area
9q9s9t,Rest of Bay Area
9q9s9u,Rest of Bay Area
9q9s9v,Rest of Bay Area
9q9s9w,Rest of Bay Area
9q9s9x,Rest of Bay Area
9q9s9y,Rest of Bay Area
9q9s9z,Rest of Bay Area
9q9sb0,Rest of Bay Area
9q9sb1,Rest of Bay Area
9q9sb2,Rest of Bay Area
9q9sb3,Rest of Bay Area
9q9sb4,Rest of Bay Area
9q9sb5,Rest of Bay Area
9q9sb6,Rest of Bay Area
9q9sb7,Rest of Bay Area
9q9sb8,Rest of Bay Area
9q9sb9,Rest of Bay Area
9q9sbb,Rest of Bay Area
9q9sbc,Rest of Bay Area
9q9sbd,Rest of Bay Area
9q9sbe,Rest of Bay Area
9q9sbf,Rest of Bay Area
9q9sbg,Rest of Bay Area
9q9sbh,Rest of Bay Area
9q9sbj,Rest of Bay Area
9q9sbk,Rest of Bay Area
9q9sbm,Rest of Bay Area
9q9sbn,Rest of Bay Area
9q9sbp,Rest of Bay Area
9q9sbq,Rest of Bay Area
9q9sbr,Rest of Bay Area
9q9sbs,Rest of Bay Area
9q9sbt,Rest of Bay Area
9q9sbu,Rest of Bay Area
9q9sbv,Rest of Bay Area
9q9sbw,Rest of Bay Area
9q9sbx,Rest of Bay Area
9q9sby,Rest of Bay Area
9q9sbz,Rest of Bay Area
9q9sc0,Rest of Bay Area
9q9sc1,Rest of Bay Area
9q9sc2,Rest of Bay Area
9q9sc3,Rest of Bay Area
9q9sc4,Rest of Bay Area
9q9sc5,Rest of Bay Area
9q9sc6,Rest of Bay Area
9q9sc7,Rest of Bay Area
9q9sc8,Rest of Bay Area
9q9sc9,Rest of Bay Area
9q9scb,Rest of Bay Area
9q9scc,Rest of Bay Area
9q9scd,Rest of Bay Area
9q9sce,Rest of Bay Area
9q9scf,Rest of Bay Area
9q9scg,Rest of Bay Area
9q9sch,Rest of Bay Area
9q9scj,Rest of Bay Area
9q9sck,Rest of Bay Area
9q9scm,Rest of Bay Area
9q9scn,Rest of Bay Area
9q9scp,Rest of Bay Area
9q9scq,Rest of Bay Area
9q9scr,Rest of Bay Area
9q9scs,Rest of Bay Area
9q9sct,Rest of Bay Area
9q9scu,Rest of Bay Area
9q9scv,Rest of Bay Area
9q9scw,Rest of Bay Area
9q9scx,Rest of Bay Area
9q9scy,Rest of Bay Area
9q9scz,Rest of Bay Area
9q9sd0,Rest of Bay Area
9q9sd1,Rest of Bay Area
9q9sd2,Rest of Bay Area
9q9sd3,Rest of Bay Area
9q9sd4,Rest of Bay Area
9q9sd5,Rest of Bay Area
9q9sd6,Rest of Bay Area
9q9sd7,Rest of Bay Area
9q9sd8,Rest of Bay Area
9q9sd9,Rest of Bay Area
9q9sdb,Rest of Bay Area
9q9sdc,Rest of Bay Area
9q9sdd,Rest of Bay Area
9q9sde,Rest of Bay Area
9q9sdf,Rest of Bay Area
9q9sdg,Rest of Bay Area
9q9sdh,Rest of Bay Area
9q9sdj,Rest of Bay Area
9q9sdk,Rest of Bay Area
9q9sdm,Rest of Bay Area
9q9sdn,Rest of Bay Area
9q9sdp,Rest of Bay Area
9q9sdq,Rest of Bay Area
9q9sdr,Rest of Bay Area
9q9sds,Rest of Bay Area
9q9sdt,Rest of Bay Area
9q9sdu,Rest of Bay Area
9q9sdv,Rest of Bay Area
9q9sdw,Rest of Bay Area
9q9sdx,Rest of Bay Area
9q9sdy,Rest of Bay Area
9q9sdz,Rest of Bay Area
9q9se0,Rest of Bay Area
9q9se1,Rest of Bay Area
9q9se2,Rest of Bay Area
9q9se3,Rest of Bay Area
9q9se4,Rest of Bay Area
9q9se5,Rest of Bay Area
9q9se6,Rest of Bay Area
9q9se7,Rest of Bay Area
9q9se8,Rest of Bay Area
9q9se9,Rest of Bay Area
9q9seb,Rest of Bay Area
9q9sec,Rest of Bay Area
9q9sed,Rest of Bay Area
9q9see,Rest of Bay Area
9q9sef,Rest of Bay Area
9q9seg,Rest of Bay Area
9q9seh,Rest of Bay Area
9q9sej,Rest of Bay Area
9q9sek,Rest of Bay Area
9q9sem,Rest of Bay Area
9q9sen,Rest of Bay Area
9q9sep,Rest of Bay Area
9q9seq,Rest of Bay Area
9q9ser,Rest of Bay Area
9q9ses,Rest of Bay Area
9q9set,Rest of Bay Area
9q9seu,Rest of Bay Area
9q9sev,Rest of Bay Area
9q9sew,Rest of Bay Area
9q9sex,Rest of Bay Area
9q9sey,Rest of Bay Area
9q9sez,Rest of Bay Area
9q9sf0,Rest of Bay Area
9q9sf1,Rest of Bay Area
9q9sf2,Rest of Bay Area
9q9sf3,Rest of Bay Area
9q9sf4,Rest of Bay Area
9q9sf5,Rest of Bay Area
9q9sf6,Rest of Bay Area
9q9sf7,Rest of Bay Area
9q9sf8,Rest of Bay Area
9q9sf9,Rest of Bay Area
9q9sfb,Rest of Bay Area
9q9sfc,Rest of Bay Area
9q9sfd,Rest of Bay Area
9q9sfe,Rest of Bay Area
9q9sff,Rest of Bay Area
9q9sfg,Rest of Bay Area
9q9sfh,Rest of Bay Area
9q9sfj,Rest of Bay Area
9q9sfk,Rest of Bay Area
9q9sfm,Rest of Bay Area
9q9sfn,Rest of Bay Area
9q9sfp,Rest of Bay Area
9q9sfq,Rest of Bay Area
9q9sfr,Rest of Bay Area
9q9sfs,Rest of Bay Area
9q9sft,Rest of Bay Area
9q9sfu,Rest of Bay Area
9q9sfv,Rest of Bay Area
9q9sfw,Rest of Bay Area
9q9sfx,Rest of Bay Area
9q9sfy,Rest of Bay Area
9q9sfz,Rest of Bay Area
9q9sg0,Rest of Bay Area
9q9sg1,Rest of Bay Area
9q9sg2,Rest of Bay Area
9q9sg3,Rest of Bay Area
9q9sg4,Rest of Bay Area
9q9sg5,Rest of Bay Area
9q9sg6,Rest of Bay Area
9q9sg7,Rest of Bay Area
9q9sg8,Rest of Bay Area
9q9sg9,Rest of Bay Area
9q9sgb,Rest of Bay Area
9q9sgc,Rest of Bay Area
9q9sgd,Rest of Bay Area
9q9sge,Rest of Bay Area
9q9sgf,Rest of Bay Area
9q9sgg,Rest of Bay Area
9q9sgh,Rest of Bay Area
9q9sgj,Rest of Bay Area
9q9sgk,Rest of Bay Area
9q9sgm,Rest of Bay Area
9q9sgn,Rest of Bay Area
9q9sgp,Rest of Bay Area
9q9sgq,Rest of Bay Area
9q9sgr,Rest of Bay Area
9q9sgs,Rest of Bay Area
9q9sgt,Rest of Bay Area
9q9sgu,Rest of Bay Area
9q9sgv,Rest of Bay Area
9q9sgw,Rest of Bay Area
9q9sgx,Rest of Bay Area
9q9sgy,Rest of Bay Area
9q9sgz,Rest of Bay Area
9q9sh0,Rest of Bay Area
9q9sh1,Rest of Bay Area
9q9sh2,Rest of Bay Area
9q9sh3,Rest of Bay Area
9q9sh4,Rest of Bay Area
9q9sh5,Rest of Bay Area
9q9shh,Rest of Bay Area
9q9shj,Rest of Bay Area
9q9shk,Rest of Bay Area
9q9shm,Rest of Bay Area
9q9shn,Rest of Bay Area
9q9shp,Rest of Bay Area
9q9shq,Rest of Bay Area
9q9shr,Rest of Bay Area
9q9sht,Rest of Bay Area
9q9shv,Rest of Bay Area
9q9shw,Rest of Bay Area
9q9shx,Rest of Bay Area
9q9shy,Rest of Bay Area
9q9shz,Rest of Bay Area
9q9sjn,Rest of Bay Area
9q9sjp,Rest of Bay Area
9q9sk0,Rest of Bay Area
9q9sk1,Rest of Bay Area
9q9sk2,Rest of Bay Area
9q9sk3,Rest of Bay Area
9q9sk4,Rest of Bay Area
9q9sk5,Rest of Bay Area
9q9sk6,Rest of Bay Area
9q9sk7,Rest of Bay Area
9q9sk8,Rest of Bay Area
9q9sk9,Rest of Bay Area
9q9skb,Rest of Bay Area
9q9skc,Rest of Bay Area
9q9skd,Rest of Bay Area
9q9ske,Rest of Bay Area
9q9skf,Rest of Bay Area
9q9skg,Rest of Bay Area
9q9skh,Rest of Bay Area
9q9skj,Rest of Bay Area
9q9skk,Rest of Bay Area
9q9skm,Rest of Bay Area
9q9skn,Rest of Bay Area
9q9skp,Rest of Bay Area
9q9skq,Rest of Bay Area
9q9skr,Rest of Bay Area
9q9sks,Rest of Bay Area
9q9skt,Rest of Bay Area
9q9sku,Rest of Bay Area
9q9skv,Rest of Bay Area
9q9skw,Rest of Bay Area
9q9skx,Rest of Bay Area
9q9sky,Rest of Bay Area
9q9skz,Rest of Bay Area
9q9sm0,Rest of Bay Area
9q9sm1,Rest of Bay Area
9q9sm2,Rest of Bay Area
9q9sm3,Rest of Bay Area
9q9sm4,Rest of Bay Area
9q9sm5,Rest of Bay Area
9q9sm6,Rest of Bay Area
9q9smh,Rest of Bay Area
9q9smj,Rest of Bay Area
9q9smk,Rest of Bay Area
9q9smn,Rest of Bay Area
9q9smp,Rest of Bay Area
9q9ss0,Rest of Bay Area
9q9ss1,Rest of Bay Area
9q9ss2,Rest of Bay Area
9q9ss3,Rest of Bay Area
9q9ss4,Rest of Bay Area
9q9ss5,Rest of Bay Area
9q9ss6,Rest of Bay Area
9q9ss7,Rest of Bay Area
9q9ss8,Rest of Bay Area
9q9ss9,Rest of Bay Area
9q9ssb,Rest of Bay Area
9q9ssc,Rest of Bay Area
9q9ssd,Rest of Bay Area
9q9sse,Rest of Bay Area
9q9ssf,Rest of Bay Area
9q9ssg,Rest of Bay Area
9q9ssh,Rest of Bay Area
9q9ssj,Rest of Bay Area
9q9ssk,Rest of Bay Area
9q9ssm,Rest of Bay Area
9q9ssn,Rest of Bay Area
9q9ssp,Rest of Bay Area
9q9ssq,Rest of Bay Area
9q9ssr,Rest of Bay Area
9q9sss,Rest of Bay Area
9q9sst,Rest of Bay Area
9q9ssu,Rest of Bay Area
9q9ssv,Rest of Bay Area
9q9ssw,Rest of Bay Area
9q9ssx,Rest of Bay Area
9q9ssy,Rest of Bay Area
9q9ssz,Rest of Bay Area
9q9st0,Rest of Bay Area
9q9st4,Rest of Bay Area
9q9st5,Rest of Bay Area
9q9sth,Rest of Bay Area
9q9stj,Rest of Bay Area
9q9stk,Rest of Bay Area
9q9stm,Rest of Bay Area
9q9stn,Rest of Bay Area
9q9su0,Rest of Bay Area
9q9su1,Rest of Bay Area
9q9su4,Rest of Bay Area
9q9su5,Rest of Bay Area
9q9sup,Rest of Bay Area
9q9t00,Rest of Bay Area
9q9t01,Rest of Bay Area
9q9t02,Rest of Bay Area
9q9t03,Rest of Bay Area
9q9t04,Rest of Bay Area
9q9t05,Rest of Bay Area
9q9t06,Rest of Bay Area
9q9t07,Rest of Bay Area
9q9t08,Rest of Bay Area
9q9t09,Rest of Bay Area
9q9t0b,Rest of Bay Area
9q9t0c,Rest of Bay Area
9q9t0d,Rest of Bay Area
9q9t0e,Rest of Bay Area
9q9t0f,Rest of Bay Area
9q9t0g,Rest of Bay Area
9q9t0h,Rest of Bay Area
9q9t0j,Rest of Bay Area
9q9t0k,Rest of Bay Area
9q9t0m,Rest of Bay Area
9q9t0n,Rest of Bay Area
9q9t0p,Rest of Bay Area
9q9t0q,Rest of Bay Area
9q9t0r,Rest of Bay Area
9q9t0s,Rest of Bay Area
9q9t0t,Rest of Bay Area
9q9t0u,Rest of Bay Area
9q9t0v,Rest of Bay Area
9q9t0w,Rest of Bay Area
9q9t0x,Rest of Bay Area
9q9t0y,Rest of Bay Area
9q9t0z,Rest of Bay Area
9q9t10,Rest of Bay Area
9q9t11,Rest of Bay Area
9q9t12,Rest of Bay Area
9q9t13,Rest of Bay Area
9q9t14,Rest of Bay Area
9q9t15,Rest of Bay Area
9q9t16,Rest of Bay Area
9q9t17,Rest of Bay Area
9q9t18,Rest of Bay Area
9q9t19,Rest of Bay Area
9q9t1b,Rest of Bay Area
9q9t1c,Rest of Bay Area
9q9t1d,Rest of Bay Area
9q9t1e,Rest of Bay Area
9q9t1f,Rest of Bay Area
9q9t1g,Rest of Bay Area
9q9t1h,Rest of Bay Area
9q9t1j,Rest of Bay Area
9q9t1k,Rest of Bay Area
9q9t1m,Rest of Bay Area
9q9t1n,Rest of Bay Area
9q9t1p,Rest of Bay Area
9q9t1q,Rest of Bay Area
9q9t1r,Rest of Bay Area
9q9t1s,Rest of Bay Area
9q9t1t,Rest of Bay Area
9q9t1u,Rest of Bay Area
9q9t1v,Rest of Bay Area
9q9t1w,Rest of Bay Area
9q9t1x,Rest of East Bay
9q9t1y,Rest of Bay Area
9q9t1z,Rest of East Bay
9q9t20,Rest of East Bay
9q9t21,Rest of East Bay
9q9t22,Rest of East Bay
9q9t23,Rest of East Bay
9q9t24,Rest of East Bay
9q9t25,Rest of East Bay
9q9t26,Rest of East Bay
9q9t27,Rest of East Bay
9q9t28,Rest of East Bay
9q9t29,Rest of East Bay
9q9t2b,Rest of East Bay
9q9t2c,Rest of East Bay
9q9t2d,Rest of East Bay
9q9t2e,Rest of East Bay
9q9t2f,Rest of East Bay
9q9t2g,Rest of East Bay
9q9t2h,Rest of East Bay
9q9t2j,Rest of East Bay
9q9t2k,Rest of East Bay
9q9t2m,Rest of East Bay
9q9t2n,Rest of East Bay
9q9t2p,Rest of East Bay
9q9t2q,Rest of East Bay
9q9t2r,Rest of East Bay
9q9t2s,Rest of East Bay
9q9t2t,Rest of East Bay
9q9t2u,Rest of East Bay
9q9t2v,Rest of East Bay
9q9t2w,Rest of East Bay
9q9t2x,Rest of East Bay
9q9t2y,Rest of East Bay
9q9t2z,Rest of East Bay
9q9t30,Rest of East Bay
9q9t31,Rest of East Bay
9q9t32,Rest of East Bay
9q9t33,Rest of East Bay
9q9t34,Rest of East Bay
9q9t35,Rest of East Bay
9q9t36,Rest of East Bay
9q9t37,Rest of East Bay
9q9t38,Rest of East Bay
9q9t39,Rest of East Bay
9q9t3b,Rest of East Bay
9q9t3c,Rest of East Bay
9q9t3d,Rest of East Bay
9q9t3e,Rest of East Bay
9q9t3f,Rest of East Bay
9q9t3g,Rest of East Bay
9q9t3h,Rest of East Bay
9q9t3j,Rest of East Bay
9q9t3k,Rest of East Bay
9q9t3m,Rest of East Bay
9q9t3n,Rest of East Bay
9q9t3p,Rest of East Bay
9q9t3q,Rest of East Bay
9q9t3r,Rest of East Bay
9q9t3s,Rest of East Bay
9q9t3t,Rest of East Bay
9q9t3u,Rest of East Bay
9q9t3v,Rest of East Bay
9q9t3w,Rest of East Bay
9q9t3x,Rest of East Bay
9q9t3y,Rest of East Bay
9q9t3z,Rest of East Bay
9q9t40,Rest of Bay Area
9q9t41,Rest of Bay Area
9q9t42,Rest of Bay Area
9q9t43,Rest of Bay Area
9q9t44,Rest of Bay Area
9q9t45,Rest of Bay Area
9q9t46,Rest of Bay Area
9q9t47,Rest of Bay Area
9q9t48,Rest of Bay Area
9q9t49,Rest of Bay Area
9q9t4b,Rest of Bay Area
9q9t4c,Rest of Bay Area
9q9t4d,Rest of Bay Area
9q9t4e,Rest of Bay Area
9q9t4f,Rest of Bay Area
9q9t4g,Rest of Bay Area
9q9t4h,Rest of Bay Area
9q9t4j,Rest of Bay Area
9q9t4k,Rest of Bay Area
9q9t4m,Rest of Bay Area
9q9t4n,Rest of Bay Area
9q9t4p,Rest of East Bay
9q9t4q,Rest of Bay Area
9q9t4r,Rest of East Bay
9q9t4s,Rest of Bay Area
9q9t4t,Rest of Bay Area
9q9t4u,Rest of Bay Area
9q9t4v,Rest of Bay Area
9q9t4w,Rest of Bay Area
9q9t4x,Rest of East Bay
9q9t4y,Rest of Bay Area
9q9t4z,Rest of East Bay
9q9t50,Rest of Bay Area
9q9t51,Rest of Bay Area
9q9t52,Rest of Bay Area
9q9t53,Rest of Bay Area
9q9t54,Rest of Bay Area
9q9t55,Rest of Bay Area
9q9t56,Rest of Bay Area
9q9t57,Rest of Bay Area
9q9t58,Rest of Bay Area
9q9t59,Rest of Bay Area
9q9t5b,Rest of Bay Area
9q9t5c,Rest of Bay Area
9q9t5d,Rest of Bay Area
9q9t5e,Rest of Bay Area
9q9t5f,Rest of Bay Area
9q9t5g,Rest of Bay Area
9q9t5h,Rest of Bay Area
9q9t5j,Rest of Bay Area
9q9t5k,Rest of Bay Area
9q9t5m,Rest of Bay Area
9q9t5n,Rest of Bay Area
9q9t5p,Rest of East Bay
9q9t5q,Rest of Bay Area
9q9t5r,Rest of East Bay
9q9t5s,Rest of Bay Area
9q9t5t,Rest of Bay Area
9q9t5w,Rest of Bay Area
9q9t5x,Rest of East Bay
9q9t5y,Rest of Bay Area
9q9t5z,Rest of East Bay
9q9t60,Rest of East Bay
9q9t61,Rest of East Bay
9q9t62,Rest of East Bay
9q9t63,Rest of East Bay
9q9t64,Rest of East Bay
9q9t65,Rest of East Bay
9q9t66,Rest of East Bay
9q9t67,Rest of East Bay
9q9t68,Rest of East Bay
9q9t69,Rest of East Bay
9q9t6b,Rest of East Bay
9q9t6c,Rest of East Bay
9q9t6d,Rest of East Bay
9q9t6e,Rest of East Bay
9q9t6f,Rest of East Bay
9q9t6g,Rest of East Bay
9q9t6h,Rest of East Bay
9q9t6j,Rest of East Bay
9q9t6k,Rest of East Bay
9q9t6m,Rest of East Bay
9q9t6n,Rest of East Bay
9q9t6p,Rest of East Bay
9q9t6q,Rest of East Bay
9q9t6r,Rest of East Bay
9q9t6s,Rest of East Bay
9q9t6t,Rest of East Bay
9q9t6u,Rest of East Bay
9q9t6v,Rest of East Bay
9q9t6w,Rest of East Bay
9q9t6x,Rest of East Bay
9q9t6y,Rest of East Bay
9q9t6z,Rest of East Bay
9q9t70,Rest of East Bay
9q9t71,Rest of East Bay
9q9t72,Rest of East Bay
9q9t73,Rest of East Bay
9q9t74,Rest of East Bay
9q9t75,Rest of East Bay
9q9t76,Rest of East Bay
9q9t77,Rest of East Bay
9q9t78,Rest of East Bay
9q9t79,Rest of East Bay
9q9t7b,Rest of East Bay
9q9t7c,Rest of East Bay
9q9t7d,Rest of East Bay
9q9t7h,Rest of East Bay
9q9t7j,Rest of East Bay
9q9t7k,Rest of East Bay
9q9t7m,Rest of East Bay
9q9t7n,Rest of East Bay
9q9t7p,Rest of East Bay
9q9t80,Rest of East Bay
9q9t81,Rest of East Bay
9q9t82,Rest of East Bay
9q9t83,Rest of East Bay
9q9t84,Rest of East Bay
9q9t85,Rest of East Bay
9q9t86,Rest of East Bay
9q9t87,Rest of East Bay
9q9t88,Rest of East Bay
9q9t89,Rest of East Bay
9q9t8b,Rest of East Bay
9q9t8c,Rest of East Bay
9q9t8d,Rest of East Bay
9q9t8e,Rest of East Bay
9q9t8f,Rest of East Bay
9q9t8g,Rest of East Bay
9q9t8h,Rest of East Bay
9q9t8j,Rest of East Bay
9q9t8k,Rest of East Bay
9q9t8m,Rest of East Bay
9q9t8n,Rest of East Bay
9q9t8p,Rest of East Bay
9q9t8q,Rest of East Bay
9q9t8r,Rest of East Bay
9q9t8s,Rest of East Bay
9q9t8t,Rest of East Bay
9q9t8u,Rest of East Bay
9q9t8v,Rest of East Bay
9q9t8w,Rest of East Bay
9q9t8x,Rest of East Bay
9q9t8y,Rest of East Bay
9q9t8z,Rest of East Bay
9q9t90,Rest of East Bay
9q9t91,Rest of East Bay
9q9t92,Rest of East Bay
9q9t93,Rest of East Bay
9q9t94,Rest of East Bay
9q9t95,Rest of East Bay
9q9t96,Rest of East Bay
9q9t97,Rest of East Bay
9q9t98,Rest of East Bay
9q9t99,Rest of East Bay
9q9t9b,Rest of East Bay
9q9t9c,Rest of East Bay
9q9t9d,Rest of East Bay
9q9t9e,Rest of East Bay
9q9t9f,Rest of East Bay
9q9t9g,Rest of East Bay
9q9t9h,Rest of East Bay
9q9t9j,Rest of East Bay
9q9t9k,Rest of East Bay
9q9t9m,Rest of East Bay
9q9t9n,Rest of East Bay
9q9t9p,Rest of East Bay
9q9t9q,Rest of East Bay
9q9t9r,Rest of East Bay
9q9t9s,Rest of East Bay
9q9t9t,Rest of East Bay
9q9t9u,Rest of East Bay
9q9t9v,Rest of East Bay
9q9t9w,Rest of East Bay
9q9t9x,Rest of East Bay
9q9t9y,Rest of East Bay
9q9t9z,Rest of East Bay
9q9tb0,Rest of East Bay
9q9tb1,Rest of East Bay
9q9tb2,Rest of East Bay
9q9tb3,Rest of East Bay
9q9tb4,Rest of East Bay
9q9tb5,Rest of East Bay
9q9tb6,Rest of East Bay
9q9tb7,Rest of East Bay
9q9tb8,Rest of East Bay
9q9tb9,Rest of East Bay
9q9tbb,Rest of East Bay
9q9tbc,Rest of East Bay
9q9tbd,Rest of East Bay
9q9tbe,Rest of East Bay
9q9tbf,Rest of East Bay
9q9tbg,Rest of East Bay
9q9tbh,Rest of East Bay
9q9tbj,Rest of East Bay
9q9tbk,Rest of East Bay
9q9tbm,Rest of East Bay
9q9tbn,Rest of East Bay
9q9tbp,Rest of East Bay
9q9tbq,Rest of East Bay
9q9tbr,Rest of East Bay
9q9tbs,Rest of East Bay
9q9tbt,Rest of East Bay
9q9tbu,Rest of East Bay
9q9tbv,Rest of East Bay
9q9tbw,Rest of East Bay
9q9tbx,Rest of East Bay
9q9tby,Rest of East Bay
9q9tbz,Rest of East Bay
9q9tc0,Rest of East Bay
9q9tc1,Rest of East Bay
9q9tc2,Rest of East Bay
9q9tc3,Rest of East Bay
9q9tc4,Rest of East Bay
9q9tc5,Rest of East Bay
9q9tc6,Rest of East Bay
9q9tc7,Rest of East Bay
9q9tc8,Rest of East Bay
9q9tc9,Rest of East Bay
9q9tcb,Rest of East Bay
9q9tcc,Rest of East Bay
9q9tcd,Rest of East Bay
9q9tce,Rest of East Bay
9q9tcf,Rest of East Bay
9q9tcg,Rest of East Bay
9q9tch,Rest of East Bay
9q9tcj,Rest of East Bay
9q9tck,Rest of East Bay
9q9tcm,Rest of East Bay
9q9tcn,Rest of East Bay
9q9tcp,Rest of East Bay
9q9tcq,Rest of East Bay
9q9tcr,Rest of East Bay
9q9tcs,Rest of East Bay
9q9tct,Rest of East Bay
9q9tcu,Rest of East Bay
9q9tcv,Rest of East Bay
9q9tcw,Rest of East Bay
9q9tcx,Rest of East Bay
9q9tcy,Rest of East Bay
9q9tcz,Rest of East Bay
9q9td0,Rest of East Bay
9q9td1,Rest of East Bay
9q9td2,Rest of East Bay
9q9th0,Rest of Bay Area
9q9th1,Rest of Bay Area
9q9th4,Rest of Bay Area
9q9w00,Rest of East Bay
9q9w01,Rest of East Bay
9q9w02,Rest of East Bay
9q9w03,Rest of East Bay
9q9w04,Rest of East Bay
9q9w05,Rest of East Bay
9q9w06,Rest of East Bay
9q9w07,Rest of East Bay
9q9w08,Rest of East Bay
9q9w09,Rest of East Bay
9q9w0b,Rest of East Bay
9q9w0c,Rest of East Bay
9q9w0d,Rest of East Bay
9q9w0e,Rest of East Bay
9q9w0f,Rest of East Bay
9q9w0g,Rest of East Bay
9q9w0h,Rest of East Bay
9q9w0j,Rest of East Bay
9q9w0k,Rest of East Bay
9q9w0m,Rest of East Bay
9q9w0n,Rest of East Bay
9q9w0p,Rest of East Bay
9q9w0q,Rest of East Bay
9q9w0r,Rest of East Bay
9q9w0s,Rest of East Bay
9q9w0t,Rest of East Bay
9q9w0u,Rest of East Bay
9q9w0v,Rest of East Bay
9q9w0w,Rest of East Bay
9q9w0x,Rest of East Bay
9q9w0y,Rest of East Bay
9q9w0z,Rest of East Bay
9q9w10,Rest of East Bay
9q9w11,Rest of East Bay
9q9w12,Rest of East Bay
9q9w13,Rest of East Bay
9q9w14,Rest of East Bay
9q9w15,Rest of East Bay
9q9w16,Rest of East Bay
9q9w17,Rest of East Bay
9q9w18,Rest of East Bay
9q9w19,Rest of East Bay
9q9w1b,Rest of East Bay
9q9w1c,Rest of East Bay
9q9w1d,Rest of East Bay
9q9w1e,Rest of East Bay
9q9w1f,Rest of East Bay
9q9w1g,Rest of East Bay
9q9w1h,Rest of East Bay
9q9w1j,Rest of East Bay
9q9w1k,Rest of East Bay
9q9w1m,Rest of East Bay
9q9w1n,Rest of East Bay
9q9w1p,Rest of East Bay
9q9w1q,Rest of East Bay
9q9w1r,Rest of East Bay
9q9w1s,Rest of East Bay
9q9w1t,Rest of East Bay
9q9w1u,Rest of East Bay
9q9w1v,Rest of East Bay
9q9w1w,Rest of East Bay
9q9w1x,Rest of East Bay
9q9w1y,Rest of East Bay
9q9w1z,Rest of East Bay
9q9w20,Rest of East Bay
9q9w21,Rest of East Bay
9q9w22,Rest of East Bay
9q9w23,Rest of East Bay
9q9w24,Rest of East Bay
9q9w25,Rest of East Bay
9q9w26,Rest of East Bay
9q9w27,Rest of East Bay
9q9w28,Rest of East Bay
9q9w29,Rest of East Bay
9q9w2b,Rest of East Bay
9q9w2c,Rest of East Bay
9q9w2d,Rest of East Bay
9q9w2e,Rest of East Bay
9q9w2f,Rest of East Bay
9q9w2g,Rest of East Bay
9q9w2h,Rest of East Bay
9q9w2j,Rest of East Bay
9q9w2k,Rest of East Bay
9q9w2m,Rest of East Bay
9q9w2n,Rest of East Bay
9q9w2p,Rest of East Bay
9q9w2q,Rest of East Bay
9q9w2r,Rest of East Bay
9q9w2s,Rest of East Bay
9q9w2t,Rest of East Bay
9q9w2u,Rest of East Bay
9q9w2v,Rest of East Bay
9q9w2w,Rest of East Bay
9q9w2x,Rest of East Bay
9q9w2y,Rest of East Bay
9q9w2z,Rest of East Bay
9q9w30,Rest of East Bay
9q9w31,Rest of East Bay
9q9w32,Rest of East Bay
9q9w33,Rest of East Bay
9q9w34,Rest of East Bay
9q9w35,Rest of East Bay
9q9w36,Rest of East Bay
9q9w37,Rest of East Bay
9q9w38,Rest of East Bay
9q9w39,Rest of East Bay
9q9w3b,Rest of East Bay
9q9w3c,Rest of East Bay
9q9w3d,Rest of East Bay
9q9w3e,Rest of East Bay
9q9w3f,Rest of East Bay
9q9w3g,Rest of East Bay
9q9w3h,Rest of East Bay
9q9w3j,Rest of East Bay
9q9w3k,Rest of East Bay
9q9w3m,Rest of East Bay
9q9w3n,Rest of East Bay
9q9w3p,Rest of East Bay
9q9w3q,Rest of East Bay
9q9w3r,Rest of East Bay
9q9w3s,Rest of East Bay
9q9w3t,Rest of East Bay
9q9w3u,Rest of East Bay
9q9w3v,Rest of East Bay
9q9w3w,Rest of East Bay
9q9w3x,Rest of East Bay
9q9w3y,Rest of East Bay
9q9w3z,Rest of East Bay
9q9w80,Rest of East Bay
9q9w81,Rest of East Bay
9q9w82,Rest of East Bay
9q9w83,Rest of East Bay
9q9w84,Rest of East Bay
9q9w85,Rest of East Bay
9q9w86,Rest of East Bay
9q9w87,Rest of East Bay
9q9w88,Rest of East Bay
9q9w89,Rest of East Bay
9q9w8b,Rest of East Bay
9q9w8c,Rest of East Bay
9q9w8d,Rest of East Bay
9q9w8e,Rest of East Bay
9q9w8f,Rest of East Bay
9q9w8g,Rest of East Bay
9q9w8h,Rest of East Bay
9q9w8j,Rest of East Bay
9q9w8k,Rest of East Bay
9q9w8m,Rest of East Bay
9q9w8n,Rest of East Bay
9q9w8p,Rest of East Bay
9q9w8q,Rest of East Bay
9q9w8r,Rest of East Bay
9q9w8s,Rest of East Bay
9q9w8t,Rest of East Bay
9q9w8u,Rest of East Bay
9q9w8v,Rest of East Bay
9q9w8w,Rest of East Bay
9q9w8x,Rest of East Bay
9q9w8y,Rest of East Bay
9q9w8z,Rest of East Bay
9q9w90,Rest of East Bay
9q9w91,Rest of East Bay
9q9w92,Rest of East Bay
9q9w93,Rest of East Bay
9q9w94,Rest of East Bay
9q9w95,Rest of East Bay
9q9w96,Rest of East Bay
9q9w97,Rest of East Bay
9q9w98,Rest of East Bay
9q9w99,Rest of East Bay
9q9w9b,Rest of East Bay
9q9w9c,Rest of East Bay
9q9w9d,Rest of East Bay
9q9w9e,Rest of East Bay
9q9w9f,Rest of East Bay
9q9w9g,Rest of East Bay
9q9w9h,Rest of East Bay
9q9w9j,Rest of East Bay
9q9w9k,Rest of East Bay
9q9w9m,Rest of East Bay
9q9w9n,Rest of East Bay
9q9w9p,Rest of East Bay
9q9w9q,Rest of East Bay
9q9w9r,Rest of East Bay
9q9w9s,Rest of East Bay
9q9w9t,Rest of East Bay
9q9w9u,Rest of East Bay
9q9w9v,Rest of East Bay
9q9w9w,Rest of East Bay
9q9w9x,Rest of East Bay
9q9w9y,Rest of East Bay
9q9w9z,Rest of East Bay
9q9wb0,Rest of East Bay
9q9wb1,Rest of East Bay
9q9wb2,Rest of East Bay
9q9wb3,Rest of East Bay
9q9wb4,Rest of East Bay
9q9wb5,Rest of East Bay
9q9wb6,Rest of East Bay
9q9wb7,Rest of East Bay
9q9wb8,Rest of East Bay
9q9wb9,Rest of East Bay
9q9wbb,Rest of East Bay
9q9wbc,Rest of East Bay
9q9wbd,Rest of East Bay
9q9wbe,Rest of East Bay
9q9wbf,Rest of East Bay
9q9wbg,Rest of East Bay
9q9wbh,Rest of East Bay
9q9wbj,Rest of East Bay
9q9wbk,Rest of East Bay
9q9wbm,Rest of East Bay
9q9wbn,Rest of East Bay
9q9wbp,Rest of East Bay
9q9wbq,Rest of East Bay
9q9wbr,Rest of East Bay
9q9wbs,Rest of East Bay
9q9wbt,Rest of East Bay
9q9wbu,Rest of East Bay
9q9wbv,Rest of East Bay
9q9wbw,Rest of East Bay
9q9wbx,Rest of East Bay
9q9wby,Rest of East Bay
9q9wbz,Rest of East Bay
9q9wc0,Rest of East Bay
9q9wc1,Rest of East Bay
9q9wc2,Rest of East Bay
9q9wc3,Rest of East Bay
9q9wc4,Rest of East Bay
9q9wc5,Rest of East Bay
9q9wc6,Rest of East Bay
9q9wc7,Rest of East Bay
9q9wc8,Rest of East Bay
9q9wc9,Rest of East Bay
9q9wcb,Rest of East Bay
9q9wcc,Rest of East Bay
9q9wcd,Rest of East Bay
9q9wce,Rest of East Bay
9q9wcf,Rest of East Bay
9q9wcg,Rest of East Bay
9q9wch,Rest of East Bay
9q9wcj,Rest of East Bay
9q9wck,Rest of East Bay
9q9wcm,Rest of East Bay
9q9wcn,Rest of East Bay
9q9wcp,Rest of East Bay
9q9wcq,Rest of East Bay
9q9wcr,Rest of East Bay
9q9wcs,Rest of East Bay
9q9wct,Rest of East Bay
9q9wcu,Rest of East Bay
9q9wcv,Rest of East Bay
9q9wcw,Rest of East Bay
9q9wcx,Rest of East Bay
9q9wcy,Rest of East Bay
9q9wcz,Rest of East Bay
9q9x00,Rest of East Bay
9q9x01,Rest of East Bay
9q9x02,Rest of East Bay
9q9x03,Rest of East Bay
9q9x04,Rest of East Bay
9q9x05,Rest of East Bay
9q9x06,Rest of East Bay
9q9x07,Rest of East Bay
9q9x08,Rest of East Bay
9q9x09,Rest of East Bay
9q9x0b,Rest of East Bay
9q9x0c,Rest of East Bay
9q9x0d,Rest of East Bay
9q9x0e,Rest of East Bay
9q9x0f,Rest of East Bay
9q9x0g,Rest of East Bay
9q9x0h,Rest of East Bay
9q9x0j,Rest of East Bay
9q9x0k,Rest of East Bay
9q9x0m,Rest of East Bay
9q9x0n,Rest of East Bay
9q9x0p,Rest of East Bay
9q9x0q,Rest of East Bay
9q9x0r,Rest of East Bay
9q9x0s,Rest of East Bay
9q9x0t,Rest of East Bay
9q9x0u,Rest of East Bay
9q9x0v,Rest of East Bay
9q9x0w,Rest of East Bay
9q9x0x,Rest of East Bay
9q9x0y,Rest of East Bay
9q9x0z,Rest of East Bay
9q9x10,Rest of East Bay
9q9x11,Rest of East Bay
9q9x12,Rest of East Bay
9q9x13,Rest of East Bay
9q9x14,Rest of East Bay
9q9x15,Rest of East Bay
9q9x16,Rest of East Bay
9q9x17,Rest of East Bay
9q9x18,Rest of East Bay
9q9x19,Rest of East Bay
9q9x1b,Rest of East Bay
9q9x1c,Rest of East Bay
9q9x1d,Rest of East Bay
9q9x1e,Rest of East Bay
9q9x1f,Rest of East Bay
9q9x1g,Rest of East Bay
9q9x1h,Rest of East Bay
9q9x1j,Rest of East Bay
9q9x1k,Rest of East Bay
9q9x1m,Rest of East Bay
9q9x1n,Rest of East Bay
9q9x1p,Rest of East Bay
9q9x1q,Rest of East Bay
9q9x1r,Rest of East Bay
9q9x1s,Rest of East Bay
9q9x1t,Rest of East Bay
9q9x1u,Rest of East Bay
9q9x1v,Rest of East Bay
9q9x1w,Rest of East Bay
9q9x1x,Rest of East Bay
9q9x1y,Rest of East Bay
9q9x1z,Rest of East Bay
9q9x20,Rest of East Bay
9q9x21,Rest of East Bay
9q9x22,Rest of East Bay
9q9x23,Rest of East Bay
9q9x24,Rest of East Bay
9q9x25,Rest of East Bay
9q9x26,Rest of East Bay
9q9x27,Rest of East Bay
9q9x28,Rest of East Bay
9q9x29,Rest of East Bay
9q9x2b,Rest of East Bay
9q9x2c,Rest of East Bay
9q9x2d,Rest of East Bay
9q9x2e,Rest of East Bay
9q9x2f,Rest of East Bay
9q9x2g,Rest of East Bay
9q9x2h,Rest of East Bay
9q9x2j,Rest of East Bay
9q9x2k,Rest of East Bay
9q9x2m,Rest of East Bay
9q9x2n,Rest of East Bay
9q9x2p,Rest of East Bay
9q9x2q,Rest of East Bay
9q9x2r,Rest of East Bay
9q9x2s,Rest of East Bay
9q9x2t,Rest of East Bay
9q9x2u,Rest of East Bay
9q9x2v,Rest of East Bay
9q9x2w,Rest of East Bay
9q9x2x,Rest of East Bay
9q9x2y,Rest of East Bay
9q9x2z,Rest of East Bay
9q9x30,Rest of East Bay
9q9x31,Rest of East Bay
9q9x32,Rest of East Bay
9q9x33,Rest of East Bay
9q9x34,Rest of East Bay
9q9x35,Rest of East Bay
9q9x36,Rest of East Bay
9q9x37,Rest of East Bay
9q9x38,Rest of East Bay
9q9x39,Rest of East Bay
9q9x3b,Rest of East Bay
9q9x3c,Rest of East Bay
9q9x3d,Rest of East Bay
9q9x3e,Rest of East Bay
9q9x3f,Rest of East Bay
9q9x3g,Rest of East Bay
9q9x3h,Rest of East Bay
9q9x3j,Rest of East Bay
9q9x3k,Rest of East Bay
9q9x3m,Rest of East Bay
9q9x3n,Rest of East Bay
9q9x3p,Rest of East Bay
9q9x3q,Rest of East Bay
9q9x3r,Rest of East Bay
9q9x3s,Rest of East Bay
9q9x3t,Rest of East Bay
9q9x3u,Rest of East Bay
9q9x4j,Rest of East Bay
9q9x4n,Rest of East Bay
9q9x4p,Rest of East Bay
9q9x4r,Rest of East Bay
9q9x60,Rest of East Bay
9q9x61,Rest of East Bay
9q9x62,Rest of East Bay
9q9x63,Rest of East Bay
9q9x64,Rest of East Bay
9q9x65,Rest of East Bay
9q9x66,Rest of East Bay
9q9x67,Rest of East Bay
9q9x6h,Rest of East Bay
9q9x80,Rest of East Bay
9q9x81,Rest of East Bay
9q9x82,Rest of East Bay
9q9x83,Rest of East Bay
9q9x84,Rest of East Bay
9q9x85,Rest of East Bay
9q9x86,Rest of East Bay
9q9x87,Rest of East Bay
9q9x88,Rest of East Bay
9q9x89,Rest of East Bay
9q9x8b,Rest of East Bay
9q9x8c,Rest of East Bay
9q9x8d,Rest of East Bay
9q9x8e,Rest of East Bay
9q9x8f,Rest of East Bay
9q9x8g,Rest of East Bay
9q9x8h,Rest of East Bay
9q9x8j,Rest of East Bay
9q9x8k,Rest of East Bay
9q9x8m,Rest of East Bay
9q9x8n,Rest of East Bay
9q9x8p,Rest of East Bay
9q9x8q,Rest of East Bay
9q9x8r,Rest of East Bay
9q9x8s,Rest of East Bay
9q9x8t,Rest of East Bay
9q9x8u,Rest of East Bay
9q9x8v,Rest of East Bay
9q9x8w,Rest of East Bay
9q9x8x,Rest of East Bay
9q9x8y,Rest of East Bay
9q9x8z,Rest of East Bay
9q9x90,Rest of East Bay
9q9x91,Rest of East Bay
9q9x92,Rest of East Bay
9q9x93,Rest of East Bay
9q9x94,Rest of East Bay
9q9x95,Rest of East Bay
9q9x96,Rest of East Bay
9q9x97,Rest of East Bay
9q9x98,Rest of East Bay
9q9x99,Rest of East Bay
9q9x9d,Rest of East Bay
9q9x9e,Rest of East Bay
9q9x9h,Rest of East Bay
9q9x9j,Rest of East Bay
9q9x9k,Rest of East Bay
9q9x9m,Rest of East Bay
9q9x9n,Rest of East Bay
9q9x9p,Rest of East Bay
9q9x9q,Rest of East Bay
9q9x9r,Rest of East Bay
9q9x9s,Rest of East Bay
9q9x9t,Rest of East Bay
9q9x9v,Rest of East Bay
9q9x9w,Rest of East Bay
9q9x9x,Rest of East Bay
9q9x9z,Rest of East Bay
9q9xb0,Rest of East Bay
9q9xb1,Rest of East Bay
9q9xb2,Rest of East Bay
9q9xb3,Rest of East Bay
9q9xb4,Rest of East Bay
9q9xb5,Rest of East Bay
9q9xb6,Rest of East Bay
9q9xb7,Rest of East Bay
9q9xb8,Rest of East Bay
9q9xb9,Rest of East Bay
9q9xbb,Rest of East Bay
9q9xbc,Rest of East Bay
9q9xbd,Rest of East Bay
9q9xbe,Rest of East Bay
9q9xbf,Rest of East Bay
9q9xbg,Rest of East Bay
9q9xbh,Rest of East Bay
9q9xbj,Rest of East Bay
9q9xbk,Rest of East Bay
9q9xbm,Rest of East Bay
9q9xbn,Rest of East Bay
9q9xbp,Rest of East Bay
9q9xbq,Rest of East Bay
9q9xbr,Rest of East Bay
9q9xbs,Rest of East Bay
9q9xbt,Rest of East Bay
9q9xbu,Rest of East Bay
9q9xbv,Rest of East Bay
9q9xbw,Rest of East Bay
9q9xbx,Rest of East Bay
9q9xby,Rest of East Bay
9q9xbz,Rest of East Bay
9q9xc0,Rest of East Bay
9q9xc1,Rest of East Bay
9q9xc2,Rest of East Bay
9q9xc3,Rest of East Bay
9q9xc4,Rest of East Bay
9q9xc5,Rest of East Bay
9q9xc6,Rest of East Bay
9q9xc7,Rest of East Bay
9q9xc8,Rest of East Bay
9q9xc9,Rest of East Bay
9q9xcb,Rest of East Bay
9q9xcc,Rest of East Bay
9q9xcd,Rest of East Bay
9q9xce,Rest of East Bay
9q9xcf,Rest of East Bay
9q9xcg,Rest of East Bay
9q9xch,Rest of East Bay
9q9xcj,Rest of East Bay
9q9xck,Rest of East Bay
9q9xcm,Rest of East Bay
9q9xcn,Rest of East Bay
9q9xcp,Rest of East Bay
9q9xcq,Rest of East Bay
9q9xcr,Rest of East Bay
9q9xcs,Rest of East Bay
9q9xct,Rest of East Bay
9q9xcu,Rest of East Bay
9q9xcw,Rest of East Bay
9q9xcx,Rest of East Bay
9qb3ze,Rest of Bay Area
9qb3zg,Rest of Bay Area
9qb3zq,Rest of Bay Area
9qb3zr,Rest of Bay Area
9qb3zs,Rest of Bay Area
9qb3zt,Rest of Bay Area
9qb3zu,Rest of Bay Area
9qb3zv,Rest of Bay Area
9qb3zw,Rest of Bay Area
9qb3zx,Rest of Bay Area
9qb3zy,Rest of Bay Area
9qb3zz,Rest of Bay Area
9qb5zf,Rest of Bay Area
9qb5zg,Rest of Bay Area
9qb5zu,Rest of Bay Area
9qb5zv,Rest of Bay Area
9qb5zw,Rest of Bay Area
9qb5zx,Rest of Bay Area
9qb5zy,Rest of Bay Area
9qb5zz,Rest of Bay Area
9qb6p2,Rest of Bay Area
9qb6p3,Rest of Bay Area
9qb6p6,Rest of Bay Area
9qb6p8,Rest of Bay Area
9qb6p9,Rest of Bay Area
9qb6pb,Rest of Bay Area
9qb6pc,Rest of Bay Area
9qb6pd,Rest of Bay Area
9qb6pe,Rest of Bay Area
9qb6pf,Rest of Bay Area
9qb6pg,Rest of Bay Area
9qb6pr,Rest of Bay Area
9qb6ps,Rest of Bay Area
9qb6pt,Rest of Bay Area
9qb6pu,Rest of Bay Area
9qb6pv,Rest of Bay Area
9qb6pw,Rest of Bay Area
9qb6px,Rest of Bay Area
9qb6py,Rest of Bay Area
9qb6pz,Rest of Bay Area
9qb6qv,Rest of Bay Area
9qb6qy,Rest of Bay Area
9qb6qz,Rest of Bay Area
9qb6r2,Rest of Bay Area
9qb6r3,Rest of Bay Area
9qb6r4,Rest of Bay Area
9qb6r5,Rest of Bay Area
9qb6r6,Rest of Bay Area
9qb6r7,Rest of Bay Area
9qb6r8,Rest of Bay Area
9qb6r9,Rest of Bay Area
9qb6rb,Rest of Bay Area
9qb6rc,Rest of Bay Area
9qb6rd,Rest of Bay Area
9qb6re,Rest of Bay Area
9qb6rf,Rest of Bay Area
9qb6rg,Rest of Bay Area
9qb6rh,Rest of Bay Area
9qb6rj,Rest of Bay Area
9qb6rk,Rest of Bay Area
9qb6rm,Rest of Bay Area
9qb6rn,Rest of Bay Area
9qb6rp,Rest of Bay Area
9qb6rq,Rest of Bay Area
9qb6rr,Rest of Bay Area
9qb6rs,Rest of Bay Area
9qb6rt,Rest of Bay Area
9qb6ru,Rest of Bay Area
9qb6rv,Rest of Bay Area
9qb6rw,Rest of Bay Area
9qb6rx,Rest of Bay Area
9qb6ry,Rest of Bay Area
9qb6rz,Rest of Bay Area
9qb6ur,Rest of Bay Area
9qb6uv,Rest of Bay Area
9qb6uw,Rest of Bay Area
9qb6ux,Rest of Bay Area
9qb6uy,Rest of Bay Area
9qb6uz,Rest of Bay Area
9qb6v6,Rest of Bay Area
9qb6v7,Rest of Bay Area
9qb6v9,Rest of Bay Area
9qb6vb,Rest of Bay Area
9qb6vc,Rest of Bay Area
9qb6vd,Rest of Bay Area
9qb6ve,Rest of Bay Area
9qb6vf,Rest of Bay Area
9qb6vg,Rest of Bay Area
9qb6vh,Rest of Bay Area
9qb6vj,Rest of Bay Area
9qb6vk,Rest of Bay Area
9qb6vm,Rest of Bay Area
9qb6vn,Rest of Bay Area
9qb6vp,Rest of Bay Area
9qb6vq,Rest of Bay Area
9qb6vr,Rest of Bay Area
9qb6vs,Rest of Bay Area
9qb6vt,Rest of Bay Area
9qb6vu,Rest of Bay Area
9qb6vv,Rest of Bay Area
9qb6vw,Rest of Bay Area
9qb6vx,Rest of Bay Area
9qb6vy,Rest of Bay Area
9qb6vz,Rest of Bay Area
9qb6w6,Rest of Bay Area
9qb6w7,Rest of Bay Area
9qb6w8,Rest of Bay Area
9qb6w9,Rest of Bay Area
9qb6wb,Rest of Bay Area
9qb6wc,Rest of Bay Area
9qb6wd,Rest of Bay Area
9qb6we,Rest of Bay Area
9qb6wf,Rest of Bay Area
9qb6wg,Rest of Bay Area
9qb6wj,Rest of Bay Area
9qb6wk,Rest of Bay Area
9qb6wm,Rest of Bay Area
9qb6wn,Rest of Bay Area
9qb6wp,Rest of Bay Area
9qb6wq,Rest of Bay Area
9qb6wr,Rest of Bay Area
9qb6ws,Rest of Bay Area
9qb6wt,Rest of Bay Area
9qb6wu,Rest of Bay Area
9qb6wv,Rest of Bay Area
9qb6ww,Rest of Bay Area
9qb6wx,Rest of Bay Area
9qb6wy,Rest of Bay Area
9qb6wz,Rest of Bay Area
9qb6x0,Rest of Bay Area
9qb6x1,Rest of Bay Area
9qb6x2,Rest of Bay Area
9qb6x3,Rest of Bay Area
9qb6x4,Rest of Bay Area
9qb6x5,Rest of Bay Area
9qb6x6,Rest of Bay Area
9qb6x7,Rest of Bay Area
9qb6x8,Rest of Bay Area
9qb6x9,Rest of Bay Area
9qb6xb,Rest of Bay Area
9qb6xc,Rest of Bay Area
9qb6xd,Rest of Bay Area
9qb6xe,Rest of Bay Area
9qb6xf,Rest of Bay Area
9qb6xg,Rest of Bay Area
9qb6xh,Rest of Bay Area
9qb6xj,Rest of Bay Area
9qb6xk,Rest of Bay Area
9qb6xm,Rest of Bay Area
9qb6xn,Rest of Bay Area
9qb6xp,Rest of Bay Area
9qb6xq,Rest of Bay Area
9qb6xr,Rest of Bay Area
9qb6xs,Rest of Bay Area
9qb6xt,Rest of Bay Area
9qb6xu,Rest of Bay Area
9qb6xv,Rest of Bay Area
9qb6xw,Rest of Bay Area
9qb6xx,Rest of Bay Area
9qb6xy,Rest of Bay Area
9qb6xz,Rest of Bay Area
9qb6y0,Rest of Bay Area
9qb6y1,Rest of Bay Area
9qb6y2,Rest of Bay Area
9qb6y3,Rest of Bay Area
9qb6y4,Rest of Bay Area
9qb6y5,Rest of Bay Area
9qb6y6,Rest of Bay Area
9qb6y7,Rest of Bay Area
9qb6y8,Rest of Bay Area
9qb6y9,Rest of Bay Area
9qb6yb,Rest of Bay Area
9qb6yc,Rest of Bay Area
9qb6yd,Rest of Bay Area
9qb6ye,Rest of Bay Area
9qb6yf,Rest of Bay Area
9qb6yg,Rest of Bay Area
9qb6yh,Rest of Bay Area
9qb6yj,Rest of Bay Area
9qb6yk,Rest of Bay Area
9qb6ym,Rest of Bay Area
9qb6yn,Rest of Bay Area
9qb6yp,Rest of Bay Area
9qb6yq,Rest of Bay Area
9qb6yr,Rest of Bay Area
9qb6ys,Rest of Bay Area
9qb6yt,Rest of Bay Area
9qb6yu,Rest of Bay Area
9qb6yv,Rest of Bay Area
9qb6yw,Rest of Bay Area
9qb6yx,Rest of Bay Area
9qb6yy,Rest of Bay Area
9qb6yz,Rest of Bay Area
9qb6z0,Rest of Bay Area
9qb6z1,Rest of Bay Area
9qb6z2,Rest of Bay Area
9qb6z3,Rest of Bay Area
9qb6z4,Rest of Bay Area
9qb6z5,Rest of Bay Area
9qb6z6,Rest of Bay Area
9qb6z7,Rest of Bay Area
9qb6z8,Rest of Bay Area
9qb6z9,Rest of Bay Area
9qb6zb,Rest of Bay Area
9qb6zc,Rest of Bay Area
9qb6zd,Rest of Bay Area
9qb6ze,Rest of Bay Area
9qb6zf,Rest of Bay Area
9qb6zg,Rest of Bay Area
9qb6zh,Rest of Bay Area
9qb6zj,Rest of Bay Area
9qb6zk,Rest of Bay Area
9qb6zm,Rest of Bay Area
9qb6zn,Rest of Bay Area
9qb6zp,Rest of Bay Area
9qb6zq,Rest of Bay Area
9qb6zr,Rest of Bay Area
9qb6zs,Rest of Bay Area
9qb6zt,Rest of Bay Area
9qb6zu,Rest of Bay Area
9qb6zv,Rest of Bay Area
9qb6zw,Rest of Bay Area
9qb6zx,Rest of Bay Area
9qb6zy,Rest of Bay Area
9qb6zz,Rest of Bay Area
9qb73e,Rest of Bay Area
9qb73f,Rest of Bay Area
9qb73g,Rest of Bay Area
9qb73k,Rest of Bay Area
9qb73m,Rest of Bay Area
9qb73q,Rest of Bay Area
9qb73r,Rest of Bay Area
9qb73s,Rest of Bay Area
9qb73t,Rest of Bay Area
9qb73u,Rest of Bay Area
9qb73v,Rest of Bay Area
9qb73w,Rest of Bay Area
9qb73x,Rest of Bay Area
9qb73y,Rest of Bay Area
9qb73z,Rest of Bay Area
9qb74v,Rest of Bay Area
9qb74w,Rest of Bay Area
9qb74x,Rest of Bay Area
9qb74y,Rest of Bay Area
9qb74z,Rest of Bay Area
9qb755,Rest of Bay Area
9qb756,Rest of Bay Area
9qb757,Rest of Bay Area
9qb759,Rest of Bay Area
9qb75b,Rest of Bay Area
9qb75c,Rest of Bay Area
9qb75d,Rest of Bay Area
9qb75e,Rest of Bay Area
9qb75f,Rest of Bay Area
9qb75g,Rest of Bay Area
9qb75h,Rest of Bay Area
9qb75j,Rest of Bay Area
9qb75k,Rest of Bay Area
9qb75m,Rest of Bay Area
9qb75n,Rest of Bay Area
9qb75p,Rest of Bay Area
9qb75q,Rest of Bay Area
9qb75r,Rest of Bay Area
9qb75s,Rest of Bay Area
9qb75t,Rest of Bay Area
9qb75u,Rest of Bay Area
9qb75v,Rest of Bay Area
9qb75w,Rest of Bay Area
9qb75x,Rest of Bay Area
9qb75y,Rest of Bay Area
9qb75z,Rest of Bay Area
9qb761,Rest of Bay Area
9qb762,Rest of Bay Area
9qb763,Rest of Bay Area
9qb764,Rest of Bay Area
9qb765,Rest of Bay Area
9qb766,Rest of Bay Area
9qb767,Rest of Bay Area
9qb768,Rest of Bay Area
9qb769,Rest of Bay Area
9qb76b,Rest of Bay Area
9qb76c,Rest of Bay Area
9qb76d,Rest of Bay Area
9qb76e,Rest of Bay Area
9qb76f,Rest of Bay Area
9qb76g,Rest of Bay Area
9qb76h,Rest of Bay Area
9qb76j,Rest of Bay Area
9qb76k,Rest of Bay Area
9qb76m,Rest of Bay Area
9qb76n,Rest of Bay Area
9qb76p,Rest of Bay Area
9qb76q,Rest of Bay Area
9qb76r,Rest of Bay Area
9qb76s,Rest of Bay Area
9qb76t,Rest of Bay Area
9qb76u,Rest of Bay Area
9qb76v,Rest of Bay Area
9qb76w,Rest of Bay Area
9qb76x,Rest of Bay Area
9qb76y,Rest of Bay Area
9qb76z,Rest of Bay Area
9qb770,Rest of Bay Area
9qb771,Rest of Bay Area
9qb772,Rest of Bay Area
9qb773,Rest of Bay Area
9qb774,Rest of Bay Area
9qb775,Rest of Bay Area
9qb776,Rest of Bay Area
9qb777,Rest of Bay Area
9qb778,Rest of Bay Area
9qb779,Rest of Bay Area
9qb77b,Rest of Bay Area
9qb77c,Rest of Bay Area
9qb77d,Rest of Bay Area
9qb77e,Rest of Bay Area
9qb77f,Rest of Bay Area
9qb77g,Rest of Bay Area
9qb77h,Rest of Bay Area
9qb77j,Rest of Bay Area
9qb77k,Rest of Bay Area
9qb77m,Rest of Bay Area
9qb77n,Rest of Bay Area
9qb77p,Rest of Bay Area
9qb77q,Rest of Bay Area
9qb77r,Rest of Bay Area
9qb77s,Rest of Bay Area
9qb77t,Rest of Bay Area
9qb77u,Rest of Bay Area
9qb77v,Rest of Bay Area
9qb77w,Rest of Bay Area
9qb77x,Rest of Bay Area
9qb77y,Rest of Bay Area
9qb77z,Rest of Bay Area
9qb78e,Rest of Bay Area
9qb78f,Rest of Bay Area
9qb78g,Rest of Bay Area
9qb78q,Rest of Bay Area
9qb78r,Rest of Bay Area
9qb78s,Rest of Bay Area
9qb78t,Rest of Bay Area
9qb78u,Rest of Bay Area
9qb78v,Rest of Bay Area
9qb78w,Rest of Bay Area
9qb78x,Rest of Bay Area
9qb78y,Rest of Bay Area
9qb78z,Rest of Bay Area
9qb790,Rest of Bay Area
9qb791,Rest of Bay Area
9qb792,Rest of Bay Area
9qb793,Rest of Bay Area
9qb794,Rest of Bay Area
9qb795,Rest of Bay Area
9qb796,Rest of Bay Area
9qb797,Rest of Bay Area
9qb798,Rest of Bay Area
9qb799,Rest of Bay Area
9qb79b,Rest of Bay Area
9qb79c,Rest of Bay Area
9qb79d,Rest of Bay Area
9qb79e,Rest of Bay Area
9qb79f,Rest of Bay Area
9qb79g,Rest of Bay Area
9qb79h,Rest of Bay Area
9qb79j,Rest of Bay Area
9qb79k,Rest of Bay Area
9qb79m,Rest of Bay Area
9qb79n,Rest of Bay Area
9qb79p,Rest of Bay Area
9qb79q,Rest of Bay Area
9qb79r,Rest of Bay Area
9qb79s,Rest of Bay Area
9qb79t,Rest of Bay Area
9qb79u,Rest of Bay Area
9qb79v,Rest of Bay Area
9qb79w,Rest of Bay Area
9qb79x,Rest of Bay Area
9qb79y,Rest of Bay Area
9qb79z,Rest of Bay Area
9qb7b0,Rest of Bay Area
9qb7b1,Rest of Bay Area
9qb7b2,Rest of Bay Area
9qb7b3,Rest of Bay Area
9qb7b4,Rest of Bay Area
9qb7b5,Rest of Bay Area
9qb7b6,Rest of Bay Area
9qb7b7,Rest of Bay Area
9qb7b8,Rest of Bay Area
9qb7b9,Rest of Bay Area
9qb7bb,Rest of Bay Area
9qb7bc,Rest of Bay Area
9qb7bd,Rest of Bay Area
9qb7be,Rest of Bay Area
9qb7bf,Rest of Bay Area
9qb7bg,Rest of Bay Area
9qb7bh,Rest of Bay Area
9qb7bj,Rest of Bay Area
9qb7bk,Rest of Bay Area
9qb7bm,Rest of Bay Area
9qb7bn,Rest of Bay Area
9qb7bp,Rest of Bay Area
9qb7bq,Rest of Bay Area
9qb7br,Rest of Bay Area
9qb7bs,Rest of Bay Area
9qb7bt,Rest of Bay Area
9qb7bu,Rest of Bay Area
9qb7bv,Rest of Bay Area
9qb7bw,Rest of Bay Area
9qb7bx,Rest of Bay Area
9qb7by,Rest of Bay Area
9qb7bz,Rest of Bay Area
9qb7c0,Rest of Bay Area
9qb7c1,Rest of Bay Area
9qb7c2,Rest of Bay Area
9qb7c3,Rest of Bay Area
9qb7c4,Rest of Bay Area
9qb7c5,Rest of Bay Area
9qb7c6,Rest of Bay Area
9qb7c7,Rest of Bay Area
9qb7c8,Rest of Bay Area
9qb7c9,Rest of Bay Area
9qb7cb,Rest of Bay Area
9qb7cc,Rest of Bay Area
9qb7cd,Rest of Bay Area
9qb7ce,Rest of Bay Area
9qb7cf,Rest of Bay Area
9qb7cg,Rest of Bay Area
9qb7ch,Rest of Bay Area
9qb7cj,Rest of Bay Area
9qb7ck,Rest of Bay Area
9qb7cm,Rest of Bay Area
9qb7cn,Rest of Bay Area
9qb7cp,Rest of Bay Area
9qb7cq,Rest of Bay Area
9qb7cr,Rest of Bay Area
9qb7cs,Rest of Bay Area
9qb7ct,Rest of Bay Area
9qb7cu,Rest of Bay Area
9qb7cv,Rest of Bay Area
9qb7cw,Rest of Bay Area
9qb7cx,Rest of Bay Area
9qb7cy,Rest of Bay Area
9qb7cz,Rest of Bay Area
9qb7d0,Rest of Bay Area
9qb7d1,Rest of Bay Area
9qb7d2,Rest of Bay Area
9qb7d3,Rest of Bay Area
9qb7d4,Rest of Bay Area
9qb7d5,Rest of Bay Area
9qb7d6,Rest of Bay Area
9qb7d7,Rest of Bay Area
9qb7d8,Rest of Bay Area
9qb7d9,Rest of Bay Area
9qb7db,Rest of Bay Area
9qb7dc,Rest of Bay Area
9qb7dd,Rest of Bay Area
9qb7de,Rest of Bay Area
9qb7df,Rest of Bay Area
9qb7dg,Rest of Bay Area
9qb7dh,Rest of Bay Area
9qb7dj,Rest of Bay Area
9qb7dk,Rest of Bay Area
9qb7dm,Rest of Bay Area
9qb7dn,Rest of Bay Area
9qb7dp,Rest of Bay Area
9qb7dq,Rest of Bay Area
9qb7dr,Rest of Bay Area
9qb7ds,Rest of Bay Area
9qb7dt,Rest of Bay Area
9qb7du,Rest of Bay Area
9qb7dv,Rest of Bay Area
9qb7dw,Rest of Bay Area
9qb7dx,Rest of Bay Area
9qb7dy,Rest of Bay Area
9qb7dz,Rest of Bay Area
9qb7e0,Rest of Bay Area
9qb7e1,Rest of Bay Area
9qb7e2,Rest of Bay Area
9qb7e3,Rest of Bay Area
9qb7e4,Rest of Bay Area
9qb7e5,Rest of Bay Area
9qb7e6,Rest of Bay Area
9qb7e7,Rest of Bay Area
9qb7e8,Rest of Bay Area
9qb7e9,Rest of Bay Area
9qb7eb,Rest of Bay Area
9qb7ec,Rest of Bay Area
9qb7ed,Rest of Bay Area
9qb7ee,Rest of Bay Area
9qb7ef,Rest of Bay Area
9qb7eg,Rest of Bay Area
9qb7eh,Rest of Bay Area
9qb7ej,Rest of Bay Area
9qb7ek,Rest of Bay Area
9qb7em,Rest of Bay Area
9qb7en,Rest of Bay Area
9qb7ep,Rest of Bay Area
9qb7eq,Rest of Bay Area
9qb7er,Rest of Bay Area
9qb7es,Rest of Bay Area
9qb7et,Rest of Bay Area
9qb7eu,Rest of Bay Area
9qb7ev,Rest of Bay Area
9qb7ew,Rest of Bay Area
9qb7ex,Rest of Bay Area
9qb7ey,Rest of Bay Area
9qb7ez,Rest of Bay Area
9qb7f0,Rest of Bay Area
9qb7f1,Rest of Bay Area
9qb7f2,Rest of Bay Area
9qb7f3,Rest of Bay Area
9qb7f4,Rest of Bay Area
9qb7f5,Rest of Bay Area
9qb7f6,Rest of Bay Area
9qb7f7,Rest of Bay Area
9qb7f8,Rest of Bay Area
9qb7f9,Rest of Bay Area
9qb7fb,Rest of Bay Area
9qb7fc,Rest of Bay Area
9qb7fd,Rest of Bay Area
9qb7fe,Rest of Bay Area
9qb7ff,Rest of Bay Area
9qb7fg,Rest of Bay Area
9qb7fh,Rest of Bay Area
9qb7fj,Rest of Bay Area
9qb7fk,Rest of Bay Area
9qb7fm,Rest of Bay Area
9qb7fn,Rest of Bay Area
9qb7fp,Rest of Bay Area
9qb7fq,Rest of Bay Area
9qb7fr,Rest of Bay Area
9qb7fs,Rest of Bay Area
9qb7ft,Rest of Bay Area
9qb7fu,Rest of Bay Area
9qb7fv,Rest of Bay Area
9qb7fw,Rest of Bay Area
9qb7fx,Rest of Bay Area
9qb7fy,Rest of Bay Area
9qb7fz,Rest of Bay Area
9qb7g0,Rest of Bay Area
9qb7g1,Rest of Bay Area
9qb7g2,Rest of Bay Area
9qb7g3,Rest of Bay Area
9qb7g4,Rest of Bay Area
9qb7g5,Rest of Bay Area
9qb7g6,Rest of Bay Area
9qb7g7,Rest of Bay Area
9qb7g8,Rest of Bay Area
9qb7g9,Rest of Bay Area
9qb7gb,Rest of Bay Area
9qb7gc,Rest of Bay Area
9qb7gd,Rest of Bay Area
9qb7ge,Rest of Bay Area
9qb7gf,Rest of Bay Area
9qb7gg,Rest of Bay Area
9qb7gh,Rest of Bay Area
9qb7gj,Rest of Bay Area
9qb7gk,Rest of Bay Area
9qb7gm,Rest of Bay Area
9qb7gn,Rest of Bay Area
9qb7gp,Rest of Bay Area
9qb7gq,Rest of Bay Area
9qb7gr,Rest of Bay Area
9qb7gs,Rest of Bay Area
9qb7gt,Rest of Bay Area
9qb7gu,Rest of Bay Area
9qb7gv,Rest of Bay Area
9qb7gw,Rest of Bay Area
9qb7gx,Rest of Bay Area
9qb7gy,Rest of Bay Area
9qb7gz,Rest of Bay Area
9qb7h0,Rest of Bay Area
9qb7h1,Rest of Bay Area
9qb7h2,Rest of Bay Area
9qb7h3,Rest of Bay Area
9qb7h4,Rest of Bay Area
9qb7h5,Rest of Bay Area
9qb7h6,Rest of Bay Area
9qb7h7,Rest of Bay Area
9qb7h8,Rest of Bay Area
9qb7h9,Rest of Bay Area
9qb7hb,Rest of Bay Area
9qb7hc,Rest of Bay Area
9qb7hd,Rest of Bay Area
9qb7he,Rest of Bay Area
9qb7hf,Rest of Bay Area
9qb7hg,Rest of Bay Area
9qb7hh,Rest of Bay Area
9qb7hj,Rest of Bay Area
9qb7hk,Rest of Bay Area
9qb7hm,Rest of Bay Area
9qb7hn,Rest of Bay Area
9qb7hp,Rest of Bay Area
9qb7hq,Rest of Bay Area
9qb7hr,Rest of Bay Area
9qb7hs,Rest of Bay Area
9qb7ht,Rest of Bay Area
9qb7hu,Rest of Bay Area
9qb7hv,Rest of Bay Area
9qb7hw,Rest of Bay Area
9qb7hx,Rest of Bay Area
9qb7hy,Rest of Bay Area
9qb7hz,Rest of Bay Area
9qb7j0,Rest of Bay Area
9qb7j1,Rest of Bay Area
9qb7j2,Rest of Bay Area
9qb7j3,Rest of Bay Area
9qb7j4,Rest of Bay Area
9qb7j5,Rest of Bay Area
9qb7j6,Rest of Bay Area
9qb7j7,Rest of Bay Area
9qb7j8,Rest of Bay Area
9qb7j9,Rest of Bay Area
9qb7jb,Rest of Bay Area
9qb7jc,Rest of Bay Area
9qb7jd,Rest of Bay Area
9qb7je,Rest of Bay Area
9qb7jf,Rest of Bay Area
9qb7jg,Rest of Bay Area
9qb7jh,Rest of Bay Area
9qb7jj,Rest of Bay Area
9qb7jk,Rest of Bay Area
9qb7jm,Rest of Bay Area
9qb7jn,Rest of Bay Area
9qb7jp,Rest of Bay Area
9qb7jq,Rest of Bay Area
9qb7jr,Rest of Bay Area
9qb7js,Rest of Bay Area
9qb7jt,Rest of Bay Area
9qb7ju,Rest of Bay Area
9qb7jv,Rest of Bay Area
9qb7jw,Rest of Bay Area
9qb7jx,Rest of Bay Area
9qb7jy,Rest of Bay Area
9qb7jz,Rest of Bay Area
9qb7k0,Rest of Bay Area
9qb7k1,Rest of Bay Area
9qb7k2,Rest of Bay Area
9qb7k3,Rest of Bay Area
9qb7k4,Rest of Bay Area
9qb7k5,Rest of Bay Area
9qb7k6,Rest of Bay Area
9qb7k7,Rest of Bay Area
9qb7k8,Rest of Bay Area
9qb7k9,Rest of Bay Area
9qb7kb,Rest of Bay Area
9qb7kc,Rest of Bay Area
9qb7kd,Rest of Bay Area
9qb7ke,Rest of Bay Area
9qb7kf,Rest of Bay Area
9qb7kg,Rest of Bay Area
9qb7kh,Rest of Bay Area
9qb7kj,Rest of Bay Area
9qb7kk,Rest of Bay Area
9qb7km,Rest of Bay Area
9qb7kn,Rest of Bay Area
9qb7kp,Rest of Bay Area
9qb7kq,Rest of Bay Area
9qb7kr,Rest of Bay Area
9qb7ks,Rest of Bay Area
9qb7kt,Rest of Bay Area
9qb7ku,Rest of Bay Area
9qb7kv,Rest of Bay Area
9qb7kw,Rest of Bay Area
9qb7kx,Rest of Bay Area
9qb7ky,Rest of Bay Area
9qb7kz,Rest of Bay Area
9qb7m0,Rest of Bay Area
9qb7m1,Rest of Bay Area
9qb7m2,Rest of Bay Area
9qb7m3,Rest of Bay Area
9qb7m4,Rest of Bay Area
9qb7m5,Rest of Bay Area
9qb7m6,Rest of Bay Area
9qb7m7,Rest of Bay Area
9qb7m8,Rest of Bay Area
9qb7m9,Rest of Bay Area
9qb7mb,Rest of Bay Area
9qb7mc,Rest of Bay Area
9qb7md,Rest of Bay Area
9qb7me,Rest of Bay Area
9qb7mf,Rest of Bay Area
9qb7mg,Rest of Bay Area
9qb7mh,Rest of Bay Area
9qb7mj,Rest of Bay Area
9qb7mk,Rest of Bay Area
9qb7mm,Rest of Bay Area
9qb7mn,Rest of Bay Area
9qb7mp,Rest of Bay Area
9qb7mq,Rest of Bay Area
9qb7mr,Rest of Bay Area
9qb7ms,Rest of Bay Area
9qb7mt,Rest of Bay Area
9qb7mu,Rest of Bay Area
9qb7mv,Rest of Bay Area
9qb7mw,Rest of Bay Area
9qb7mx,Rest of Bay Area
9qb7my,Rest of Bay Area
9qb7mz,Rest of Bay Area
9qb7n0,Rest of Bay Area
9qb7n1,Rest of Bay Area
9qb7n2,Rest of Bay Area
9qb7n3,Rest of Bay Area
9qb7n4,Rest of Bay Area
9qb7n5,Rest of Bay Area
9qb7n6,Rest of Bay Area
9qb7n7,Rest of Bay Area
9qb7n8,Rest of Bay Area
9qb7n9,Rest of Bay Area
9qb7nb,Rest of Bay Area
9qb7nc,Rest of Bay Area
9qb7nd,Rest of Bay Area
9qb7ne,Rest of Bay Area
9qb7nf,Rest of Bay Area
9qb7ng,Rest of Bay Area
9qb7nh,Rest of Bay Area
9qb7nj,Rest of Bay Area
9qb7nk,Rest of Bay Area
9qb7nm,Rest of Bay Area
9qb7nn,Rest of Bay Area
9qb7np,Rest of Bay Area
9qb7nq,Rest of Bay Area
9qb7nr,Rest of Bay Area
9qb7ns,Rest of Bay Area
9qb7nt,Rest of Bay Area
9qb7nu,Rest of Bay Area
9qb7nv,Rest of Bay Area
9qb7nw,Rest of Bay Area
9qb7nx,Rest of Bay Area
9qb7ny,Rest of Bay Area
9qb7nz,Rest of Bay Area
9qb7p0,Rest of Bay Area
9qb7p1,Rest of Bay Area
9qb7p2,Rest of Bay Area
9qb7p3,Rest of Bay Area
9qb7p4,Rest of Bay Area
9qb7p5,Rest of Bay Area
9qb7p6,Rest of Bay Area
9qb7p7,Rest of Bay Area
9qb7p8,Rest of Bay Area
9qb7p9,Rest of Bay Area
9qb7pb,Rest of Bay Area
9qb7pc,Rest of Bay Area
9qb7pd,Rest of Bay Area
9qb7pe,Rest of Bay Area
9qb7pf,Rest of Bay Area
9qb7pg,Rest of Bay Area
9qb7ph,Rest of Bay Area
9qb7pj,Rest of Bay Area
9qb7pk,Rest of Bay Area
9qb7pm,Rest of Bay Area
9qb7pn,Rest of Bay Area
9qb7pp,Rest of Bay Area
9qb7pq,Rest of Bay Area
9qb7pr,Rest of Bay Area
9qb7ps,Rest of Bay Area
9qb7pt,Rest of Bay Area
9qb7pu,Rest of Bay Area
9qb7pv,Rest of Bay Area
9qb7pw,Rest of Bay Area
9qb7px,Rest of Bay Area
9qb7py,Rest of Bay Area
9qb7pz,Rest of Bay Area
9qb7q0,Rest of Bay Area
9qb7q1,Rest of Bay Area
9qb7q2,Rest of Bay Area
9qb7q3,Rest of Bay Area
9qb7q4,Rest of Bay Area
9qb7q5,Rest of Bay Area
9qb7q6,Rest of Bay Area
9qb7q7,Rest of Bay Area
9qb7q8,Rest of Bay Area
9qb7q9,Rest of Bay Area
9qb7qb,Rest of Bay Area
9qb7qc,Rest of Bay Area
9qb7qd,Rest of Bay Area
9qb7qe,Rest of Bay Area
9qb7qf,Rest of Bay Area
9qb7qg,Rest of Bay Area
9qb7qh,Rest of Bay Area
9qb7qj,Rest of Bay Area
9qb7qk,Rest of Bay Area
9qb7qm,Rest of Bay Area
9qb7qn,Rest of Bay Area
9qb7qp,Rest of Bay Area
9qb7qq,Rest of Bay Area
9qb7qr,Rest of Bay Area
9qb7qs,Rest of Bay Area
9qb7qt,Rest of Bay Area
9qb7qu,Rest of Bay Area
9qb7qv,Rest of Bay Area
9qb7qw,Rest of Bay Area
9qb7qx,Rest of Bay Area
9qb7qy,Rest of Bay Area
9qb7qz,Rest of Bay Area
9qb7r0,Rest of Bay Area
9qb7r1,Rest of Bay Area
9qb7r2,Rest of Bay Area
9qb7r3,Rest of Bay Area
9qb7r4,Rest of Bay Area
9qb7r5,Rest of Bay Area
9qb7r6,Rest of Bay Area
9qb7r7,Rest of Bay Area
9qb7r8,Rest of Bay Area
9qb7r9,Rest of Bay Area
9qb7rb,Rest of Bay Area
9qb7rc,Rest of Bay Area
9qb7rd,Rest of Bay Area
9qb7re,Rest of Bay Area
9qb7rf,Rest of Bay Area
9qb7rg,Rest of Bay Area
9qb7rh,Rest of Bay Area
9qb7rj,Rest of Bay Area
9qb7rk,Rest of Bay Area
9qb7rm,Rest of Bay Area
9qb7rn,Rest of Bay Area
9qb7rp,Rest of Bay Area
9qb7rq,Rest of Bay Area
9qb7rr,Rest of Bay Area
9qb7rs,Rest of Bay Area
9qb7rt,Rest of Bay Area
9qb7ru,Rest of Bay Area
9qb7rv,Rest of Bay Area
9qb7rw,Rest of Bay Area
9qb7rx,Rest of Bay Area
9qb7ry,Rest of Bay Area
9qb7rz,Rest of Bay Area
9qb7s0,Rest of Bay Area
9qb7s1,Rest of Bay Area
9qb7s2,Rest of Bay Area
9qb7s3,Rest of Bay Area
9qb7s4,Rest of Bay Area
9qb7s5,Rest of Bay Area
9qb7s6,Rest of Bay Area
9qb7s7,Rest of Bay Area
9qb7s8,Rest of Bay Area
9qb7s9,Rest of Bay Area
9qb7sb,Rest of Bay Area
9qb7sc,Rest of Bay Area
9qb7sd,Rest of Bay Area
9qb7se,Rest of Bay Area
9qb7sf,Rest of Bay Area
9qb7sg,Rest of Bay Area
9qb7sh,Rest of Bay Area
9qb7sj,Rest of Bay Area
9qb7sk,Rest of Bay Area
9qb7sm,Rest of Bay Area
9qb7sn,Rest of Bay Area
9qb7sp,Rest of Bay Area
9qb7sq,Rest of Bay Area
9qb7sr,Rest of Bay Area
9qb7ss,Rest of Bay Area
9qb7st,Rest of Bay Area
9qb7su,Rest of Bay Area
9qb7sv,Rest of Bay Area
9qb7sw,Rest of Bay Area
9qb7sx,Rest of Bay Area
9qb7sy,Rest of Bay Area
9qb7sz,Rest of Bay Area
9qb7t0,Rest of Bay Area
9qb7t1,Rest of Bay Area
9qb7t2,Rest of Bay Area
9qb7t3,Rest of Bay Area
9qb7t4,Rest of Bay Area
9qb7t5,Rest of Bay Area
9qb7t6,Rest of Bay Area
9qb7t7,Rest of Bay Area
9qb7t8,Rest of Bay Area
9qb7t9,Rest of Bay Area
9qb7tb,Rest of Bay Area
9qb7tc,Rest of Bay Area
9qb7td,Rest of Bay Area
9qb7te,Rest of Bay Area
9qb7tf,Rest of Bay Area
9qb7tg,Rest of Bay Area
9qb7th,Rest of Bay Area
9qb7tj,Rest of Bay Area
9qb7tk,Rest of Bay Area
9qb7tm,Rest of Bay Area
9qb7tn,Rest of Bay Area
9qb7tp,Rest of Bay Area
9qb7tq,Rest of Bay Area
9qb7tr,Rest of Bay Area
9qb7ts,Rest of Bay Area
9qb7tt,Rest of Bay Area
9qb7tu,Rest of Bay Area
9qb7tv,Rest of Bay Area
9qb7tw,Rest of Bay Area
9qb7tx,Rest of Bay Area
9qb7ty,Rest of Bay Area
9qb7tz,Rest of Bay Area
9qb7u0,Rest of Bay Area
9qb7u1,Rest of Bay Area
9qb7u2,Rest of Bay Area
9qb7u3,Rest of Bay Area
9qb7u4,Rest of Bay Area
9qb7u5,Rest of Bay Area
9qb7u6,Rest of Bay Area
9qb7u7,Rest of Bay Area
9qb7u8,Rest of Bay Area
9qb7u9,Rest of Bay Area
9qb7ub,Rest of Bay Area
9qb7uc,Rest of Bay Area
9qb7ud,Rest of Bay Area
9qb7ue,Rest of Bay Area
9qb7uf,Rest of Bay Area
9qb7ug,Rest of Bay Area
9qb7uh,Rest of Bay Area
9qb7uj,Rest of Bay Area
9qb7uk,Rest of Bay Area
9qb7um,Rest of Bay Area
9qb7un,Rest of Bay Area
9qb7up,Rest of Bay Area
9qb7uq,Rest of Bay Area
9qb7ur,Rest of Bay Area
9qb7us,Rest of Bay Area
9qb7ut,Rest of Bay Area
9qb7uu,Rest of Bay Area
9qb7uv,Rest of Bay Area
9qb7uw,Rest of Bay Area
9qb7ux,Rest of Bay Area
9qb7uy,Rest of Bay Area
9qb7uz,Rest of Bay Area
9qb7v0,Rest of Bay Area
9qb7v1,Rest of Bay Area
9qb7v2,Rest of Bay Area
9qb7v3,Rest of Bay Area
9qb7v4,Rest of Bay Area
9qb7v5,Rest of Bay Area
9qb7v6,Rest of Bay Area
9qb7v7,Rest of Bay Area
9qb7v8,Rest of Bay Area
9qb7v9,Rest of Bay Area
9qb7vb,Rest of Bay Area
9qb7vc,Rest of Bay Area
9qb7vd,Rest of Bay Area
9qb7ve,Rest of Bay Area
9qb7vf,Rest of Bay Area
9qb7vg,Rest of Bay Area
9qb7vh,Rest of Bay Area
9qb7vj,Rest of Bay Area
9qb7vk,Rest of Bay Area
9qb7vm,Rest of Bay Area
9qb7vn,Rest of Bay Area
9qb7vp,Rest of Bay Area
9qb7vq,Rest of Bay Area
9qb7vr,Rest of Bay Area
9qb7vs,Rest of Bay Area
9qb7vt,Rest of Bay Area
9qb7vu,Rest of Bay Area
9qb7vv,Rest of Bay Area
9qb7vw,Rest of Bay Area
9qb7vx,Rest of Bay Area
9qb7vy,Rest of Bay Area
9qb7vz,Rest of Bay Area
9qb7w0,Rest of Bay Area
9qb7w1,Rest of Bay Area
9qb7w2,Rest of Bay Area
9qb7w3,Rest of Bay Area
9qb7w4,Rest of Bay Area
9qb7w5,Rest of Bay Area
9qb7w6,Rest of Bay Area
9qb7w7,Rest of Bay Area
9qb7w8,Rest of Bay Area
9qb7w9,Rest of Bay Area
9qb7wb,Rest of Bay Area
9qb7wc,Rest of Bay Area
9qb7wd,Rest of Bay Area
9qb7we,Rest of Bay Area
9qb7wf,Rest of Bay Area
9qb7wg,Rest of Bay Area
9qb7wh,Rest of Bay Area
9qb7wj,Rest of Bay Area
9qb7wk,Rest of Bay Area
9qb7wm,Rest of Bay Area
9qb7wn,Rest of Bay Area
9qb7wp,Rest of Bay Area
9qb7wq,Rest of Bay Area
9qb7wr,Rest of Bay Area
9qb7ws,Rest of Bay Area
9qb7wt,Rest of Bay Area
9qb7wu,Rest of Bay Area
9qb7wv,Rest of Bay Area
9qb7ww,Rest of Bay Area
9qb7wx,Rest of Bay Area
9qb7wy,Rest of Bay Area
9qb7wz,Rest of Bay Area
9qb7x0,Rest of Bay Area
9qb7x1,Rest of Bay Area
9qb7x2,Rest of Bay Area
9qb7x3,Rest of Bay Area
9qb7x4,Rest of Bay Area
9qb7x5,Rest of Bay Area
9qb7x6,Rest of Bay Area
9qb7x7,Rest of Bay Area
9qb7x8,Rest of Bay Area
9qb7x9,Rest of Bay Area
9qb7xb,Rest of Bay Area
9qb7xc,Rest of Bay Area
9qb7xd,Rest of Bay Area
9qb7xe,Rest of Bay Area
9qb7xf,Rest of Bay Area
9qb7xg,Rest of Bay Area
9qb7xh,Rest of Bay Area
9qb7xj,Rest of Bay Area
9qb7xk,Rest of Bay Area
9qb7xm,Rest of Bay Area
9qb7xn,Rest of Bay Area
9qb7xp,Rest of Bay Area
9qb7xq,Rest of Bay Area
9qb7xr,Rest of Bay Area
9qb7xs,Rest of Bay Area
9qb7xt,Rest of Bay Area
9qb7xu,Rest of Bay Area
9qb7xv,Rest of Bay Area
9qb7xw,Rest of Bay Area
9qb7xx,Rest of Bay Area
9qb7xy,Rest of Bay Area
9qb7xz,Rest of Bay Area
9qb7y0,Rest of Bay Area
9qb7y1,Rest of Bay Area
9qb7y2,Rest of Bay Area
9qb7y3,Rest of Bay Area
9qb7y4,Rest of Bay Area
9qb7y5,Rest of Bay Area
9qb7y6,Rest of Bay Area
9qb7y7,Rest of Bay Area
9qb7y8,Rest of Bay Area
9qb7y9,Rest of Bay Area
9qb7yb,Rest of Bay Area
9qb7yc,Rest of Bay Area
9qb7yd,Rest of Bay Area
9qb7ye,Rest of Bay Area
9qb7yf,Rest of Bay Area
9qb7yg,Rest of Bay Area
9qb7yh,Rest of Bay Area
9qb7yj,Rest of Bay Area
9qb7yk,Rest of Bay Area
9qb7ym,Rest of Bay Area
9qb7yn,Rest of Bay Area
9qb7yp,Rest of Bay Area
9qb7yq,Rest of Bay Area
9qb7yr,Rest of Bay Area
9qb7ys,Rest of Bay Area
9qb7yt,Rest of Bay Area
9qb7yu,Rest of Bay Area
9qb7yv,Rest of Bay Area
9qb7yw,Rest of Bay Area
9qb7yx,Rest of Bay Area
9qb7yy,Rest of Bay Area
9qb7yz,Rest of Bay Area
9qb7z0,Rest of Bay Area
9qb7z1,Rest of Bay Area
9qb7z2,Rest of Bay Area
9qb7z3,Rest of Bay Area
9qb7z4,Rest of Bay Area
9qb7z5,Rest of Bay Area
9qb7z6,Rest of Bay Area
9qb7z7,Rest of Bay Area
9qb7z8,Rest of Bay Area
9qb7z9,Rest of Bay Area
9qb7zb,Rest of Bay Area
9qb7zc,Rest of Bay Area
9qb7zd,Rest of Bay Area
9qb7ze,Rest of Bay Area
9qb7zf,Rest of Bay Area
9qb7zg,Rest of Bay Area
9qb7zh,Rest of Bay Area
9qb7zj,Rest of Bay Area
9qb7zk,Rest of Bay Area
9qb7zm,Rest of Bay Area
9qb7zn,Rest of Bay Area
9qb7zp,Rest of Bay Area
9qb7zq,Rest of Bay Area
9qb7zr,Rest of Bay Area
9qb7zs,Rest of Bay Area
9qb7zt,Rest of Bay Area
9qb7zu,Rest of Bay Area
9qb7zv,Rest of Bay Area
9qb7zw,Rest of Bay Area
9qb7zx,Rest of Bay Area
9qb7zy,Rest of Bay Area
9qb7zz,Rest of Bay Area
9qb80s,Rest of Bay Area
9qb80t,Rest of Bay Area
9qb80u,Rest of Bay Area
9qb80v,Rest of Bay Area
9qb80y,Rest of Bay Area
9qb80z,Rest of Bay Area
9qb81e,Rest of Bay Area
9qb81g,Rest of Bay Area
9qb81h,Rest of Bay Area
9qb81j,Rest of Bay Area
9qb81k,Rest of Bay Area
9qb81m,Rest of Bay Area
9qb81n,Rest of Bay Area
9qb81p,Rest of Bay Area
9qb81q,Rest of Bay Area
9qb81r,Rest of Bay Area
9qb81s,Rest of Bay Area
9qb81t,Rest of Bay Area
9qb81u,Rest of Bay Area
9qb81x,Rest of Bay Area
9qb82b,Rest of Bay Area
9qb82c,Rest of Bay Area
9qb830,Rest of Bay Area
9qb831,Rest of Bay Area
9qb832,Rest of Bay Area
9qb833,Rest of Bay Area
9qb834,Rest of Bay Area
9qb835,Rest of Bay Area
9qb836,Rest of Bay Area
9qb837,Rest of Bay Area
9qb838,Rest of Bay Area
9qb839,Rest of Bay Area
9qb83c,Rest of Bay Area
9qb83d,Rest of Bay Area
9qb83e,Rest of Bay Area
9qb83f,Rest of Bay Area
9qb83g,Rest of Bay Area
9qb83h,Rest of Bay Area
9qb83j,Rest of Bay Area
9qb83k,Rest of Bay Area
9qb83m,Rest of Bay Area
9qb83q,Rest of Bay Area
9qb83r,Rest of Bay Area
9qb83s,Rest of Bay Area
9qb83t,Rest of Bay Area
9qb83u,Rest of Bay Area
9qb83v,Rest of Bay Area
9qb83w,Rest of Bay Area
9qb83x,Rest of Bay Area
9qb83y,Rest of Bay Area
9qb83z,Rest of Bay Area
9qb864,Rest of Bay Area
9qb865,Rest of Bay Area
9qb867,Rest of Bay Area
9qb86e,Rest of Bay Area
9qb86f,Rest of Bay Area
9qb86g,Rest of Bay Area
9qb86h,Rest of Bay Area
9qb86j,Rest of Bay Area
9qb86k,Rest of Bay Area
9qb86m,Rest of Bay Area
9qb86n,Rest of Bay Area
9qb86p,Rest of Bay Area
9qb86q,Rest of Bay Area
9qb86r,Rest of Bay Area
9qb86s,Rest of Bay Area
9qb86t,Rest of Bay Area
9qb86u,Rest of Bay Area
9qb86v,Rest of Bay Area
9qb86w,Rest of Bay Area
9qb86x,Rest of Bay Area
9qb86y,Rest of Bay Area
9qb86z,Rest of Bay Area
9qb874,Rest of Bay Area
9qb875,Rest of Bay Area
9qb876,Rest of Bay Area
9qb877,Rest of Bay Area
9qb87c,Rest of Bay Area
9qb87d,Rest of Bay Area
9qb87e,Rest of Bay Area
9qb87f,Rest of Bay Area
9qb87g,Rest of Bay Area
9qb87h,Rest of Bay Area
9qb87j,Rest of Bay Area
9qb87k,Rest of Bay Area
9qb87m,Rest of Bay Area
9qb87n,Rest of Bay Area
9qb87p,Rest of Bay Area
9qb87q,Rest of Bay Area
9qb87r,Rest of Bay Area
9qb87s,Rest of Bay Area
9qb87t,Rest of Bay Area
9qb87u,Rest of Bay Area
9qb87v,Rest of Bay Area
9qb87w,Rest of Bay Area
9qb87x,Rest of Bay Area
9qb87y,Rest of Bay Area
9qb87z,Rest of Bay Area
9qb892,Rest of Bay Area
9qb893,Rest of Bay Area
9qb898,Rest of Bay Area
9qb899,Rest of Bay Area
9qb89b,Rest of Bay Area
9qb89c,Rest of Bay Area
9qb89d,Rest of Bay Area
9qb89e,Rest of Bay Area
9qb89f,Rest of Bay Area
9qb89g,Rest of Bay Area
9qb89s,Rest of Bay Area
9qb89t,Rest of Bay Area
9qb89u,Rest of Bay Area
9qb89v,Rest of Bay Area
9qb89w,Rest of Bay Area
9qb89y,Rest of Bay Area
9qb89z,Rest of Bay Area
9qb8cb,Rest of Bay Area
9qb8cc,Rest of Bay Area
9qb8cf,Rest of Bay Area
9qb8cg,Rest of Bay Area
9qb8d0,Rest of Bay Area
9qb8d1,Rest of Bay Area
9qb8d2,Rest of Bay Area
9qb8d3,Rest of Bay Area
9qb8d4,Rest of Bay Area
9qb8d5,Rest of Bay Area
9qb8d6,Rest of Bay Area
9qb8d7,Rest of Bay Area
9qb8d8,Rest of Bay Area
9qb8d9,Rest of Bay Area
9qb8db,Rest of Bay Area
9qb8dc,Rest of Bay Area
9qb8dd,Rest of Bay Area
9qb8de,Rest of Bay Area
9qb8df,Rest of Bay Area
9qb8dg,Rest of Bay Area
9qb8dh,Rest of Bay Area
9qb8dj,Rest of Bay Area
9qb8dk,Rest of Bay Area
9qb8dm,Rest of Bay Area
9qb8dn,Rest of Bay Area
9qb8dp,Rest of Bay Area
9qb8dq,Rest of Bay Area
9qb8dr,Rest of Bay Area
9qb8ds,Rest of Bay Area
9qb8dt,Rest of Bay Area
9qb8du,Rest of Bay Area
9qb8dv,Rest of Bay Area
9qb8dw,Rest of Bay Area
9qb8dx,Rest of Bay Area
9qb8dy,Rest of Bay Area
9qb8dz,Rest of Bay Area
9qb8e0,Rest of Bay Area
9qb8e1,Rest of Bay Area
9qb8e2,Rest of Bay Area
9qb8e3,Rest of Bay Area
9qb8e4,Rest of Bay Area
9qb8e5,Rest of Bay Area
9qb8e6,Rest of Bay Area
9qb8e7,Rest of Bay Area
9qb8e8,Rest of Bay Area
9qb8e9,Rest of Bay Area
9qb8eb,Rest of Bay Area
9qb8ec,Rest of Bay Area
9qb8ed,Rest of Bay Area
9qb8ee,Rest of Bay Area
9qb8ef,Rest of Bay Area
9qb8eg,Rest of Bay Area
9qb8eh,Rest of Bay Area
9qb8ej,Rest of Bay Area
9qb8ek,Rest of Bay Area
9qb8em,Rest of Bay Area
9qb8en,Rest of Bay Area
9qb8ep,Rest of Bay Area
9qb8eq,Rest of Bay Area
9qb8er,Rest of Bay Area
9qb8es,Rest of Bay Area
9qb8et,Rest of Bay Area
9qb8eu,Rest of Bay Area
9qb8ev,Rest of Bay Area
9qb8ew,Rest of Bay Area
9qb8ex,Rest of Bay Area
9qb8ey,Rest of Bay Area
9qb8ez,Rest of Bay Area
9qb8f0,Rest of Bay Area
9qb8f1,Rest of Bay Area
9qb8f2,Rest of Bay Area
9qb8f3,Rest of Bay Area
9qb8f4,Rest of Bay Area
9qb8f5,Rest of Bay Area
9qb8f6,Rest of Bay Area
9qb8f7,Rest of Bay Area
9qb8f8,Rest of Bay Area
9qb8f9,Rest of Bay Area
9qb8fb,Rest of Bay Area
9qb8fc,Rest of Bay Area
9qb8fd,Rest of Bay Area
9qb8fe,Rest of Bay Area
9qb8ff,Rest of Bay Area
9qb8fg,Rest of Bay Area
9qb8fh,Rest of Bay Area
9qb8fj,Rest of Bay Area
9qb8fk,Rest of Bay Area
9qb8fm,Rest of Bay Area
9qb8fn,Rest of Bay Area
9qb8fp,Rest of Bay Area
9qb8fq,Rest of Bay Area
9qb8fr,Rest of Bay Area
9qb8fs,Rest of Bay Area
9qb8ft,Rest of Bay Area
9qb8fu,Rest of Bay Area
9qb8fv,Rest of Bay Area
9qb8fw,Rest of Bay Area
9qb8fx,Rest of Bay Area
9qb8fy,Rest of Bay Area
9qb8fz,Rest of Bay Area
9qb8g0,Rest of Bay Area
9qb8g1,Rest of Bay Area
9qb8g2,Rest of Bay Area
9qb8g3,Rest of Bay Area
9qb8g4,Rest of Bay Area
9qb8g5,Rest of Bay Area
9qb8g6,Rest of Bay Area
9qb8g7,Rest of Bay Area
9qb8g8,Rest of Bay Area
9qb8g9,Rest of Bay Area
9qb8gb,Rest of Bay Area
9qb8gc,Rest of Bay Area
9qb8gd,Rest of Bay Area
9qb8ge,Rest of Bay Area
9qb8gf,Rest of Bay Area
9qb8gg,Rest of Bay Area
9qb8gh,Rest of Bay Area
9qb8gj,Rest of Bay Area
9qb8gk,Rest of Bay Area
9qb8gm,Rest of Bay Area
9qb8gn,Rest of Bay Area
9qb8gp,Rest of Bay Area
9qb8gq,Rest of Bay Area
9qb8gr,Rest of Bay Area
9qb8gs,Rest of Bay Area
9qb8gt,Rest of Bay Area
9qb8gu,Rest of Bay Area
9qb8gv,Rest of Bay Area
9qb8gy,Rest of Bay Area
9qb8gz,Rest of Bay Area
9qb8hr,Rest of Bay Area
9qb8hv,Rest of Bay Area
9qb8hw,Rest of Bay Area
9qb8hx,Rest of Bay Area
9qb8hy,Rest of Bay Area
9qb8hz,Rest of Bay Area
9qb8j5,Rest of Bay Area
9qb8j6,Rest of Bay Area
9qb8j7,Rest of Bay Area
9qb8j8,Rest of Bay Area
9qb8j9,Rest of Bay Area
9qb8jb,Rest of Bay Area
9qb8jc,Rest of Bay Area
9qb8jd,Rest of Bay Area
9qb8je,Rest of Bay Area
9qb8jf,Rest of Bay Area
9qb8jg,Rest of Bay Area
9qb8jh,Rest of Bay Area
9qb8jj,Rest of Bay Area
9qb8jk,Rest of Bay Area
9qb8jm,Rest of Bay Area
9qb8jn,Rest of Bay Area
9qb8jp,Rest of Bay Area
9qb8jq,Rest of Bay Area
9qb8jr,Rest of Bay Area
9qb8js,Rest of Bay Area
9qb8jt,Rest of Bay Area
9qb8ju,Rest of Bay Area
9qb8jv,Rest of Bay Area
9qb8jw,Rest of Bay Area
9qb8jx,Rest of Bay Area
9qb8jy,Rest of Bay Area
9qb8jz,Rest of Bay Area
9qb8k0,Rest of Bay Area
9qb8k1,Rest of Bay Area
9qb8k2,Rest of Bay Area
9qb8k3,Rest of Bay Area
9qb8k4,Rest of Bay Area
9qb8k5,Rest of Bay Area
9qb8k6,Rest of Bay Area
9qb8k7,Rest of Bay Area
9qb8k8,Rest of Bay Area
9qb8k9,Rest of Bay Area
9qb8kb,Rest of Bay Area
9qb8kc,Rest of Bay Area
9qb8kd,Rest of Bay Area
9qb8ke,Rest of Bay Area
9qb8kf,Rest of Bay Area
9qb8kg,Rest of Bay Area
9qb8kh,Rest of Bay Area
9qb8kj,Rest of Bay Area
9qb8kk,Rest of Bay Area
9qb8km,Rest of Bay Area
9qb8kn,Rest of Bay Area
9qb8kp,Rest of Bay Area
9qb8kq,Rest of Bay Area
9qb8kr,Rest of Bay Area
9qb8ks,Rest of Bay Area
9qb8kt,Rest of Bay Area
9qb8ku,Rest of Bay Area
9qb8kv,Rest of Bay Area
9qb8kw,Rest of Bay Area
9qb8kx,Rest of Bay Area
9qb8ky,Rest of Bay Area
9qb8kz,Rest of Bay Area
9qb8m0,Rest of Bay Area
9qb8m1,Rest of Bay Area
9qb8m2,Rest of Bay Area
9qb8m3,Rest of Bay Area
9qb8m4,Rest of Bay Area
9qb8m5,Rest of Bay Area
9qb8m6,Rest of Bay Area
9qb8m7,Rest of Bay Area
9qb8m8,Rest of Bay Area
9qb8m9,Rest of Bay Area
9qb8mb,Rest of Bay Area
9qb8mc,Rest of Bay Area
9qb8md,Rest of Bay Area
9qb8me,Rest of Bay Area
9qb8mf,Rest of Bay Area
9qb8mg,Rest of Bay Area
9qb8mh,Rest of Bay Area
9qb8mj,Rest of Bay Area
9qb8mk,Rest of Bay Area
9qb8mm,Rest of Bay Area
9qb8mn,Rest of Bay Area
9qb8mp,Rest of Bay Area
9qb8mq,Rest of Bay Area
9qb8mr,Rest of Bay Area
9qb8ms,Rest of Bay Area
9qb8mt,Rest of Bay Area
9qb8mu,Rest of Bay Area
9qb8mv,Rest of Bay Area
9qb8mw,Rest of Bay Area
9qb8mx,Rest of Bay Area
9qb8my,Rest of Bay Area
9qb8mz,Rest of Bay Area
9qb8n0,Rest of Bay Area
9qb8n1,Rest of Bay Area
9qb8n2,Rest of Bay Area
9qb8n3,Rest of Bay Area
9qb8n4,Rest of Bay Area
9qb8n5,Rest of Bay Area
9qb8n6,Rest of Bay Area
9qb8n7,Rest of Bay Area
9qb8n8,Rest of Bay Area
9qb8n9,Rest of Bay Area
9qb8nb,Rest of Bay Area
9qb8nc,Rest of Bay Area
9qb8nd,Rest of Bay Area
9qb8ne,Rest of Bay Area
9qb8nf,Rest of Bay Area
9qb8ng,Rest of Bay Area
9qb8nh,Rest of Bay Area
9qb8nj,Rest of Bay Area
9qb8nk,Rest of Bay Area
9qb8nm,Rest of Bay Area
9qb8nn,Rest of Bay Area
9qb8np,Rest of Bay Area
9qb8nq,Rest of Bay Area
9qb8nr,Rest of Bay Area
9qb8ns,Rest of Bay Area
9qb8nt,Rest of Bay Area
9qb8nu,Rest of Bay Area
9qb8nv,Rest of Bay Area
9qb8nw,Rest of Bay Area
9qb8nx,Rest of Bay Area
9qb8ny,Rest of Bay Area
9qb8nz,Rest of Bay Area
9qb8p0,Rest of Bay Area
9qb8p1,Rest of Bay Area
9qb8p2,Rest of Bay Area
9qb8p3,Rest of Bay Area
9qb8p4,Rest of Bay Area
9qb8p5,Rest of Bay Area
9qb8p6,Rest of Bay Area
9qb8p7,Rest of Bay Area
9qb8p8,Rest of Bay Area
9qb8p9,Rest of Bay Area
9qb8pb,Rest of Bay Area
9qb8pc,Rest of Bay Area
9qb8pd,Rest of Bay Area
9qb8pe,Rest of Bay Area
9qb8pf,Rest of Bay Area
9qb8pg,Rest of Bay Area
9qb8ph,Rest of Bay Area
9qb8pj,Rest of Bay Area
9qb8pk,Rest of Bay Area
9qb8pm,Rest of Bay Area
9qb8pn,Rest of Bay Area
9qb8pp,Rest of Bay Area
9qb8pq,Rest of Bay Area
9qb8pr,Rest of Bay Area
9qb8ps,Rest of Bay Area
9qb8pt,Rest of Bay Area
9qb8pu,Rest of Bay Area
9qb8pv,Rest of Bay Area
9qb8pw,Rest of Bay Area
9qb8px,Rest of Bay Area
9qb8py,Rest of Bay Area
9qb8pz,Rest of Bay Area
9qb8q0,Rest of Bay Area
9qb8q1,Rest of Bay Area
9qb8q2,Rest of Bay Area
9qb8q3,Rest of Bay Area
9qb8q4,Rest of Bay Area
9qb8q5,Rest of Bay Area
9qb8q6,Rest of Bay Area
9qb8q7,Rest of Bay Area
9qb8q8,Rest of Bay Area
9qb8q9,Rest of Bay Area
9qb8qb,Rest of Bay Area
9qb8qc,Rest of Bay Area
9qb8qd,Rest of Bay Area
9qb8qe,Rest of Bay Area
9qb8qf,Rest of Bay Area
9qb8qg,Rest of Bay Area
9qb8qh,Rest of Bay Area
9qb8qj,Rest of Bay Area
9qb8qk,Rest of Bay Area
9qb8qm,Rest of Bay Area
9qb8qn,Rest of Bay Area
9qb8qp,Rest of Bay Area
9qb8qq,Rest of Bay Area
9qb8qr,Rest of Bay Area
9qb8qs,Rest of Bay Area
9qb8qt,Rest of Bay Area
9qb8qu,Rest of Bay Area
9qb8qv,Rest of Bay Area
9qb8qw,Rest of Bay Area
9qb8qx,Rest of Bay Area
9qb8qy,Rest of Bay Area
9qb8qz,Rest of Bay Area
9qb8r0,Rest of Bay Area
9qb8r1,Rest of Bay Area
9qb8r2,Rest of Bay Area
9qb8r3,Rest of Bay Area
9qb8r4,Rest of Bay Area
9qb8r5,Rest of Bay Area
9qb8r6,Rest of Bay Area
9qb8r7,Rest of Bay Area
9qb8r8,Rest of Bay Area
9qb8r9,Rest of Bay Area
9qb8rb,Rest of Bay Area
9qb8rc,Rest of Bay Area
9qb8rd,Rest of Bay Area
9qb8re,Rest of Bay Area
9qb8rf,Rest of Bay Area
9qb8rg,Rest of Bay Area
9qb8rh,Rest of Bay Area
9qb8rj,Rest of Bay Area
9qb8rk,Rest of Bay Area
9qb8rm,Rest of Bay Area
9qb8rn,Rest of Bay Area
9qb8rp,Rest of Bay Area
9qb8rq,Rest of Bay Area
9qb8rr,Rest of Bay Area
9qb8rs,Rest of Bay Area
9qb8rt,Rest of Bay Area
9qb8ru,Rest of Bay Area
9qb8rv,Rest of Bay Area
9qb8rw,Rest of Bay Area
9qb8rx,Rest of Bay Area
9qb8ry,Rest of Bay Area
9qb8rz,Rest of Bay Area
9qb8s0,Rest of Bay Area
9qb8s1,Rest of Bay Area
9qb8s2,Rest of Bay Area
9qb8s3,Rest of Bay Area
9qb8s4,Rest of Bay Area
9qb8s5,Rest of Bay Area
9qb8s6,Rest of Bay Area
9qb8s7,Rest of Bay Area
9qb8s8,Rest of Bay Area
9qb8s9,Rest of Bay Area
9qb8sb,Rest of Bay Area
9qb8sc,Rest of Bay Area
9qb8sd,Rest of Bay Area
9qb8se,Rest of Bay Area
9qb8sf,Rest of Bay Area
9qb8sg,Rest of Bay Area
9qb8sh,Rest of Bay Area
9qb8sj,Rest of Bay Area
9qb8sk,Rest of Bay Area
9qb8sm,Rest of Bay Area
9qb8sn,Rest of Bay Area
9qb8sp,Rest of Bay Area
9qb8sq,Rest of Bay Area
9qb8sr,Rest of Bay Area
9qb8ss,Rest of Bay Area
9qb8st,Rest of Bay Area
9qb8su,Rest of Bay Area
9qb8sv,Rest of Bay Area
9qb8sw,Rest of Bay Area
9qb8sy,Rest of Bay Area
9qb8sz,Rest of Bay Area
9qb8t0,Rest of Bay Area
9qb8t1,Rest of Bay Area
9qb8t2,Rest of Bay Area
9qb8t3,Rest of Bay Area
9qb8t4,Rest of Bay Area
9qb8t5,Rest of Bay Area
9qb8t6,Rest of Bay Area
9qb8t7,Rest of Bay Area
9qb8t8,Rest of Bay Area
9qb8t9,Rest of Bay Area
9qb8tb,Rest of Bay Area
9qb8tc,Rest of Bay Area
9qb8td,Rest of Bay Area
9qb8te,Rest of Bay Area
9qb8tf,Rest of Bay Area
9qb8tg,Rest of Bay Area
9qb8th,Rest of Bay Area
9qb8tj,Rest of Bay Area
9qb8tk,Rest of Bay Area
9qb8tm,Rest of Bay Area
9qb8tn,Rest of Bay Area
9qb8tp,Rest of Bay Area
9qb8tq,Rest of Bay Area
9qb8tr,Rest of Bay Area
9qb8ts,Rest of Bay Area
9qb8tt,Rest of Bay Area
9qb8tu,Rest of Bay Area
9qb8tv,Rest of Bay Area
9qb8tw,Rest of Bay Area
9qb8tx,Rest of Bay Area
9qb8ty,Rest of Bay Area
9qb8tz,Rest of Bay Area
9qb8u0,Rest of Bay Area
9qb8u1,Rest of Bay Area
9qb8u2,Rest of Bay Area
9qb8u3,Rest of Bay Area
9qb8u4,Rest of Bay Area
9qb8u5,Rest of Bay Area
9qb8u6,Rest of Bay Area
9qb8u7,Rest of Bay Area
9qb8u8,Rest of Bay Area
9qb8u9,Rest of Bay Area
9qb8ub,Rest of Bay Area
9qb8uc,Rest of Bay Area
9qb8ud,Rest of Bay Area
9qb8ue,Rest of Bay Area
9qb8uf,Rest of Bay Area
9qb8ug,Rest of Bay Area
9qb8uh,Rest of Bay Area
9qb8uj,Rest of Bay Area
9qb8uk,Rest of Bay Area
9qb8um,Rest of Bay Area
9qb8un,Rest of Bay Area
9qb8up,Rest of Bay Area
9qb8uq,Rest of Bay Area
9qb8ur,Rest of Bay Area
9qb8us,Rest of Bay Area
9qb8ut,Rest of Bay Area
9qb8uu,Rest of Bay Area
9qb8uv,Rest of Bay Area
9qb8uw,Rest of Bay Area
9qb8ux,Rest of Bay Area
9qb8uy,Rest of Bay Area
9qb8uz,Rest of Bay Area
9qb8v0,Rest of Bay Area
9qb8v1,Rest of Bay Area
9qb8v2,Rest of Bay Area
9qb8v3,Rest of Bay Area
9qb8v4,Rest of Bay Area
9qb8v5,Rest of Bay Area
9qb8v6,Rest of Bay Area
9qb8v7,Rest of Bay Area
9qb8v8,Rest of Bay Area
9qb8v9,Rest of Bay Area
9qb8vb,Rest of Bay Area
9qb8vc,Rest of Bay Area
9qb8vd,Rest of Bay Area
9qb8ve,Rest of Bay Area
9qb8vf,Rest of Bay Area
9qb8vg,Rest of Bay Area
9qb8vh,Rest of Bay Area
9qb8vj,Rest of Bay Area
9qb8vk,Rest of Bay Area
9qb8vm,Rest of Bay Area
9qb8vn,Rest of Bay Area
9qb8vp,Rest of Bay Area
9qb8vq,Rest of Bay Area
9qb8vr,Rest of Bay Area
9qb8vs,Rest of Bay Area
9qb8vt,Rest of Bay Area
9qb8vu,Rest of Bay Area
9qb8vv,Rest of Bay Area
9qb8vw,Rest of Bay Area
9qb8vx,Rest of Bay Area
9qb8vy,Rest of Bay Area
9qb8vz,Rest of Bay Area
9qb8w0,Rest of Bay Area
9qb8w1,Rest of Bay Area
9qb8w2,Rest of Bay Area
9qb8w3,Rest of Bay Area
9qb8w4,Rest of Bay Area
9qb8w5,Rest of Bay Area
9qb8w6,Rest of Bay Area
9qb8w7,Rest of Bay Area
9qb8w8,Rest of Bay Area
9qb8w9,Rest of Bay Area
9qb8wb,Rest of Bay Area
9qb8wc,Rest of Bay Area
9qb8wd,Rest of Bay Area
9qb8we,Rest of Bay Area
9qb8wf,Rest of Bay Area
9qb8wg,Rest of Bay Area
9qb8wh,Rest of Bay Area
9qb8wj,Rest of Bay Area
9qb8wk,Rest of Bay Area
9qb8wm,Rest of Bay Area
9qb8wn,Rest of Bay Area
9qb8wp,Rest of Bay Area
9qb8wq,Rest of Bay Area
9qb8wr,Rest of Bay Area
9qb8ws,Rest of Bay Area
9qb8wt,Rest of Bay Area
9qb8wu,Rest of Bay Area
9qb8wv,Rest of Bay Area
9qb8ww,Rest of Bay Area
9qb8wx,Rest of Bay Area
9qb8wy,Rest of Bay Area
9qb8wz,Rest of Bay Area
9qb8x0,Rest of Bay Area
9qb8x1,Rest of Bay Area
9qb8x2,Rest of Bay Area
9qb8x3,Rest of Bay Area
9qb8x4,Rest of Bay Area
9qb8x5,Rest of Bay Area
9qb8x6,Rest of Bay Area
9qb8x7,Rest of Bay Area
9qb8x8,Rest of Bay Area
9qb8x9,Rest of Bay Area
9qb8xb,Rest of Bay Area
9qb8xc,Rest of Bay Area
9qb8xd,Rest of Bay Area
9qb8xe,Rest of Bay Area
9qb8xf,Rest of Bay Area
9qb8xg,Rest of Bay Area
9qb8xh,Rest of Bay Area
9qb8xj,Rest of Bay Area
9qb8xk,Rest of Bay Area
9qb8xm,Rest of Bay Area
9qb8xn,Rest of Bay Area
9qb8xp,Rest of Bay Area
9qb8xq,Rest of Bay Area
9qb8xr,Rest of Bay Area
9qb8xs,Rest of Bay Area
9qb8xt,Rest of Bay Area
9qb8xu,Rest of Bay Area
9qb8xv,Rest of Bay Area
9qb8xw,Rest of Bay Area
9qb8xx,Rest of Bay Area
9qb8xy,Rest of Bay Area
9qb8xz,Rest of Bay Area
9qb8y0,Rest of Bay Area
9qb8y1,Rest of Bay Area
9qb8y2,Rest of Bay Area
9qb8y3,Rest of Bay Area
9qb8y4,Rest of Bay Area
9qb8y5,Rest of Bay Area
9qb8y6,Rest of Bay Area
9qb8y7,Rest of Bay Area
9qb8y8,Rest of Bay Area
9qb8y9,Rest of Bay Area
9qb8yb,Rest of Bay Area
9qb8yc,Rest of Bay Area
9qb8yd,Rest of Bay Area
9qb8ye,Rest of Bay Area
9qb8yf,Rest of Bay Area
9qb8yg,Rest of Bay Area
9qb8yh,Rest of Bay Area
9qb8yj,Rest of Bay Area
9qb8yk,Rest of Bay Area
9qb8ym,Rest of Bay Area
9qb8yn,Rest of Bay Area
9qb8yp,Rest of Bay Area
9qb8yq,Rest of Bay Area
9qb8yr,Rest of Bay Area
9qb8ys,Rest of Bay Area
9qb8yt,Rest of Bay Area
9qb8yu,Rest of Bay Area
9qb8yv,Rest of Bay Area
9qb8yw,Rest of Bay Area
9qb8yx,Rest of Bay Area
9qb8yy,Rest of Bay Area
9qb8yz,Rest of Bay Area
9qb8z0,Rest of Bay Area
9qb8z1,Rest of Bay Area
9qb8z2,Rest of Bay Area
9qb8z3,Rest of Bay Area
9qb8z4,Rest of Bay Area
9qb8z5,Rest of Bay Area
9qb8z6,Rest of Bay Area
9qb8z7,Rest of Bay Area
9qb8z8,Rest of Bay Area
9qb8z9,Rest of Bay Area
9qb8zb,Rest of Bay Area
9qb8zc,Rest of Bay Area
9qb8zd,Rest of Bay Area
9qb8ze,Rest of Bay Area
9qb8zf,Rest of Bay Area
9qb8zg,Rest of Bay Area
9qb8zh,Rest of Bay Area
9qb8zj,Rest of Bay Area
9qb8zk,Rest of Bay Area
9qb8zm,Rest of Bay Area
9qb8zn,Rest of Bay Area
9qb8zp,Rest of Bay Area
9qb8zq,Rest of Bay Area
9qb8zr,Rest of Bay Area
9qb8zs,Rest of Bay Area
9qb8zt,Rest of Bay Area
9qb8zu,Rest of Bay Area
9qb8zv,Rest of Bay Area
9qb8zw,Rest of Bay Area
9qb8zx,Rest of Bay Area
9qb8zy,Rest of Bay Area
9qb8zz,Rest of Bay Area
9qb91y,Rest of Bay Area
9qb91z,Rest of Bay Area
9qb93b,Rest of Bay Area
9qb93c,Rest of Bay Area
9qb93d,Rest of Bay Area
9qb93e,Rest of Bay Area
9qb93f,Rest of Bay Area
9qb93g,Rest of Bay Area
9qb93m,Rest of Bay Area
9qb93q,Rest of Bay Area
9qb93r,Rest of Bay Area
9qb93s,Rest of Bay Area
9qb93t,Rest of Bay Area
9qb93u,Rest of Bay Area
9qb93v,Rest of Bay Area
9qb93w,Rest of Bay Area
9qb93x,Rest of Bay Area
9qb93z,Rest of Bay Area
9qb940,Rest of Bay Area
9qb941,Rest of Bay Area
9qb942,Rest of Bay Area
9qb943,Rest of Bay Area
9qb944,Rest of Bay Area
9qb945,Rest of Bay Area
9qb946,Rest of Bay Area
9qb947,Rest of Bay Area
9qb948,Rest of Bay Area
9qb949,Rest of Bay Area
9qb94b,Rest of Bay Area
9qb94c,Rest of Bay Area
9qb94d,Rest of Bay Area
9qb94e,Rest of Bay Area
9qb94f,Rest of Bay Area
9qb94g,Rest of Bay Area
9qb94h,Rest of Bay Area
9qb94j,Rest of Bay Area
9qb94k,Rest of Bay Area
9qb94m,Rest of Bay Area
9qb94n,Rest of Bay Area
9qb94p,Rest of Bay Area
9qb94q,Rest of Bay Area
9qb94r,Rest of Bay Area
9qb94s,Rest of Bay Area
9qb94t,Rest of Bay Area
9qb94u,Rest of Bay Area
9qb94v,Rest of Bay Area
9qb94w,Rest of Bay Area
9qb94x,Rest of Bay Area
9qb950,Rest of Bay Area
9qb951,Rest of Bay Area
9qb952,Rest of Bay Area
9qb954,Rest of Bay Area
9qb955,Rest of Bay Area
9qb956,Rest of Bay Area
9qb957,Rest of Bay Area
9qb958,Rest of Bay Area
9qb959,Rest of Bay Area
9qb95b,Rest of Bay Area
9qb95c,Rest of Bay Area
9qb95d,Rest of Bay Area
9qb95e,Rest of Bay Area
9qb95f,Rest of Bay Area
9qb95g,Rest of Bay Area
9qb95j,Rest of Bay Area
9qb95k,Rest of Bay Area
9qb95m,Rest of Bay Area
9qb95n,Rest of Bay Area
9qb95p,Rest of Bay Area
9qb95q,Rest of Bay Area
9qb95r,Rest of Bay Area
9qb95s,Rest of Bay Area
9qb95t,Rest of Bay Area
9qb95u,Rest of Bay Area
9qb95v,Rest of Bay Area
9qb95w,Rest of Bay Area
9qb95x,Rest of Bay Area
9qb95y,Rest of Bay Area
9qb95z,Rest of Bay Area
9qb960,Rest of Bay Area
9qb961,Rest of Bay Area
9qb962,Rest of Bay Area
9qb963,Rest of Bay Area
9qb964,Rest of Bay Area
9qb965,Rest of Bay Area
9qb966,Rest of Bay Area
9qb968,Rest of Bay Area
9qb96b,Rest of Bay Area
9qb96c,Rest of Bay Area
9qb96e,Rest of Bay Area
9qb96f,Rest of Bay Area
9qb96g,Rest of Bay Area
9qb96h,Rest of Bay Area
9qb96j,Rest of Bay Area
9qb96k,Rest of Bay Area
9qb96m,Rest of Bay Area
9qb96n,Rest of Bay Area
9qb96p,Rest of Bay Area
9qb96q,Rest of Bay Area
9qb96r,Rest of Bay Area
9qb96s,Rest of Bay Area
9qb96t,Rest of Bay Area
9qb96u,Rest of Bay Area
9qb96v,Rest of Bay Area
9qb96w,Rest of Bay Area
9qb96x,Rest of Bay Area
9qb96y,Rest of Bay Area
9qb96z,Rest of Bay Area
9qb970,Rest of Bay Area
9qb971,Rest of Bay Area
9qb972,Rest of Bay Area
9qb973,Rest of Bay Area
9qb974,Rest of Bay Area
9qb975,Rest of Bay Area
9qb976,Rest of Bay Area
9qb977,Rest of Bay Area
9qb978,Rest of Bay Area
9qb979,Rest of Bay Area
9qb97b,Rest of Bay Area
9qb97c,Rest of Bay Area
9qb97d,Rest of Bay Area
9qb97e,Rest of Bay Area
9qb97f,Rest of Bay Area
9qb97g,Rest of Bay Area
9qb97h,Rest of Bay Area
9qb97j,Rest of Bay Area
9qb97k,Rest of Bay Area
9qb97m,Rest of Bay Area
9qb97n,Rest of Bay Area
9qb97p,Rest of Bay Area
9qb97q,Rest of Bay Area
9qb97r,Rest of Bay Area
9qb97s,Rest of Bay Area
9qb97t,Rest of Bay Area
9qb97u,Rest of Bay Area
9qb97v,Rest of Bay Area
9qb97w,Rest of Bay Area
9qb97x,Rest of Bay Area
9qb97y,Rest of Bay Area
9qb97z,Rest of Bay Area
9qb990,Rest of Bay Area
9qb991,Rest of Bay Area
9qb992,Rest of Bay Area
9qb993,Rest of Bay Area
9qb998,Rest of Bay Area
9qb999,Rest of Bay Area
9qb99b,Rest of Bay Area
9qb99c,Rest of Bay Area
9qb99f,Rest of Bay Area
9qb99g,Rest of Bay Area
9qb99q,Rest of Bay Area
9qb99r,Rest of Bay Area
9qb99s,Rest of Bay Area
9qb99t,Rest of Bay Area
9qb99u,Rest of Bay Area
9qb99v,Rest of Bay Area
9qb99w,Rest of Bay Area
9qb99x,Rest of Bay Area
9qb99y,Rest of Bay Area
9qb99z,Rest of Bay Area
9qb9bg,Rest of Bay Area
9qb9bn,Rest of Bay Area
9qb9bp,Rest of Bay Area
9qb9bq,Rest of Bay Area
9qb9br,Rest of Bay Area
9qb9bt,Rest of Bay Area
9qb9bu,Rest of Bay Area
9qb9bv,Rest of Bay Area
9qb9bw,Rest of Bay Area
9qb9bx,Rest of Bay Area
9qb9by,Rest of Bay Area
9qb9bz,Rest of Bay Area
9qb9c0,Rest of Bay Area
9qb9c1,Rest of Bay Area
9qb9c2,Rest of Bay Area
9qb9c3,Rest of Bay Area
9qb9c4,Rest of Bay Area
9qb9c5,Rest of Bay Area
9qb9c6,Rest of Bay Area
9qb9c7,Rest of Bay Area
9qb9c8,Rest of Bay Area
9qb9c9,Rest of Bay Area
9qb9cb,Rest of Bay Area
9qb9cc,Rest of Bay Area
9qb9cd,Rest of Bay Area
9qb9ce,Rest of Bay Area
9qb9cf,Rest of Bay Area
9qb9cg,Rest of Bay Area
9qb9ch,Rest of Bay Area
9qb9cj,Rest of Bay Area
9qb9ck,Rest of Bay Area
9qb9cm,Rest of Bay Area
9qb9cn,Rest of Bay Area
9qb9cp,Rest of Bay Area
9qb9cq,Rest of Bay Area
9qb9cr,Rest of Bay Area
9qb9cs,Rest of Bay Area
9qb9ct,Rest of Bay Area
9qb9cu,Rest of Bay Area
9qb9cv,Rest of Bay Area
9qb9cw,Rest of Bay Area
9qb9cx,Rest of Bay Area
9qb9cy,Rest of Bay Area
9qb9cz,Rest of Bay Area
9qb9d0,Rest of Bay Area
9qb9d1,Rest of Bay Area
9qb9d2,Rest of Bay Area
9qb9d3,Rest of Bay Area
9qb9d4,Rest of Bay Area
9qb9d5,Rest of Bay Area
9qb9d6,Rest of Bay Area
9qb9d7,Rest of Bay Area
9qb9d8,Rest of Bay Area
9qb9d9,Rest of Bay Area
9qb9db,Rest of Bay Area
9qb9dc,Rest of Bay Area
9qb9dd,Rest of Bay Area
9qb9de,Rest of Bay Area
9qb9df,Rest of Bay Area
9qb9dg,Rest of Bay Area
9qb9dh,Rest of Bay Area
9qb9dj,Rest of Bay Area
9qb9dk,Rest of Bay Area
9qb9dm,Rest of Bay Area
9qb9dn,Rest of Bay Area
9qb9dp,Rest of Bay Area
9qb9dq,Rest of Bay Area
9qb9dr,Rest of Bay Area
9qb9ds,Rest of Bay Area
9qb9dt,Rest of Bay Area
9qb9du,Rest of Bay Area
9qb9dv,Rest of Bay Area
9qb9dw,Rest of Bay Area
9qb9dx,Rest of Bay Area
9qb9dy,Rest of Bay Area
9qb9dz,Rest of Bay Area
9qb9e0,Rest of Bay Area
9qb9e1,Rest of Bay Area
9qb9e2,Rest of Bay Area
9qb9e3,Rest of Bay Area
9qb9e4,Rest of Bay Area
9qb9e5,Rest of Bay Area
9qb9e6,Rest of Bay Area
9qb9e7,Rest of Bay Area
9qb9e8,Rest of Bay Area
9qb9e9,Rest of Bay Area
9qb9eb,Rest of Bay Area
9qb9ec,Rest of Bay Area
9qb9ed,Rest of Bay Area
9qb9ee,Rest of Bay Area
9qb9ef,Rest of Bay Area
9qb9eg,Rest of Bay Area
9qb9eh,Rest of Bay Area
9qb9ej,Rest of Bay Area
9qb9ek,Rest of Bay Area
9qb9em,Rest of Bay Area
9qb9en,Rest of Bay Area
9qb9ep,Rest of Bay Area
9qb9eq,Rest of Bay Area
9qb9er,Rest of Bay Area
9qb9es,Rest of Bay Area
9qb9et,Rest of Bay Area
9qb9eu,Rest of Bay Area
9qb9ev,Rest of Bay Area
9qb9ew,Rest of Bay Area
9qb9ex,Rest of Bay Area
9qb9ey,Rest of Bay Area
9qb9ez,Rest of Bay Area
9qb9f0,Rest of Bay Area
9qb9f1,Rest of Bay Area
9qb9f2,Rest of Bay Area
9qb9f3,Rest of Bay Area
9qb9f4,Rest of Bay Area
9qb9f5,Rest of Bay Area
9qb9f6,Rest of Bay Area
9qb9f7,Rest of Bay Area
9qb9f8,Rest of Bay Area
9qb9f9,Rest of Bay Area
9qb9fb,Rest of Bay Area
9qb9fc,Rest of Bay Area
9qb9fd,Rest of Bay Area
9qb9fe,Rest of Bay Area
9qb9ff,Rest of Bay Area
9qb9fg,Rest of Bay Area
9qb9fh,Rest of Bay Area
9qb9fj,Rest of Bay Area
9qb9fk,Rest of Bay Area
9qb9fm,Rest of Bay Area
9qb9fn,Rest of Bay Area
9qb9fp,Rest of Bay Area
9qb9fq,Rest of Bay Area
9qb9fr,Rest of Bay Area
9qb9fs,Rest of Bay Area
9qb9ft,Rest of Bay Area
9qb9fu,Rest of Bay Area
9qb9fv,Rest of Bay Area
9qb9fw,Rest of Bay Area
9qb9fx,Rest of Bay Area
9qb9fy,Rest of Bay Area
9qb9fz,Rest of Bay Area
9qb9g0,Rest of Bay Area
9qb9g1,Rest of Bay Area
9qb9g2,Rest of Bay Area
9qb9g3,Rest of Bay Area
9qb9g4,Rest of Bay Area
9qb9g5,Rest of Bay Area
9qb9g6,Rest of Bay Area
9qb9g7,Rest of Bay Area
9qb9g8,Rest of Bay Area
9qb9g9,Rest of Bay Area
9qb9gb,Rest of Bay Area
9qb9gc,Rest of Bay Area
9qb9gd,Rest of Bay Area
9qb9ge,Rest of Bay Area
9qb9gf,Rest of Bay Area
9qb9gg,Rest of Bay Area
9qb9gh,Rest of Bay Area
9qb9gj,Rest of Bay Area
9qb9gk,Rest of Bay Area
9qb9gm,Rest of Bay Area
9qb9gn,Rest of Bay Area
9qb9gp,Rest of Bay Area
9qb9gq,Rest of Bay Area
9qb9gr,Rest of Bay Area
9qb9gs,Rest of Bay Area
9qb9gt,Rest of Bay Area
9qb9gu,Rest of Bay Area
9qb9gv,Rest of Bay Area
9qb9gw,Rest of Bay Area
9qb9gx,Rest of Bay Area
9qb9gy,Rest of Bay Area
9qb9gz,Rest of Bay Area
9qb9h0,Rest of Bay Area
9qb9h1,Rest of Bay Area
9qb9h2,Rest of Bay Area
9qb9h3,Rest of Bay Area
9qb9h4,Rest of Bay Area
9qb9h5,Rest of Bay Area
9qb9h6,Rest of Bay Area
9qb9h7,Rest of Bay Area
9qb9h8,Rest of Bay Area
9qb9h9,Rest of Bay Area
9qb9hb,Rest of Bay Area
9qb9hc,Rest of Bay Area
9qb9hd,Rest of Bay Area
9qb9he,Rest of Bay Area
9qb9hf,Rest of Bay Area
9qb9hg,Rest of Bay Area
9qb9hh,Rest of Bay Area
9qb9hj,Rest of Bay Area
9qb9hk,Rest of Bay Area
9qb9hm,Rest of Bay Area
9qb9hn,Rest of Bay Area
9qb9hp,Rest of Bay Area
9qb9hq,Rest of Bay Area
9qb9hr,Rest of Bay Area
9qb9hs,Rest of Bay Area
9qb9ht,Rest of Bay Area
9qb9hu,Rest of Bay Area
9qb9hv,Rest of Bay Area
9qb9hw,Rest of Bay Area
9qb9hx,Rest of Bay Area
9qb9hy,Rest of Bay Area
9qb9hz,Rest of Bay Area
9qb9j0,Rest of Bay Area
9qb9j1,Rest of Bay Area
9qb9j2,Rest of Bay Area
9qb9j3,Rest of Bay Area
9qb9j4,Rest of Bay Area
9qb9j5,Rest of Bay Area
9qb9j6,Rest of Bay Area
9qb9j7,Rest of Bay Area
9qb9j8,Rest of Bay Area
9qb9j9,Rest of Bay Area
9qb9jb,Rest of Bay Area
9qb9jc,Rest of Bay Area
9qb9jd,Rest of Bay Area
9qb9je,Rest of Bay Area
9qb9jf,Rest of Bay Area
9qb9jg,Rest of Bay Area
9qb9jh,Rest of Bay Area
9qb9jj,Rest of Bay Area
9qb9jk,Rest of Bay Area
9qb9jm,Rest of Bay Area
9qb9jn,Rest of Bay Area
9qb9jp,Rest of Bay Area
9qb9jq,Rest of Bay Area
9qb9jr,Rest of Bay Area
9qb9js,Rest of Bay Area
9qb9jt,Rest of Bay Area
9qb9ju,Rest of Bay Area
9qb9jv,Rest of Bay Area
9qb9jw,Rest of Bay Area
9qb9jx,Rest of Bay Area
9qb9jy,Rest of Bay Area
9qb9jz,Rest of Bay Area
9qb9k0,Rest of Bay Area
9qb9k1,Rest of Bay Area
9qb9k2,Rest of Bay Area
9qb9k3,Rest of Bay Area
9qb9k4,Rest of Bay Area
9qb9k5,Rest of Bay Area
9qb9k6,Rest of Bay Area
9qb9k7,Rest of Bay Area
9qb9k8,Rest of Bay Area
9qb9k9,Rest of Bay Area
9qb9kb,Rest of Bay Area
9qb9kc,Rest of Bay Area
9qb9kd,Rest of Bay Area
9qb9ke,Rest of Bay Area
9qb9kf,Rest of Bay Area
9qb9kg,Rest of Bay Area
9qb9kh,Rest of Bay Area
9qb9kj,Rest of Bay Area
9qb9kk,Rest of Bay Area
9qb9km,Rest of Bay Area
9qb9kn,Rest of Bay Area
9qb9kp,Rest of Bay Area
9qb9kq,Rest of Bay Area
9qb9kr,Rest of Bay Area
9qb9ks,Rest of Bay Area
9qb9kt,Rest of Bay Area
9qb9ku,Rest of Bay Area
9qb9kv,Rest of Bay Area
9qb9kw,Rest of Bay Area
9qb9kx,Rest of Bay Area
9qb9ky,Rest of Bay Area
9qb9kz,Rest of Bay Area
9qb9m0,Rest of Bay Area
9qb9m1,Rest of Bay Area
9qb9m2,Rest of Bay Area
9qb9m3,Rest of Bay Area
9qb9m4,Rest of Bay Area
9qb9m5,Rest of Bay Area
9qb9m6,Rest of Bay Area
9qb9m7,Rest of Bay Area
9qb9m8,Rest of Bay Area
9qb9m9,Rest of Bay Area
9qb9mb,Rest of Bay Area
9qb9mc,Rest of Bay Area
9qb9md,Rest of Bay Area
9qb9me,Rest of Bay Area
9qb9mf,Rest of Bay Area
9qb9mg,Rest of Bay Area
9qb9mh,Rest of Bay Area
9qb9mj,Rest of Bay Area
9qb9mk,Rest of Bay Area
9qb9mm,Rest of Bay Area
9qb9mn,Rest of Bay Area
9qb9mp,Rest of Bay Area
9qb9mq,Rest of Bay Area
9qb9mr,Rest of Bay Area
9qb9ms,Rest of Bay Area
9qb9mt,Rest of Bay Area
9qb9mu,Rest of Bay Area
9qb9mv,Rest of Bay Area
9qb9mw,Rest of Bay Area
9qb9mx,Rest of Bay Area
9qb9my,Rest of Bay Area
9qb9mz,Rest of Bay Area
9qb9n0,Rest of Bay Area
9qb9n1,Rest of Bay Area
9qb9n2,Rest of Bay Area
9qb9n3,Rest of Bay Area
9qb9n4,Rest of Bay Area
9qb9n5,Rest of Bay Area
9qb9n6,Rest of Bay Area
9qb9n7,Rest of Bay Area
9qb9n8,Rest of Bay Area
9qb9n9,Rest of Bay Area
9qb9nb,Rest of Bay Area
9qb9nc,Rest of Bay Area
9qb9nd,Rest of Bay Area
9qb9ne,Rest of Bay Area
9qb9nf,Rest of Bay Area
9qb9ng,Rest of Bay Area
9qb9nh,Rest of Bay Area
9qb9nj,Rest of Bay Area
9qb9nk,Rest of Bay Area
9qb9nm,Rest of Bay Area
9qb9nn,Rest of Bay Area
9qb9np,Rest of Bay Area
9qb9nq,Rest of Bay Area
9qb9nr,Rest of Bay Area
9qb9ns,Rest of Bay Area
9qb9nt,Rest of Bay Area
9qb9nu,Rest of Bay Area
9qb9nv,Rest of Bay Area
9qb9nw,Rest of Bay Area
9qb9nx,Rest of Bay Area
9qb9ny,Rest of Bay Area
9qb9nz,Rest of Bay Area
9qb9p0,Rest of Bay Area
9qb9p1,Rest of Bay Area
9qb9p2,Rest of Bay Area
9qb9p3,Rest of Bay Area
9qb9p4,Rest of Bay Area
9qb9p5,Rest of Bay Area
9qb9p6,Rest of Bay Area
9qb9p7,Rest of Bay Area
9qb9p8,Rest of Bay Area
9qb9p9,Rest of Bay Area
9qb9pb,Rest of Bay Area
9qb9pc,Rest of Bay Area
9qb9pd,Rest of Bay Area
9qb9pe,Rest of Bay Area
9qb9pf,Rest of Bay Area
9qb9pg,Rest of Bay Area
9qb9ph,Rest of Bay Area
9qb9pj,Rest of Bay Area
9qb9pk,Rest of Bay Area
9qb9pm,Rest of Bay Area
9qb9pn,Rest of Bay Area
9qb9pp,Rest of Bay Area
9qb9pq,Rest of Bay Area
9qb9pr,Rest of Bay Area
9qb9ps,Rest of Bay Area
9qb9pt,Rest of Bay Area
9qb9pu,Rest of Bay Area
9qb9pv,Rest of Bay Area
9qb9pw,Rest of Bay Area
9qb9px,Rest of Bay Area
9qb9py,Rest of Bay Area
9qb9pz,Rest of Bay Area
9qb9q0,Rest of Bay Area
9qb9q1,Rest of Bay Area
9qb9q2,Rest of Bay Area
9qb9q3,Rest of Bay Area
9qb9q4,Rest of Bay Area
9qb9q5,Rest of Bay Area
9qb9q6,Rest of Bay Area
9qb9q7,Rest of Bay Area
9qb9q8,Rest of Bay Area
9qb9q9,Rest of Bay Area
9qb9qb,Rest of Bay Area
9qb9qc,Rest of Bay Area
9qb9qd,Rest of Bay Area
9qb9qe,Rest of Bay Area
9qb9qf,Rest of Bay Area
9qb9qg,Rest of Bay Area
9qb9qh,Rest of Bay Area
9qb9qj,Rest of Bay Area
9qb9qk,Rest of Bay Area
9qb9qm,Rest of Bay Area
9qb9qn,Rest of Bay Area
9qb9qp,Rest of Bay Area
9qb9qq,Rest of Bay Area
9qb9qr,Rest of Bay Area
9qb9qs,Rest of Bay Area
9qb9qt,Rest of Bay Area
9qb9qu,Rest of Bay Area
9qb9qv,Rest of Bay Area
9qb9qw,Rest of Bay Area
9qb9qx,Rest of Bay Area
9qb9qy,Rest of Bay Area
9qb9qz,Rest of Bay Area
9qb9r0,Rest of Bay Area
9qb9r1,Rest of Bay Area
9qb9r2,Rest of Bay Area
9qb9r3,Rest of Bay Area
9qb9r4,Rest of Bay Area
9qb9r5,Rest of Bay Area
9qb9r6,Rest of Bay Area
9qb9r7,Rest of Bay Area
9qb9r8,Rest of Bay Area
9qb9r9,Rest of Bay Area
9qb9rb,Rest of Bay Area
9qb9rc,Rest of Bay Area
9qb9rd,Rest of Bay Area
9qb9re,Rest of Bay Area
9qb9rf,Rest of Bay Area
9qb9rg,Rest of Bay Area
9qb9rh,Rest of Bay Area
9qb9rj,Rest of Bay Area
9qb9rk,Rest of Bay Area
9qb9rm,Rest of Bay Area
9qb9rn,Rest of Bay Area
9qb9rp,Rest of Bay Area
9qb9rq,Rest of Bay Area
9qb9rr,Rest of Bay Area
9qb9rs,Rest of Bay Area
9qb9rt,Rest of Bay Area
9qb9ru,Rest of Bay Area
9qb9rv,Rest of Bay Area
9qb9rw,Rest of Bay Area
9qb9rx,Rest of Bay Area
9qb9ry,Rest of Bay Area
9qb9rz,Rest of Bay Area
9qb9s0,Rest of Bay Area
9qb9s1,Rest of Bay Area
9qb9s2,Rest of Bay Area
9qb9s3,Rest of Bay Area
9qb9s4,Rest of Bay Area
9qb9s5,Rest of Bay Area
9qb9s6,Rest of Bay Area
9qb9s7,Rest of Bay Area
9qb9s8,Rest of Bay Area
9qb9s9,Rest of Bay Area
9qb9sb,Rest of Bay Area
9qb9sc,Rest of Bay Area
9qb9sd,Rest of Bay Area
9qb9se,Rest of Bay Area
9qb9sf,Rest of Bay Area
9qb9sg,Rest of Bay Area
9qb9sh,Rest of Bay Area
9qb9sj,Rest of Bay Area
9qb9sk,Rest of Bay Area
9qb9sm,Rest of Bay Area
9qb9sn,Rest of Bay Area
9qb9sp,Rest of Bay Area
9qb9sq,Rest of Bay Area
9qb9sr,Rest of Bay Area
9qb9ss,Rest of Bay Area
9qb9st,Rest of Bay Area
9qb9su,Rest of Bay Area
9qb9sv,Rest of Bay Area
9qb9sw,Rest of Bay Area
9qb9sx,Rest of Bay Area
9qb9sy,Rest of Bay Area
9qb9sz,Rest of Bay Area
9qb9t0,Rest of Bay Area
9qb9t1,Rest of Bay Area
9qb9t2,Rest of Bay Area
9qb9t3,Rest of Bay Area
9qb9t4,Rest of Bay Area
9qb9t5,Rest of Bay Area
9qb9t6,Rest of Bay Area
9qb9t7,Rest of Bay Area
9qb9t8,Rest of Bay Area
9qb9t9,Rest of Bay Area
9qb9tb,Rest of Bay Area
9qb9tc,Rest of Bay Area
9qb9td,Rest of Bay Area
9qb9te,Rest of Bay Area
9qb9tf,Rest of Bay Area
9qb9tg,Rest of Bay Area
9qb9th,Rest of Bay Area
9qb9tj,Rest of Bay Area
9qb9tk,Rest of Bay Area
9qb9tm,Rest of Bay Area
9qb9tn,Rest of Bay Area
9qb9tp,Rest of Bay Area
9qb9tq,Rest of Bay Area
9qb9tr,Rest of Bay Area
9qb9ts,Rest of Bay Area
9qb9tt,Rest of Bay Area
9qb9tu,Rest of Bay Area
9qb9tv,Rest of Bay Area
9qb9tw,Rest of Bay Area
9qb9tx,Rest of Bay Area
9qb9ty,Rest of Bay Area
9qb9tz,Rest of Bay Area
9qb9u0,Rest of Bay Area
9qb9u1,Rest of Bay Area
9qb9u2,Rest of Bay Area
9qb9u3,Rest of Bay Area
9qb9u4,Rest of Bay Area
9qb9u5,Rest of Bay Area
9qb9u6,Rest of Bay Area
9qb9u7,Rest of Bay Area
9qb9u8,Rest of Bay Area
9qb9u9,Rest of Bay Area
9qb9ub,Rest of Bay Area
9qb9uc,Rest of Bay Area
9qb9ud,Rest of Bay Area
9qb9ue,Rest of Bay Area
9qb9uf,Rest of Bay Area
9qb9ug,Rest of Bay Area
9qb9uh,Rest of Bay Area
9qb9uj,Rest of Bay Area
9qb9uk,Rest of Bay Area
9qb9um,Rest of Bay Area
9qb9un,Rest of Bay Area
9qb9up,Rest of Bay Area
9qb9uq,Rest of Bay Area
9qb9ur,Rest of Bay Area
9qb9us,Rest of Bay Area
9qb9ut,Rest of Bay Area
9qb9uu,Rest of Bay Area
9qb9uv,Rest of Bay Area
9qb9uw,Rest of Bay Area
9qb9ux,Rest of Bay Area
9qb9uy,Rest of Bay Area
9qb9uz,Rest of Bay Area
9qb9v0,Rest of Bay Area
9qb9v1,Rest of Bay Area
9qb9v2,Rest of Bay Area
9qb9v3,Rest of Bay Area
9qb9v4,Rest of Bay Area
9qb9v5,Rest of Bay Area
9qb9v6,Rest of Bay Area
9qb9v7,Rest of Bay Area
9qb9v8,Rest of Bay Area
9qb9v9,Rest of Bay Area
9qb9vb,Rest of Bay Area
9qb9vc,Rest of Bay Area
9qb9vd,Rest of Bay Area
9qb9ve,Rest of Bay Area
9qb9vf,Rest of Bay Area
9qb9vg,Rest of Bay Area
9qb9vh,Rest of Bay Area
9qb9vj,Rest of Bay Area
9qb9vk,Rest of Bay Area
9qb9vm,Rest of Bay Area
9qb9vn,Rest of Bay Area
9qb9vp,Rest of Bay Area
9qb9vq,Rest of Bay Area
9qb9vr,Rest of Bay Area
9qb9vs,Rest of Bay Area
9qb9vt,Rest of Bay Area
9qb9vu,Rest of Bay Area
9qb9vv,Rest of Bay Area
9qb9vw,Rest of Bay Area
9qb9vx,Rest of Bay Area
9qb9vy,Rest of Bay Area
9qb9vz,Rest of Bay Area
9qb9w0,Rest of Bay Area
9qb9w1,Rest of Bay Area
9qb9w2,Rest of Bay Area
9qb9w3,Rest of Bay Area
9qb9w4,Rest of Bay Area
9qb9w5,Rest of Bay Area
9qb9w6,Rest of Bay Area
9qb9w7,Rest of Bay Area
9qb9w8,Rest of Bay Area
9qb9w9,Rest of Bay Area
9qb9wb,Rest of Bay Area
9qb9wc,Rest of Bay Area
9qb9wd,Rest of Bay Area
9qb9we,Rest of Bay Area
9qb9wf,Rest of Bay Area
9qb9wg,Rest of Bay Area
9qb9wh,Rest of Bay Area
9qb9wj,Rest of Bay Area
9qb9wk,Rest of Bay Area
9qb9wm,Rest of Bay Area
9qb9wn,Rest of Bay Area
9qb9wp,Rest of Bay Area
9qb9wq,Rest of Bay Area
9qb9wr,Rest of Bay Area
9qb9ws,Rest of Bay Area
9qb9wt,Rest of Bay Area
9qb9wu,Rest of Bay Area
9qb9wv,Rest of Bay Area
9qb9ww,Rest of Bay Area
9qb9wx,Rest of Bay Area
9qb9wy,Rest of Bay Area
9qb9wz,Rest of Bay Area
9qb9x0,Rest of Bay Area
9qb9x1,Rest of Bay Area
9qb9x2,Rest of Bay Area
9qb9x3,Rest of Bay Area
9qb9x4,Rest of Bay Area
9qb9x5,Rest of Bay Area
9qb9x6,Rest of Bay Area
9qb9x7,Rest of Bay Area
9qb9x8,Rest of Bay Area
9qb9x9,Rest of Bay Area
9qb9xb,Rest of Bay Area
9qb9xc,Rest of Bay Area
9qb9xd,Rest of Bay Area
9qb9xe,Rest of Bay Area
9qb9xf,Rest of Bay Area
9qb9xg,Rest of Bay Area
9qb9xh,Rest of Bay Area
9qb9xj,Rest of Bay Area
9qb9xk,Rest of Bay Area
9qb9xm,Rest of Bay Area
9qb9xn,Rest of Bay Area
9qb9xp,Rest of Bay Area
9qb9xq,Rest of Bay Area
9qb9xr,Rest of Bay Area
9qb9xs,Rest of Bay Area
9qb9xt,Rest of Bay Area
9qb9xu,Rest of Bay Area
9qb9xv,Rest of Bay Area
9qb9xw,Rest of Bay Area
9qb9xx,Rest of Bay Area
9qb9xy,Rest of Bay Area
9qb9xz,Rest of Bay Area
9qb9y0,Rest of Bay Area
9qb9y1,Rest of Bay Area
9qb9y2,Rest of Bay Area
9qb9y3,Rest of Bay Area
9qb9y4,Rest of Bay Area
9qb9y5,Rest of Bay Area
9qb9y6,Rest of Bay Area
9qb9y7,Rest of Bay Area
9qb9y8,Rest of Bay Area
9qb9y9,Rest of Bay Area
9qb9yb,Rest of Bay Area
9qb9yc,Rest of Bay Area
9qb9yd,Rest of Bay Area
9qb9ye,Rest of Bay Area
9qb9yf,Rest of Bay Area
9qb9yg,Rest of Bay Area
9qb9yh,Rest of Bay Area
9qb9yj,Rest of Bay Area
9qb9yk,Rest of Bay Area
9qb9ym,Rest of Bay Area
9qb9yn,Rest of Bay Area
9qb9yp,Rest of Bay Area
9qb9yq,Rest of Bay Area
9qb9yr,Rest of Bay Area
9qb9ys,Rest of Bay Area
9qb9yt,Rest of Bay Area
9qb9yu,Rest of Bay Area
9qb9yv,Rest of Bay Area
9qb9yw,Rest of Bay Area
9qb9yx,Rest of Bay Area
9qb9yy,Rest of Bay Area
9qb9yz,Rest of Bay Area
9qb9z0,Rest of Bay Area
9qb9z1,Rest of Bay Area
9qb9z2,Rest of Bay Area
9qb9z3,Rest of Bay Area
9qb9z4,Rest of Bay Area
9qb9z5,Rest of Bay Area
9qb9z6,Rest of Bay Area
9qb9z7,Rest of Bay Area
9qb9z8,Rest of Bay Area
9qb9z9,Rest of Bay Area
9qb9zb,Rest of Bay Area
9qb9zc,Rest of Bay Area
9qb9zd,Rest of Bay Area
9qb9ze,Rest of Bay Area
9qb9zf,Rest of Bay Area
9qb9zg,Rest of Bay Area
9qb9zh,Rest of Bay Area
9qb9zj,Rest of Bay Area
9qb9zk,Rest of Bay Area
9qb9zm,Rest of Bay Area
9qb9zn,Rest of Bay Area
9qb9zp,Rest of Bay Area
9qb9zq,Rest of Bay Area
9qb9zr,Rest of Bay Area
9qb9zs,Rest of Bay Area
9qb9zt,Rest of Bay Area
9qb9zu,Rest of Bay Area
9qb9zv,Rest of Bay Area
9qb9zw,Rest of Bay Area
9qb9zx,Rest of Bay Area
9qb9zy,Rest of Bay Area
9qb9zz,Rest of Bay Area
9qbb00,Rest of Bay Area
9qbb01,Rest of Bay Area
9qbb02,Rest of Bay Area
9qbb03,Rest of Bay Area
9qbb04,Rest of Bay Area
9qbb05,Rest of Bay Area
9qbb06,Rest of Bay Area
9qbb07,Rest of Bay Area
9qbb08,Rest of Bay Area
9qbb09,Rest of Bay Area
9qbb0b,Rest of Bay Area
9qbb0c,Rest of Bay Area
9qbb0d,Rest of Bay Area
9qbb0e,Rest of Bay Area
9qbb0f,Rest of Bay Area
9qbb0g,Rest of Bay Area
9qbb0h,Rest of Bay Area
9qbb0j,Rest of Bay Area
9qbb0k,Rest of Bay Area
9qbb0m,Rest of Bay Area
9qbb0n,Rest of Bay Area
9qbb0p,Rest of Bay Area
9qbb0q,Rest of Bay Area
9qbb0r,Rest of Bay Area
9qbb0s,Rest of Bay Area
9qbb0t,Rest of Bay Area
9qbb0u,Rest of Bay Area
9qbb0v,Rest of Bay Area
9qbb0w,Rest of Bay Area
9qbb0x,Rest of Bay Area
9qbb0y,Rest of Bay Area
9qbb0z,Rest of Bay Area
9qbb10,Rest of Bay Area
9qbb11,Rest of Bay Area
9qbb12,Rest of Bay Area
9qbb13,Rest of Bay Area
9qbb14,Rest of Bay Area
9qbb15,Rest of Bay Area
9qbb16,Rest of Bay Area
9qbb17,Rest of Bay Area
9qbb18,Rest of Bay Area
9qbb19,Rest of Bay Area
9qbb1b,Rest of Bay Area
9qbb1c,Rest of Bay Area
9qbb1d,Rest of Bay Area
9qbb1e,Rest of Bay Area
9qbb1f,Rest of Bay Area
9qbb1g,Rest of Bay Area
9qbb1h,Rest of Bay Area
9qbb1j,Rest of Bay Area
9qbb1k,Rest of Bay Area
9qbb1m,Rest of Bay Area
9qbb1n,Rest of Bay Area
9qbb1p,Rest of Bay Area
9qbb1q,Rest of Bay Area
9qbb1r,Rest of Bay Area
9qbb1s,Rest of Bay Area
9qbb1t,Rest of Bay Area
9qbb1u,Rest of Bay Area
9qbb1v,Rest of Bay Area
9qbb1w,Rest of Bay Area
9qbb1x,Rest of Bay Area
9qbb1y,Rest of Bay Area
9qbb1z,Rest of Bay Area
9qbb20,Rest of Bay Area
9qbb21,Rest of Bay Area
9qbb22,Rest of Bay Area
9qbb23,Rest of Bay Area
9qbb24,Rest of Bay Area
9qbb25,Rest of Bay Area
9qbb26,Rest of Bay Area
9qbb27,Rest of Bay Area
9qbb28,Rest of Bay Area
9qbb29,Rest of Bay Area
9qbb2b,Rest of Bay Area
9qbb2c,Rest of Bay Area
9qbb2d,Rest of Bay Area
9qbb2e,Rest of Bay Area
9qbb2f,Rest of Bay Area
9qbb2g,Rest of Bay Area
9qbb2h,Rest of Bay Area
9qbb2j,Rest of Bay Area
9qbb2k,Rest of Bay Area
9qbb2m,Rest of Bay Area
9qbb2n,Rest of Bay Area
9qbb2p,Rest of Bay Area
9qbb2q,Rest of Bay Area
9qbb2r,Rest of Bay Area
9qbb2s,Rest of Bay Area
9qbb2t,Rest of Bay Area
9qbb2u,Rest of Bay Area
9qbb2v,Rest of Bay Area
9qbb2w,Rest of Bay Area
9qbb2x,Rest of Bay Area
9qbb2y,Rest of Bay Area
9qbb2z,Rest of Bay Area
9qbb30,Rest of Bay Area
9qbb31,Rest of Bay Area
9qbb32,Rest of Bay Area
9qbb33,Rest of Bay Area
9qbb34,Rest of Bay Area
9qbb35,Rest of Bay Area
9qbb36,Rest of Bay Area
9qbb37,Rest of Bay Area
9qbb38,Rest of Bay Area
9qbb39,Rest of Bay Area
9qbb3b,Rest of Bay Area
9qbb3c,Rest of Bay Area
9qbb3d,Rest of Bay Area
9qbb3e,Rest of Bay Area
9qbb3f,Rest of Bay Area
9qbb3g,Rest of Bay Area
9qbb3h,Rest of Bay Area
9qbb3j,Rest of Bay Area
9qbb3k,Rest of Bay Area
9qbb3m,Rest of Bay Area
9qbb3n,Rest of Bay Area
9qbb3p,Rest of Bay Area
9qbb3q,Rest of Bay Area
9qbb3r,Rest of Bay Area
9qbb3s,Rest of Bay Area
9qbb3t,Rest of Bay Area
9qbb3u,Rest of Bay Area
9qbb3v,Rest of Bay Area
9qbb3w,Rest of Bay Area
9qbb3x,Rest of Bay Area
9qbb3y,Rest of Bay Area
9qbb3z,Rest of Bay Area
9qbb40,Rest of Bay Area
9qbb41,Rest of Bay Area
9qbb42,Rest of Bay Area
9qbb43,Rest of Bay Area
9qbb44,Rest of Bay Area
9qbb45,Rest of Bay Area
9qbb46,Rest of Bay Area
9qbb47,Rest of Bay Area
9qbb48,Rest of Bay Area
9qbb49,Rest of Bay Area
9qbb4b,Rest of Bay Area
9qbb4c,Rest of Bay Area
9qbb4d,Rest of Bay Area
9qbb4e,Rest of Bay Area
9qbb4f,Rest of Bay Area
9qbb4g,Rest of Bay Area
9qbb4h,Rest of Bay Area
9qbb4j,Rest of Bay Area
9qbb4k,Rest of Bay Area
9qbb4m,Rest of Bay Area
9qbb4n,Rest of Bay Area
9qbb4p,Rest of Bay Area
9qbb4q,Rest of Bay Area
9qbb4r,Rest of Bay Area
9qbb4s,Rest of Bay Area
9qbb4t,Rest of Bay Area
9qbb4u,Rest of Bay Area
9qbb4v,Rest of Bay Area
9qbb4w,Rest of Bay Area
9qbb4x,Rest of Bay Area
9qbb4y,Rest of Bay Area
9qbb4z,Rest of Bay Area
9qbb50,Rest of Bay Area
9qbb51,Rest of Bay Area
9qbb52,Rest of Bay Area
9qbb53,Rest of Bay Area
9qbb54,Rest of Bay Area
9qbb55,Rest of Bay Area
9qbb56,Rest of Bay Area
9qbb57,Rest of Bay Area
9qbb58,Rest of Bay Area
9qbb59,Rest of Bay Area
9qbb5b,Rest of Bay Area
9qbb5c,Rest of Bay Area
9qbb5d,Rest of Bay Area
9qbb5e,Rest of Bay Area
9qbb5f,Rest of Bay Area
9qbb5g,Rest of Bay Area
9qbb5h,Rest of Bay Area
9qbb5j,Rest of Bay Area
9qbb5k,Rest of Bay Area
9qbb5m,Rest of Bay Area
9qbb5n,Rest of Bay Area
9qbb5p,Rest of Bay Area
9qbb5q,Rest of Bay Area
9qbb5r,Rest of Bay Area
9qbb5s,Rest of Bay Area
9qbb5t,Rest of Bay Area
9qbb5u,Rest of Bay Area
9qbb5v,Rest of Bay Area
9qbb5w,Rest of Bay Area
9qbb5x,Rest of Bay Area
9qbb5y,Rest of Bay Area
9qbb5z,Rest of Bay Area
9qbb60,Rest of Bay Area
9qbb61,Rest of Bay Area
9qbb62,Rest of Bay Area
9qbb63,Rest of Bay Area
9qbb64,Rest of Bay Area
9qbb65,Rest of Bay Area
9qbb66,Rest of Bay Area
9qbb67,Rest of Bay Area
9qbb68,Rest of Bay Area
9qbb69,Rest of Bay Area
9qbb6b,Rest of Bay Area
9qbb6c,Rest of Bay Area
9qbb6d,Rest of Bay Area
9qbb6e,Rest of Bay Area
9qbb6f,Rest of Bay Area
9qbb6g,Rest of Bay Area
9qbb6h,Rest of Bay Area
9qbb6j,Rest of Bay Area
9qbb6k,Rest of Bay Area
9qbb6m,Rest of Bay Area
9qbb6n,Rest of Bay Area
9qbb6p,Rest of Bay Area
9qbb6q,Rest of Bay Area
9qbb6r,Rest of Bay Area
9qbb6s,Rest of Bay Area
9qbb6t,Rest of Bay Area
9qbb6u,Rest of Bay Area
9qbb6v,Rest of Bay Area
9qbb6w,Rest of Bay Area
9qbb6x,Rest of Bay Area
9qbb6y,Rest of Bay Area
9qbb6z,Rest of Bay Area
9qbb70,Rest of Bay Area
9qbb71,Rest of Bay Area
9qbb72,Rest of Bay Area
9qbb73,Rest of Bay Area
9qbb74,Rest of Bay Area
9qbb75,Rest of Bay Area
9qbb76,Rest of Bay Area
9qbb77,Rest of Bay Area
9qbb78,Rest of Bay Area
9qbb79,Rest of Bay Area
9qbb7b,Rest of Bay Area
9qbb7c,Rest of Bay Area
9qbb7d,Rest of Bay Area
9qbb7e,Rest of Bay Area
9qbb7f,Rest of Bay Area
9qbb7g,Rest of Bay Area
9qbb7h,Rest of Bay Area
9qbb7j,Rest of Bay Area
9qbb7k,Rest of Bay Area
9qbb7m,Rest of Bay Area
9qbb7n,Rest of Bay Area
9qbb7p,Rest of Bay Area
9qbb7q,Rest of Bay Area
9qbb7r,Rest of Bay Area
9qbb7s,Rest of Bay Area
9qbb7t,Rest of Bay Area
9qbb7u,Rest of Bay Area
9qbb7v,Rest of Bay Area
9qbb7w,Rest of Bay Area
9qbb7x,Rest of Bay Area
9qbb7y,Rest of Bay Area
9qbb7z,Rest of Bay Area
9qbb80,Rest of Bay Area
9qbb81,Rest of Bay Area
9qbb82,Rest of Bay Area
9qbb83,Rest of Bay Area
9qbb84,Rest of Bay Area
9qbb85,Rest of Bay Area
9qbb86,Rest of Bay Area
9qbb87,Rest of Bay Area
9qbb88,Rest of Bay Area
9qbb89,Rest of Bay Area
9qbb8b,Rest of Bay Area
9qbb8c,Rest of Bay Area
9qbb8d,Rest of Bay Area
9qbb8e,Rest of Bay Area
9qbb8f,Rest of Bay Area
9qbb8g,Rest of Bay Area
9qbb8h,Rest of Bay Area
9qbb8j,Rest of Bay Area
9qbb8k,Rest of Bay Area
9qbb8m,Rest of Bay Area
9qbb8n,Rest of Bay Area
9qbb8p,Rest of Bay Area
9qbb8q,Rest of Bay Area
9qbb8r,Rest of Bay Area
9qbb8s,Rest of Bay Area
9qbb8t,Rest of Bay Area
9qbb8u,Rest of Bay Area
9qbb8v,Rest of Bay Area
9qbb8w,Rest of Bay Area
9qbb8x,Rest of Bay Area
9qbb8y,Rest of Bay Area
9qbb8z,Rest of Bay Area
9qbb90,Rest of Bay Area
9qbb91,Rest of Bay Area
9qbb92,Rest of Bay Area
9qbb93,Rest of Bay Area
9qbb94,Rest of Bay Area
9qbb95,Rest of Bay Area
9qbb96,Rest of Bay Area
9qbb97,Rest of Bay Area
9qbb98,Rest of Bay Area
9qbb99,Rest of Bay Area
9qbb9b,Rest of Bay Area
9qbb9c,Rest of Bay Area
9qbb9d,Rest of Bay Area
9qbb9e,Rest of Bay Area
9qbb9f,Rest of Bay Area
9qbb9g,Rest of Bay Area
9qbb9h,Rest of Bay Area
9qbb9j,Rest of Bay Area
9qbb9k,Rest of Bay Area
9qbb9m,Rest of Bay Area
9qbb9n,Rest of Bay Area
9qbb9p,Rest of Bay Area
9qbb9q,Rest of Bay Area
9qbb9r,Rest of Bay Area
9qbb9s,Rest of Bay Area
9qbb9t,Rest of Bay Area
9qbb9u,Rest of Bay Area
9qbb9v,Rest of Bay Area
9qbb9w,Rest of Bay Area
9qbb9x,Rest of Bay Area
9qbb9y,Rest of Bay Area
9qbb9z,Rest of Bay Area
9qbbb0,Rest of Bay Area
9qbbb1,Rest of Bay Area
9qbbb2,Rest of Bay Area
9qbbb3,Rest of Bay Area
9qbbb4,Rest of Bay Area
9qbbb5,Rest of Bay Area
9qbbb6,Rest of Bay Area
9qbbb7,Rest of Bay Area
9qbbb8,Rest of Bay Area
9qbbb9,Rest of Bay Area
9qbbbb,Rest of Bay Area
9qbbbc,Rest of Bay Area
9qbbbd,Rest of Bay Area
9qbbbe,Rest of Bay Area
9qbbbf,Rest of Bay Area
9qbbbg,Rest of Bay Area
9qbbbh,Rest of Bay Area
9qbbbj,Rest of Bay Area
9qbbbk,Rest of Bay Area
9qbbbm,Rest of Bay Area
9qbbbn,Rest of Bay Area
9qbbbp,Rest of Bay Area
9qbbbq,Rest of Bay Area
9qbbbr,Rest of Bay Area
9qbbbs,Rest of Bay Area
9qbbbt,Rest of Bay Area
9qbbbu,Rest of Bay Area
9qbbbv,Rest of Bay Area
9qbbbw,Rest of Bay Area
9qbbbx,Rest of Bay Area
9qbbby,Rest of Bay Area
9qbbbz,Rest of Bay Area
9qbbc0,Rest of Bay Area
9qbbc1,Rest of Bay Area
9qbbc2,Rest of Bay Area
9qbbc3,Rest of Bay Area
9qbbc4,Rest of Bay Area
9qbbc5,Rest of Bay Area
9qbbc6,Rest of Bay Area
9qbbc7,Rest of Bay Area
9qbbc8,Rest of Bay Area
9qbbc9,Rest of Bay Area
9qbbcb,Rest of Bay Area
9qbbcc,Rest of Bay Area
9qbbcd,Rest of Bay Area
9qbbce,Rest of Bay Area
9qbbcf,Rest of Bay Area
9qbbcg,Rest of Bay Area
9qbbch,Rest of Bay Area
9qbbcj,Rest of Bay Area
9qbbck,Rest of Bay Area
9qbbcm,Rest of Bay Area
9qbbcn,Rest of Bay Area
9qbbcp,Rest of Bay Area
9qbbcq,Rest of Bay Area
9qbbcr,Rest of Bay Area
9qbbcs,Rest of Bay Area
9qbbct,Rest of Bay Area
9qbbcu,Rest of Bay Area
9qbbcv,Rest of Bay Area
9qbbcw,Rest of Bay Area
9qbbcx,Rest of Bay Area
9qbbcy,Rest of Bay Area
9qbbcz,Rest of Bay Area
9qbbd0,Rest of Bay Area
9qbbd1,Rest of Bay Area
9qbbd2,Rest of Bay Area
9qbbd3,Rest of Bay Area
9qbbd4,Rest of Bay Area
9qbbd5,Rest of Bay Area
9qbbd6,Rest of Bay Area
9qbbd7,Rest of Bay Area
9qbbd8,Rest of Bay Area
9qbbd9,Rest of Bay Area
9qbbdb,Rest of Bay Area
9qbbdc,Rest of Bay Area
9qbbdd,Rest of Bay Area
9qbbde,Rest of Bay Area
9qbbdf,Rest of Bay Area
9qbbdg,Rest of Bay Area
9qbbdh,Rest of Bay Area
9qbbdj,Rest of Bay Area
9qbbdk,Rest of Bay Area
9qbbdm,Rest of Bay Area
9qbbdn,Rest of Bay Area
9qbbdp,Rest of Bay Area
9qbbdq,Rest of Bay Area
9qbbdr,Rest of Bay Area
9qbbds,Rest of Bay Area
9qbbdt,Rest of Bay Area
9qbbdu,Rest of Bay Area
9qbbdv,Rest of Bay Area
9qbbdw,Rest of Bay Area
9qbbdx,Rest of Bay Area
9qbbdy,Rest of Bay Area
9qbbdz,Rest of Bay Area
9qbbe0,Rest of Bay Area
9qbbe1,Rest of Bay Area
9qbbe2,Rest of Bay Area
9qbbe3,Rest of Bay Area
9qbbe4,Rest of Bay Area
9qbbe5,Rest of Bay Area
9qbbe6,Rest of Bay Area
9qbbe7,Rest of Bay Area
9qbbe8,Rest of Bay Area
9qbbe9,Rest of Bay Area
9qbbeb,Rest of Bay Area
9qbbec,Rest of Bay Area
9qbbed,Rest of Bay Area
9qbbee,Rest of Bay Area
9qbbef,Rest of Bay Area
9qbbeg,Rest of Bay Area
9qbbeh,Rest of Bay Area
9qbbej,Rest of Bay Area
9qbbek,Rest of Bay Area
9qbbem,Rest of Bay Area
9qbben,Rest of Bay Area
9qbbep,Rest of Bay Area
9qbbeq,Rest of Bay Area
9qbber,Rest of Bay Area
9qbbes,Rest of Bay Area
9qbbet,Rest of Bay Area
9qbbeu,Rest of Bay Area
9qbbev,Rest of Bay Area
9qbbew,Rest of Bay Area
9qbbex,Rest of Bay Area
9qbbey,Rest of Bay Area
9qbbez,Rest of Bay Area
9qbbf0,Rest of Bay Area
9qbbf1,Rest of Bay Area
9qbbf2,Rest of Bay Area
9qbbf3,Rest of Bay Area
9qbbf4,Rest of Bay Area
9qbbf5,Rest of Bay Area
9qbbf6,Rest of Bay Area
9qbbf7,Rest of Bay Area
9qbbf8,Rest of Bay Area
9qbbf9,Rest of Bay Area
9qbbfb,Rest of Bay Area
9qbbfc,Rest of Bay Area
9qbbfd,Rest of Bay Area
9qbbfe,Rest of Bay Area
9qbbff,Rest of Bay Area
9qbbfg,Rest of Bay Area
9qbbfh,Rest of Bay Area
9qbbfj,Rest of Bay Area
9qbbfk,Rest of Bay Area
9qbbfm,Rest of Bay Area
9qbbfn,Rest of Bay Area
9qbbfp,Rest of Bay Area
9qbbfq,Rest of Bay Area
9qbbfr,Rest of Bay Area
9qbbfs,Rest of Bay Area
9qbbft,Rest of Bay Area
9qbbfu,Rest of Bay Area
9qbbfv,Rest of Bay Area
9qbbfw,Rest of Bay Area
9qbbfx,Rest of Bay Area
9qbbfy,Rest of Bay Area
9qbbfz,Rest of Bay Area
9qbbg0,Rest of Bay Area
9qbbg1,Rest of Bay Area
9qbbg2,Rest of Bay Area
9qbbg3,Rest of Bay Area
9qbbg4,Rest of Bay Area
9qbbg5,Rest of Bay Area
9qbbg6,Rest of Bay Area
9qbbg7,Rest of Bay Area
9qbbg8,Rest of Bay Area
9qbbg9,Rest of Bay Area
9qbbgb,Rest of Bay Area
9qbbgc,Rest of Bay Area
9qbbgd,Rest of Bay Area
9qbbge,Rest of Bay Area
9qbbgf,Rest of Bay Area
9qbbgg,Rest of Bay Area
9qbbgh,Rest of Bay Area
9qbbgj,Rest of Bay Area
9qbbgk,Rest of Bay Area
9qbbgm,Rest of Bay Area
9qbbgn,Rest of Bay Area
9qbbgp,Rest of Bay Area
9qbbgq,Rest of Bay Area
9qbbgr,Rest of Bay Area
9qbbgs,Rest of Bay Area
9qbbgt,Rest of Bay Area
9qbbgu,Rest of Bay Area
9qbbgv,Rest of Bay Area
9qbbgw,Rest of Bay Area
9qbbgx,Rest of Bay Area
9qbbgy,Rest of Bay Area
9qbbgz,Rest of Bay Area
9qbbh0,Rest of Bay Area
9qbbh1,Rest of Bay Area
9qbbh2,Rest of Bay Area
9qbbh3,Rest of Bay Area
9qbbh4,Rest of Bay Area
9qbbh5,Rest of Bay Area
9qbbh6,Rest of Bay Area
9qbbh7,Rest of Bay Area
9qbbh8,Rest of Bay Area
9qbbh9,Rest of Bay Area
9qbbhb,Rest of Bay Area
9qbbhc,Rest of Bay Area
9qbbhd,Rest of Bay Area
9qbbhe,Rest of Bay Area
9qbbhf,Rest of Bay Area
9qbbhg,Rest of Bay Area
9qbbhh,Rest of Bay Area
9qbbhj,Rest of Bay Area
9qbbhk,Rest of Bay Area
9qbbhm,Rest of Bay Area
9qbbhn,Rest of Bay Area
9qbbhp,Rest of Bay Area
9qbbhq,Rest of Bay Area
9qbbhr,Rest of Bay Area
9qbbhs,Rest of Bay Area
9qbbht,Rest of Bay Area
9qbbhu,Rest of Bay Area
9qbbhv,Rest of Bay Area
9qbbhw,Rest of Bay Area
9qbbhx,Rest of Bay Area
9qbbhy,Rest of Bay Area
9qbbhz,Rest of Bay Area
9qbbj1,Rest of Bay Area
9qbbj4,Rest of Bay Area
9qbbj5,Rest of Bay Area
9qbbj6,Rest of Bay Area
9qbbj7,Rest of Bay Area
9qbbjd,Rest of Bay Area
9qbbje,Rest of Bay Area
9qbbjh,Rest of Bay Area
9qbbjj,Rest of Bay Area
9qbbjk,Rest of Bay Area
9qbbjm,Rest of Bay Area
9qbbjn,Rest of Bay Area
9qbbjq,Rest of Bay Area
9qbbjs,Rest of Bay Area
9qbbk0,Rest of Bay Area
9qbbk1,Rest of Bay Area
9qbbk2,Rest of Bay Area
9qbbk3,Rest of Bay Area
9qbbk4,Rest of Bay Area
9qbbk5,Rest of Bay Area
9qbbk6,Rest of Bay Area
9qbbk7,Rest of Bay Area
9qbbk8,Rest of Bay Area
9qbbk9,Rest of Bay Area
9qbbkb,Rest of Bay Area
9qbbkd,Rest of Bay Area
9qbbke,Rest of Bay Area
9qbbkh,Rest of Bay Area
9qbbkj,Rest of Bay Area
9qbbkk,Rest of Bay Area
9qbbkm,Rest of Bay Area
9qbbkn,Rest of Bay Area
9qbbkp,Rest of Bay Area
9qbbkq,Rest of Bay Area
9qbbkr,Rest of Bay Area
9qbbks,Rest of Bay Area
9qbbkt,Rest of Bay Area
9qbbkw,Rest of Bay Area
9qbbkx,Rest of Bay Area
9qbbnb,Rest of East Bay
9qbbp0,Rest of East Bay
9qbbp1,Rest of East Bay
9qbbp2,Rest of East Bay
9qbbp3,Rest of East Bay
9qbbp6,Rest of East Bay
9qbbp8,Rest of East Bay
9qbbp9,Rest of East Bay
9qbbpb,Rest of East Bay
9qbbpc,Rest of East Bay
9qbbpd,Rest of East Bay
9qbbpe,Rest of East Bay
9qbbpf,Rest of East Bay
9qbbpg,Rest of East Bay
9qbbpm,Rest of East Bay
9qbbpq,Rest of East Bay
9qbbpr,Rest of East Bay
9qbbps,Rest of East Bay
9qbbpt,Rest of East Bay
9qbbpu,Rest of East Bay
9qbbpv,Rest of East Bay
9qbbpw,Rest of East Bay
9qbbpx,Rest of East Bay
9qbbpy,Rest of East Bay
9qbbpz,Rest of East Bay
9qbbs0,Rest of Bay Area
9qbbs1,Rest of Bay Area
9qbbs2,Rest of Bay Area
9qbbs3,Rest of Bay Area
9qbbs4,Rest of Bay Area
9qbbs5,Rest of Bay Area
9qbbs6,Rest of Bay Area
9qbbs7,Rest of Bay Area
9qbbs8,Rest of Bay Area
9qbbs9,Rest of Bay Area
9qbbsd,Rest of Bay Area
9qbbse,Rest of Bay Area
9qbbsf,Rest of Bay Area
9qbbsg,Rest of Bay Area
9qbbsh,Rest of Bay Area
9qbbsj,Rest of Bay Area
9qbbsk,Rest of Bay Area
9qbbsm,Rest of Bay Area
9qbbsn,Rest of Bay Area
9qbbsp,Rest of Bay Area
9qbbsq,Rest of Bay Area
9qbbsr,Rest of Bay Area
9qbbss,Rest of Bay Area
9qbbst,Rest of Bay Area
9qbbsu,Rest of Bay Area
9qbbsv,Rest of Bay Area
9qbbsw,Rest of Bay Area
9qbbsx,Rest of Bay Area
9qbbsy,Rest of Bay Area
9qbbsz,Rest of Bay Area
9qbbu0,Rest of Bay Area
9qbbu1,Rest of Bay Area
9qbbu2,Rest of Bay Area
9qbbu3,Rest of Bay Area
9qbbu4,Rest of Bay Area
9qbbu5,Rest of Bay Area
9qbbu6,Rest of Bay Area
9qbbu7,Rest of Bay Area
9qbbu8,Rest of Bay Area
9qbbu9,Rest of Bay Area
9qbbub,Rest of Bay Area
9qbbud,Rest of Bay Area
9qbbue,Rest of Bay Area
9qbbuf,Rest of Bay Area
9qbbug,Rest of Bay Area
9qbbuh,Rest of Bay Area
9qbbuj,Rest of Bay Area
9qbbuk,Rest of Bay Area
9qbbum,Rest of Bay Area
9qbbun,Rest of Bay Area
9qbbup,Rest of Bay Area
9qbbuq,Rest of Bay Area
9qbbur,Rest of Bay Area
9qbbus,Rest of Bay Area
9qbbut,Rest of Bay Area
9qbbuu,Rest of Bay Area
9qbbuv,Rest of Bay Area
9qbbuw,Rest of Bay Area
9qbbux,Rest of Bay Area
9qbbuy,Rest of Bay Area
9qbbuz,Rest of Bay Area
9qbbv4,Rest of Bay Area
9qbbv5,Rest of Bay Area
9qbbv6,Rest of Bay Area
9qbbv7,Rest of Bay Area
9qbbvd,Rest of Bay Area
9qbbve,Rest of Bay Area
9qbbvg,Rest of Bay Area
9qbbvh,Rest of Bay Area
9qbbvj,Rest of Bay Area
9qbbvk,Rest of Bay Area
9qbbvm,Rest of Bay Area
9qbbvn,Rest of Bay Area
9qbbvp,Rest of Bay Area
9qbbvq,Rest of Bay Area
9qbbvr,Rest of Bay Area
9qbbvs,Rest of Bay Area
9qbbvt,Rest of Bay Area
9qbbvu,Rest of Bay Area
9qbbvv,Rest of Bay Area
9qbbvw,Rest of Bay Area
9qbbvx,Rest of Bay Area
9qbbvy,Rest of Bay Area
9qbbvz,Rest of Bay Area
9qbbyh,Rest of Bay Area
9qbbyj,Rest of Bay Area
9qbbym,Rest of Bay Area
9qbbyn,Rest of Bay Area
9qbbyp,Rest of Bay Area
9qbbyq,Rest of Bay Area
9qbbyr,Rest of Bay Area
9qbbyt,Rest of Bay Area
9qbbyw,Rest of Bay Area
9qbbyx,Rest of Bay Area
9qbbyz,Rest of Bay Area
9qbbzn,Rest of Bay Area
9qbbzp,Rest of Bay Area
9qbbzq,Rest of Bay Area
9qbbzr,Rest of Bay Area
9qbbzt,Rest of Bay Area
9qbbzu,Rest of Bay Area
9qbbzv,Rest of Bay Area
9qbbzw,Rest of Bay Area
9qbbzx,Rest of Bay Area
9qbbzy,Rest of Bay Area
9qbbzz,Rest of Bay Area
9qbc00,Rest of Bay Area
9qbc01,Rest of Bay Area
9qbc02,Rest of Bay Area
9qbc03,Rest of Bay Area
9qbc04,Rest of Bay Area
9qbc05,Rest of Bay Area
9qbc06,Rest of Bay Area
9qbc07,Rest of Bay Area
9qbc08,Rest of Bay Area
9qbc09,Rest of Bay Area
9qbc0b,Rest of Bay Area
9qbc0c,Rest of Bay Area
9qbc0d,Rest of Bay Area
9qbc0e,Rest of Bay Area
9qbc0f,Rest of Bay Area
9qbc0g,Rest of Bay Area
9qbc0h,Rest of Bay Area
9qbc0j,Rest of Bay Area
9qbc0k,Rest of Bay Area
9qbc0m,Rest of Bay Area
9qbc0n,Rest of Bay Area
9qbc0p,Rest of Bay Area
9qbc0q,Rest of Bay Area
9qbc0r,Rest of Bay Area
9qbc0s,Rest of Bay Area
9qbc0t,Rest of Bay Area
9qbc0u,Rest of Bay Area
9qbc0v,Rest of Bay Area
9qbc0w,Rest of Bay Area
9qbc0x,Rest of Bay Area
9qbc0y,Rest of Bay Area
9qbc0z,Rest of Bay Area
9qbc10,Rest of Bay Area
9qbc11,Rest of Bay Area
9qbc12,Rest of Bay Area
9qbc13,Rest of Bay Area
9qbc14,Rest of Bay Area
9qbc15,Rest of Bay Area
9qbc16,Rest of Bay Area
9qbc17,Rest of Bay Area
9qbc18,Rest of Bay Area
9qbc19,Rest of Bay Area
9qbc1b,Rest of Bay Area
9qbc1c,Rest of Bay Area
9qbc1d,Rest of Bay Area
9qbc1e,Rest of Bay Area
9qbc1f,Rest of Bay Area
9qbc1g,Rest of Bay Area
9qbc1h,Rest of Bay Area
9qbc1j,Rest of Bay Area
9qbc1k,Rest of Bay Area
9qbc1m,Rest of Bay Area
9qbc1n,Rest of Bay Area
9qbc1p,Rest of Bay Area
9qbc1q,Rest of Bay Area
9qbc1r,Rest of Bay Area
9qbc1s,Rest of Bay Area
9qbc1t,Rest of Bay Area
9qbc1u,Rest of Bay Area
9qbc1v,Rest of Bay Area
9qbc1w,Rest of Bay Area
9qbc1x,Rest of Bay Area
9qbc1y,Rest of Bay Area
9qbc1z,Rest of Bay Area
9qbc20,Rest of Bay Area
9qbc21,Rest of Bay Area
9qbc22,Rest of Bay Area
9qbc23,Rest of Bay Area
9qbc24,Rest of Bay Area
9qbc25,Rest of Bay Area
9qbc26,Rest of Bay Area
9qbc27,Rest of Bay Area
9qbc28,Rest of Bay Area
9qbc29,Rest of Bay Area
9qbc2b,Rest of Bay Area
9qbc2c,Rest of Bay Area
9qbc2d,Rest of Bay Area
9qbc2e,Rest of Bay Area
9qbc2f,Rest of Bay Area
9qbc2g,Rest of Bay Area
9qbc2h,Rest of Bay Area
9qbc2j,Rest of Bay Area
9qbc2k,Rest of Bay Area
9qbc2m,Rest of Bay Area
9qbc2n,Rest of Bay Area
9qbc2p,Rest of Bay Area
9qbc2q,Rest of Bay Area
9qbc2r,Rest of Bay Area
9qbc2s,Rest of Bay Area
9qbc2t,Rest of Bay Area
9qbc2u,Rest of Bay Area
9qbc2v,Rest of Bay Area
9qbc2w,Rest of Bay Area
9qbc2x,Rest of Bay Area
9qbc2y,Rest of Bay Area
9qbc2z,Rest of Bay Area
9qbc30,Rest of Bay Area
9qbc31,Rest of Bay Area
9qbc32,Rest of Bay Area
9qbc33,Rest of Bay Area
9qbc34,Rest of Bay Area
9qbc35,Rest of Bay Area
9qbc36,Rest of Bay Area
9qbc37,Rest of Bay Area
9qbc38,Rest of Bay Area
9qbc39,Rest of Bay Area
9qbc3b,Rest of Bay Area
9qbc3c,Rest of Bay Area
9qbc3d,Rest of Bay Area
9qbc3e,Rest of Bay Area
9qbc3f,Rest of Bay Area
9qbc3g,Rest of Bay Area
9qbc3h,Rest of Bay Area
9qbc3j,Rest of Bay Area
9qbc3k,Rest of Bay Area
9qbc3m,Rest of Bay Area
9qbc3n,Rest of Bay Area
9qbc3p,Rest of Bay Area
9qbc3q,Rest of Bay Area
9qbc3r,Rest of Bay Area
9qbc3s,Rest of Bay Area
9qbc3t,Rest of Bay Area
9qbc3u,Rest of Bay Area
9qbc3v,Rest of Bay Area
9qbc3w,Rest of Bay Area
9qbc3x,Rest of Bay Area
9qbc3y,Rest of Bay Area
9qbc3z,Rest of Bay Area
9qbc40,Rest of Bay Area
9qbc41,Rest of Bay Area
9qbc42,Rest of Bay Area
9qbc43,Rest of Bay Area
9qbc44,Rest of Bay Area
9qbc45,Rest of Bay Area
9qbc46,Rest of Bay Area
9qbc47,Rest of Bay Area
9qbc48,Rest of Bay Area
9qbc49,Rest of Bay Area
9qbc4b,Rest of Bay Area
9qbc4c,Rest of Bay Area
9qbc4d,Rest of Bay Area
9qbc4e,Rest of Bay Area
9qbc4f,Rest of Bay Area
9qbc4g,Rest of Bay Area
9qbc4h,Rest of Bay Area
9qbc4j,Rest of Bay Area
9qbc4k,Rest of Bay Area
9qbc4m,Rest of Bay Area
9qbc4n,Rest of Bay Area
9qbc4p,Rest of Bay Area
9qbc4q,Rest of Bay Area
9qbc4r,Rest of Bay Area
9qbc4s,Rest of Bay Area
9qbc4t,Rest of Bay Area
9qbc4u,Rest of Bay Area
9qbc4v,Rest of Bay Area
9qbc4w,Rest of Bay Area
9qbc4x,Rest of Bay Area
9qbc4y,Rest of Bay Area
9qbc4z,Rest of Bay Area
9qbc50,Rest of Bay Area
9qbc51,Rest of Bay Area
9qbc52,Rest of Bay Area
9qbc53,Rest of Bay Area
9qbc54,Rest of Bay Area
9qbc55,Rest of Bay Area
9qbc56,Rest of Bay Area
9qbc57,Rest of Bay Area
9qbc58,Rest of Bay Area
9qbc59,Rest of Bay Area
9qbc5b,Rest of Bay Area
9qbc5c,Rest of Bay Area
9qbc5d,Rest of Bay Area
9qbc5e,Rest of Bay Area
9qbc5f,Rest of Bay Area
9qbc5g,Rest of Bay Area
9qbc5h,Rest of Bay Area
9qbc5j,Rest of Bay Area
9qbc5k,Rest of Bay Area
9qbc5m,Rest of Bay Area
9qbc5n,Rest of Bay Area
9qbc5p,Rest of Bay Area
9qbc5q,Rest of Bay Area
9qbc5r,Rest of Bay Area
9qbc5s,Rest of Bay Area
9qbc5t,Rest of Bay Area
9qbc5u,Rest of Bay Area
9qbc5v,Rest of Bay Area
9qbc5w,Rest of Bay Area
9qbc5x,Rest of Bay Area
9qbc5y,Rest of Bay Area
9qbc5z,Rest of Bay Area
9qbc60,Rest of Bay Area
9qbc61,Rest of Bay Area
9qbc62,Rest of Bay Area
9qbc63,Rest of Bay Area
9qbc64,Rest of Bay Area
9qbc65,Rest of Bay Area
9qbc66,Rest of Bay Area
9qbc67,Rest of Bay Area
9qbc68,Rest of Bay Area
9qbc69,Rest of Bay Area
9qbc6b,Rest of Bay Area
9qbc6c,Rest of Bay Area
9qbc6d,Rest of Bay Area
9qbc6e,Rest of Bay Area
9qbc6f,Rest of Bay Area
9qbc6g,Rest of Bay Area
9qbc6h,Rest of Bay Area
9qbc6j,Rest of Bay Area
9qbc6k,Rest of Bay Area
9qbc6m,Rest of Bay Area
9qbc6n,Rest of Bay Area
9qbc6p,Rest of Bay Area
9qbc6q,Rest of Bay Area
9qbc6r,Rest of Bay Area
9qbc6s,Rest of Bay Area
9qbc6t,Rest of Bay Area
9qbc6u,Rest of Bay Area
9qbc6v,Rest of Bay Area
9qbc6w,Rest of Bay Area
9qbc6x,Rest of Bay Area
9qbc6y,Rest of Bay Area
9qbc6z,Rest of Bay Area
9qbc70,Rest of Bay Area
9qbc71,Rest of Bay Area
9qbc72,Rest of Bay Area
9qbc73,Rest of Bay Area
9qbc74,Rest of Bay Area
9qbc75,Rest of Bay Area
9qbc76,Rest of Bay Area
9qbc77,Rest of Bay Area
9qbc78,Rest of Bay Area
9qbc79,Rest of Bay Area
9qbc7b,Rest of Bay Area
9qbc7c,Rest of Bay Area
9qbc7d,Rest of Bay Area
9qbc7e,Rest of Bay Area
9qbc7f,Rest of Bay Area
9qbc7g,Rest of Bay Area
9qbc7h,Rest of Bay Area
9qbc7j,Rest of Bay Area
9qbc7k,Rest of Bay Area
9qbc7m,Rest of Bay Area
9qbc7n,Rest of Bay Area
9qbc7p,Rest of Bay Area
9qbc7q,Rest of Bay Area
9qbc7r,Rest of Bay Area
9qbc7s,Rest of Bay Area
9qbc7t,Rest of Bay Area
9qbc7u,Rest of Bay Area
9qbc7v,Rest of Bay Area
9qbc7w,Rest of Bay Area
9qbc7x,Rest of Bay Area
9qbc7y,Rest of Bay Area
9qbc7z,Rest of Bay Area
9qbc80,Rest of Bay Area
9qbc81,Rest of Bay Area
9qbc82,Rest of Bay Area
9qbc83,Rest of Bay Area
9qbc84,Rest of Bay Area
9qbc85,Rest of Bay Area
9qbc86,Rest of Bay Area
9qbc87,Rest of Bay Area
9qbc88,Rest of Bay Area
9qbc89,Rest of Bay Area
9qbc8b,Rest of Bay Area
9qbc8c,Rest of Bay Area
9qbc8d,Rest of Bay Area
9qbc8e,Rest of Bay Area
9qbc8f,Rest of Bay Area
9qbc8g,Rest of Bay Area
9qbc8h,Rest of Bay Area
9qbc8j,Rest of Bay Area
9qbc8k,Rest of Bay Area
9qbc8m,Rest of Bay Area
9qbc8n,Rest of Bay Area
9qbc8p,Rest of Bay Area
9qbc8q,Rest of Bay Area
9qbc8r,Rest of Bay Area
9qbc8s,Rest of Bay Area
9qbc8t,Rest of Bay Area
9qbc8u,Rest of Bay Area
9qbc8v,Rest of Bay Area
9qbc8w,Rest of Bay Area
9qbc8x,Rest of Bay Area
9qbc8y,Rest of Bay Area
9qbc8z,Rest of Bay Area
9qbc90,Rest of Bay Area
9qbc91,Rest of Bay Area
9qbc92,Rest of Bay Area
9qbc93,Rest of Bay Area
9qbc94,Rest of Bay Area
9qbc95,Rest of Bay Area
9qbc96,Rest of Bay Area
9qbc97,Rest of Bay Area
9qbc98,Rest of Bay Area
9qbc99,Rest of Bay Area
9qbc9b,Rest of Bay Area
9qbc9c,Rest of Bay Area
9qbc9d,Rest of Bay Area
9qbc9e,Rest of Bay Area
9qbc9f,Rest of Bay Area
9qbc9g,Rest of Bay Area
9qbc9h,Rest of Bay Area
9qbc9j,Rest of Bay Area
9qbc9k,Rest of Bay Area
9qbc9m,Rest of Bay Area
9qbc9n,Rest of Bay Area
9qbc9p,Rest of Bay Area
9qbc9q,Rest of Bay Area
9qbc9r,Rest of Bay Area
9qbc9s,Rest of Bay Area
9qbc9t,Rest of Bay Area
9qbc9u,Rest of Bay Area
9qbc9v,Rest of Bay Area
9qbc9w,Rest of Bay Area
9qbc9x,Rest of Bay Area
9qbc9y,Rest of Bay Area
9qbc9z,Rest of Bay Area
9qbcb0,Rest of Bay Area
9qbcb1,Rest of Bay Area
9qbcb2,Rest of Bay Area
9qbcb3,Rest of Bay Area
9qbcb4,Rest of Bay Area
9qbcb5,Rest of Bay Area
9qbcb6,Rest of Bay Area
9qbcb7,Rest of Bay Area
9qbcb8,Rest of Bay Area
9qbcb9,Rest of Bay Area
9qbcbb,Rest of Bay Area
9qbcbc,Rest of Bay Area
9qbcbd,Rest of Bay Area
9qbcbe,Rest of Bay Area
9qbcbf,Rest of Bay Area
9qbcbg,Rest of Bay Area
9qbcbh,Rest of Bay Area
9qbcbj,Rest of Bay Area
9qbcbk,Rest of Bay Area
9qbcbm,Rest of Bay Area
9qbcbn,Rest of Bay Area
9qbcbp,Rest of Bay Area
9qbcbq,Rest of Bay Area
9qbcbr,Rest of Bay Area
9qbcbs,Rest of Bay Area
9qbcbt,Rest of Bay Area
9qbcbu,Rest of Bay Area
9qbcbv,Rest of Bay Area
9qbcbw,Rest of Bay Area
9qbcbx,Rest of Bay Area
9qbcby,Rest of Bay Area
9qbcbz,Rest of Bay Area
9qbcc0,Rest of Bay Area
9qbcc1,Rest of Bay Area
9qbcc2,Rest of Bay Area
9qbcc3,Rest of Bay Area
9qbcc4,Rest of Bay Area
9qbcc5,Rest of Bay Area
9qbcc6,Rest of Bay Area
9qbcc7,Rest of Bay Area
9qbcc8,Rest of Bay Area
9qbcc9,Rest of Bay Area
9qbccb,Rest of Bay Area
9qbccc,Rest of Bay Area
9qbccd,Rest of Bay Area
9qbcce,Rest of Bay Area
9qbccf,Rest of Bay Area
9qbccg,Rest of Bay Area
9qbcch,Rest of Bay Area
9qbccj,Rest of Bay Area
9qbcck,Rest of Bay Area
9qbccm,Rest of Bay Area
9qbccn,Rest of Bay Area
9qbccp,Rest of Bay Area
9qbccq,Rest of Bay Area
9qbccr,Rest of Bay Area
9qbccs,Rest of Bay Area
9qbcct,Rest of Bay Area
9qbccu,Rest of Bay Area
9qbccv,Rest of Bay Area
9qbccw,Rest of Bay Area
9qbccx,Rest of Bay Area
9qbccy,Rest of Bay Area
9qbccz,Rest of Bay Area
9qbcd0,Rest of Bay Area
9qbcd1,Rest of Bay Area
9qbcd2,Rest of Bay Area
9qbcd3,Rest of Bay Area
9qbcd4,Rest of Bay Area
9qbcd5,Rest of Bay Area
9qbcd6,Rest of Bay Area
9qbcd7,Rest of Bay Area
9qbcd8,Rest of Bay Area
9qbcd9,Rest of Bay Area
9qbcdb,Rest of Bay Area
9qbcdc,Rest of Bay Area
9qbcdd,Rest of Bay Area
9qbcde,Rest of Bay Area
9qbcdf,Rest of Bay Area
9qbcdg,Rest of Bay Area
9qbcdh,Rest of Bay Area
9qbcdj,Rest of Bay Area
9qbcdk,Rest of Bay Area
9qbcdm,Rest of Bay Area
9qbcdn,Rest of Bay Area
9qbcdp,Rest of Bay Area
9qbcdq,Rest of Bay Area
9qbcdr,Rest of Bay Area
9qbcds,Rest of Bay Area
9qbcdt,Rest of Bay Area
9qbcdu,Rest of Bay Area
9qbcdv,Rest of Bay Area
9qbcdw,Rest of Bay Area
9qbcdx,Rest of Bay Area
9qbcdy,Rest of Bay Area
9qbcdz,Rest of Bay Area
9qbce0,Rest of Bay Area
9qbce1,Rest of Bay Area
9qbce2,Rest of Bay Area
9qbce3,Rest of Bay Area
9qbce4,Rest of Bay Area
9qbce5,Rest of Bay Area
9qbce6,Rest of Bay Area
9qbce7,Rest of Bay Area
9qbce8,Rest of Bay Area
9qbce9,Rest of Bay Area
9qbceb,Rest of Bay Area
9qbcec,Rest of Bay Area
9qbced,Rest of Bay Area
9qbcee,Rest of Bay Area
9qbcef,Rest of Bay Area
9qbceg,Rest of Bay Area
9qbceh,Rest of Bay Area
9qbcej,Rest of Bay Area
9qbcek,Rest of Bay Area
9qbcem,Rest of Bay Area
9qbcen,Rest of Bay Area
9qbcep,Rest of Bay Area
9qbceq,Rest of Bay Area
9qbcer,Rest of Bay Area
9qbces,Rest of Bay Area
9qbcet,Rest of Bay Area
9qbceu,Rest of Bay Area
9qbcev,Rest of Bay Area
9qbcew,Rest of Bay Area
9qbcex,Rest of Bay Area
9qbcey,Rest of Bay Area
9qbcez,Rest of Bay Area
9qbcf0,Rest of Bay Area
9qbcf1,Rest of Bay Area
9qbcf2,Rest of Bay Area
9qbcf3,Rest of Bay Area
9qbcf4,Rest of Bay Area
9qbcf5,Rest of Bay Area
9qbcf6,Rest of Bay Area
9qbcf7,Rest of Bay Area
9qbcf8,Rest of Bay Area
9qbcf9,Rest of Bay Area
9qbcfb,Rest of Bay Area
9qbcfc,Rest of Bay Area
9qbcfd,Rest of Bay Area
9qbcfe,Rest of Bay Area
9qbcff,Rest of Bay Area
9qbcfg,Rest of Bay Area
9qbcfh,Rest of Bay Area
9qbcfj,Rest of Bay Area
9qbcfk,Rest of Bay Area
9qbcfm,Rest of Bay Area
9qbcfn,Rest of Bay Area
9qbcfp,Rest of Bay Area
9qbcfq,Rest of Bay Area
9qbcfr,Rest of Bay Area
9qbcfs,Rest of Bay Area
9qbcft,Rest of Bay Area
9qbcfu,Rest of Bay Area
9qbcfv,Rest of Bay Area
9qbcfw,Rest of Bay Area
9qbcfx,Rest of Bay Area
9qbcfy,Rest of Bay Area
9qbcfz,Rest of Bay Area
9qbcg0,Rest of Bay Area
9qbcg1,Rest of Bay Area
9qbcg2,Rest of Bay Area
9qbcg3,Rest of Bay Area
9qbcg4,Rest of Bay Area
9qbcg5,Rest of Bay Area
9qbcg6,Rest of Bay Area
9qbcg7,Rest of Bay Area
9qbcg8,Rest of Bay Area
9qbcg9,Rest of Bay Area
9qbcgb,Rest of Bay Area
9qbcgc,Rest of Bay Area
9qbcgd,Rest of Bay Area
9qbcge,Rest of Bay Area
9qbcgf,Rest of Bay Area
9qbcgg,Rest of Bay Area
9qbcgh,Rest of Bay Area
9qbcgj,Rest of Bay Area
9qbcgk,Rest of Bay Area
9qbcgm,Rest of Bay Area
9qbcgn,Rest of Bay Area
9qbcgp,Rest of Bay Area
9qbcgq,Rest of Bay Area
9qbcgr,Rest of Bay Area
9qbcgs,Rest of Bay Area
9qbcgt,Rest of Bay Area
9qbcgu,Rest of Bay Area
9qbcgv,Rest of Bay Area
9qbcgw,Rest of Bay Area
9qbcgx,Rest of Bay Area
9qbcgy,Rest of Bay Area
9qbcgz,Rest of Bay Area
9qbch0,Rest of Bay Area
9qbch1,Rest of Bay Area
9qbch2,Rest of Bay Area
9qbch3,Rest of Bay Area
9qbch4,Rest of Bay Area
9qbch5,Rest of Bay Area
9qbch6,Rest of Bay Area
9qbch7,Rest of Bay Area
9qbch8,Rest of Bay Area
9qbch9,Rest of Bay Area
9qbchb,Rest of Bay Area
9qbchc,Rest of Bay Area
9qbchd,Rest of Bay Area
9qbche,Rest of Bay Area
9qbchf,Rest of Bay Area
9qbchg,Rest of Bay Area
9qbchh,Rest of Bay Area
9qbchj,Rest of Bay Area
9qbchk,Rest of Bay Area
9qbchm,Rest of Bay Area
9qbchn,Rest of Bay Area
9qbchp,Rest of Bay Area
9qbchq,Rest of Bay Area
9qbchr,Rest of Bay Area
9qbchs,Rest of Bay Area
9qbcht,Rest of Bay Area
9qbchu,Rest of Bay Area
9qbchv,Rest of Bay Area
9qbchw,Rest of Bay Area
9qbchx,Rest of Bay Area
9qbchy,Rest of Bay Area
9qbchz,Rest of Bay Area
9qbcj0,Rest of Bay Area
9qbcj1,Rest of Bay Area
9qbcj2,Rest of Bay Area
9qbcj3,Rest of Bay Area
9qbcj4,Rest of Bay Area
9qbcj5,Rest of Bay Area
9qbcj6,Rest of Bay Area
9qbcj7,Rest of Bay Area
9qbcj8,Rest of Bay Area
9qbcj9,Rest of Bay Area
9qbcjb,Rest of Bay Area
9qbcjc,Rest of Bay Area
9qbcjd,Rest of Bay Area
9qbcje,Rest of Bay Area
9qbcjf,Rest of Bay Area
9qbcjg,Rest of Bay Area
9qbcjh,Rest of Bay Area
9qbcjj,Rest of Bay Area
9qbcjk,Rest of Bay Area
9qbcjm,Rest of Bay Area
9qbcjn,Rest of Bay Area
9qbcjp,Rest of Bay Area
9qbcjq,Rest of Bay Area
9qbcjr,Rest of Bay Area
9qbcjs,Rest of Bay Area
9qbcjt,Rest of Bay Area
9qbcju,Rest of Bay Area
9qbcjv,Rest of Bay Area
9qbcjw,Rest of Bay Area
9qbcjx,Rest of Bay Area
9qbcjy,Rest of Bay Area
9qbcjz,Rest of Bay Area
9qbck0,Rest of Bay Area
9qbck1,Rest of Bay Area
9qbck2,Rest of Bay Area
9qbck3,Rest of Bay Area
9qbck4,Rest of Bay Area
9qbck5,Rest of Bay Area
9qbck6,Rest of Bay Area
9qbck7,Rest of Bay Area
9qbck8,Rest of Bay Area
9qbck9,Rest of Bay Area
9qbckb,Rest of Bay Area
9qbckc,Rest of Bay Area
9qbckd,Rest of Bay Area
9qbcke,Rest of Bay Area
9qbckf,Rest of Bay Area
9qbckg,Rest of Bay Area
9qbckh,Rest of Bay Area
9qbckj,Rest of Bay Area
9qbckk,Rest of Bay Area
9qbckm,Rest of Bay Area
9qbckn,Rest of Bay Area
9qbckp,Rest of Bay Area
9qbckq,Rest of Bay Area
9qbckr,Rest of Bay Area
9qbcks,Rest of Bay Area
9qbckt,Rest of Bay Area
9qbcku,Rest of Bay Area
9qbckv,Rest of Bay Area
9qbckw,Rest of Bay Area
9qbckx,Rest of Bay Area
9qbcky,Rest of Bay Area
9qbckz,Rest of Bay Area
9qbcm0,Rest of Bay Area
9qbcm1,Rest of Bay Area
9qbcm2,Rest of Bay Area
9qbcm3,Rest of Bay Area
9qbcm4,Rest of Bay Area
9qbcm5,Rest of Bay Area
9qbcm6,Rest of Bay Area
9qbcm7,Rest of Bay Area
9qbcm8,Rest of Bay Area
9qbcm9,Rest of Bay Area
9qbcmb,Rest of Bay Area
9qbcmc,Rest of Bay Area
9qbcmd,Rest of Bay Area
9qbcme,Rest of Bay Area
9qbcmf,Rest of Bay Area
9qbcmg,Rest of Bay Area
9qbcmh,Rest of Bay Area
9qbcmj,Rest of Bay Area
9qbcmk,Rest of Bay Area
9qbcmm,Rest of Bay Area
9qbcmn,Rest of Bay Area
9qbcmp,Rest of Bay Area
9qbcmq,Rest of Bay Area
9qbcmr,Rest of Bay Area
9qbcms,Rest of Bay Area
9qbcmt,Rest of Bay Area
9qbcmu,Rest of Bay Area
9qbcmv,Rest of Bay Area
9qbcmw,Rest of Bay Area
9qbcmx,Rest of Bay Area
9qbcmy,Rest of Bay Area
9qbcmz,Rest of Bay Area
9qbcn0,Rest of Bay Area
9qbcn1,Rest of Bay Area
9qbcn2,Rest of Bay Area
9qbcn3,Rest of Bay Area
9qbcn4,Rest of Bay Area
9qbcn5,Rest of Bay Area
9qbcn6,Rest of Bay Area
9qbcn7,Rest of Bay Area
9qbcn8,Rest of Bay Area
9qbcn9,Rest of Bay Area
9qbcnb,Rest of Bay Area
9qbcnc,Rest of Bay Area
9qbcnd,Rest of Bay Area
9qbcne,Rest of Bay Area
9qbcnf,Rest of Bay Area
9qbcng,Rest of Bay Area
9qbcnh,Rest of Bay Area
9qbcnj,Rest of Bay Area
9qbcnk,Rest of Bay Area
9qbcnm,Rest of Bay Area
9qbcnn,Rest of Bay Area
9qbcnp,Rest of Bay Area
9qbcnq,Rest of Bay Area
9qbcnr,Rest of Bay Area
9qbcns,Rest of Bay Area
9qbcnt,Rest of Bay Area
9qbcnu,Rest of Bay Area
9qbcnv,Rest of Bay Area
9qbcnw,Rest of Bay Area
9qbcnx,Rest of Bay Area
9qbcny,Rest of Bay Area
9qbcnz,Rest of Bay Area
9qbcp0,Rest of Bay Area
9qbcp1,Rest of Bay Area
9qbcp2,Rest of Bay Area
9qbcp3,Rest of Bay Area
9qbcp4,Rest of Bay Area
9qbcp5,Rest of Bay Area
9qbcp6,Rest of Bay Area
9qbcp7,Rest of Bay Area
9qbcp8,Rest of Bay Area
9qbcp9,Rest of Bay Area
9qbcpb,Rest of Bay Area
9qbcpc,Rest of Bay Area
9qbcpd,Rest of Bay Area
9qbcpe,Rest of Bay Area
9qbcpf,Rest of Bay Area
9qbcpg,Rest of Bay Area
9qbcph,Rest of Bay Area
9qbcpj,Rest of Bay Area
9qbcpk,Rest of Bay Area
9qbcpm,Rest of Bay Area
9qbcpn,Rest of Bay Area
9qbcpp,Rest of Bay Area
9qbcpq,Rest of Bay Area
9qbcpr,Rest of Bay Area
9qbcps,Rest of Bay Area
9qbcpt,Rest of Bay Area
9qbcpu,Rest of Bay Area
9qbcpv,Rest of Bay Area
9qbcpw,Rest of Bay Area
9qbcpx,Rest of Bay Area
9qbcpy,Rest of Bay Area
9qbcpz,Rest of Bay Area
9qbcq0,Rest of Bay Area
9qbcq1,Rest of Bay Area
9qbcq2,Rest of Bay Area
9qbcq3,Rest of Bay Area
9qbcq4,Rest of Bay Area
9qbcq5,Rest of Bay Area
9qbcq6,Rest of Bay Area
9qbcq7,Rest of Bay Area
9qbcq8,Rest of Bay Area
9qbcq9,Rest of Bay Area
9qbcqb,Rest of Bay Area
9qbcqc,Rest of Bay Area
9qbcqd,Rest of Bay Area
9qbcqe,Rest of Bay Area
9qbcqf,Rest of Bay Area
9qbcqg,Rest of Bay Area
9qbcqh,Rest of Bay Area
9qbcqj,Rest of Bay Area
9qbcqk,Rest of Bay Area
9qbcqm,Rest of Bay Area
9qbcqn,Rest of Bay Area
9qbcqp,Rest of Bay Area
9qbcqq,Rest of Bay Area
9qbcqr,Rest of Bay Area
9qbcqs,Rest of Bay Area
9qbcqt,Rest of Bay Area
9qbcqu,Rest of Bay Area
9qbcqv,Rest of Bay Area
9qbcqw,Rest of Bay Area
9qbcqx,Rest of Bay Area
9qbcqy,Rest of Bay Area
9qbcqz,Rest of Bay Area
9qbcr0,Rest of Bay Area
9qbcr1,Rest of Bay Area
9qbcr2,Rest of Bay Area
9qbcr3,Rest of Bay Area
9qbcr4,Rest of Bay Area
9qbcr5,Rest of Bay Area
9qbcr6,Rest of Bay Area
9qbcr7,Rest of Bay Area
9qbcr8,Rest of Bay Area
9qbcr9,Rest of Bay Area
9qbcrb,Rest of Bay Area
9qbcrc,Rest of Bay Area
9qbcrd,Rest of Bay Area
9qbcre,Rest of Bay Area
9qbcrf,Rest of Bay Area
9qbcrg,Rest of Bay Area
9qbcrh,Rest of Bay Area
9qbcrj,Rest of Bay Area
9qbcrk,Rest of Bay Area
9qbcrm,Rest of Bay Area
9qbcrn,Rest of Bay Area
9qbcrp,Rest of Bay Area
9qbcrq,Rest of Bay Area
9qbcrr,Rest of Bay Area
9qbcrs,Rest of Bay Area
9qbcrt,Rest of Bay Area
9qbcru,Rest of Bay Area
9qbcrv,Rest of Bay Area
9qbcrw,Rest of Bay Area
9qbcrx,Rest of Bay Area
9qbcry,Rest of Bay Area
9qbcrz,Rest of Bay Area
9qbcs0,Rest of Bay Area
9qbcs1,Rest of Bay Area
9qbcs2,Rest of Bay Area
9qbcs3,Rest of Bay Area
9qbcs4,Rest of Bay Area
9qbcs5,Rest of Bay Area
9qbcs6,Rest of Bay Area
9qbcs7,Rest of Bay Area
9qbcs8,Rest of Bay Area
9qbcs9,Rest of Bay Area
9qbcsb,Rest of Bay Area
9qbcsc,Rest of Bay Area
9qbcsd,Rest of Bay Area
9qbcse,Rest of Bay Area
9qbcsf,Rest of Bay Area
9qbcsg,Rest of Bay Area
9qbcsh,Rest of Bay Area
9qbcsj,Rest of Bay Area
9qbcsk,Rest of Bay Area
9qbcsm,Rest of Bay Area
9qbcsn,Rest of Bay Area
9qbcsp,Rest of Bay Area
9qbcsq,Rest of Bay Area
9qbcsr,Rest of Bay Area
9qbcss,Rest of Bay Area
9qbcst,Rest of Bay Area
9qbcsu,Rest of Bay Area
9qbcsv,Rest of Bay Area
9qbcsw,Rest of Bay Area
9qbcsx,Rest of Bay Area
9qbcsy,Rest of Bay Area
9qbcsz,Rest of Bay Area
9qbct0,Rest of Bay Area
9qbct1,Rest of Bay Area
9qbct2,Rest of Bay Area
9qbct3,Rest of Bay Area
9qbct4,Rest of Bay Area
9qbct5,Rest of Bay Area
9qbct6,Rest of Bay Area
9qbct7,Rest of Bay Area
9qbct8,Rest of Bay Area
9qbct9,Rest of Bay Area
9qbctb,Rest of Bay Area
9qbctc,Rest of Bay Area
9qbctd,Rest of Bay Area
9qbcte,Rest of Bay Area
9qbctf,Rest of Bay Area
9qbctg,Rest of Bay Area
9qbcth,Rest of Bay Area
9qbctj,Rest of Bay Area
9qbctk,Rest of Bay Area
9qbctm,Rest of Bay Area
9qbctn,Rest of Bay Area
9qbctp,Rest of Bay Area
9qbctq,Rest of Bay Area
9qbctr,Rest of Bay Area
9qbcts,Rest of Bay Area
9qbctt,Rest of Bay Area
9qbctu,Rest of Bay Area
9qbctv,Rest of Bay Area
9qbctw,Rest of Bay Area
9qbctx,Rest of Bay Area
9qbcty,Rest of Bay Area
9qbctz,Rest of Bay Area
9qbcu0,Rest of Bay Area
9qbcu1,Rest of Bay Area
9qbcu2,Rest of Bay Area
9qbcu3,Rest of Bay Area
9qbcu4,Rest of Bay Area
9qbcu5,Rest of Bay Area
9qbcu6,Rest of Bay Area
9qbcu7,Rest of Bay Area
9qbcu8,Rest of Bay Area
9qbcu9,Rest of Bay Area
9qbcub,Rest of Bay Area
9qbcuc,Rest of Bay Area
9qbcud,Rest of Bay Area
9qbcue,Rest of Bay Area
9qbcuf,Rest of Bay Area
9qbcug,Rest of Bay Area
9qbcuh,Rest of Bay Area
9qbcuj,Rest of Bay Area
9qbcuk,Rest of Bay Area
9qbcum,Rest of Bay Area
9qbcun,Rest of Bay Area
9qbcup,Rest of Bay Area
9qbcuq,Rest of Bay Area
9qbcur,Rest of Bay Area
9qbcus,Rest of Bay Area
9qbcut,Rest of Bay Area
9qbcuu,Rest of Bay Area
9qbcuv,Rest of Bay Area
9qbcuw,Rest of Bay Area
9qbcux,Rest of Bay Area
9qbcuy,Rest of Bay Area
9qbcuz,Rest of Bay Area
9qbcv0,Rest of Bay Area
9qbcv1,Rest of Bay Area
9qbcv2,Rest of Bay Area
9qbcv3,Rest of Bay Area
9qbcv4,Rest of Bay Area
9qbcv5,Rest of Bay Area
9qbcv6,Rest of Bay Area
9qbcv7,Rest of Bay Area
9qbcv8,Rest of Bay Area
9qbcv9,Rest of Bay Area
9qbcvb,Rest of Bay Area
9qbcvc,Rest of Bay Area
9qbcvd,Rest of Bay Area
9qbcve,Rest of Bay Area
9qbcvf,Rest of Bay Area
9qbcvg,Rest of Bay Area
9qbcvh,Rest of Bay Area
9qbcvj,Rest of Bay Area
9qbcvk,Rest of Bay Area
9qbcvm,Rest of Bay Area
9qbcvn,Rest of Bay Area
9qbcvp,Rest of Bay Area
9qbcvq,Rest of Bay Area
9qbcvr,Rest of Bay Area
9qbcvs,Rest of Bay Area
9qbcvt,Rest of Bay Area
9qbcvu,Rest of Bay Area
9qbcvv,Rest of Bay Area
9qbcvw,Rest of Bay Area
9qbcvx,Rest of Bay Area
9qbcvy,Rest of Bay Area
9qbcvz,Rest of Bay Area
9qbcw0,Rest of Bay Area
9qbcw1,Rest of Bay Area
9qbcw2,Rest of Bay Area
9qbcw3,Rest of Bay Area
9qbcw4,Rest of Bay Area
9qbcw5,Rest of Bay Area
9qbcw6,Rest of Bay Area
9qbcw7,Rest of Bay Area
9qbcw8,Rest of Bay Area
9qbcw9,Rest of Bay Area
9qbcwb,Rest of Bay Area
9qbcwc,Rest of Bay Area
9qbcwd,Rest of Bay Area
9qbcwe,Rest of Bay Area
9qbcwf,Rest of Bay Area
9qbcwg,Rest of Bay Area
9qbcwh,Rest of Bay Area
9qbcwj,Rest of Bay Area
9qbcwk,Rest of Bay Area
9qbcwm,Rest of Bay Area
9qbcwn,Rest of Bay Area
9qbcwp,Rest of Bay Area
9qbcwq,Rest of Bay Area
9qbcwr,Rest of Bay Area
9qbcws,Rest of Bay Area
9qbcwt,Rest of Bay Area
9qbcwu,Rest of Bay Area
9qbcwv,Rest of Bay Area
9qbcww,Rest of Bay Area
9qbcwx,Rest of Bay Area
9qbcwy,Rest of Bay Area
9qbcwz,Rest of Bay Area
9qbcx0,Rest of Bay Area
9qbcx1,Rest of Bay Area
9qbcx2,Rest of Bay Area
9qbcx3,Rest of Bay Area
9qbcx4,Rest of Bay Area
9qbcx5,Rest of Bay Area
9qbcx6,Rest of Bay Area
9qbcx7,Rest of Bay Area
9qbcx8,Rest of Bay Area
9qbcx9,Rest of Bay Area
9qbcxb,Rest of Bay Area
9qbcxc,Rest of Bay Area
9qbcxd,Rest of Bay Area
9qbcxe,Rest of Bay Area
9qbcxf,Rest of Bay Area
9qbcxg,Rest of Bay Area
9qbcxh,Rest of Bay Area
9qbcxj,Rest of Bay Area
9qbcxk,Rest of Bay Area
9qbcxm,Rest of Bay Area
9qbcxn,Rest of Bay Area
9qbcxp,Rest of Bay Area
9qbcxq,Rest of Bay Area
9qbcxr,Rest of Bay Area
9qbcxs,Rest of Bay Area
9qbcxt,Rest of Bay Area
9qbcxu,Rest of Bay Area
9qbcxv,Rest of Bay Area
9qbcxw,Rest of Bay Area
9qbcxx,Rest of Bay Area
9qbcxy,Rest of Bay Area
9qbcxz,Rest of Bay Area
9qbcy0,Rest of Bay Area
9qbcy1,Rest of Bay Area
9qbcy2,Rest of Bay Area
9qbcy3,Rest of Bay Area
9qbcy4,Rest of Bay Area
9qbcy5,Rest of Bay Area
9qbcy6,Rest of Bay Area
9qbcy7,Rest of Bay Area
9qbcy8,Rest of Bay Area
9qbcy9,Rest of Bay Area
9qbcyb,Rest of Bay Area
9qbcyc,Rest of Bay Area
9qbcyd,Rest of Bay Area
9qbcye,Rest of Bay Area
9qbcyf,Rest of Bay Area
9qbcyg,Rest of Bay Area
9qbcyh,Rest of Bay Area
9qbcyj,Rest of Bay Area
9qbcyk,Rest of Bay Area
9qbcym,Rest of Bay Area
9qbcyn,Rest of Bay Area
9qbcyp,Rest of Bay Area
9qbcyq,Rest of Bay Area
9qbcyr,Rest of Bay Area
9qbcys,Rest of Bay Area
9qbcyt,Rest of Bay Area
9qbcyu,Rest of Bay Area
9qbcyv,Rest of Bay Area
9qbcyw,Rest of Bay Area
9qbcyx,Rest of Bay Area
9qbcyy,Rest of Bay Area
9qbcyz,Rest of Bay Area
9qbcz0,Rest of Bay Area
9qbcz1,Rest of Bay Area
9qbcz2,Rest of Bay Area
9qbcz3,Rest of Bay Area
9qbcz4,Rest of Bay Area
9qbcz5,Rest of Bay Area
9qbcz6,Rest of Bay Area
9qbcz7,Rest of Bay Area
9qbcz8,Rest of Bay Area
9qbcz9,Rest of Bay Area
9qbczb,Rest of Bay Area
9qbczc,Rest of Bay Area
9qbczd,Rest of Bay Area
9qbcze,Rest of Bay Area
9qbczf,Rest of Bay Area
9qbczg,Rest of Bay Area
9qbczh,Rest of Bay Area
9qbczj,Rest of Bay Area
9qbczk,Rest of Bay Area
9qbczm,Rest of Bay Area
9qbczn,Rest of Bay Area
9qbczp,Rest of Bay Area
9qbczq,Rest of Bay Area
9qbczr,Rest of Bay Area
9qbczs,Rest of Bay Area
9qbczt,Rest of Bay Area
9qbczu,Rest of Bay Area
9qbczv,Rest of Bay Area
9qbczw,Rest of Bay Area
9qbczx,Rest of Bay Area
9qbczy,Rest of Bay Area
9qbczz,Rest of Bay Area
9qbd00,Rest of Bay Area
9qbd01,Rest of Bay Area
9qbd02,Rest of Bay Area
9qbd03,Rest of Bay Area
9qbd04,Rest of Bay Area
9qbd05,Rest of Bay Area
9qbd06,Rest of Bay Area
9qbd07,Rest of Bay Area
9qbd08,Rest of Bay Area
9qbd09,Rest of Bay Area
9qbd0b,Rest of Bay Area
9qbd0c,Rest of Bay Area
9qbd0d,Rest of Bay Area
9qbd0e,Rest of Bay Area
9qbd0f,Rest of Bay Area
9qbd0g,Rest of Bay Area
9qbd0h,Rest of Bay Area
9qbd0j,Rest of Bay Area
9qbd0k,Rest of Bay Area
9qbd0m,Rest of Bay Area
9qbd0n,Rest of Bay Area
9qbd0p,Rest of Bay Area
9qbd0q,Rest of Bay Area
9qbd0r,Rest of Bay Area
9qbd0s,Rest of Bay Area
9qbd0t,Rest of Bay Area
9qbd0u,Rest of Bay Area
9qbd0v,Rest of Bay Area
9qbd0w,Rest of Bay Area
9qbd0x,Rest of Bay Area
9qbd0y,Rest of Bay Area
9qbd0z,Rest of Bay Area
9qbd10,Rest of Bay Area
9qbd11,Rest of Bay Area
9qbd12,Rest of Bay Area
9qbd13,Rest of Bay Area
9qbd14,Rest of Bay Area
9qbd15,Rest of Bay Area
9qbd16,Rest of Bay Area
9qbd17,Rest of Bay Area
9qbd18,Rest of Bay Area
9qbd19,Rest of Bay Area
9qbd1b,Rest of Bay Area
9qbd1c,Rest of Bay Area
9qbd1d,Rest of Bay Area
9qbd1e,Rest of Bay Area
9qbd1f,Rest of Bay Area
9qbd1g,Rest of Bay Area
9qbd1h,Rest of Bay Area
9qbd1j,Rest of Bay Area
9qbd1k,Rest of Bay Area
9qbd1m,Rest of Bay Area
9qbd1n,Rest of Bay Area
9qbd1p,Rest of Bay Area
9qbd1q,Rest of Bay Area
9qbd1r,Rest of Bay Area
9qbd1s,Rest of Bay Area
9qbd1t,Rest of Bay Area
9qbd1u,Rest of Bay Area
9qbd1v,Rest of Bay Area
9qbd1w,Rest of Bay Area
9qbd1x,Rest of Bay Area
9qbd1y,Rest of Bay Area
9qbd1z,Rest of Bay Area
9qbd20,Rest of Bay Area
9qbd21,Rest of Bay Area
9qbd22,Rest of Bay Area
9qbd23,Rest of Bay Area
9qbd24,Rest of Bay Area
9qbd25,Rest of Bay Area
9qbd26,Rest of Bay Area
9qbd27,Rest of Bay Area
9qbd28,Rest of Bay Area
9qbd29,Rest of Bay Area
9qbd2b,Rest of Bay Area
9qbd2c,Rest of Bay Area
9qbd2d,Rest of Bay Area
9qbd2e,Rest of Bay Area
9qbd2f,Rest of Bay Area
9qbd2g,Rest of Bay Area
9qbd2h,Rest of Bay Area
9qbd2j,Rest of Bay Area
9qbd2k,Rest of Bay Area
9qbd2m,Rest of Bay Area
9qbd2n,Rest of Bay Area
9qbd2p,Rest of Bay Area
9qbd2q,Rest of Bay Area
9qbd2r,Rest of Bay Area
9qbd2s,Rest of Bay Area
9qbd2t,Rest of Bay Area
9qbd2u,Rest of Bay Area
9qbd2v,Rest of Bay Area
9qbd2w,Rest of Bay Area
9qbd2x,Rest of Bay Area
9qbd2y,Rest of Bay Area
9qbd2z,Rest of Bay Area
9qbd30,Rest of Bay Area
9qbd31,Rest of Bay Area
9qbd32,Rest of Bay Area
9qbd33,Rest of Bay Area
9qbd34,Rest of Bay Area
9qbd35,Rest of Bay Area
9qbd36,Rest of Bay Area
9qbd37,Rest of Bay Area
9qbd38,Rest of Bay Area
9qbd39,Rest of Bay Area
9qbd3b,Rest of Bay Area
9qbd3c,Rest of Bay Area
9qbd3d,Rest of Bay Area
9qbd3e,Rest of Bay Area
9qbd3f,Rest of Bay Area
9qbd3g,Rest of Bay Area
9qbd3h,Rest of Bay Area
9qbd3j,Rest of Bay Area
9qbd3k,Rest of Bay Area
9qbd3m,Rest of Bay Area
9qbd3n,Rest of Bay Area
9qbd3p,Rest of Bay Area
9qbd3q,Rest of Bay Area
9qbd3r,Rest of Bay Area
9qbd3s,Rest of Bay Area
9qbd3t,Rest of Bay Area
9qbd3u,Rest of Bay Area
9qbd3v,Rest of Bay Area
9qbd3w,Rest of Bay Area
9qbd3x,Rest of Bay Area
9qbd3y,Rest of Bay Area
9qbd3z,Rest of Bay Area
9qbd40,Rest of Bay Area
9qbd41,Rest of Bay Area
9qbd42,Rest of Bay Area
9qbd43,Rest of Bay Area
9qbd44,Rest of Bay Area
9qbd45,Rest of Bay Area
9qbd46,Rest of Bay Area
9qbd47,Rest of Bay Area
9qbd48,Rest of Bay Area
9qbd49,Rest of Bay Area
9qbd4b,Rest of Bay Area
9qbd4c,Rest of Bay Area
9qbd4d,Rest of Bay Area
9qbd4e,Rest of Bay Area
9qbd4f,Rest of Bay Area
9qbd4g,Rest of Bay Area
9qbd4h,Rest of Bay Area
9qbd4j,Rest of Bay Area
9qbd4k,Rest of Bay Area
9qbd4m,Rest of Bay Area
9qbd4n,Rest of Bay Area
9qbd4p,Rest of Bay Area
9qbd4q,Rest of Bay Area
9qbd4r,Rest of Bay Area
9qbd4s,Rest of Bay Area
9qbd4t,Rest of Bay Area
9qbd4u,Rest of Bay Area
9qbd4v,Rest of Bay Area
9qbd4w,Rest of Bay Area
9qbd4x,Rest of Bay Area
9qbd4y,Rest of Bay Area
9qbd4z,Rest of Bay Area
9qbd50,Rest of Bay Area
9qbd51,Rest of Bay Area
9qbd52,Rest of Bay Area
9qbd53,Rest of Bay Area
9qbd54,Rest of Bay Area
9qbd55,Rest of Bay Area
9qbd56,Rest of Bay Area
9qbd57,Rest of Bay Area
9qbd58,Rest of Bay Area
9qbd59,Rest of Bay Area
9qbd5b,Rest of Bay Area
9qbd5c,Rest of Bay Area
9qbd5d,Rest of Bay Area
9qbd5e,Rest of Bay Area
9qbd5f,Rest of Bay Area
9qbd5g,Rest of Bay Area
9qbd5h,Rest of Bay Area
9qbd5j,Rest of Bay Area
9qbd5k,Rest of Bay Area
9qbd5m,Rest of Bay Area
9qbd5n,Rest of Bay Area
9qbd5p,Rest of Bay Area
9qbd5q,Rest of Bay Area
9qbd5r,Rest of Bay Area
9qbd5s,Rest of Bay Area
9qbd5t,Rest of Bay Area
9qbd5u,Rest of Bay Area
9qbd5v,Rest of Bay Area
9qbd5w,Rest of Bay Area
9qbd5x,Rest of Bay Area
9qbd5y,Rest of Bay Area
9qbd5z,Rest of Bay Area
9qbd60,Rest of Bay Area
9qbd61,Rest of Bay Area
9qbd62,Rest of Bay Area
9qbd63,Rest of Bay Area
9qbd64,Rest of Bay Area
9qbd65,Rest of Bay Area
9qbd66,Rest of Bay Area
9qbd67,Rest of Bay Area
9qbd68,Rest of Bay Area
9qbd69,Rest of Bay Area
9qbd6b,Rest of Bay Area
9qbd6c,Rest of Bay Area
9qbd6d,Rest of Bay Area
9qbd6e,Rest of Bay Area
9qbd6f,Rest of Bay Area
9qbd6g,Rest of Bay Area
9qbd6h,Rest of Bay Area
9qbd6j,Rest of Bay Area
9qbd6k,Rest of Bay Area
9qbd6m,Rest of Bay Area
9qbd6n,Rest of Bay Area
9qbd6p,Rest of Bay Area
9qbd6q,Rest of Bay Area
9qbd6r,Rest of Bay Area
9qbd6s,Rest of Bay Area
9qbd6t,Rest of Bay Area
9qbd6u,Rest of Bay Area
9qbd6v,Rest of Bay Area
9qbd6w,Rest of Bay Area
9qbd6x,Rest of Bay Area
9qbd6y,Rest of Bay Area
9qbd6z,Rest of Bay Area
9qbd70,Rest of Bay Area
9qbd71,Rest of Bay Area
9qbd72,Rest of Bay Area
9qbd73,Rest of Bay Area
9qbd74,Rest of Bay Area
9qbd75,Rest of Bay Area
9qbd76,Rest of Bay Area
9qbd77,Rest of Bay Area
9qbd78,Rest of Bay Area
9qbd79,Rest of Bay Area
9qbd7b,Rest of Bay Area
9qbd7c,Rest of Bay Area
9qbd7d,Rest of Bay Area
9qbd7e,Rest of Bay Area
9qbd7f,Rest of Bay Area
9qbd7g,Rest of Bay Area
9qbd7h,Rest of Bay Area
9qbd7j,Rest of Bay Area
9qbd7k,Rest of Bay Area
9qbd7m,Rest of Bay Area
9qbd7n,Rest of Bay Area
9qbd7p,Rest of Bay Area
9qbd7q,Rest of Bay Area
9qbd7r,Rest of Bay Area
9qbd7s,Rest of Bay Area
9qbd7t,Rest of Bay Area
9qbd7u,Rest of Bay Area
9qbd7v,Rest of Bay Area
9qbd7w,Rest of Bay Area
9qbd7x,Rest of Bay Area
9qbd7y,Rest of Bay Area
9qbd7z,Rest of Bay Area
9qbd80,Rest of Bay Area
9qbd81,Rest of Bay Area
9qbd82,Rest of Bay Area
9qbd83,Rest of Bay Area
9qbd84,Rest of Bay Area
9qbd85,Rest of Bay Area
9qbd86,Rest of Bay Area
9qbd87,Rest of Bay Area
9qbd88,Rest of Bay Area
9qbd89,Rest of Bay Area
9qbd8b,Rest of Bay Area
9qbd8c,Rest of Bay Area
9qbd8d,Rest of Bay Area
9qbd8e,Rest of Bay Area
9qbd8f,Rest of Bay Area
9qbd8g,Rest of Bay Area
9qbd8h,Rest of Bay Area
9qbd8j,Rest of Bay Area
9qbd8k,Rest of Bay Area
9qbd8m,Rest of Bay Area
9qbd8n,Rest of Bay Area
9qbd8p,Rest of Bay Area
9qbd8q,Rest of Bay Area
9qbd8r,Rest of Bay Area
9qbd8s,Rest of Bay Area
9qbd8t,Rest of Bay Area
9qbd8u,Rest of Bay Area
9qbd8v,Rest of Bay Area
9qbd8w,Rest of Bay Area
9qbd8x,Rest of Bay Area
9qbd8y,Rest of Bay Area
9qbd8z,Rest of Bay Area
9qbd90,Rest of Bay Area
9qbd91,Rest of Bay Area
9qbd92,Rest of Bay Area
9qbd93,Rest of Bay Area
9qbd94,Rest of Bay Area
9qbd95,Rest of Bay Area
9qbd96,Rest of Bay Area
9qbd97,Rest of Bay Area
9qbd98,Rest of Bay Area
9qbd99,Rest of Bay Area
9qbd9b,Rest of Bay Area
9qbd9c,Rest of Bay Area
9qbd9d,Rest of Bay Area
9qbd9e,Rest of Bay Area
9qbd9f,Rest of Bay Area
9qbd9g,Rest of Bay Area
9qbd9h,Rest of Bay Area
9qbd9j,Rest of Bay Area
9qbd9k,Rest of Bay Area
9qbd9m,Rest of Bay Area
9qbd9n,Rest of Bay Area
9qbd9p,Rest of Bay Area
9qbd9q,Rest of Bay Area
9qbd9r,Rest of Bay Area
9qbd9s,Rest of Bay Area
9qbd9t,Rest of Bay Area
9qbd9u,Rest of Bay Area
9qbd9v,Rest of Bay Area
9qbd9w,Rest of Bay Area
9qbd9x,Rest of Bay Area
9qbd9y,Rest of Bay Area
9qbd9z,Rest of Bay Area
9qbdb0,Rest of Bay Area
9qbdb1,Rest of Bay Area
9qbdb2,Rest of Bay Area
9qbdb3,Rest of Bay Area
9qbdb4,Rest of Bay Area
9qbdb5,Rest of Bay Area
9qbdb6,Rest of Bay Area
9qbdb7,Rest of Bay Area
9qbdb8,Rest of Bay Area
9qbdb9,Rest of Bay Area
9qbdbb,Rest of Bay Area
9qbdbc,Rest of Bay Area
9qbdbd,Rest of Bay Area
9qbdbe,Rest of Bay Area
9qbdbf,Rest of Bay Area
9qbdbg,Rest of Bay Area
9qbdbh,Rest of Bay Area
9qbdbj,Rest of Bay Area
9qbdbk,Rest of Bay Area
9qbdbm,Rest of Bay Area
9qbdbn,Rest of Bay Area
9qbdbp,Rest of Bay Area
9qbdbq,Rest of Bay Area
9qbdbr,Rest of Bay Area
9qbdbs,Rest of Bay Area
9qbdbt,Rest of Bay Area
9qbdbu,Rest of Bay Area
9qbdbv,Rest of Bay Area
9qbdbw,Rest of Bay Area
9qbdbx,Rest of Bay Area
9qbdby,Rest of Bay Area
9qbdbz,Rest of Bay Area
9qbdc0,Rest of Bay Area
9qbdc1,Rest of Bay Area
9qbdc2,Rest of Bay Area
9qbdc3,Rest of Bay Area
9qbdc4,Rest of Bay Area
9qbdc5,Rest of Bay Area
9qbdc6,Rest of Bay Area
9qbdc7,Rest of Bay Area
9qbdc8,Rest of Bay Area
9qbdc9,Rest of Bay Area
9qbdcb,Rest of Bay Area
9qbdcc,Rest of Bay Area
9qbdcd,Rest of Bay Area
9qbdce,Rest of Bay Area
9qbdcf,Rest of Bay Area
9qbdcg,Rest of Bay Area
9qbdch,Rest of Bay Area
9qbdcj,Rest of Bay Area
9qbdck,Rest of Bay Area
9qbdcm,Rest of Bay Area
9qbdcn,Rest of Bay Area
9qbdcp,Rest of Bay Area
9qbdcq,Rest of Bay Area
9qbdcr,Rest of Bay Area
9qbdcs,Rest of Bay Area
9qbdct,Rest of Bay Area
9qbdcu,Rest of Bay Area
9qbdcv,Rest of Bay Area
9qbdcw,Rest of Bay Area
9qbdcx,Rest of Bay Area
9qbdcy,Rest of Bay Area
9qbdcz,Rest of Bay Area
9qbdd0,Rest of Bay Area
9qbdd1,Rest of Bay Area
9qbdd2,Rest of Bay Area
9qbdd3,Rest of Bay Area
9qbdd4,Rest of Bay Area
9qbdd5,Rest of Bay Area
9qbdd6,Rest of Bay Area
9qbdd7,Rest of Bay Area
9qbdd8,Rest of Bay Area
9qbdd9,Rest of Bay Area
9qbddb,Rest of Bay Area
9qbddc,Rest of Bay Area
9qbddd,Rest of Bay Area
9qbdde,Rest of Bay Area
9qbddf,Rest of Bay Area
9qbddg,Rest of Bay Area
9qbddh,Rest of Bay Area
9qbddj,Rest of Bay Area
9qbddk,Rest of Bay Area
9qbddm,Rest of Bay Area
9qbddn,Rest of Bay Area
9qbddp,Rest of Bay Area
9qbddq,Rest of Bay Area
9qbddr,Rest of Bay Area
9qbdds,Rest of Bay Area
9qbddt,Rest of Bay Area
9qbddu,Rest of Bay Area
9qbddv,Rest of Bay Area
9qbddw,Rest of Bay Area
9qbddx,Rest of Bay Area
9qbddy,Rest of Bay Area
9qbddz,Rest of Bay Area
9qbde0,Rest of Bay Area
9qbde1,Rest of Bay Area
9qbde2,Rest of Bay Area
9qbde3,Rest of Bay Area
9qbde4,Rest of Bay Area
9qbde5,Rest of Bay Area
9qbde6,Rest of Bay Area
9qbde7,Rest of Bay Area
9qbde8,Rest of Bay Area
9qbde9,Rest of Bay Area
9qbdeb,Rest of Bay Area
9qbdec,Rest of Bay Area
9qbded,Rest of Bay Area
9qbdee,Rest of Bay Area
9qbdef,Rest of Bay Area
9qbdeg,Rest of Bay Area
9qbdeh,Rest of Bay Area
9qbdej,Rest of Bay Area
9qbdek,Rest of Bay Area
9qbdem,Rest of Bay Area
9qbden,Rest of Bay Area
9qbdep,Rest of Bay Area
9qbdeq,Rest of Bay Area
9qbder,Rest of Bay Area
9qbdes,Rest of Bay Area
9qbdet,Rest of Bay Area
9qbdeu,Rest of Bay Area
9qbdev,Rest of Bay Area
9qbdew,Rest of Bay Area
9qbdex,Rest of Bay Area
9qbdey,Rest of Bay Area
9qbdez,Rest of Bay Area
9qbdf0,Rest of Bay Area
9qbdf1,Rest of Bay Area
9qbdf2,Rest of Bay Area
9qbdf3,Rest of Bay Area
9qbdf4,Rest of Bay Area
9qbdf5,Rest of Bay Area
9qbdf6,Rest of Bay Area
9qbdf7,Rest of Bay Area
9qbdf8,Rest of Bay Area
9qbdf9,Rest of Bay Area
9qbdfb,Rest of Bay Area
9qbdfc,Rest of Bay Area
9qbdfd,Rest of Bay Area
9qbdfe,Rest of Bay Area
9qbdff,Rest of Bay Area
9qbdfg,Rest of Bay Area
9qbdfh,Rest of Bay Area
9qbdfj,Rest of Bay Area
9qbdfk,Rest of Bay Area
9qbdfm,Rest of Bay Area
9qbdfn,Rest of Bay Area
9qbdfp,Rest of Bay Area
9qbdfq,Rest of Bay Area
9qbdfr,Rest of Bay Area
9qbdfs,Rest of Bay Area
9qbdft,Rest of Bay Area
9qbdfu,Rest of Bay Area
9qbdfv,Rest of Bay Area
9qbdfw,Rest of Bay Area
9qbdfx,Rest of Bay Area
9qbdfy,Rest of Bay Area
9qbdfz,Rest of Bay Area
9qbdg0,Rest of Bay Area
9qbdg1,Rest of Bay Area
9qbdg2,Rest of Bay Area
9qbdg3,Rest of Bay Area
9qbdg4,Rest of Bay Area
9qbdg5,Rest of Bay Area
9qbdg6,Rest of Bay Area
9qbdg7,Rest of Bay Area
9qbdg8,Rest of Bay Area
9qbdg9,Rest of Bay Area
9qbdgb,Rest of Bay Area
9qbdgc,Rest of Bay Area
9qbdgd,Rest of Bay Area
9qbdge,Rest of Bay Area
9qbdgf,Rest of Bay Area
9qbdgg,Rest of Bay Area
9qbdgh,Rest of Bay Area
9qbdgj,Rest of Bay Area
9qbdgk,Rest of Bay Area
9qbdgm,Rest of Bay Area
9qbdgn,Rest of Bay Area
9qbdgp,Rest of Bay Area
9qbdgq,Rest of Bay Area
9qbdgr,Rest of Bay Area
9qbdgs,Rest of Bay Area
9qbdgt,Rest of Bay Area
9qbdgu,Rest of Bay Area
9qbdgv,Rest of Bay Area
9qbdgw,Rest of Bay Area
9qbdgx,Rest of Bay Area
9qbdgy,Rest of Bay Area
9qbdgz,Rest of Bay Area
9qbdh0,Rest of Bay Area
9qbdh1,Rest of Bay Area
9qbdh2,Rest of Bay Area
9qbdh3,Rest of Bay Area
9qbdh4,Rest of Bay Area
9qbdh5,Rest of Bay Area
9qbdh6,Rest of Bay Area
9qbdh7,Rest of Bay Area
9qbdh8,Rest of Bay Area
9qbdh9,Rest of Bay Area
9qbdhb,Rest of Bay Area
9qbdhc,Rest of Bay Area
9qbdhd,Rest of Bay Area
9qbdhe,Rest of Bay Area
9qbdhf,Rest of Bay Area
9qbdhg,Rest of Bay Area
9qbdhh,Rest of Bay Area
9qbdhj,Rest of Bay Area
9qbdhk,Rest of Bay Area
9qbdhm,Rest of Bay Area
9qbdhn,Rest of Bay Area
9qbdhp,Rest of Bay Area
9qbdhq,Rest of Bay Area
9qbdhr,Rest of Bay Area
9qbdhs,Rest of Bay Area
9qbdht,Rest of Bay Area
9qbdhu,Rest of Bay Area
9qbdhv,Rest of Bay Area
9qbdhw,Rest of Bay Area
9qbdhx,Rest of Bay Area
9qbdhy,Rest of Bay Area
9qbdhz,Rest of Bay Area
9qbdj0,Rest of Bay Area
9qbdj1,Rest of Bay Area
9qbdj2,Rest of Bay Area
9qbdj3,Rest of Bay Area
9qbdj4,Rest of Bay Area
9qbdj5,Rest of Bay Area
9qbdj6,Rest of Bay Area
9qbdj7,Rest of Bay Area
9qbdj8,Rest of Bay Area
9qbdj9,Rest of Bay Area
9qbdjb,Rest of Bay Area
9qbdjc,Rest of Bay Area
9qbdjd,Rest of Bay Area
9qbdje,Rest of Bay Area
9qbdjf,Rest of Bay Area
9qbdjg,Rest of Bay Area
9qbdjh,Rest of Bay Area
9qbdjj,Rest of Bay Area
9qbdjk,Rest of Bay Area
9qbdjm,Rest of Bay Area
9qbdjn,Rest of Bay Area
9qbdjp,Rest of Bay Area
9qbdjq,Rest of Bay Area
9qbdjr,Rest of Bay Area
9qbdjs,Rest of Bay Area
9qbdjt,Rest of Bay Area
9qbdju,Rest of Bay Area
9qbdjv,Rest of Bay Area
9qbdjw,Rest of Bay Area
9qbdjx,Rest of Bay Area
9qbdjy,Rest of Bay Area
9qbdjz,Rest of Bay Area
9qbdk0,Rest of Bay Area
9qbdk1,Rest of Bay Area
9qbdk2,Rest of Bay Area
9qbdk3,Rest of Bay Area
9qbdk4,Rest of Bay Area
9qbdk5,Rest of Bay Area
9qbdk6,Rest of Bay Area
9qbdk7,Rest of Bay Area
9qbdk8,Rest of Bay Area
9qbdk9,Rest of Bay Area
9qbdkb,Rest of Bay Area
9qbdkc,Rest of Bay Area
9qbdkd,Rest of Bay Area
9qbdke,Rest of Bay Area
9qbdkf,Rest of Bay Area
9qbdkg,Rest of Bay Area
9qbdkh,Rest of Bay Area
9qbdkj,Rest of Bay Area
9qbdkk,Rest of Bay Area
9qbdkm,Rest of Bay Area
9qbdkn,Rest of Bay Area
9qbdkp,Rest of Bay Area
9qbdkq,Rest of Bay Area
9qbdkr,Rest of Bay Area
9qbdks,Rest of Bay Area
9qbdkt,Rest of Bay Area
9qbdku,Rest of Bay Area
9qbdkv,Rest of Bay Area
9qbdkw,Rest of Bay Area
9qbdkx,Rest of Bay Area
9qbdky,Rest of Bay Area
9qbdkz,Rest of Bay Area
9qbdm0,Rest of Bay Area
9qbdm1,Rest of Bay Area
9qbdm2,Rest of Bay Area
9qbdm3,Rest of Bay Area
9qbdm4,Rest of Bay Area
9qbdm5,Rest of Bay Area
9qbdm6,Rest of Bay Area
9qbdm7,Rest of Bay Area
9qbdm8,Rest of Bay Area
9qbdm9,Rest of Bay Area
9qbdmb,Rest of Bay Area
9qbdmc,Rest of Bay Area
9qbdmd,Rest of Bay Area
9qbdme,Rest of Bay Area
9qbdmf,Rest of Bay Area
9qbdmg,Rest of Bay Area
9qbdmh,Rest of Bay Area
9qbdmj,Rest of Bay Area
9qbdmk,Rest of Bay Area
9qbdmm,Rest of Bay Area
9qbdmn,Rest of Bay Area
9qbdmp,Rest of Bay Area
9qbdmq,Rest of Bay Area
9qbdmr,Rest of Bay Area
9qbdms,Rest of Bay Area
9qbdmt,Rest of Bay Area
9qbdmu,Rest of Bay Area
9qbdmv,Rest of Bay Area
9qbdmw,Rest of Bay Area
9qbdmx,Rest of Bay Area
9qbdmy,Rest of Bay Area
9qbdmz,Rest of Bay Area
9qbdn0,Rest of Bay Area
9qbdn1,Rest of Bay Area
9qbdn2,Rest of Bay Area
9qbdn3,Rest of Bay Area
9qbdn4,Rest of Bay Area
9qbdn5,Rest of Bay Area
9qbdn6,Rest of Bay Area
9qbdn7,Rest of Bay Area
9qbdn8,Rest of Bay Area
9qbdn9,Rest of Bay Area
9qbdnb,Rest of Bay Area
9qbdnc,Rest of Bay Area
9qbdnd,Rest of Bay Area
9qbdne,Rest of Bay Area
9qbdnf,Rest of Bay Area
9qbdng,Rest of Bay Area
9qbdnh,Rest of Bay Area
9qbdnj,Rest of Bay Area
9qbdnk,Rest of Bay Area
9qbdnm,Rest of Bay Area
9qbdnn,Rest of Bay Area
9qbdnp,Rest of Bay Area
9qbdnq,Rest of Bay Area
9qbdnr,Rest of Bay Area
9qbdns,Rest of Bay Area
9qbdnt,Rest of Bay Area
9qbdnu,Rest of Bay Area
9qbdnv,Rest of Bay Area
9qbdnw,Rest of Bay Area
9qbdnx,Rest of Bay Area
9qbdny,Rest of Bay Area
9qbdnz,Rest of Bay Area
9qbdp0,Rest of Bay Area
9qbdp1,Rest of Bay Area
9qbdp2,Rest of Bay Area
9qbdp3,Rest of Bay Area
9qbdp4,Rest of Bay Area
9qbdp5,Rest of Bay Area
9qbdp6,Rest of Bay Area
9qbdp7,Rest of Bay Area
9qbdp8,Rest of Bay Area
9qbdp9,Rest of Bay Area
9qbdpb,Rest of Bay Area
9qbdpc,Rest of Bay Area
9qbdpd,Rest of Bay Area
9qbdpe,Rest of Bay Area
9qbdpf,Rest of Bay Area
9qbdpg,Rest of Bay Area
9qbdph,Rest of Bay Area
9qbdpj,Rest of Bay Area
9qbdpk,Rest of Bay Area
9qbdpm,Rest of Bay Area
9qbdpn,Rest of Bay Area
9qbdpp,Rest of Bay Area
9qbdpq,Rest of Bay Area
9qbdpr,Rest of Bay Area
9qbdps,Rest of Bay Area
9qbdpt,Rest of Bay Area
9qbdpu,Rest of Bay Area
9qbdpv,Rest of Bay Area
9qbdpw,Rest of Bay Area
9qbdpx,Rest of Bay Area
9qbdpy,Rest of Bay Area
9qbdpz,Rest of Bay Area
9qbdq0,Rest of Bay Area
9qbdq1,Rest of Bay Area
9qbdq2,Rest of Bay Area
9qbdq3,Rest of Bay Area
9qbdq4,Rest of Bay Area
9qbdq5,Rest of Bay Area
9qbdq6,Rest of Bay Area
9qbdq7,Rest of Bay Area
9qbdq8,Rest of Bay Area
9qbdq9,Rest of Bay Area
9qbdqb,Rest of Bay Area
9qbdqc,Rest of Bay Area
9qbdqd,Rest of Bay Area
9qbdqe,Rest of Bay Area
9qbdqf,Rest of Bay Area
9qbdqg,Rest of Bay Area
9qbdqh,Rest of Bay Area
9qbdqj,Rest of Bay Area
9qbdqk,Rest of Bay Area
9qbdqm,Rest of Bay Area
9qbdqn,Rest of Bay Area
9qbdqp,Rest of Bay Area
9qbdqq,Rest of Bay Area
9qbdqr,Rest of Bay Area
9qbdqs,Rest of Bay Area
9qbdqt,Rest of Bay Area
9qbdqu,Rest of Bay Area
9qbdqv,Rest of Bay Area
9qbdqw,Rest of Bay Area
9qbdqx,Rest of Bay Area
9qbdqy,Rest of Bay Area
9qbdqz,Rest of Bay Area
9qbdr0,Rest of Bay Area
9qbdr1,Rest of Bay Area
9qbdr2,Rest of Bay Area
9qbdr3,Rest of Bay Area
9qbdr4,Rest of Bay Area
9qbdr5,Rest of Bay Area
9qbdr6,Rest of Bay Area
9qbdr7,Rest of Bay Area
9qbdr8,Rest of Bay Area
9qbdr9,Rest of Bay Area
9qbdrb,Rest of Bay Area
9qbdrc,Rest of Bay Area
9qbdrd,Rest of Bay Area
9qbdre,Rest of Bay Area
9qbdrf,Rest of Bay Area
9qbdrg,Rest of Bay Area
9qbdrh,Rest of Bay Area
9qbdrj,Rest of Bay Area
9qbdrk,Rest of Bay Area
9qbdrm,Rest of Bay Area
9qbdrn,Rest of Bay Area
9qbdrp,Rest of Bay Area
9qbdrq,Rest of Bay Area
9qbdrr,Rest of Bay Area
9qbdrs,Rest of Bay Area
9qbdrt,Rest of Bay Area
9qbdru,Rest of Bay Area
9qbdrv,Rest of Bay Area
9qbdrw,Rest of Bay Area
9qbdrx,Rest of Bay Area
9qbdry,Rest of Bay Area
9qbdrz,Rest of Bay Area
9qbds0,Rest of Bay Area
9qbds1,Rest of Bay Area
9qbds2,Rest of Bay Area
9qbds3,Rest of Bay Area
9qbds4,Rest of Bay Area
9qbds5,Rest of Bay Area
9qbds6,Rest of Bay Area
9qbds7,Rest of Bay Area
9qbds8,Rest of Bay Area
9qbds9,Rest of Bay Area
9qbdsb,Rest of Bay Area
9qbdsc,Rest of Bay Area
9qbdsd,Rest of Bay Area
9qbdse,Rest of Bay Area
9qbdsf,Rest of Bay Area
9qbdsg,Rest of Bay Area
9qbdsh,Rest of Bay Area
9qbdsj,Rest of Bay Area
9qbdsk,Rest of Bay Area
9qbdsm,Rest of Bay Area
9qbdsn,Rest of Bay Area
9qbdsp,Rest of Bay Area
9qbdsq,Rest of Bay Area
9qbdsr,Rest of Bay Area
9qbdss,Rest of Bay Area
9qbdst,Rest of Bay Area
9qbdsu,Rest of Bay Area
9qbdsv,Rest of Bay Area
9qbdsw,Rest of Bay Area
9qbdsx,Rest of Bay Area
9qbdsy,Rest of Bay Area
9qbdsz,Rest of Bay Area
9qbdt0,Rest of Bay Area
9qbdt1,Rest of Bay Area
9qbdt2,Rest of Bay Area
9qbdt3,Rest of Bay Area
9qbdt4,Rest of Bay Area
9qbdt5,Rest of Bay Area
9qbdt6,Rest of Bay Area
9qbdt7,Rest of Bay Area
9qbdt8,Rest of Bay Area
9qbdt9,Rest of Bay Area
9qbdtb,Rest of Bay Area
9qbdtc,Rest of Bay Area
9qbdtd,Rest of Bay Area
9qbdte,Rest of Bay Area
9qbdtf,Rest of Bay Area
9qbdtg,Rest of Bay Area
9qbdth,Rest of Bay Area
9qbdtj,Rest of Bay Area
9qbdtk,Rest of Bay Area
9qbdtm,Rest of Bay Area
9qbdtn,Rest of Bay Area
9qbdtp,Rest of Bay Area
9qbdtq,Rest of Bay Area
9qbdtr,Rest of Bay Area
9qbdts,Rest of Bay Area
9qbdtt,Rest of Bay Area
9qbdtu,Rest of Bay Area
9qbdtv,Rest of Bay Area
9qbdtw,Rest of Bay Area
9qbdtx,Rest of Bay Area
9qbdty,Rest of Bay Area
9qbdtz,Rest of Bay Area
9qbdu0,Rest of Bay Area
9qbdu1,Rest of Bay Area
9qbdu2,Rest of Bay Area
9qbdu3,Rest of Bay Area
9qbdu4,Rest of Bay Area
9qbdu5,Rest of Bay Area
9qbdu6,Rest of Bay Area
9qbdu7,Rest of Bay Area
9qbdu8,Rest of Bay Area
9qbdu9,Rest of Bay Area
9qbdub,Rest of Bay Area
9qbduc,Rest of Bay Area
9qbdud,Rest of Bay Area
9qbdue,Rest of Bay Area
9qbduf,Rest of Bay Area
9qbdug,Rest of Bay Area
9qbduh,Rest of Bay Area
9qbduj,Rest of Bay Area
9qbduk,Rest of Bay Area
9qbdum,Rest of Bay Area
9qbdun,Rest of Bay Area
9qbdup,Rest of Bay Area
9qbduq,Rest of Bay Area
9qbdur,Rest of Bay Area
9qbdus,Rest of Bay Area
9qbdut,Rest of Bay Area
9qbduu,Rest of Bay Area
9qbduv,Rest of Bay Area
9qbduw,Rest of Bay Area
9qbdux,Rest of Bay Area
9qbduy,Rest of Bay Area
9qbduz,Rest of Bay Area
9qbdv0,Rest of Bay Area
9qbdv1,Rest of Bay Area
9qbdv2,Rest of Bay Area
9qbdv3,Rest of Bay Area
9qbdv4,Rest of Bay Area
9qbdv5,Rest of Bay Area
9qbdv6,Rest of Bay Area
9qbdv7,Rest of Bay Area
9qbdv8,Rest of Bay Area
9qbdv9,Rest of Bay Area
9qbdvb,Rest of Bay Area
9qbdvc,Rest of Bay Area
9qbdvd,Rest of Bay Area
9qbdve,Rest of Bay Area
9qbdvf,Rest of Bay Area
9qbdvg,Rest of Bay Area
9qbdvh,Rest of Bay Area
9qbdvj,Rest of Bay Area
9qbdvk,Rest of Bay Area
9qbdvm,Rest of Bay Area
9qbdvn,Rest of Bay Area
9qbdvp,Rest of Bay Area
9qbdvq,Rest of Bay Area
9qbdvr,Rest of Bay Area
9qbdvs,Rest of Bay Area
9qbdvt,Rest of Bay Area
9qbdvu,Rest of Bay Area
9qbdvv,Rest of Bay Area
9qbdvw,Rest of Bay Area
9qbdvx,Rest of Bay Area
9qbdvy,Rest of Bay Area
9qbdvz,Rest of Bay Area
9qbdw0,Rest of Bay Area
9qbdw1,Rest of Bay Area
9qbdw2,Rest of Bay Area
9qbdw3,Rest of Bay Area
9qbdw4,Rest of Bay Area
9qbdw5,Rest of Bay Area
9qbdw6,Rest of Bay Area
9qbdw7,Rest of Bay Area
9qbdw8,Rest of Bay Area
9qbdw9,Rest of Bay Area
9qbdwb,Rest of Bay Area
9qbdwc,Rest of Bay Area
9qbdwd,Rest of Bay Area
9qbdwe,Rest of Bay Area
9qbdwf,Rest of Bay Area
9qbdwg,Rest of Bay Area
9qbdwh,Rest of Bay Area
9qbdwj,Rest of Bay Area
9qbdwk,Rest of Bay Area
9qbdwm,Rest of Bay Area
9qbdwn,Rest of Bay Area
9qbdwp,Rest of Bay Area
9qbdwq,Rest of Bay Area
9qbdwr,Rest of Bay Area
9qbdws,Rest of Bay Area
9qbdwt,Rest of Bay Area
9qbdwu,Rest of Bay Area
9qbdwv,Rest of Bay Area
9qbdww,Rest of Bay Area
9qbdwx,Rest of Bay Area
9qbdwy,Rest of Bay Area
9qbdwz,Rest of Bay Area
9qbdx0,Rest of Bay Area
9qbdx1,Rest of Bay Area
9qbdx2,Rest of Bay Area
9qbdx3,Rest of Bay Area
9qbdx4,Rest of Bay Area
9qbdx5,Rest of Bay Area
9qbdx6,Rest of Bay Area
9qbdx7,Rest of Bay Area
9qbdx8,Rest of Bay Area
9qbdx9,Rest of Bay Area
9qbdxb,Rest of Bay Area
9qbdxc,Rest of Bay Area
9qbdxd,Rest of Bay Area
9qbdxe,Rest of Bay Area
9qbdxf,Rest of Bay Area
9qbdxg,Rest of Bay Area
9qbdxh,Rest of Bay Area
9qbdxj,Rest of Bay Area
9qbdxk,Rest of Bay Area
9qbdxm,Rest of Bay Area
9qbdxn,Rest of Bay Area
9qbdxp,Rest of Bay Area
9qbdxq,Rest of Bay Area
9qbdxr,Rest of Bay Area
9qbdxs,Rest of Bay Area
9qbdxt,Rest of Bay Area
9qbdxu,Rest of Bay Area
9qbdxv,Rest of Bay Area
9qbdxw,Rest of Bay Area
9qbdxx,Rest of Bay Area
9qbdxy,Rest of Bay Area
9qbdxz,Rest of Bay Area
9qbdy0,Rest of Bay Area
9qbdy1,Rest of Bay Area
9qbdy2,Rest of Bay Area
9qbdy3,Rest of Bay Area
9qbdy4,Rest of Bay Area
9qbdy5,Rest of Bay Area
9qbdy6,Rest of Bay Area
9qbdy7,Rest of Bay Area
9qbdy8,Rest of Bay Area
9qbdy9,Rest of Bay Area
9qbdyb,Rest of Bay Area
9qbdyc,Rest of Bay Area
9qbdyd,Rest of Bay Area
9qbdye,Rest of Bay Area
9qbdyf,Rest of Bay Area
9qbdyg,Rest of Bay Area
9qbdyh,Rest of Bay Area
9qbdyj,Rest of Bay Area
9qbdyk,Rest of Bay Area
9qbdym,Rest of Bay Area
9qbdyn,Rest of Bay Area
9qbdyp,Rest of Bay Area
9qbdyq,Rest of Bay Area
9qbdyr,Rest of Bay Area
9qbdys,Rest of Bay Area
9qbdyt,Rest of Bay Area
9qbdyu,Rest of Bay Area
9qbdyv,Rest of Bay Area
9qbdyw,Rest of Bay Area
9qbdyx,Rest of Bay Area
9qbdyy,Rest of Bay Area
9qbdyz,Rest of Bay Area
9qbdz0,Rest of Bay Area
9qbdz1,Rest of Bay Area
9qbdz2,Rest of Bay Area
9qbdz3,Rest of Bay Area
9qbdz4,Rest of Bay Area
9qbdz5,Rest of Bay Area
9qbdz6,Rest of Bay Area
9qbdz7,Rest of Bay Area
9qbdz8,Rest of Bay Area
9qbdz9,Rest of Bay Area
9qbdzb,Rest of Bay Area
9qbdzc,Rest of Bay Area
9qbdzd,Rest of Bay Area
9qbdze,Rest of Bay Area
9qbdzf,Rest of Bay Area
9qbdzg,Rest of Bay Area
9qbdzh,Rest of Bay Area
9qbdzj,Rest of Bay Area
9qbdzk,Rest of Bay Area
9qbdzm,Rest of Bay Area
9qbdzn,Rest of Bay Area
9qbdzp,Rest of Bay Area
9qbdzq,Rest of Bay Area
9qbdzr,Rest of Bay Area
9qbdzs,Rest of Bay Area
9qbdzt,Rest of Bay Area
9qbdzu,Rest of Bay Area
9qbdzv,Rest of Bay Area
9qbdzw,Rest of Bay Area
9qbdzx,Rest of Bay Area
9qbdzy,Rest of Bay Area
9qbdzz,Rest of Bay Area
9qbe00,Rest of Bay Area
9qbe01,Rest of Bay Area
9qbe02,Rest of Bay Area
9qbe03,Rest of Bay Area
9qbe04,Rest of Bay Area
9qbe05,Rest of Bay Area
9qbe06,Rest of Bay Area
9qbe07,Rest of Bay Area
9qbe08,Rest of Bay Area
9qbe09,Rest of Bay Area
9qbe0b,Rest of Bay Area
9qbe0c,Rest of Bay Area
9qbe0d,Rest of Bay Area
9qbe0e,Rest of Bay Area
9qbe0f,Rest of Bay Area
9qbe0g,Rest of Bay Area
9qbe0h,Rest of Bay Area
9qbe0j,Rest of Bay Area
9qbe0k,Rest of Bay Area
9qbe0m,Rest of Bay Area
9qbe0n,Rest of Bay Area
9qbe0p,Rest of Bay Area
9qbe0q,Rest of Bay Area
9qbe0r,Rest of Bay Area
9qbe0s,Rest of Bay Area
9qbe0t,Rest of Bay Area
9qbe0u,Rest of Bay Area
9qbe0v,Rest of Bay Area
9qbe0w,Rest of Bay Area
9qbe0x,Rest of Bay Area
9qbe0y,Rest of Bay Area
9qbe0z,Rest of Bay Area
9qbe10,Rest of Bay Area
9qbe11,Rest of Bay Area
9qbe12,Rest of Bay Area
9qbe13,Rest of Bay Area
9qbe14,Rest of Bay Area
9qbe15,Rest of Bay Area
9qbe16,Rest of Bay Area
9qbe17,Rest of Bay Area
9qbe18,Rest of Bay Area
9qbe19,Rest of Bay Area
9qbe1b,Rest of Bay Area
9qbe1c,Rest of Bay Area
9qbe1d,Rest of Bay Area
9qbe1e,Rest of Bay Area
9qbe1f,Rest of Bay Area
9qbe1g,Rest of Bay Area
9qbe1h,Rest of Bay Area
9qbe1j,Rest of Bay Area
9qbe1k,Rest of Bay Area
9qbe1m,Rest of Bay Area
9qbe1n,Rest of Bay Area
9qbe1p,Rest of Bay Area
9qbe1q,Rest of Bay Area
9qbe1r,Rest of Bay Area
9qbe1s,Rest of Bay Area
9qbe1t,Rest of Bay Area
9qbe1u,Rest of Bay Area
9qbe1v,Rest of Bay Area
9qbe1w,Rest of Bay Area
9qbe1x,Rest of Bay Area
9qbe1y,Rest of Bay Area
9qbe1z,Rest of Bay Area
9qbe20,Rest of Bay Area
9qbe21,Rest of Bay Area
9qbe22,Rest of Bay Area
9qbe23,Rest of Bay Area
9qbe24,Rest of Bay Area
9qbe25,Rest of Bay Area
9qbe26,Rest of Bay Area
9qbe27,Rest of Bay Area
9qbe28,Rest of Bay Area
9qbe29,Rest of Bay Area
9qbe2b,Rest of Bay Area
9qbe2c,Rest of Bay Area
9qbe2d,Rest of Bay Area
9qbe2e,Rest of Bay Area
9qbe2f,Rest of Bay Area
9qbe2g,Rest of Bay Area
9qbe2h,Rest of Bay Area
9qbe2j,Rest of Bay Area
9qbe2k,Rest of Bay Area
9qbe2m,Rest of Bay Area
9qbe2n,Rest of Bay Area
9qbe2p,Rest of Bay Area
9qbe2q,Rest of Bay Area
9qbe2r,Rest of Bay Area
9qbe2s,Rest of Bay Area
9qbe2t,Rest of Bay Area
9qbe2u,Rest of Bay Area
9qbe2v,Rest of Bay Area
9qbe2w,Rest of Bay Area
9qbe2x,Rest of Bay Area
9qbe2y,Rest of Bay Area
9qbe2z,Rest of Bay Area
9qbe30,Rest of Bay Area
9qbe31,Rest of Bay Area
9qbe32,Rest of Bay Area
9qbe33,Rest of Bay Area
9qbe34,Rest of Bay Area
9qbe35,Rest of Bay Area
9qbe36,Rest of Bay Area
9qbe37,Rest of Bay Area
9qbe38,Rest of Bay Area
9qbe39,Rest of Bay Area
9qbe3b,Rest of Bay Area
9qbe3c,Rest of Bay Area
9qbe3d,Rest of Bay Area
9qbe3e,Rest of Bay Area
9qbe3f,Rest of Bay Area
9qbe3g,Rest of Bay Area
9qbe3h,Rest of Bay Area
9qbe3j,Rest of Bay Area
9qbe3k,Rest of Bay Area
9qbe3m,Rest of Bay Area
9qbe3n,Rest of Bay Area
9qbe3p,Rest of Bay Area
9qbe3q,Rest of Bay Area
9qbe3r,Rest of Bay Area
9qbe3s,Rest of Bay Area
9qbe3t,Rest of Bay Area
9qbe3u,Rest of Bay Area
9qbe3v,Rest of Bay Area
9qbe3w,Rest of Bay Area
9qbe3x,Rest of Bay Area
9qbe3y,Rest of Bay Area
9qbe3z,Rest of Bay Area
9qbe40,Rest of Bay Area
9qbe41,Rest of Bay Area
9qbe42,Rest of Bay Area
9qbe43,Rest of Bay Area
9qbe44,Rest of Bay Area
9qbe45,Rest of Bay Area
9qbe46,Rest of Bay Area
9qbe47,Rest of Bay Area
9qbe48,Rest of Bay Area
9qbe49,Rest of Bay Area
9qbe4b,Rest of Bay Area
9qbe4c,Rest of Bay Area
9qbe4d,Rest of Bay Area
9qbe4e,Rest of Bay Area
9qbe4f,Rest of Bay Area
9qbe4g,Rest of Bay Area
9qbe4h,Rest of Bay Area
9qbe4j,Rest of Bay Area
9qbe4k,Rest of Bay Area
9qbe4m,Rest of Bay Area
9qbe4n,Rest of Bay Area
9qbe4p,Rest of Bay Area
9qbe4q,Rest of Bay Area
9qbe4r,Rest of Bay Area
9qbe4s,Rest of Bay Area
9qbe4t,Rest of Bay Area
9qbe4u,Rest of Bay Area
9qbe4v,Rest of Bay Area
9qbe4w,Rest of Bay Area
9qbe4x,Rest of Bay Area
9qbe4y,Rest of Bay Area
9qbe4z,Rest of Bay Area
9qbe50,Rest of Bay Area
9qbe51,Rest of Bay Area
9qbe52,Rest of Bay Area
9qbe53,Rest of Bay Area
9qbe54,Rest of Bay Area
9qbe55,Rest of Bay Area
9qbe56,Rest of Bay Area
9qbe57,Rest of Bay Area
9qbe58,Rest of Bay Area
9qbe59,Rest of Bay Area
9qbe5b,Rest of Bay Area
9qbe5c,Rest of Bay Area
9qbe5d,Rest of Bay Area
9qbe5e,Rest of Bay Area
9qbe5f,Rest of Bay Area
9qbe5g,Rest of Bay Area
9qbe5h,Rest of Bay Area
9qbe5j,Rest of Bay Area
9qbe5k,Rest of Bay Area
9qbe5m,Rest of Bay Area
9qbe5n,Rest of Bay Area
9qbe5p,Rest of Bay Area
9qbe5q,Rest of Bay Area
9qbe5r,Rest of Bay Area
9qbe5s,Rest of Bay Area
9qbe5t,Rest of Bay Area
9qbe5u,Rest of Bay Area
9qbe5v,Rest of Bay Area
9qbe5w,Rest of Bay Area
9qbe5x,Rest of Bay Area
9qbe5y,Rest of Bay Area
9qbe5z,Rest of Bay Area
9qbe60,Rest of Bay Area
9qbe61,Rest of Bay Area
9qbe62,Rest of Bay Area
9qbe63,Rest of Bay Area
9qbe64,Rest of Bay Area
9qbe65,Rest of Bay Area
9qbe66,Rest of Bay Area
9qbe67,Rest of Bay Area
9qbe68,Rest of Bay Area
9qbe69,Rest of Bay Area
9qbe6b,Rest of Bay Area
9qbe6c,Rest of Bay Area
9qbe6d,Rest of Bay Area
9qbe6e,Rest of Bay Area
9qbe6f,Rest of Bay Area
9qbe6g,Rest of Bay Area
9qbe6h,Rest of Bay Area
9qbe6j,Rest of Bay Area
9qbe6k,Rest of Bay Area
9qbe6m,Rest of Bay Area
9qbe6n,Rest of Bay Area
9qbe6p,Rest of Bay Area
9qbe6q,Rest of Bay Area
9qbe6r,Rest of Bay Area
9qbe6s,Rest of Bay Area
9qbe6t,Rest of Bay Area
9qbe6u,Rest of Bay Area
9qbe6v,Rest of Bay Area
9qbe6w,Rest of Bay Area
9qbe6x,Rest of Bay Area
9qbe6y,Rest of Bay Area
9qbe6z,Rest of Bay Area
9qbe70,Rest of Bay Area
9qbe71,Rest of Bay Area
9qbe72,Rest of Bay Area
9qbe73,Rest of Bay Area
9qbe74,Rest of Bay Area
9qbe75,Rest of Bay Area
9qbe76,Rest of Bay Area
9qbe77,Rest of Bay Area
9qbe78,Rest of Bay Area
9qbe79,Rest of Bay Area
9qbe7b,Rest of Bay Area
9qbe7c,Rest of Bay Area
9qbe7d,Rest of Bay Area
9qbe7e,Rest of Bay Area
9qbe7f,Rest of Bay Area
9qbe7g,Rest of Bay Area
9qbe7h,Rest of Bay Area
9qbe7j,Rest of Bay Area
9qbe7k,Rest of Bay Area
9qbe7m,Rest of Bay Area
9qbe7n,Rest of Bay Area
9qbe7p,Rest of Bay Area
9qbe7q,Rest of Bay Area
9qbe7r,Rest of Bay Area
9qbe7s,Rest of Bay Area
9qbe7t,Rest of Bay Area
9qbe7u,Rest of Bay Area
9qbe7v,Rest of Bay Area
9qbe7w,Rest of Bay Area
9qbe7x,Rest of Bay Area
9qbe7y,Rest of Bay Area
9qbe7z,Rest of Bay Area
9qbe80,Rest of Bay Area
9qbe81,Rest of Bay Area
9qbe82,Rest of Bay Area
9qbe83,Rest of Bay Area
9qbe84,Rest of Bay Area
9qbe85,Rest of Bay Area
9qbe86,Rest of Bay Area
9qbe87,Rest of Bay Area
9qbe88,Rest of Bay Area
9qbe89,Rest of Bay Area
9qbe8b,Rest of Bay Area
9qbe8c,Rest of Bay Area
9qbe8d,Rest of Bay Area
9qbe8e,Rest of Bay Area
9qbe8f,Rest of Bay Area
9qbe8g,Rest of Bay Area
9qbe8h,Rest of Bay Area
9qbe8j,Rest of Bay Area
9qbe8k,Rest of Bay Area
9qbe8m,Rest of Bay Area
9qbe8n,Rest of Bay Area
9qbe8p,Rest of Bay Area
9qbe8q,Rest of Bay Area
9qbe8r,Rest of Bay Area
9qbe8s,Rest of Bay Area
9qbe8t,Rest of Bay Area
9qbe8u,Rest of Bay Area
9qbe8v,Rest of Bay Area
9qbe8w,Rest of Bay Area
9qbe8x,Rest of Bay Area
9qbe8y,Rest of Bay Area
9qbe8z,Rest of Bay Area
9qbe90,Rest of Bay Area
9qbe91,Rest of Bay Area
9qbe92,Rest of Bay Area
9qbe93,Rest of Bay Area
9qbe94,Rest of Bay Area
9qbe95,Rest of Bay Area
9qbe96,Rest of Bay Area
9qbe97,Rest of Bay Area
9qbe98,Rest of Bay Area
9qbe99,Rest of Bay Area
9qbe9b,Rest of Bay Area
9qbe9c,Rest of Bay Area
9qbe9d,Rest of Bay Area
9qbe9e,Rest of Bay Area
9qbe9f,Rest of Bay Area
9qbe9g,Rest of Bay Area
9qbe9h,Rest of Bay Area
9qbe9j,Rest of Bay Area
9qbe9k,Rest of Bay Area
9qbe9m,Rest of Bay Area
9qbe9n,Rest of Bay Area
9qbe9p,Rest of Bay Area
9qbe9q,Rest of Bay Area
9qbe9r,Rest of Bay Area
9qbe9s,Rest of Bay Area
9qbe9t,Rest of Bay Area
9qbe9u,Rest of Bay Area
9qbe9v,Rest of Bay Area
9qbe9w,Rest of Bay Area
9qbe9x,Rest of Bay Area
9qbe9y,Rest of Bay Area
9qbe9z,Rest of Bay Area
9qbeb0,Rest of Bay Area
9qbeb1,Rest of Bay Area
9qbeb2,Rest of Bay Area
9qbeb3,Rest of Bay Area
9qbeb4,Rest of Bay Area
9qbeb5,Rest of Bay Area
9qbeb6,Rest of Bay Area
9qbeb7,Rest of Bay Area
9qbeb8,Rest of Bay Area
9qbeb9,Rest of Bay Area
9qbebb,Rest of Bay Area
9qbebc,Rest of Bay Area
9qbebd,Rest of Bay Area
9qbebe,Rest of Bay Area
9qbebf,Rest of Bay Area
9qbebg,Rest of Bay Area
9qbebh,Rest of Bay Area
9qbebj,Rest of Bay Area
9qbebk,Rest of Bay Area
9qbebm,Rest of Bay Area
9qbebn,Rest of Bay Area
9qbebp,Rest of Bay Area
9qbebq,Rest of Bay Area
9qbebr,Rest of Bay Area
9qbebs,Rest of Bay Area
9qbebt,Rest of Bay Area
9qbebu,Rest of Bay Area
9qbebv,Rest of Bay Area
9qbebw,Rest of Bay Area
9qbebx,Rest of Bay Area
9qbeby,Rest of Bay Area
9qbebz,Rest of Bay Area
9qbec0,Rest of Bay Area
9qbec1,Rest of Bay Area
9qbec2,Rest of Bay Area
9qbec3,Rest of Bay Area
9qbec4,Rest of Bay Area
9qbec5,Rest of Bay Area
9qbec6,Rest of Bay Area
9qbec7,Rest of Bay Area
9qbec8,Rest of Bay Area
9qbec9,Rest of Bay Area
9qbecb,Rest of Bay Area
9qbecc,Rest of Bay Area
9qbecd,Rest of Bay Area
9qbece,Rest of Bay Area
9qbecf,Rest of Bay Area
9qbecg,Rest of Bay Area
9qbech,Rest of Bay Area
9qbecj,Rest of Bay Area
9qbeck,Rest of Bay Area
9qbecm,Rest of Bay Area
9qbecn,Rest of Bay Area
9qbecp,Rest of Bay Area
9qbecq,Rest of Bay Area
9qbecr,Rest of Bay Area
9qbecs,Rest of Bay Area
9qbect,Rest of Bay Area
9qbecu,Rest of Bay Area
9qbecv,Rest of Bay Area
9qbecw,Rest of Bay Area
9qbecx,Rest of Bay Area
9qbecy,Rest of Bay Area
9qbecz,Rest of Bay Area
9qbed0,Rest of Bay Area
9qbed1,Rest of Bay Area
9qbed2,Rest of Bay Area
9qbed3,Rest of Bay Area
9qbed4,Rest of Bay Area
9qbed5,Rest of Bay Area
9qbed6,Rest of Bay Area
9qbed7,Rest of Bay Area
9qbed8,Rest of Bay Area
9qbed9,Rest of Bay Area
9qbedb,Rest of Bay Area
9qbedc,Rest of Bay Area
9qbedd,Rest of Bay Area
9qbede,Rest of Bay Area
9qbedf,Rest of Bay Area
9qbedg,Rest of Bay Area
9qbedh,Rest of Bay Area
9qbedj,Rest of Bay Area
9qbedk,Rest of Bay Area
9qbedm,Rest of Bay Area
9qbedn,Rest of Bay Area
9qbedp,Rest of Bay Area
9qbedq,Rest of Bay Area
9qbedr,Rest of Bay Area
9qbeds,Rest of Bay Area
9qbedt,Rest of Bay Area
9qbedu,Rest of Bay Area
9qbedv,Rest of Bay Area
9qbedw,Rest of Bay Area
9qbedx,Rest of Bay Area
9qbedy,Rest of Bay Area
9qbedz,Rest of Bay Area
9qbee0,Rest of Bay Area
9qbee1,Rest of Bay Area
9qbee2,Rest of Bay Area
9qbee3,Rest of Bay Area
9qbee4,Rest of Bay Area
9qbee5,Rest of Bay Area
9qbee6,Rest of Bay Area
9qbee7,Rest of Bay Area
9qbee8,Rest of Bay Area
9qbee9,Rest of Bay Area
9qbeeb,Rest of Bay Area
9qbeec,Rest of Bay Area
9qbeed,Rest of Bay Area
9qbeee,Rest of Bay Area
9qbeef,Rest of Bay Area
9qbeeg,Rest of Bay Area
9qbeeh,Rest of Bay Area
9qbeej,Rest of Bay Area
9qbeek,Rest of Bay Area
9qbeem,Rest of Bay Area
9qbeen,Rest of Bay Area
9qbeep,Rest of Bay Area
9qbeeq,Rest of Bay Area
9qbeer,Rest of Bay Area
9qbees,Rest of Bay Area
9qbeet,Rest of Bay Area
9qbeeu,Rest of Bay Area
9qbeev,Rest of Bay Area
9qbeew,Rest of Bay Area
9qbeex,Rest of Bay Area
9qbeey,Rest of Bay Area
9qbeez,Rest of Bay Area
9qbef0,Rest of Bay Area
9qbef1,Rest of Bay Area
9qbef2,Rest of Bay Area
9qbef3,Rest of Bay Area
9qbef4,Rest of Bay Area
9qbef5,Rest of Bay Area
9qbef6,Rest of Bay Area
9qbef7,Rest of Bay Area
9qbef8,Rest of Bay Area
9qbef9,Rest of Bay Area
9qbefb,Rest of Bay Area
9qbefc,Rest of Bay Area
9qbefd,Rest of Bay Area
9qbefe,Rest of Bay Area
9qbeff,Rest of Bay Area
9qbefg,Rest of Bay Area
9qbefh,Rest of Bay Area
9qbefj,Rest of Bay Area
9qbefk,Rest of Bay Area
9qbefm,Rest of Bay Area
9qbefn,Rest of Bay Area
9qbefp,Rest of Bay Area
9qbefq,Rest of Bay Area
9qbefr,Rest of Bay Area
9qbefs,Rest of Bay Area
9qbeft,Rest of Bay Area
9qbefu,Rest of Bay Area
9qbefv,Rest of Bay Area
9qbefw,Rest of Bay Area
9qbefx,Rest of Bay Area
9qbefy,Rest of Bay Area
9qbefz,Rest of Bay Area
9qbeg0,Rest of Bay Area
9qbeg1,Rest of Bay Area
9qbeg2,Rest of Bay Area
9qbeg3,Rest of Bay Area
9qbeg4,Rest of Bay Area
9qbeg5,Rest of Bay Area
9qbeg6,Rest of Bay Area
9qbeg7,Rest of Bay Area
9qbeg8,Rest of Bay Area
9qbeg9,Rest of Bay Area
9qbegb,Rest of Bay Area
9qbegc,Rest of Bay Area
9qbegd,Rest of Bay Area
9qbege,Rest of Bay Area
9qbegf,Rest of Bay Area
9qbegg,Rest of Bay Area
9qbegh,Rest of Bay Area
9qbegj,Rest of Bay Area
9qbegk,Rest of Bay Area
9qbegm,Rest of Bay Area
9qbegn,Rest of Bay Area
9qbegp,Rest of Bay Area
9qbegq,Rest of Bay Area
9qbegr,Rest of Bay Area
9qbegs,Rest of Bay Area
9qbegt,Rest of Bay Area
9qbegu,Rest of Bay Area
9qbegv,Rest of Bay Area
9qbegw,Rest of Bay Area
9qbegx,Rest of Bay Area
9qbegy,Rest of Bay Area
9qbegz,Rest of Bay Area
9qbeh0,Rest of Bay Area
9qbeh1,Rest of Bay Area
9qbeh2,Rest of Bay Area
9qbeh3,Rest of Bay Area
9qbeh4,Rest of Bay Area
9qbeh5,Rest of Bay Area
9qbeh6,Rest of Bay Area
9qbeh7,Rest of Bay Area
9qbeh8,Rest of Bay Area
9qbeh9,Rest of Bay Area
9qbehb,Rest of Bay Area
9qbehc,Rest of Bay Area
9qbehd,Rest of Bay Area
9qbehe,Rest of Bay Area
9qbehf,Rest of Bay Area
9qbehg,Rest of Bay Area
9qbehh,Rest of Bay Area
9qbehj,Rest of Bay Area
9qbehk,Rest of Bay Area
9qbehm,Rest of Bay Area
9qbehn,Rest of Bay Area
9qbehp,Rest of Bay Area
9qbehq,Rest of Bay Area
9qbehr,Rest of Bay Area
9qbehs,Rest of Bay Area
9qbeht,Rest of Bay Area
9qbehu,Rest of Bay Area
9qbehv,Rest of Bay Area
9qbehw,Rest of Bay Area
9qbehx,Rest of Bay Area
9qbehy,Rest of Bay Area
9qbehz,Rest of Bay Area
9qbej0,Rest of Bay Area
9qbej1,Rest of Bay Area
9qbej2,Rest of Bay Area
9qbej3,Rest of Bay Area
9qbej4,Rest of Bay Area
9qbej5,Rest of Bay Area
9qbej6,Rest of Bay Area
9qbej7,Rest of Bay Area
9qbej8,Rest of Bay Area
9qbej9,Rest of Bay Area
9qbejb,Rest of Bay Area
9qbejc,Rest of Bay Area
9qbejd,Rest of Bay Area
9qbeje,Rest of Bay Area
9qbejf,Rest of Bay Area
9qbejg,Rest of Bay Area
9qbejh,Rest of Bay Area
9qbejj,Rest of Bay Area
9qbejk,Rest of Bay Area
9qbejm,Rest of Bay Area
9qbejn,Rest of Bay Area
9qbejp,Rest of Bay Area
9qbejq,Rest of Bay Area
9qbejr,Rest of Bay Area
9qbejs,Rest of Bay Area
9qbejt,Rest of Bay Area
9qbeju,Rest of Bay Area
9qbejv,Rest of Bay Area
9qbejw,Rest of Bay Area
9qbejx,Rest of Bay Area
9qbejy,Rest of Bay Area
9qbejz,Rest of Bay Area
9qbek0,Rest of Bay Area
9qbek1,Rest of Bay Area
9qbek2,Rest of Bay Area
9qbek3,Rest of Bay Area
9qbek4,Rest of Bay Area
9qbek5,Rest of Bay Area
9qbek6,Rest of Bay Area
9qbek7,Rest of Bay Area
9qbek8,Rest of Bay Area
9qbek9,Rest of Bay Area
9qbekb,Rest of Bay Area
9qbekc,Rest of Bay Area
9qbekd,Rest of Bay Area
9qbeke,Rest of Bay Area
9qbekf,Rest of Bay Area
9qbekg,Rest of Bay Area
9qbekh,Rest of Bay Area
9qbekj,Rest of Bay Area
9qbekk,Rest of Bay Area
9qbekm,Rest of Bay Area
9qbekn,Rest of Bay Area
9qbekp,Rest of Bay Area
9qbekq,Rest of Bay Area
9qbekr,Rest of Bay Area
9qbeks,Rest of Bay Area
9qbekt,Rest of Bay Area
9qbeku,Rest of Bay Area
9qbekv,Rest of Bay Area
9qbekw,Rest of Bay Area
9qbekx,Rest of Bay Area
9qbeky,Rest of Bay Area
9qbekz,Rest of Bay Area
9qbem0,Rest of Bay Area
9qbem1,Rest of Bay Area
9qbem2,Rest of Bay Area
9qbem3,Rest of Bay Area
9qbem4,Rest of Bay Area
9qbem5,Rest of Bay Area
9qbem6,Rest of Bay Area
9qbem7,Rest of Bay Area
9qbem8,Rest of Bay Area
9qbem9,Rest of Bay Area
9qbemb,Rest of Bay Area
9qbemc,Rest of Bay Area
9qbemd,Rest of Bay Area
9qbeme,Rest of Bay Area
9qbemf,Rest of Bay Area
9qbemg,Rest of Bay Area
9qbemh,Rest of Bay Area
9qbemj,Rest of Bay Area
9qbemk,Rest of Bay Area
9qbemm,Rest of Bay Area
9qbemn,Rest of Bay Area
9qbemp,Rest of Bay Area
9qbemq,Rest of Bay Area
9qbemr,Rest of Bay Area
9qbems,Rest of Bay Area
9qbemt,Rest of Bay Area
9qbemu,Rest of Bay Area
9qbemv,Rest of Bay Area
9qbemw,Rest of Bay Area
9qbemx,Rest of Bay Area
9qbemy,Rest of Bay Area
9qbemz,Rest of Bay Area
9qben0,Rest of Bay Area
9qben1,Rest of Bay Area
9qben2,Rest of Bay Area
9qben3,Rest of Bay Area
9qben4,Rest of Bay Area
9qben5,Rest of Bay Area
9qben6,Rest of Bay Area
9qben7,Rest of Bay Area
9qben8,Rest of Bay Area
9qben9,Rest of Bay Area
9qbenb,Rest of Bay Area
9qbenc,Rest of Bay Area
9qbend,Rest of Bay Area
9qbene,Rest of Bay Area
9qbenf,Rest of Bay Area
9qbeng,Rest of Bay Area
9qbenh,Rest of Bay Area
9qbenj,Rest of Bay Area
9qbenk,Rest of Bay Area
9qbenm,Rest of Bay Area
9qbenn,Rest of Bay Area
9qbenp,Rest of Bay Area
9qbenq,Rest of Bay Area
9qbenr,Rest of Bay Area
9qbens,Rest of Bay Area
9qbent,Rest of Bay Area
9qbenu,Rest of Bay Area
9qbenv,Rest of Bay Area
9qbenw,Rest of Bay Area
9qbenx,Rest of Bay Area
9qbeny,Rest of Bay Area
9qbenz,Rest of Bay Area
9qbep0,Rest of Bay Area
9qbep1,Rest of Bay Area
9qbep2,Rest of Bay Area
9qbep3,Rest of Bay Area
9qbep4,Rest of Bay Area
9qbep5,Rest of Bay Area
9qbep6,Rest of Bay Area
9qbep7,Rest of Bay Area
9qbep8,Rest of Bay Area
9qbep9,Rest of Bay Area
9qbepb,Rest of Bay Area
9qbepc,Rest of Bay Area
9qbepd,Rest of Bay Area
9qbepe,Rest of Bay Area
9qbepf,Rest of Bay Area
9qbepg,Rest of Bay Area
9qbeph,Rest of Bay Area
9qbepj,Rest of Bay Area
9qbepk,Rest of Bay Area
9qbepm,Rest of Bay Area
9qbepn,Rest of Bay Area
9qbepp,Rest of Bay Area
9qbepq,Rest of Bay Area
9qbepr,Rest of Bay Area
9qbeps,Rest of Bay Area
9qbept,Rest of Bay Area
9qbepu,Rest of Bay Area
9qbepv,Rest of Bay Area
9qbepw,Rest of Bay Area
9qbepx,Rest of Bay Area
9qbepy,Rest of Bay Area
9qbepz,Rest of Bay Area
9qbeq0,Rest of Bay Area
9qbeq1,Rest of Bay Area
9qbeq2,Rest of Bay Area
9qbeq3,Rest of Bay Area
9qbeq4,Rest of Bay Area
9qbeq5,Rest of Bay Area
9qbeq6,Rest of Bay Area
9qbeq7,Rest of Bay Area
9qbeq8,Rest of Bay Area
9qbeq9,Rest of Bay Area
9qbeqb,Rest of Bay Area
9qbeqc,Rest of Bay Area
9qbeqd,Rest of Bay Area
9qbeqe,Rest of Bay Area
9qbeqf,Rest of Bay Area
9qbeqg,Rest of Bay Area
9qbeqh,Rest of Bay Area
9qbeqj,Rest of Bay Area
9qbeqk,Rest of Bay Area
9qbeqm,Rest of Bay Area
9qbeqn,Rest of Bay Area
9qbeqp,Rest of Bay Area
9qbeqq,Rest of Bay Area
9qbeqr,Rest of Bay Area
9qbeqs,Rest of Bay Area
9qbeqt,Rest of Bay Area
9qbequ,Rest of Bay Area
9qbeqv,Rest of Bay Area
9qbeqw,Rest of Bay Area
9qbeqx,Rest of Bay Area
9qbeqy,Rest of Bay Area
9qbeqz,Rest of Bay Area
9qber0,Rest of Bay Area
9qber1,Rest of Bay Area
9qber2,Rest of Bay Area
9qber3,Rest of Bay Area
9qber4,Rest of Bay Area
9qber5,Rest of Bay Area
9qber6,Rest of Bay Area
9qber7,Rest of Bay Area
9qber8,Rest of Bay Area
9qber9,Rest of Bay Area
9qberb,Rest of Bay Area
9qberc,Rest of Bay Area
9qberd,Rest of Bay Area
9qbere,Rest of Bay Area
9qberf,Rest of Bay Area
9qberg,Rest of Bay Area
9qberh,Rest of Bay Area
9qberj,Rest of Bay Area
9qberk,Rest of Bay Area
9qberm,Rest of Bay Area
9qbern,Rest of Bay Area
9qberp,Rest of Bay Area
9qberq,Rest of Bay Area
9qberr,Rest of Bay Area
9qbers,Rest of Bay Area
9qbert,Rest of Bay Area
9qberu,Rest of Bay Area
9qberv,Rest of Bay Area
9qberw,Rest of Bay Area
9qberx,Rest of Bay Area
9qbery,Rest of Bay Area
9qberz,Rest of Bay Area
9qbes0,Rest of Bay Area
9qbes1,Rest of Bay Area
9qbes2,Rest of Bay Area
9qbes3,Rest of Bay Area
9qbes4,Rest of Bay Area
9qbes5,Rest of Bay Area
9qbes6,Rest of Bay Area
9qbes7,Rest of Bay Area
9qbes8,Rest of Bay Area
9qbes9,Rest of Bay Area
9qbesb,Rest of Bay Area
9qbesc,Rest of Bay Area
9qbesd,Rest of Bay Area
9qbese,Rest of Bay Area
9qbesf,Rest of Bay Area
9qbesg,Rest of Bay Area
9qbesh,Rest of Bay Area
9qbesj,Rest of Bay Area
9qbesk,Rest of Bay Area
9qbesm,Rest of Bay Area
9qbesn,Rest of Bay Area
9qbesp,Rest of Bay Area
9qbesq,Rest of Bay Area
9qbesr,Rest of Bay Area
9qbess,Rest of Bay Area
9qbest,Rest of Bay Area
9qbesu,Rest of Bay Area
9qbesv,Rest of Bay Area
9qbesw,Rest of Bay Area
9qbesx,Rest of Bay Area
9qbesy,Rest of Bay Area
9qbesz,Rest of Bay Area
9qbet0,Rest of Bay Area
9qbet1,Rest of Bay Area
9qbet2,Rest of Bay Area
9qbet3,Rest of Bay Area
9qbet4,Rest of Bay Area
9qbet5,Rest of Bay Area
9qbet6,Rest of Bay Area
9qbet7,Rest of Bay Area
9qbet8,Rest of Bay Area
9qbet9,Rest of Bay Area
9qbetb,Rest of Bay Area
9qbetc,Rest of Bay Area
9qbetd,Rest of Bay Area
9qbete,Rest of Bay Area
9qbetf,Rest of Bay Area
9qbetg,Rest of Bay Area
9qbeth,Rest of Bay Area
9qbetj,Rest of Bay Area
9qbetk,Rest of Bay Area
9qbetm,Rest of Bay Area
9qbetn,Rest of Bay Area
9qbetp,Rest of Bay Area
9qbetq,Rest of Bay Area
9qbetr,Rest of Bay Area
9qbets,Rest of Bay Area
9qbett,Rest of Bay Area
9qbetu,Rest of Bay Area
9qbetv,Rest of Bay Area
9qbetw,Rest of Bay Area
9qbetx,Rest of Bay Area
9qbety,Rest of Bay Area
9qbetz,Rest of Bay Area
9qbeu0,Rest of Bay Area
9qbeu1,Rest of Bay Area
9qbeu2,Rest of Bay Area
9qbeu3,Rest of Bay Area
9qbeu4,Rest of Bay Area
9qbeu5,Rest of Bay Area
9qbeu6,Rest of Bay Area
9qbeu7,Rest of Bay Area
9qbeu8,Rest of Bay Area
9qbeu9,Rest of Bay Area
9qbeub,Rest of Bay Area
9qbeuc,Rest of Bay Area
9qbeud,Rest of Bay Area
9qbeue,Rest of Bay Area
9qbeuf,Rest of Bay Area
9qbeug,Rest of Bay Area
9qbeuh,Rest of Bay Area
9qbeuj,Rest of Bay Area
9qbeuk,Rest of Bay Area
9qbeum,Rest of Bay Area
9qbeun,Rest of Bay Area
9qbeup,Rest of Bay Area
9qbeuq,Rest of Bay Area
9qbeur,Rest of Bay Area
9qbeus,Rest of Bay Area
9qbeut,Rest of Bay Area
9qbeuu,Rest of Bay Area
9qbeuv,Rest of Bay Area
9qbeuw,Rest of Bay Area
9qbeux,Rest of Bay Area
9qbeuy,Rest of Bay Area
9qbeuz,Rest of Bay Area
9qbev0,Rest of Bay Area
9qbev1,Rest of Bay Area
9qbev2,Rest of Bay Area
9qbev3,Rest of Bay Area
9qbev4,Rest of Bay Area
9qbev5,Rest of Bay Area
9qbev6,Rest of Bay Area
9qbev7,Rest of Bay Area
9qbev8,Rest of Bay Area
9qbev9,Rest of Bay Area
9qbevb,Rest of Bay Area
9qbevc,Rest of Bay Area
9qbevd,Rest of Bay Area
9qbeve,Rest of Bay Area
9qbevf,Rest of Bay Area
9qbevg,Rest of Bay Area
9qbevh,Rest of Bay Area
9qbevj,Rest of Bay Area
9qbevk,Rest of Bay Area
9qbevm,Rest of Bay Area
9qbevn,Rest of Bay Area
9qbevp,Rest of Bay Area
9qbevq,Rest of Bay Area
9qbevr,Rest of Bay Area
9qbevs,Rest of Bay Area
9qbevt,Rest of Bay Area
9qbevu,Rest of Bay Area
9qbevv,Rest of Bay Area
9qbevw,Rest of Bay Area
9qbevx,Rest of Bay Area
9qbevy,Rest of Bay Area
9qbevz,Rest of Bay Area
9qbew0,Rest of Bay Area
9qbew1,Rest of Bay Area
9qbew2,Rest of Bay Area
9qbew3,Rest of Bay Area
9qbew4,Rest of Bay Area
9qbew5,Rest of Bay Area
9qbew6,Rest of Bay Area
9qbew7,Rest of Bay Area
9qbew8,Rest of Bay Area
9qbew9,Rest of Bay Area
9qbewb,Rest of Bay Area
9qbewc,Rest of Bay Area
9qbewd,Rest of Bay Area
9qbewe,Rest of Bay Area
9qbewf,Rest of Bay Area
9qbewg,Rest of Bay Area
9qbewh,Rest of Bay Area
9qbewj,Rest of Bay Area
9qbewk,Rest of Bay Area
9qbewm,Rest of Bay Area
9qbewn,Rest of Bay Area
9qbewp,Rest of Bay Area
9qbewq,Rest of Bay Area
9qbewr,Rest of Bay Area
9qbews,Rest of Bay Area
9qbewt,Rest of Bay Area
9qbewu,Rest of Bay Area
9qbewv,Rest of Bay Area
9qbeww,Rest of Bay Area
9qbewx,Rest of Bay Area
9qbewy,Rest of Bay Area
9qbewz,Rest of Bay Area
9qbex0,Rest of Bay Area
9qbex1,Rest of Bay Area
9qbex2,Rest of Bay Area
9qbex3,Rest of Bay Area
9qbex4,Rest of Bay Area
9qbex5,Rest of Bay Area
9qbex6,Rest of Bay Area
9qbex7,Rest of Bay Area
9qbex8,Rest of Bay Area
9qbex9,Rest of Bay Area
9qbexb,Rest of Bay Area
9qbexc,Rest of Bay Area
9qbexd,Rest of Bay Area
9qbexe,Rest of Bay Area
9qbexf,Rest of Bay Area
9qbexg,Rest of Bay Area
9qbexh,Rest of Bay Area
9qbexj,Rest of Bay Area
9qbexk,Rest of Bay Area
9qbexm,Rest of Bay Area
9qbexn,Rest of Bay Area
9qbexp,Rest of Bay Area
9qbexq,Rest of Bay Area
9qbexr,Rest of Bay Area
9qbexs,Rest of Bay Area
9qbext,Rest of Bay Area
9qbexu,Rest of Bay Area
9qbexv,Rest of Bay Area
9qbexw,Rest of Bay Area
9qbexx,Rest of Bay Area
9qbexy,Rest of Bay Area
9qbexz,Rest of Bay Area
9qbey0,Rest of Bay Area
9qbey1,Rest of Bay Area
9qbey2,Rest of Bay Area
9qbey3,Rest of Bay Area
9qbey4,Rest of Bay Area
9qbey5,Rest of Bay Area
9qbey6,Rest of Bay Area
9qbey7,Rest of Bay Area
9qbey8,Rest of Bay Area
9qbey9,Rest of Bay Area
9qbeyb,Rest of Bay Area
9qbeyc,Rest of Bay Area
9qbeyd,Rest of Bay Area
9qbeye,Rest of Bay Area
9qbeyf,Rest of Bay Area
9qbeyg,Rest of Bay Area
9qbeyh,Rest of Bay Area
9qbeyj,Rest of Bay Area
9qbeyk,Rest of Bay Area
9qbeym,Rest of Bay Area
9qbeyn,Rest of Bay Area
9qbeyp,Rest of Bay Area
9qbeyq,Rest of Bay Area
9qbeyr,Rest of Bay Area
9qbeys,Rest of Bay Area
9qbeyt,Rest of Bay Area
9qbeyu,Rest of Bay Area
9qbeyv,Rest of Bay Area
9qbeyw,Rest of Bay Area
9qbeyx,Rest of Bay Area
9qbeyy,Rest of Bay Area
9qbeyz,Rest of Bay Area
9qbez0,Rest of Bay Area
9qbez1,Rest of Bay Area
9qbez2,Rest of Bay Area
9qbez3,Rest of Bay Area
9qbez4,Rest of Bay Area
9qbez5,Rest of Bay Area
9qbez6,Rest of Bay Area
9qbez7,Rest of Bay Area
9qbez8,Rest of Bay Area
9qbez9,Rest of Bay Area
9qbezb,Rest of Bay Area
9qbezc,Rest of Bay Area
9qbezd,Rest of Bay Area
9qbeze,Rest of Bay Area
9qbezf,Rest of Bay Area
9qbezg,Rest of Bay Area
9qbezh,Rest of Bay Area
9qbezj,Rest of Bay Area
9qbezk,Rest of Bay Area
9qbezm,Rest of Bay Area
9qbezn,Rest of Bay Area
9qbezp,Rest of Bay Area
9qbezq,Rest of Bay Area
9qbezr,Rest of Bay Area
9qbezs,Rest of Bay Area
9qbezt,Rest of Bay Area
9qbezu,Rest of Bay Area
9qbezv,Rest of Bay Area
9qbezw,Rest of Bay Area
9qbezx,Rest of Bay Area
9qbezy,Rest of Bay Area
9qbezz,Rest of Bay Area
9qbf00,Rest of Bay Area
9qbf01,Rest of Bay Area
9qbf02,Rest of Bay Area
9qbf03,Rest of Bay Area
9qbf04,Rest of Bay Area
9qbf05,Rest of Bay Area
9qbf06,Rest of Bay Area
9qbf07,Rest of Bay Area
9qbf08,Rest of Bay Area
9qbf09,Rest of Bay Area
9qbf0b,Rest of Bay Area
9qbf0c,Rest of Bay Area
9qbf0d,Rest of Bay Area
9qbf0e,Rest of Bay Area
9qbf0f,Rest of Bay Area
9qbf0g,Rest of Bay Area
9qbf0h,Rest of Bay Area
9qbf0j,Rest of Bay Area
9qbf0k,Rest of Bay Area
9qbf0m,Rest of Bay Area
9qbf0n,Rest of Bay Area
9qbf0p,Rest of Bay Area
9qbf0q,Rest of Bay Area
9qbf0r,Rest of Bay Area
9qbf0s,Rest of Bay Area
9qbf0t,Rest of Bay Area
9qbf0u,Rest of Bay Area
9qbf0v,Rest of Bay Area
9qbf0w,Rest of Bay Area
9qbf0x,Rest of Bay Area
9qbf0y,Rest of Bay Area
9qbf0z,Rest of Bay Area
9qbf10,Rest of Bay Area
9qbf11,Rest of Bay Area
9qbf12,Rest of Bay Area
9qbf13,Rest of Bay Area
9qbf14,Rest of Bay Area
9qbf15,Rest of Bay Area
9qbf16,Rest of Bay Area
9qbf17,Rest of Bay Area
9qbf18,Rest of Bay Area
9qbf19,Rest of Bay Area
9qbf1b,Rest of Bay Area
9qbf1c,Rest of Bay Area
9qbf1d,Rest of Bay Area
9qbf1e,Rest of Bay Area
9qbf1f,Rest of Bay Area
9qbf1g,Rest of Bay Area
9qbf1h,Rest of Bay Area
9qbf1j,Rest of Bay Area
9qbf1k,Rest of Bay Area
9qbf1m,Rest of Bay Area
9qbf1n,Rest of Bay Area
9qbf1p,Rest of Bay Area
9qbf1q,Rest of Bay Area
9qbf1r,Rest of Bay Area
9qbf1s,Rest of Bay Area
9qbf1t,Rest of Bay Area
9qbf1u,Rest of Bay Area
9qbf1v,Rest of Bay Area
9qbf1w,Rest of Bay Area
9qbf1x,Rest of Bay Area
9qbf1y,Rest of Bay Area
9qbf1z,Rest of Bay Area
9qbf20,Rest of Bay Area
9qbf21,Rest of Bay Area
9qbf22,Rest of Bay Area
9qbf23,Rest of Bay Area
9qbf24,Rest of Bay Area
9qbf25,Rest of Bay Area
9qbf26,Rest of Bay Area
9qbf27,Rest of Bay Area
9qbf28,Rest of Bay Area
9qbf29,Rest of Bay Area
9qbf2b,Rest of Bay Area
9qbf2c,Rest of Bay Area
9qbf2d,Rest of Bay Area
9qbf2e,Rest of Bay Area
9qbf2f,Rest of Bay Area
9qbf2g,Rest of Bay Area
9qbf2h,Rest of Bay Area
9qbf2j,Rest of Bay Area
9qbf2k,Rest of Bay Area
9qbf2m,Rest of Bay Area
9qbf2n,Rest of Bay Area
9qbf2p,Rest of Bay Area
9qbf2q,Rest of Bay Area
9qbf2r,Rest of Bay Area
9qbf2s,Rest of Bay Area
9qbf2t,Rest of Bay Area
9qbf2u,Rest of Bay Area
9qbf2v,Rest of Bay Area
9qbf2w,Rest of Bay Area
9qbf2x,Rest of Bay Area
9qbf2y,Rest of Bay Area
9qbf2z,Rest of Bay Area
9qbf30,Rest of Bay Area
9qbf31,Rest of Bay Area
9qbf32,Rest of Bay Area
9qbf33,Rest of Bay Area
9qbf34,Rest of Bay Area
9qbf35,Rest of Bay Area
9qbf36,Rest of Bay Area
9qbf37,Rest of Bay Area
9qbf38,Rest of Bay Area
9qbf39,Rest of Bay Area
9qbf3b,Rest of Bay Area
9qbf3c,Rest of Bay Area
9qbf3d,Rest of Bay Area
9qbf3e,Rest of Bay Area
9qbf3f,Rest of Bay Area
9qbf3g,Rest of Bay Area
9qbf3h,Rest of Bay Area
9qbf3j,Rest of Bay Area
9qbf3k,Rest of Bay Area
9qbf3m,Rest of Bay Area
9qbf3n,Rest of Bay Area
9qbf3p,Rest of Bay Area
9qbf3q,Rest of Bay Area
9qbf3r,Rest of Bay Area
9qbf3s,Rest of Bay Area
9qbf3t,Rest of Bay Area
9qbf3u,Rest of Bay Area
9qbf3v,Rest of Bay Area
9qbf3w,Rest of Bay Area
9qbf3x,Rest of Bay Area
9qbf3y,Rest of Bay Area
9qbf3z,Rest of Bay Area
9qbf40,Rest of Bay Area
9qbf41,Rest of Bay Area
9qbf42,Rest of Bay Area
9qbf43,Rest of Bay Area
9qbf44,Rest of Bay Area
9qbf45,Rest of Bay Area
9qbf46,Rest of Bay Area
9qbf47,Rest of Bay Area
9qbf48,Rest of Bay Area
9qbf49,Rest of Bay Area
9qbf4b,Rest of Bay Area
9qbf4c,Rest of Bay Area
9qbf4d,Rest of Bay Area
9qbf4e,Rest of Bay Area
9qbf4f,Rest of Bay Area
9qbf4g,Rest of Bay Area
9qbf4h,Rest of Bay Area
9qbf4j,Rest of Bay Area
9qbf4k,Rest of Bay Area
9qbf4m,Rest of Bay Area
9qbf4n,Rest of Bay Area
9qbf4p,Rest of Bay Area
9qbf4q,Rest of Bay Area
9qbf4r,Rest of Bay Area
9qbf4s,Rest of Bay Area
9qbf4t,Rest of Bay Area
9qbf4u,Rest of Bay Area
9qbf4v,Rest of Bay Area
9qbf4w,Rest of Bay Area
9qbf4x,Rest of Bay Area
9qbf4y,Rest of Bay Area
9qbf4z,Rest of Bay Area
9qbf50,Rest of Bay Area
9qbf51,Rest of Bay Area
9qbf52,Rest of Bay Area
9qbf53,Rest of Bay Area
9qbf54,Rest of Bay Area
9qbf55,Rest of Bay Area
9qbf56,Rest of Bay Area
9qbf57,Rest of Bay Area
9qbf58,Rest of Bay Area
9qbf59,Rest of Bay Area
9qbf5b,Rest of Bay Area
9qbf5c,Rest of Bay Area
9qbf5d,Rest of Bay Area
9qbf5e,Rest of Bay Area
9qbf5f,Rest of Bay Area
9qbf5g,Rest of Bay Area
9qbf5h,Rest of Bay Area
9qbf5j,Rest of Bay Area
9qbf5k,Rest of Bay Area
9qbf5m,Rest of Bay Area
9qbf5n,Rest of Bay Area
9qbf5p,Rest of Bay Area
9qbf5q,Rest of Bay Area
9qbf5r,Rest of Bay Area
9qbf5s,Rest of Bay Area
9qbf5t,Rest of Bay Area
9qbf5u,Rest of Bay Area
9qbf5v,Rest of Bay Area
9qbf5w,Rest of Bay Area
9qbf5x,Rest of Bay Area
9qbf5y,Rest of Bay Area
9qbf5z,Rest of Bay Area
9qbf60,Rest of Bay Area
9qbf61,Rest of Bay Area
9qbf62,Rest of Bay Area
9qbf63,Rest of Bay Area
9qbf64,Rest of Bay Area
9qbf65,Rest of Bay Area
9qbf66,Rest of Bay Area
9qbf67,Rest of Bay Area
9qbf68,Rest of Bay Area
9qbf69,Rest of Bay Area
9qbf6b,Rest of Bay Area
9qbf6c,Rest of Bay Area
9qbf6d,Rest of Bay Area
9qbf6e,Rest of Bay Area
9qbf6f,Rest of Bay Area
9qbf6g,Rest of Bay Area
9qbf6h,Rest of Bay Area
9qbf6j,Rest of Bay Area
9qbf6k,Rest of Bay Area
9qbf6m,Rest of Bay Area
9qbf6n,Rest of Bay Area
9qbf6p,Rest of Bay Area
9qbf6q,Rest of Bay Area
9qbf6r,Rest of Bay Area
9qbf6s,Rest of Bay Area
9qbf6t,Rest of Bay Area
9qbf6u,Rest of Bay Area
9qbf6v,Rest of Bay Area
9qbf6w,Rest of Bay Area
9qbf6x,Rest of Bay Area
9qbf6y,Rest of Bay Area
9qbf6z,Rest of Bay Area
9qbf70,Rest of Bay Area
9qbf71,Rest of Bay Area
9qbf72,Rest of Bay Area
9qbf73,Rest of Bay Area
9qbf74,Rest of Bay Area
9qbf75,Rest of Bay Area
9qbf76,Rest of Bay Area
9qbf77,Rest of Bay Area
9qbf78,Rest of Bay Area
9qbf79,Rest of Bay Area
9qbf7b,Rest of Bay Area
9qbf7c,Rest of Bay Area
9qbf7d,Rest of Bay Area
9qbf7e,Rest of Bay Area
9qbf7f,Rest of Bay Area
9qbf7g,Rest of Bay Area
9qbf7h,Rest of Bay Area
9qbf7j,Rest of Bay Area
9qbf7k,Rest of Bay Area
9qbf7m,Rest of Bay Area
9qbf7n,Rest of Bay Area
9qbf7p,Rest of Bay Area
9qbf7q,Rest of Bay Area
9qbf7r,Rest of Bay Area
9qbf7s,Rest of Bay Area
9qbf7t,Rest of Bay Area
9qbf7u,Rest of Bay Area
9qbf7v,Rest of Bay Area
9qbf7w,Rest of Bay Area
9qbf7x,Rest of Bay Area
9qbf7y,Rest of Bay Area
9qbf7z,Rest of Bay Area
9qbf80,Rest of Bay Area
9qbf81,Rest of Bay Area
9qbf82,Rest of Bay Area
9qbf83,Rest of Bay Area
9qbf84,Rest of Bay Area
9qbf85,Rest of Bay Area
9qbf86,Rest of Bay Area
9qbf87,Rest of Bay Area
9qbf88,Rest of Bay Area
9qbf89,Rest of Bay Area
9qbf8b,Rest of Bay Area
9qbf8c,Rest of Bay Area
9qbf8d,Rest of Bay Area
9qbf8e,Rest of Bay Area
9qbf8f,Rest of Bay Area
9qbf8g,Rest of Bay Area
9qbf8h,Rest of Bay Area
9qbf8j,Rest of Bay Area
9qbf8k,Rest of Bay Area
9qbf8m,Rest of Bay Area
9qbf8n,Rest of Bay Area
9qbf8p,Rest of Bay Area
9qbf8q,Rest of Bay Area
9qbf8r,Rest of Bay Area
9qbf8s,Rest of Bay Area
9qbf8t,Rest of Bay Area
9qbf8u,Rest of Bay Area
9qbf8v,Rest of Bay Area
9qbf8w,Rest of Bay Area
9qbf8x,Rest of Bay Area
9qbf8y,Rest of Bay Area
9qbf8z,Rest of Bay Area
9qbf90,Rest of Bay Area
9qbf91,Rest of Bay Area
9qbf92,Rest of Bay Area
9qbf93,Rest of Bay Area
9qbf94,Rest of Bay Area
9qbf95,Rest of Bay Area
9qbf96,Rest of Bay Area
9qbf97,Rest of Bay Area
9qbf98,Rest of Bay Area
9qbf99,Rest of Bay Area
9qbf9b,Rest of Bay Area
9qbf9c,Rest of Bay Area
9qbf9d,Rest of Bay Area
9qbf9e,Rest of Bay Area
9qbf9f,Rest of Bay Area
9qbf9g,Rest of Bay Area
9qbf9h,Rest of Bay Area
9qbf9j,Rest of Bay Area
9qbf9k,Rest of Bay Area
9qbf9m,Rest of Bay Area
9qbf9n,Rest of Bay Area
9qbf9p,Rest of Bay Area
9qbf9q,Rest of Bay Area
9qbf9r,Rest of Bay Area
9qbf9s,Rest of Bay Area
9qbf9t,Rest of Bay Area
9qbf9u,Rest of Bay Area
9qbf9v,Rest of Bay Area
9qbf9w,Rest of Bay Area
9qbf9x,Rest of Bay Area
9qbf9y,Rest of Bay Area
9qbf9z,Rest of Bay Area
9qbfb0,Rest of Bay Area
9qbfb1,Rest of Bay Area
9qbfb2,Rest of Bay Area
9qbfb3,Rest of Bay Area
9qbfb4,Rest of Bay Area
9qbfb5,Rest of Bay Area
9qbfb6,Rest of Bay Area
9qbfb7,Rest of Bay Area
9qbfb8,Rest of Bay Area
9qbfb9,Rest of Bay Area
9qbfbb,Rest of Bay Area
9qbfbc,Rest of Bay Area
9qbfbd,Rest of Bay Area
9qbfbe,Rest of Bay Area
9qbfbf,Rest of Bay Area
9qbfbg,Rest of Bay Area
9qbfbh,Rest of Bay Area
9qbfbj,Rest of Bay Area
9qbfbk,Rest of Bay Area
9qbfbm,Rest of Bay Area
9qbfbn,Rest of Bay Area
9qbfbp,Rest of Bay Area
9qbfbq,Rest of Bay Area
9qbfbr,Rest of Bay Area
9qbfbs,Rest of Bay Area
9qbfbt,Rest of Bay Area
9qbfbu,Rest of Bay Area
9qbfbv,Rest of Bay Area
9qbfbw,Rest of Bay Area
9qbfbx,Rest of Bay Area
9qbfby,Rest of Bay Area
9qbfbz,Rest of Bay Area
9qbfc0,Rest of Bay Area
9qbfc1,Rest of Bay Area
9qbfc2,Rest of Bay Area
9qbfc3,Rest of Bay Area
9qbfc4,Rest of Bay Area
9qbfc5,Rest of Bay Area
9qbfc6,Rest of Bay Area
9qbfc7,Rest of Bay Area
9qbfc8,Rest of Bay Area
9qbfc9,Rest of Bay Area
9qbfcb,Rest of Bay Area
9qbfcc,Rest of Bay Area
9qbfcd,Rest of Bay Area
9qbfce,Rest of Bay Area
9qbfcf,Rest of Bay Area
9qbfcg,Rest of Bay Area
9qbfch,Rest of Bay Area
9qbfcj,Rest of Bay Area
9qbfck,Rest of Bay Area
9qbfcm,Rest of Bay Area
9qbfcn,Rest of Bay Area
9qbfcp,Rest of Bay Area
9qbfcq,Rest of Bay Area
9qbfcr,Rest of Bay Area
9qbfcs,Rest of Bay Area
9qbfct,Rest of Bay Area
9qbfcu,Rest of Bay Area
9qbfcv,Rest of Bay Area
9qbfcw,Rest of Bay Area
9qbfcx,Rest of Bay Area
9qbfcy,Rest of Bay Area
9qbfcz,Rest of Bay Area
9qbfd0,Rest of Bay Area
9qbfd1,Rest of Bay Area
9qbfd2,Rest of Bay Area
9qbfd3,Rest of Bay Area
9qbfd4,Rest of Bay Area
9qbfd5,Rest of Bay Area
9qbfd6,Rest of Bay Area
9qbfd7,Rest of Bay Area
9qbfd8,Rest of Bay Area
9qbfd9,Rest of Bay Area
9qbfdb,Rest of Bay Area
9qbfdc,Rest of Bay Area
9qbfdd,Rest of Bay Area
9qbfde,Rest of Bay Area
9qbfdf,Rest of Bay Area
9qbfdg,Rest of Bay Area
9qbfdh,Rest of Bay Area
9qbfdj,Rest of Bay Area
9qbfdk,Rest of Bay Area
9qbfdm,Rest of Bay Area
9qbfdn,Rest of Bay Area
9qbfdp,Rest of Bay Area
9qbfdq,Rest of Bay Area
9qbfdr,Rest of Bay Area
9qbfds,Rest of Bay Area
9qbfdt,Rest of Bay Area
9qbfdu,Rest of Bay Area
9qbfdv,Rest of Bay Area
9qbfdw,Rest of Bay Area
9qbfdx,Rest of Bay Area
9qbfdy,Rest of Bay Area
9qbfdz,Rest of Bay Area
9qbfe0,Rest of Bay Area
9qbfe1,Rest of Bay Area
9qbfe2,Rest of Bay Area
9qbfe3,Rest of Bay Area
9qbfe4,Rest of Bay Area
9qbfe5,Rest of Bay Area
9qbfe6,Rest of Bay Area
9qbfe7,Rest of Bay Area
9qbfe8,Rest of Bay Area
9qbfe9,Rest of Bay Area
9qbfeb,Rest of Bay Area
9qbfec,Rest of Bay Area
9qbfed,Rest of Bay Area
9qbfee,Rest of Bay Area
9qbfef,Rest of Bay Area
9qbfeg,Rest of Bay Area
9qbfeh,Rest of Bay Area
9qbfej,Rest of Bay Area
9qbfek,Rest of Bay Area
9qbfem,Rest of Bay Area
9qbfen,Rest of Bay Area
9qbfep,Rest of Bay Area
9qbfeq,Rest of Bay Area
9qbfer,Rest of Bay Area
9qbfes,Rest of Bay Area
9qbfet,Rest of Bay Area
9qbfeu,Rest of Bay Area
9qbfev,Rest of Bay Area
9qbfew,Rest of Bay Area
9qbfex,Rest of Bay Area
9qbfey,Rest of Bay Area
9qbfez,Rest of Bay Area
9qbff0,Rest of Bay Area
9qbff1,Rest of Bay Area
9qbff2,Rest of Bay Area
9qbff3,Rest of Bay Area
9qbff4,Rest of Bay Area
9qbff5,Rest of Bay Area
9qbff6,Rest of Bay Area
9qbff7,Rest of Bay Area
9qbff8,Rest of Bay Area
9qbff9,Rest of Bay Area
9qbffb,Rest of Bay Area
9qbffc,Rest of Bay Area
9qbffd,Rest of Bay Area
9qbffe,Rest of Bay Area
9qbfff,Rest of Bay Area
9qbffg,Rest of Bay Area
9qbffh,Rest of Bay Area
9qbffj,Rest of Bay Area
9qbffk,Rest of Bay Area
9qbffm,Rest of Bay Area
9qbffn,Rest of Bay Area
9qbffp,Rest of Bay Area
9qbffq,Rest of Bay Area
9qbffr,Rest of Bay Area
9qbffs,Rest of Bay Area
9qbfft,Rest of Bay Area
9qbffu,Rest of Bay Area
9qbffv,Rest of Bay Area
9qbffw,Rest of Bay Area
9qbffx,Rest of Bay Area
9qbffy,Rest of Bay Area
9qbffz,Rest of Bay Area
9qbfg0,Rest of Bay Area
9qbfg1,Rest of Bay Area
9qbfg2,Rest of Bay Area
9qbfg3,Rest of Bay Area
9qbfg4,Rest of Bay Area
9qbfg5,Rest of Bay Area
9qbfg6,Rest of Bay Area
9qbfg7,Rest of Bay Area
9qbfg8,Rest of Bay Area
9qbfg9,Rest of Bay Area
9qbfgb,Rest of Bay Area
9qbfgc,Rest of Bay Area
9qbfgd,Rest of Bay Area
9qbfge,Rest of Bay Area
9qbfgf,Rest of Bay Area
9qbfgg,Rest of Bay Area
9qbfgh,Rest of Bay Area
9qbfgj,Rest of Bay Area
9qbfgk,Rest of Bay Area
9qbfgm,Rest of Bay Area
9qbfgn,Rest of Bay Area
9qbfgp,Rest of Bay Area
9qbfgq,Rest of Bay Area
9qbfgr,Rest of Bay Area
9qbfgs,Rest of Bay Area
9qbfgt,Rest of Bay Area
9qbfgu,Rest of Bay Area
9qbfgv,Rest of Bay Area
9qbfgw,Rest of Bay Area
9qbfgx,Rest of Bay Area
9qbfgy,Rest of Bay Area
9qbfgz,Rest of Bay Area
9qbfh0,Rest of Bay Area
9qbfh1,Rest of Bay Area
9qbfh2,Rest of Bay Area
9qbfh3,Rest of Bay Area
9qbfh4,Rest of Bay Area
9qbfh5,Rest of Bay Area
9qbfh6,Rest of Bay Area
9qbfh7,Rest of Bay Area
9qbfh8,Rest of Bay Area
9qbfh9,Rest of Bay Area
9qbfhb,Rest of Bay Area
9qbfhc,Rest of Bay Area
9qbfhd,Rest of Bay Area
9qbfhe,Rest of Bay Area
9qbfhf,Rest of Bay Area
9qbfhg,Rest of Bay Area
9qbfhh,Rest of Bay Area
9qbfhj,Rest of Bay Area
9qbfhk,Rest of Bay Area
9qbfhm,Rest of Bay Area
9qbfhn,Rest of Bay Area
9qbfhp,Rest of Bay Area
9qbfhq,Rest of Bay Area
9qbfhr,Rest of Bay Area
9qbfhs,Rest of Bay Area
9qbfht,Rest of Bay Area
9qbfhu,Rest of Bay Area
9qbfhv,Rest of Bay Area
9qbfhw,Rest of Bay Area
9qbfhx,Rest of Bay Area
9qbfhy,Rest of Bay Area
9qbfhz,Rest of Bay Area
9qbfj0,Rest of Bay Area
9qbfj1,Rest of Bay Area
9qbfj2,Rest of Bay Area
9qbfj3,Rest of Bay Area
9qbfj4,Rest of Bay Area
9qbfj5,Rest of Bay Area
9qbfj6,Rest of Bay Area
9qbfj7,Rest of Bay Area
9qbfj8,Rest of Bay Area
9qbfj9,Rest of Bay Area
9qbfjb,Rest of Bay Area
9qbfjc,Rest of Bay Area
9qbfjd,Rest of Bay Area
9qbfje,Rest of Bay Area
9qbfjf,Rest of Bay Area
9qbfjg,Rest of Bay Area
9qbfjh,Rest of Bay Area
9qbfjj,Rest of Bay Area
9qbfjk,Rest of Bay Area
9qbfjm,Rest of Bay Area
9qbfjn,Rest of Bay Area
9qbfjp,Rest of Bay Area
9qbfjq,Rest of Bay Area
9qbfjr,Rest of Bay Area
9qbfjs,Rest of Bay Area
9qbfjt,Rest of Bay Area
9qbfju,Rest of Bay Area
9qbfjv,Rest of Bay Area
9qbfjw,Rest of Bay Area
9qbfjx,Rest of Bay Area
9qbfjy,Rest of Bay Area
9qbfjz,Rest of Bay Area
9qbfk0,Rest of Bay Area
9qbfk1,Rest of Bay Area
9qbfk2,Rest of Bay Area
9qbfk3,Rest of Bay Area
9qbfk4,Rest of Bay Area
9qbfk5,Rest of Bay Area
9qbfk6,Rest of Bay Area
9qbfk7,Rest of Bay Area
9qbfk8,Rest of Bay Area
9qbfk9,Rest of Bay Area
9qbfkb,Rest of Bay Area
9qbfkc,Rest of Bay Area
9qbfkd,Rest of Bay Area
9qbfke,Rest of Bay Area
9qbfkf,Rest of Bay Area
9qbfkg,Rest of Bay Area
9qbfkh,Rest of Bay Area
9qbfkj,Rest of Bay Area
9qbfkk,Rest of Bay Area
9qbfkm,Rest of Bay Area
9qbfkn,Rest of Bay Area
9qbfkp,Rest of Bay Area
9qbfkq,Rest of Bay Area
9qbfkr,Rest of Bay Area
9qbfks,Rest of Bay Area
9qbfkt,Rest of Bay Area
9qbfku,Rest of Bay Area
9qbfkv,Rest of Bay Area
9qbfkw,Rest of Bay Area
9qbfkx,Rest of Bay Area
9qbfky,Rest of Bay Area
9qbfkz,Rest of Bay Area
9qbfm0,Rest of Bay Area
9qbfm1,Rest of Bay Area
9qbfm2,Rest of Bay Area
9qbfm3,Rest of Bay Area
9qbfm4,Rest of Bay Area
9qbfm5,Rest of Bay Area
9qbfm6,Rest of Bay Area
9qbfm7,Rest of Bay Area
9qbfm8,Rest of Bay Area
9qbfm9,Rest of Bay Area
9qbfmb,Rest of Bay Area
9qbfmc,Rest of Bay Area
9qbfmd,Rest of Bay Area
9qbfme,Rest of Bay Area
9qbfmf,Rest of Bay Area
9qbfmg,Rest of Bay Area
9qbfmh,Rest of Bay Area
9qbfmj,Rest of Bay Area
9qbfmk,Rest of Bay Area
9qbfmm,Rest of Bay Area
9qbfmn,Rest of Bay Area
9qbfmp,Rest of Bay Area
9qbfmq,Rest of Bay Area
9qbfmr,Rest of Bay Area
9qbfms,Rest of Bay Area
9qbfmt,Rest of Bay Area
9qbfmu,Rest of Bay Area
9qbfmv,Rest of Bay Area
9qbfmw,Rest of Bay Area
9qbfmx,Rest of Bay Area
9qbfmy,Rest of Bay Area
9qbfmz,Rest of Bay Area
9qbfn0,Rest of Bay Area
9qbfn1,Rest of Bay Area
9qbfn2,Rest of Bay Area
9qbfn3,Rest of Bay Area
9qbfn4,Rest of Bay Area
9qbfn5,Rest of Bay Area
9qbfn6,Rest of Bay Area
9qbfn7,Rest of Bay Area
9qbfn8,Rest of Bay Area
9qbfn9,Rest of Bay Area
9qbfnb,Rest of Bay Area
9qbfnc,Rest of Bay Area
9qbfnd,Rest of Bay Area
9qbfne,Rest of Bay Area
9qbfnf,Rest of Bay Area
9qbfng,Rest of Bay Area
9qbfnh,Rest of Bay Area
9qbfnj,Rest of Bay Area
9qbfnk,Rest of Bay Area
9qbfnm,Rest of Bay Area
9qbfnn,Rest of Bay Area
9qbfnp,Rest of Bay Area
9qbfnq,Rest of Bay Area
9qbfnr,Rest of Bay Area
9qbfns,Rest of Bay Area
9qbfnt,Rest of Bay Area
9qbfnu,Rest of Bay Area
9qbfnv,Rest of Bay Area
9qbfnw,Rest of Bay Area
9qbfnx,Rest of Bay Area
9qbfny,Rest of Bay Area
9qbfnz,Rest of Bay Area
9qbfp0,Rest of Bay Area
9qbfp1,Rest of Bay Area
9qbfp2,Rest of Bay Area
9qbfp3,Rest of Bay Area
9qbfp4,Rest of Bay Area
9qbfp5,Rest of Bay Area
9qbfp6,Rest of Bay Area
9qbfp7,Rest of Bay Area
9qbfp8,Rest of Bay Area
9qbfp9,Rest of Bay Area
9qbfpb,Rest of Bay Area
9qbfpc,Rest of Bay Area
9qbfpd,Rest of Bay Area
9qbfpe,Rest of Bay Area
9qbfpf,Rest of Bay Area
9qbfpg,Rest of Bay Area
9qbfph,Rest of Bay Area
9qbfpj,Rest of Bay Area
9qbfpk,Rest of Bay Area
9qbfpm,Rest of Bay Area
9qbfpn,Rest of Bay Area
9qbfpp,Rest of Bay Area
9qbfpq,Rest of Bay Area
9qbfpr,Rest of Bay Area
9qbfps,Rest of Bay Area
9qbfpt,Rest of Bay Area
9qbfpu,Rest of Bay Area
9qbfpv,Rest of Bay Area
9qbfpw,Rest of Bay Area
9qbfpx,Rest of Bay Area
9qbfpy,Rest of Bay Area
9qbfpz,Rest of Bay Area
9qbfq0,Rest of Bay Area
9qbfq1,Rest of Bay Area
9qbfq2,Rest of Bay Area
9qbfq3,Rest of Bay Area
9qbfq4,Rest of Bay Area
9qbfq5,Rest of Bay Area
9qbfq6,Rest of Bay Area
9qbfq7,Rest of Bay Area
9qbfq8,Rest of Bay Area
9qbfq9,Rest of Bay Area
9qbfqb,Rest of Bay Area
9qbfqc,Rest of Bay Area
9qbfqd,Rest of Bay Area
9qbfqe,Rest of Bay Area
9qbfqf,Rest of Bay Area
9qbfqg,Rest of Bay Area
9qbfqh,Rest of Bay Area
9qbfqj,Rest of Bay Area
9qbfqk,Rest of Bay Area
9qbfqm,Rest of Bay Area
9qbfqn,Rest of Bay Area
9qbfqp,Rest of Bay Area
9qbfqq,Rest of Bay Area
9qbfqr,Rest of Bay Area
9qbfqs,Rest of Bay Area
9qbfqt,Rest of Bay Area
9qbfqu,Rest of Bay Area
9qbfqv,Rest of Bay Area
9qbfqw,Rest of Bay Area
9qbfqx,Rest of Bay Area
9qbfqy,Rest of Bay Area
9qbfqz,Rest of Bay Area
9qbfr0,Rest of Bay Area
9qbfr1,Rest of Bay Area
9qbfr2,Rest of Bay Area
9qbfr3,Rest of Bay Area
9qbfr4,Rest of Bay Area
9qbfr5,Rest of Bay Area
9qbfr6,Rest of Bay Area
9qbfr7,Rest of Bay Area
9qbfr8,Rest of Bay Area
9qbfr9,Rest of Bay Area
9qbfrb,Rest of Bay Area
9qbfrc,Rest of Bay Area
9qbfrd,Rest of Bay Area
9qbfre,Rest of Bay Area
9qbfrf,Rest of Bay Area
9qbfrg,Rest of Bay Area
9qbfrh,Rest of Bay Area
9qbfrj,Rest of Bay Area
9qbfrk,Rest of Bay Area
9qbfrm,Rest of Bay Area
9qbfrn,Rest of Bay Area
9qbfrp,Rest of Bay Area
9qbfrq,Rest of Bay Area
9qbfrr,Rest of Bay Area
9qbfrs,Rest of Bay Area
9qbfrt,Rest of Bay Area
9qbfru,Rest of Bay Area
9qbfrv,Rest of Bay Area
9qbfrw,Rest of Bay Area
9qbfrx,Rest of Bay Area
9qbfry,Rest of Bay Area
9qbfrz,Rest of Bay Area
9qbfs0,Rest of Bay Area
9qbfs1,Rest of Bay Area
9qbfs2,Rest of Bay Area
9qbfs3,Rest of Bay Area
9qbfs4,Rest of Bay Area
9qbfs5,Rest of Bay Area
9qbfs6,Rest of Bay Area
9qbfs7,Rest of Bay Area
9qbfs8,Rest of Bay Area
9qbfs9,Rest of Bay Area
9qbfsb,Rest of Bay Area
9qbfsc,Rest of Bay Area
9qbfsd,Rest of Bay Area
9qbfse,Rest of Bay Area
9qbfsf,Rest of Bay Area
9qbfsg,Rest of Bay Area
9qbfsh,Rest of Bay Area
9qbfsj,Rest of Bay Area
9qbfsk,Rest of Bay Area
9qbfsm,Rest of Bay Area
9qbfsn,Rest of Bay Area
9qbfsp,Rest of Bay Area
9qbfsq,Rest of Bay Area
9qbfsr,Rest of Bay Area
9qbfss,Rest of Bay Area
9qbfst,Rest of Bay Area
9qbfsu,Rest of Bay Area
9qbfsv,Rest of Bay Area
9qbfsw,Rest of Bay Area
9qbfsx,Rest of Bay Area
9qbfsy,Rest of Bay Area
9qbfsz,Rest of Bay Area
9qbft0,Rest of Bay Area
9qbft1,Rest of Bay Area
9qbft2,Rest of Bay Area
9qbft3,Rest of Bay Area
9qbft4,Rest of Bay Area
9qbft5,Rest of Bay Area
9qbft6,Rest of Bay Area
9qbft7,Rest of Bay Area
9qbft8,Rest of Bay Area
9qbft9,Rest of Bay Area
9qbftb,Rest of Bay Area
9qbftc,Rest of Bay Area
9qbftd,Rest of Bay Area
9qbfte,Rest of Bay Area
9qbftf,Rest of Bay Area
9qbftg,Rest of Bay Area
9qbfth,Rest of Bay Area
9qbftj,Rest of Bay Area
9qbftk,Rest of Bay Area
9qbftm,Rest of Bay Area
9qbftn,Rest of Bay Area
9qbftp,Rest of Bay Area
9qbftq,Rest of Bay Area
9qbftr,Rest of Bay Area
9qbfts,Rest of Bay Area
9qbftt,Rest of Bay Area
9qbftu,Rest of Bay Area
9qbftv,Rest of Bay Area
9qbftw,Rest of Bay Area
9qbftx,Rest of Bay Area
9qbfty,Rest of Bay Area
9qbftz,Rest of Bay Area
9qbfu0,Rest of Bay Area
9qbfu1,Rest of Bay Area
9qbfu2,Rest of Bay Area
9qbfu3,Rest of Bay Area
9qbfu4,Rest of Bay Area
9qbfu5,Rest of Bay Area
9qbfu6,Rest of Bay Area
9qbfu7,Rest of Bay Area
9qbfu8,Rest of Bay Area
9qbfu9,Rest of Bay Area
9qbfub,Rest of Bay Area
9qbfuc,Rest of Bay Area
9qbfud,Rest of Bay Area
9qbfue,Rest of Bay Area
9qbfuf,Rest of Bay Area
9qbfug,Rest of Bay Area
9qbfuh,Rest of Bay Area
9qbfuj,Rest of Bay Area
9qbfuk,Rest of Bay Area
9qbfum,Rest of Bay Area
9qbfun,Rest of Bay Area
9qbfup,Rest of Bay Area
9qbfuq,Rest of Bay Area
9qbfur,Rest of Bay Area
9qbfus,Rest of Bay Area
9qbfut,Rest of Bay Area
9qbfuu,Rest of Bay Area
9qbfuv,Rest of Bay Area
9qbfuw,Rest of Bay Area
9qbfux,Rest of Bay Area
9qbfuy,Rest of Bay Area
9qbfuz,Rest of Bay Area
9qbfv0,Rest of Bay Area
9qbfv1,Rest of Bay Area
9qbfv2,Rest of Bay Area
9qbfv3,Rest of Bay Area
9qbfv4,Rest of Bay Area
9qbfv5,Rest of Bay Area
9qbfv6,Rest of Bay Area
9qbfv7,Rest of Bay Area
9qbfv8,Rest of Bay Area
9qbfv9,Rest of Bay Area
9qbfvb,Rest of Bay Area
9qbfvc,Rest of Bay Area
9qbfvd,Rest of Bay Area
9qbfve,Rest of Bay Area
9qbfvf,Rest of Bay Area
9qbfvg,Rest of Bay Area
9qbfvh,Rest of Bay Area
9qbfvj,Rest of Bay Area
9qbfvk,Rest of Bay Area
9qbfvm,Rest of Bay Area
9qbfvn,Rest of Bay Area
9qbfvp,Rest of Bay Area
9qbfvq,Rest of Bay Area
9qbfvr,Rest of Bay Area
9qbfvs,Rest of Bay Area
9qbfvt,Rest of Bay Area
9qbfvu,Rest of Bay Area
9qbfvv,Rest of Bay Area
9qbfvw,Rest of Bay Area
9qbfvx,Rest of Bay Area
9qbfvy,Rest of Bay Area
9qbfvz,Rest of Bay Area
9qbfw0,Rest of Bay Area
9qbfw1,Rest of Bay Area
9qbfw2,Rest of Bay Area
9qbfw3,Rest of Bay Area
9qbfw4,Rest of Bay Area
9qbfw5,Rest of Bay Area
9qbfw6,Rest of Bay Area
9qbfw7,Rest of Bay Area
9qbfw8,Rest of Bay Area
9qbfw9,Rest of Bay Area
9qbfwb,Rest of Bay Area
9qbfwc,Rest of Bay Area
9qbfwd,Rest of Bay Area
9qbfwe,Rest of Bay Area
9qbfwf,Rest of Bay Area
9qbfwg,Rest of Bay Area
9qbfwh,Rest of Bay Area
9qbfwj,Rest of Bay Area
9qbfwk,Rest of Bay Area
9qbfwm,Rest of Bay Area
9qbfwn,Rest of Bay Area
9qbfwp,Rest of Bay Area
9qbfwq,Rest of Bay Area
9qbfwr,Rest of Bay Area
9qbfws,Rest of Bay Area
9qbfwt,Rest of Bay Area
9qbfwu,Rest of Bay Area
9qbfwv,Rest of Bay Area
9qbfww,Rest of Bay Area
9qbfwx,Rest of Bay Area
9qbfwy,Rest of Bay Area
9qbfwz,Rest of Bay Area
9qbfx0,Rest of Bay Area
9qbfx1,Rest of Bay Area
9qbfx2,Rest of Bay Area
9qbfx3,Rest of Bay Area
9qbfx4,Rest of Bay Area
9qbfx5,Rest of Bay Area
9qbfx6,Rest of Bay Area
9qbfx7,Rest of Bay Area
9qbfx8,Rest of Bay Area
9qbfx9,Rest of Bay Area
9qbfxb,Rest of Bay Area
9qbfxc,Rest of Bay Area
9qbfxd,Rest of Bay Area
9qbfxe,Rest of Bay Area
9qbfxf,Rest of Bay Area
9qbfxg,Rest of Bay Area
9qbfxh,Rest of Bay Area
9qbfxj,Rest of Bay Area
9qbfxk,Rest of Bay Area
9qbfxm,Rest of Bay Area
9qbfxn,Rest of Bay Area
9qbfxp,Rest of Bay Area
9qbfxq,Rest of Bay Area
9qbfxr,Rest of Bay Area
9qbfxs,Rest of Bay Area
9qbfxt,Rest of Bay Area
9qbfxu,Rest of Bay Area
9qbfxv,Rest of Bay Area
9qbfxw,Rest of Bay Area
9qbfxx,Rest of Bay Area
9qbfxy,Rest of Bay Area
9qbfxz,Rest of Bay Area
9qbfy0,Rest of Bay Area
9qbfy1,Rest of Bay Area
9qbfy2,Rest of Bay Area
9qbfy3,Rest of Bay Area
9qbfy4,Rest of Bay Area
9qbfy5,Rest of Bay Area
9qbfy6,Rest of Bay Area
9qbfy7,Rest of Bay Area
9qbfy8,Rest of Bay Area
9qbfy9,Rest of Bay Area
9qbfyb,Rest of Bay Area
9qbfyc,Rest of Bay Area
9qbfyd,Rest of Bay Area
9qbfye,Rest of Bay Area
9qbfyf,Rest of Bay Area
9qbfyg,Rest of Bay Area
9qbfyh,Rest of Bay Area
9qbfyj,Rest of Bay Area
9qbfyk,Rest of Bay Area
9qbfym,Rest of Bay Area
9qbfyn,Rest of Bay Area
9qbfyp,Rest of Bay Area
9qbfyq,Rest of Bay Area
9qbfyr,Rest of Bay Area
9qbfys,Rest of Bay Area
9qbfyt,Rest of Bay Area
9qbfyu,Rest of Bay Area
9qbfyv,Rest of Bay Area
9qbfyw,Rest of Bay Area
9qbfyx,Rest of Bay Area
9qbfyy,Rest of Bay Area
9qbfyz,Rest of Bay Area
9qbfz0,Rest of Bay Area
9qbfz1,Rest of Bay Area
9qbfz2,Rest of Bay Area
9qbfz3,Rest of Bay Area
9qbfz4,Rest of Bay Area
9qbfz5,Rest of Bay Area
9qbfz6,Rest of Bay Area
9qbfz7,Rest of Bay Area
9qbfz8,Rest of Bay Area
9qbfz9,Rest of Bay Area
9qbfzb,Rest of Bay Area
9qbfzc,Rest of Bay Area
9qbfzd,Rest of Bay Area
9qbfze,Rest of Bay Area
9qbfzf,Rest of Bay Area
9qbfzg,Rest of Bay Area
9qbfzh,Rest of Bay Area
9qbfzj,Rest of Bay Area
9qbfzk,Rest of Bay Area
9qbfzm,Rest of Bay Area
9qbfzn,Rest of Bay Area
9qbfzp,Rest of Bay Area
9qbfzq,Rest of Bay Area
9qbfzr,Rest of Bay Area
9qbfzs,Rest of Bay Area
9qbfzt,Rest of Bay Area
9qbfzu,Rest of Bay Area
9qbfzv,Rest of Bay Area
9qbfzw,Rest of Bay Area
9qbfzx,Rest of Bay Area
9qbfzy,Rest of Bay Area
9qbfzz,Rest of Bay Area
9qbg00,Rest of Bay Area
9qbg01,Rest of Bay Area
9qbg02,Rest of Bay Area
9qbg03,Rest of Bay Area
9qbg04,Rest of Bay Area
9qbg05,Rest of Bay Area
9qbg06,Rest of Bay Area
9qbg07,Rest of Bay Area
9qbg08,Rest of Bay Area
9qbg09,Rest of Bay Area
9qbg0b,Rest of Bay Area
9qbg0c,Rest of Bay Area
9qbg0d,Rest of Bay Area
9qbg0e,Rest of Bay Area
9qbg0f,Rest of Bay Area
9qbg0g,Rest of Bay Area
9qbg0h,Rest of Bay Area
9qbg0j,Rest of Bay Area
9qbg0k,Rest of Bay Area
9qbg0m,Rest of Bay Area
9qbg0n,Rest of Bay Area
9qbg0p,Rest of Bay Area
9qbg0q,Rest of Bay Area
9qbg0r,Rest of Bay Area
9qbg0s,Rest of Bay Area
9qbg0t,Rest of Bay Area
9qbg0u,Rest of Bay Area
9qbg0v,Rest of Bay Area
9qbg0w,Rest of Bay Area
9qbg0x,Rest of Bay Area
9qbg0y,Rest of Bay Area
9qbg0z,Rest of Bay Area
9qbg10,Rest of Bay Area
9qbg11,Rest of Bay Area
9qbg12,Rest of Bay Area
9qbg13,Rest of Bay Area
9qbg14,Rest of Bay Area
9qbg15,Rest of Bay Area
9qbg16,Rest of Bay Area
9qbg17,Rest of Bay Area
9qbg18,Rest of Bay Area
9qbg19,Rest of Bay Area
9qbg1b,Rest of Bay Area
9qbg1c,Rest of Bay Area
9qbg1d,Rest of Bay Area
9qbg1e,Rest of Bay Area
9qbg1f,Rest of Bay Area
9qbg1g,Rest of Bay Area
9qbg1h,Rest of Bay Area
9qbg1j,Rest of Bay Area
9qbg1k,Rest of Bay Area
9qbg1m,Rest of Bay Area
9qbg1n,Rest of Bay Area
9qbg1p,Rest of Bay Area
9qbg1q,Rest of Bay Area
9qbg1r,Rest of Bay Area
9qbg1s,Rest of Bay Area
9qbg1t,Rest of Bay Area
9qbg1u,Rest of Bay Area
9qbg1v,Rest of Bay Area
9qbg1w,Rest of Bay Area
9qbg1x,Rest of Bay Area
9qbg1y,Rest of Bay Area
9qbg1z,Rest of Bay Area
9qbg20,Rest of Bay Area
9qbg21,Rest of Bay Area
9qbg22,Rest of Bay Area
9qbg23,Rest of Bay Area
9qbg24,Rest of Bay Area
9qbg25,Rest of Bay Area
9qbg26,Rest of Bay Area
9qbg27,Rest of Bay Area
9qbg28,Rest of Bay Area
9qbg29,Rest of Bay Area
9qbg2b,Rest of Bay Area
9qbg2c,Rest of Bay Area
9qbg2d,Rest of Bay Area
9qbg2e,Rest of Bay Area
9qbg2f,Rest of Bay Area
9qbg2g,Rest of Bay Area
9qbg2h,Rest of Bay Area
9qbg2j,Rest of Bay Area
9qbg2k,Rest of Bay Area
9qbg2m,Rest of Bay Area
9qbg2n,Rest of Bay Area
9qbg2p,Rest of Bay Area
9qbg2q,Rest of Bay Area
9qbg2r,Rest of Bay Area
9qbg2s,Rest of Bay Area
9qbg2t,Rest of Bay Area
9qbg2u,Rest of Bay Area
9qbg2v,Rest of Bay Area
9qbg2w,Rest of Bay Area
9qbg2x,Rest of Bay Area
9qbg2y,Rest of Bay Area
9qbg2z,Rest of Bay Area
9qbg30,Rest of Bay Area
9qbg31,Rest of Bay Area
9qbg32,Rest of Bay Area
9qbg33,Rest of Bay Area
9qbg34,Rest of Bay Area
9qbg35,Rest of Bay Area
9qbg36,Rest of Bay Area
9qbg37,Rest of Bay Area
9qbg38,Rest of Bay Area
9qbg39,Rest of Bay Area
9qbg3b,Rest of Bay Area
9qbg3c,Rest of Bay Area
9qbg3d,Rest of Bay Area
9qbg3e,Rest of Bay Area
9qbg3f,Rest of Bay Area
9qbg3g,Rest of Bay Area
9qbg3h,Rest of Bay Area
9qbg3j,Rest of Bay Area
9qbg3k,Rest of Bay Area
9qbg3m,Rest of Bay Area
9qbg3n,Rest of Bay Area
9qbg3p,Rest of Bay Area
9qbg3q,Rest of Bay Area
9qbg3r,Rest of Bay Area
9qbg3s,Rest of Bay Area
9qbg3t,Rest of Bay Area
9qbg3u,Rest of Bay Area
9qbg3v,Rest of Bay Area
9qbg3w,Rest of Bay Area
9qbg3x,Rest of Bay Area
9qbg3y,Rest of Bay Area
9qbg3z,Rest of Bay Area
9qbg40,Rest of Bay Area
9qbg41,Rest of Bay Area
9qbg42,Rest of Bay Area
9qbg43,Rest of Bay Area
9qbg44,Rest of Bay Area
9qbg45,Rest of Bay Area
9qbg46,Rest of Bay Area
9qbg47,Rest of Bay Area
9qbg48,Rest of Bay Area
9qbg49,Rest of Bay Area
9qbg4b,Rest of Bay Area
9qbg4c,Rest of Bay Area
9qbg4d,Rest of Bay Area
9qbg4e,Rest of Bay Area
9qbg4f,Rest of Bay Area
9qbg4g,Rest of Bay Area
9qbg4h,Rest of Bay Area
9qbg4j,Rest of Bay Area
9qbg4k,Rest of Bay Area
9qbg4m,Rest of Bay Area
9qbg4n,Rest of Bay Area
9qbg4p,Rest of Bay Area
9qbg4q,Rest of Bay Area
9qbg4r,Rest of Bay Area
9qbg4s,Rest of Bay Area
9qbg4t,Rest of Bay Area
9qbg4u,Rest of Bay Area
9qbg4v,Rest of Bay Area
9qbg4w,Rest of Bay Area
9qbg4x,Rest of Bay Area
9qbg4y,Rest of Bay Area
9qbg4z,Rest of Bay Area
9qbg50,Rest of Bay Area
9qbg51,Rest of Bay Area
9qbg52,Rest of Bay Area
9qbg53,Rest of Bay Area
9qbg54,Rest of Bay Area
9qbg55,Rest of Bay Area
9qbg56,Rest of Bay Area
9qbg57,Rest of Bay Area
9qbg58,Rest of Bay Area
9qbg59,Rest of Bay Area
9qbg5b,Rest of Bay Area
9qbg5c,Rest of Bay Area
9qbg5d,Rest of Bay Area
9qbg5e,Rest of Bay Area
9qbg5f,Rest of Bay Area
9qbg5g,Rest of Bay Area
9qbg5h,Rest of Bay Area
9qbg5j,Rest of Bay Area
9qbg5k,Rest of Bay Area
9qbg5m,Rest of Bay Area
9qbg5n,Rest of Bay Area
9qbg5p,Rest of Bay Area
9qbg5q,Rest of Bay Area
9qbg5r,Rest of Bay Area
9qbg5s,Rest of Bay Area
9qbg5t,Rest of Bay Area
9qbg5u,Rest of Bay Area
9qbg5v,Rest of Bay Area
9qbg5w,Rest of Bay Area
9qbg5x,Rest of Bay Area
9qbg5y,Rest of Bay Area
9qbg5z,Rest of Bay Area
9qbg60,Rest of Bay Area
9qbg61,Rest of Bay Area
9qbg62,Rest of Bay Area
9qbg63,Rest of Bay Area
9qbg64,Rest of Bay Area
9qbg65,Rest of Bay Area
9qbg66,Rest of Bay Area
9qbg67,Rest of Bay Area
9qbg68,Rest of Bay Area
9qbg69,Rest of Bay Area
9qbg6b,Rest of Bay Area
9qbg6c,Rest of Bay Area
9qbg6d,Rest of Bay Area
9qbg6e,Rest of Bay Area
9qbg6f,Rest of Bay Area
9qbg6g,Rest of Bay Area
9qbg6h,Rest of Bay Area
9qbg6j,Rest of Bay Area
9qbg6k,Rest of Bay Area
9qbg6m,Rest of Bay Area
9qbg6n,Rest of Bay Area
9qbg6p,Rest of Bay Area
9qbg6q,Rest of Bay Area
9qbg6r,Rest of Bay Area
9qbg6s,Rest of Bay Area
9qbg6t,Rest of Bay Area
9qbg6u,Rest of Bay Area
9qbg6v,Rest of Bay Area
9qbg6w,Rest of Bay Area
9qbg6x,Rest of Bay Area
9qbg6y,Rest of Bay Area
9qbg6z,Rest of Bay Area
9qbg70,Rest of Bay Area
9qbg71,Rest of Bay Area
9qbg72,Rest of Bay Area
9qbg73,Rest of Bay Area
9qbg74,Rest of Bay Area
9qbg75,Rest of Bay Area
9qbg76,Rest of Bay Area
9qbg77,Rest of Bay Area
9qbg78,Rest of Bay Area
9qbg79,Rest of Bay Area
9qbg7b,Rest of Bay Area
9qbg7c,Rest of Bay Area
9qbg7d,Rest of Bay Area
9qbg7e,Rest of Bay Area
9qbg7f,Rest of Bay Area
9qbg7g,Rest of Bay Area
9qbg7h,Rest of Bay Area
9qbg7j,Rest of Bay Area
9qbg7k,Rest of Bay Area
9qbg7m,Rest of Bay Area
9qbg7n,Rest of Bay Area
9qbg7p,Rest of Bay Area
9qbg7q,Rest of Bay Area
9qbg7r,Rest of Bay Area
9qbg7s,Rest of Bay Area
9qbg7t,Rest of Bay Area
9qbg7u,Rest of Bay Area
9qbg7v,Rest of Bay Area
9qbg7w,Rest of Bay Area
9qbg7x,Rest of Bay Area
9qbg7y,Rest of Bay Area
9qbg7z,Rest of Bay Area
9qbg80,Rest of Bay Area
9qbg81,Rest of Bay Area
9qbg82,Rest of Bay Area
9qbg83,Rest of Bay Area
9qbg84,Rest of Bay Area
9qbg85,Rest of Bay Area
9qbg86,Rest of Bay Area
9qbg87,Rest of Bay Area
9qbg88,Rest of Bay Area
9qbg89,Rest of Bay Area
9qbg8b,Rest of Bay Area
9qbg8c,Rest of Bay Area
9qbg8d,Rest of Bay Area
9qbg8e,Rest of Bay Area
9qbg8f,Rest of Bay Area
9qbg8g,Rest of Bay Area
9qbg8h,Rest of Bay Area
9qbg8j,Rest of Bay Area
9qbg8k,Rest of Bay Area
9qbg8m,Rest of Bay Area
9qbg8n,Rest of Bay Area
9qbg8p,Rest of Bay Area
9qbg8q,Rest of Bay Area
9qbg8r,Rest of Bay Area
9qbg8s,Rest of Bay Area
9qbg8t,Rest of Bay Area
9qbg8u,Rest of Bay Area
9qbg8v,Rest of Bay Area
9qbg8w,Rest of Bay Area
9qbg8x,Rest of Bay Area
9qbg8y,Rest of Bay Area
9qbg8z,Rest of Bay Area
9qbg90,Rest of Bay Area
9qbg91,Rest of Bay Area
9qbg92,Rest of Bay Area
9qbg93,Rest of Bay Area
9qbg94,Rest of Bay Area
9qbg95,Rest of Bay Area
9qbg96,Rest of Bay Area
9qbg97,Rest of Bay Area
9qbg98,Rest of Bay Area
9qbg99,Rest of Bay Area
9qbg9b,Rest of Bay Area
9qbg9c,Rest of Bay Area
9qbg9d,Rest of Bay Area
9qbg9e,Rest of Bay Area
9qbg9f,Rest of Bay Area
9qbg9g,Rest of Bay Area
9qbg9h,Rest of Bay Area
9qbg9j,Rest of Bay Area
9qbg9k,Rest of Bay Area
9qbg9m,Rest of Bay Area
9qbg9n,Rest of Bay Area
9qbg9p,Rest of Bay Area
9qbg9q,Rest of Bay Area
9qbg9r,Rest of Bay Area
9qbg9s,Rest of Bay Area
9qbg9t,Rest of Bay Area
9qbg9u,Rest of Bay Area
9qbg9v,Rest of Bay Area
9qbg9w,Rest of Bay Area
9qbg9x,Rest of Bay Area
9qbg9y,Rest of Bay Area
9qbg9z,Rest of Bay Area
9qbgb0,Rest of Bay Area
9qbgb1,Rest of Bay Area
9qbgb2,Rest of Bay Area
9qbgb3,Rest of Bay Area
9qbgb4,Rest of Bay Area
9qbgb5,Rest of Bay Area
9qbgb6,Rest of Bay Area
9qbgb7,Rest of Bay Area
9qbgb8,Rest of Bay Area
9qbgb9,Rest of Bay Area
9qbgbb,Rest of Bay Area
9qbgbc,Rest of Bay Area
9qbgbd,Rest of Bay Area
9qbgbe,Rest of Bay Area
9qbgbf,Rest of Bay Area
9qbgbg,Rest of Bay Area
9qbgbh,Rest of Bay Area
9qbgbj,Rest of Bay Area
9qbgbk,Rest of Bay Area
9qbgbm,Rest of Bay Area
9qbgbn,Rest of Bay Area
9qbgbp,Rest of Bay Area
9qbgbq,Rest of Bay Area
9qbgbr,Rest of Bay Area
9qbgbs,Rest of Bay Area
9qbgbt,Rest of Bay Area
9qbgbu,Rest of Bay Area
9qbgbv,Rest of Bay Area
9qbgbw,Rest of Bay Area
9qbgbx,Rest of Bay Area
9qbgby,Rest of Bay Area
9qbgbz,Rest of Bay Area
9qbgc0,Rest of Bay Area
9qbgc1,Rest of Bay Area
9qbgc2,Rest of Bay Area
9qbgc3,Rest of Bay Area
9qbgc4,Rest of Bay Area
9qbgc5,Rest of Bay Area
9qbgc6,Rest of Bay Area
9qbgc7,Rest of Bay Area
9qbgc8,Rest of Bay Area
9qbgc9,Rest of Bay Area
9qbgcb,Rest of Bay Area
9qbgcc,Rest of Bay Area
9qbgcd,Rest of Bay Area
9qbgce,Rest of Bay Area
9qbgcf,Rest of Bay Area
9qbgcg,Rest of Bay Area
9qbgch,Rest of Bay Area
9qbgcj,Rest of Bay Area
9qbgck,Rest of Bay Area
9qbgcm,Rest of Bay Area
9qbgcn,Rest of Bay Area
9qbgcp,Rest of Bay Area
9qbgcq,Rest of Bay Area
9qbgcr,Rest of Bay Area
9qbgcs,Rest of Bay Area
9qbgct,Rest of Bay Area
9qbgcu,Rest of Bay Area
9qbgcv,Rest of Bay Area
9qbgcw,Rest of Bay Area
9qbgcx,Rest of Bay Area
9qbgcy,Rest of Bay Area
9qbgcz,Rest of Bay Area
9qbgd0,Rest of Bay Area
9qbgd1,Rest of Bay Area
9qbgd2,Rest of Bay Area
9qbgd3,Rest of Bay Area
9qbgd4,Rest of Bay Area
9qbgd5,Rest of Bay Area
9qbgd6,Rest of Bay Area
9qbgd7,Rest of Bay Area
9qbgd8,Rest of Bay Area
9qbgd9,Rest of Bay Area
9qbgdb,Rest of Bay Area
9qbgdc,Rest of Bay Area
9qbgdd,Rest of Bay Area
9qbgde,Rest of Bay Area
9qbgdf,Rest of Bay Area
9qbgdg,Rest of Bay Area
9qbgdh,Rest of Bay Area
9qbgdj,Rest of Bay Area
9qbgdk,Rest of Bay Area
9qbgdm,Rest of Bay Area
9qbgdn,Rest of Bay Area
9qbgdp,Rest of Bay Area
9qbgdq,Rest of Bay Area
9qbgdr,Rest of Bay Area
9qbgds,Rest of Bay Area
9qbgdt,Rest of Bay Area
9qbgdu,Rest of Bay Area
9qbgdv,Rest of Bay Area
9qbgdw,Rest of Bay Area
9qbgdx,Rest of Bay Area
9qbgdy,Rest of Bay Area
9qbgdz,Rest of Bay Area
9qbge0,Rest of Bay Area
9qbge1,Rest of Bay Area
9qbge2,Rest of Bay Area
9qbge3,Rest of Bay Area
9qbge4,Rest of Bay Area
9qbge5,Rest of Bay Area
9qbge6,Rest of Bay Area
9qbge7,Rest of Bay Area
9qbge8,Rest of Bay Area
9qbge9,Rest of Bay Area
9qbgeb,Rest of Bay Area
9qbgec,Rest of Bay Area
9qbged,Rest of Bay Area
9qbgee,Rest of Bay Area
9qbgef,Rest of Bay Area
9qbgeg,Rest of Bay Area
9qbgeh,Rest of Bay Area
9qbgej,Rest of Bay Area
9qbgek,Rest of Bay Area
9qbgem,Rest of Bay Area
9qbgen,Rest of Bay Area
9qbgep,Rest of Bay Area
9qbgeq,Rest of Bay Area
9qbger,Rest of Bay Area
9qbges,Rest of Bay Area
9qbget,Rest of Bay Area
9qbgeu,Rest of Bay Area
9qbgev,Rest of Bay Area
9qbgew,Rest of Bay Area
9qbgex,Rest of Bay Area
9qbgey,Rest of Bay Area
9qbgez,Rest of Bay Area
9qbgf0,Rest of Bay Area
9qbgf1,Rest of Bay Area
9qbgf2,Rest of Bay Area
9qbgf3,Rest of Bay Area
9qbgf4,Rest of Bay Area
9qbgf5,Rest of Bay Area
9qbgf6,Rest of Bay Area
9qbgf7,Rest of Bay Area
9qbgf8,Rest of Bay Area
9qbgf9,Rest of Bay Area
9qbgfb,Rest of Bay Area
9qbgfc,Rest of Bay Area
9qbgfd,Rest of Bay Area
9qbgfe,Rest of Bay Area
9qbgff,Rest of Bay Area
9qbgfg,Rest of Bay Area
9qbgfh,Rest of Bay Area
9qbgfj,Rest of Bay Area
9qbgfk,Rest of Bay Area
9qbgfm,Rest of Bay Area
9qbgfn,Rest of Bay Area
9qbgfp,Rest of Bay Area
9qbgfq,Rest of Bay Area
9qbgfr,Rest of Bay Area
9qbgfs,Rest of Bay Area
9qbgft,Rest of Bay Area
9qbgfu,Rest of Bay Area
9qbgfv,Rest of Bay Area
9qbgfw,Rest of Bay Area
9qbgfx,Rest of Bay Area
9qbgfy,Rest of Bay Area
9qbgfz,Rest of Bay Area
9qbgg0,Rest of Bay Area
9qbgg1,Rest of Bay Area
9qbgg2,Rest of Bay Area
9qbgg3,Rest of Bay Area
9qbgg4,Rest of Bay Area
9qbgg5,Rest of Bay Area
9qbgg6,Rest of Bay Area
9qbgg7,Rest of Bay Area
9qbgg8,Rest of Bay Area
9qbgg9,Rest of Bay Area
9qbggb,Rest of Bay Area
9qbggc,Rest of Bay Area
9qbggd,Rest of Bay Area
9qbgge,Rest of Bay Area
9qbggf,Rest of Bay Area
9qbggg,Rest of Bay Area
9qbggh,Rest of Bay Area
9qbggj,Rest of Bay Area
9qbggk,Rest of Bay Area
9qbggm,Rest of Bay Area
9qbggn,Rest of Bay Area
9qbggp,Rest of Bay Area
9qbggq,Rest of Bay Area
9qbggr,Rest of Bay Area
9qbggs,Rest of Bay Area
9qbggt,Rest of Bay Area
9qbggu,Rest of Bay Area
9qbggv,Rest of Bay Area
9qbggw,Rest of Bay Area
9qbggx,Rest of Bay Area
9qbggy,Rest of Bay Area
9qbggz,Rest of Bay Area
9qbgh0,Rest of Bay Area
9qbgh1,Rest of Bay Area
9qbgh2,Rest of Bay Area
9qbgh3,Rest of Bay Area
9qbgh4,Rest of Bay Area
9qbgh5,Rest of Bay Area
9qbgh6,Rest of Bay Area
9qbgh7,Rest of Bay Area
9qbgh8,Rest of Bay Area
9qbgh9,Rest of Bay Area
9qbghb,Rest of Bay Area
9qbghc,Rest of Bay Area
9qbghd,Rest of Bay Area
9qbghe,Rest of Bay Area
9qbghf,Rest of Bay Area
9qbghg,Rest of Bay Area
9qbghh,Rest of Bay Area
9qbghj,Rest of Bay Area
9qbghk,Rest of Bay Area
9qbghm,Rest of Bay Area
9qbghn,Rest of Bay Area
9qbghp,Rest of Bay Area
9qbghq,Rest of Bay Area
9qbghr,Rest of Bay Area
9qbghs,Rest of Bay Area
9qbght,Rest of Bay Area
9qbghu,Rest of Bay Area
9qbghv,Rest of Bay Area
9qbghw,Rest of Bay Area
9qbghx,Rest of Bay Area
9qbghy,Rest of Bay Area
9qbghz,Rest of Bay Area
9qbgj0,Rest of Bay Area
9qbgj1,Rest of Bay Area
9qbgj2,Rest of Bay Area
9qbgj3,Rest of Bay Area
9qbgj4,Rest of Bay Area
9qbgj5,Rest of Bay Area
9qbgj6,Rest of Bay Area
9qbgj7,Rest of Bay Area
9qbgj8,Rest of Bay Area
9qbgj9,Rest of Bay Area
9qbgjb,Rest of Bay Area
9qbgjc,Rest of Bay Area
9qbgjd,Rest of Bay Area
9qbgje,Rest of Bay Area
9qbgjf,Rest of Bay Area
9qbgjg,Rest of Bay Area
9qbgjh,Rest of Bay Area
9qbgjj,Rest of Bay Area
9qbgjk,Rest of Bay Area
9qbgjm,Rest of Bay Area
9qbgjn,Rest of Bay Area
9qbgjp,Rest of Bay Area
9qbgjq,Rest of Bay Area
9qbgjr,Rest of Bay Area
9qbgjs,Rest of Bay Area
9qbgjt,Rest of Bay Area
9qbgju,Rest of Bay Area
9qbgjv,Rest of Bay Area
9qbgjw,Rest of Bay Area
9qbgjx,Rest of Bay Area
9qbgjy,Rest of Bay Area
9qbgjz,Rest of Bay Area
9qbgk0,Rest of Bay Area
9qbgk1,Rest of Bay Area
9qbgk2,Rest of Bay Area
9qbgk3,Rest of Bay Area
9qbgk4,Rest of Bay Area
9qbgk5,Rest of Bay Area
9qbgk6,Rest of Bay Area
9qbgk7,Rest of Bay Area
9qbgk8,Rest of Bay Area
9qbgk9,Rest of Bay Area
9qbgkb,Rest of Bay Area
9qbgkc,Rest of Bay Area
9qbgkd,Rest of Bay Area
9qbgke,Rest of Bay Area
9qbgkf,Rest of Bay Area
9qbgkg,Rest of Bay Area
9qbgkh,Rest of Bay Area
9qbgkj,Rest of Bay Area
9qbgkk,Rest of Bay Area
9qbgkm,Rest of Bay Area
9qbgkn,Rest of Bay Area
9qbgkp,Rest of Bay Area
9qbgkq,Rest of Bay Area
9qbgkr,Rest of Bay Area
9qbgks,Rest of Bay Area
9qbgkt,Rest of Bay Area
9qbgku,Rest of Bay Area
9qbgkv,Rest of Bay Area
9qbgkw,Rest of Bay Area
9qbgkx,Rest of Bay Area
9qbgky,Rest of Bay Area
9qbgkz,Rest of Bay Area
9qbgm0,Rest of Bay Area
9qbgm1,Rest of Bay Area
9qbgm2,Rest of Bay Area
9qbgm3,Rest of Bay Area
9qbgm4,Rest of Bay Area
9qbgm5,Rest of Bay Area
9qbgm6,Rest of Bay Area
9qbgm7,Rest of Bay Area
9qbgm8,Rest of Bay Area
9qbgm9,Rest of Bay Area
9qbgmb,Rest of Bay Area
9qbgmc,Rest of Bay Area
9qbgmd,Rest of Bay Area
9qbgme,Rest of Bay Area
9qbgmf,Rest of Bay Area
9qbgmg,Rest of Bay Area
9qbgmh,Rest of Bay Area
9qbgmj,Rest of Bay Area
9qbgmk,Rest of Bay Area
9qbgmm,Rest of Bay Area
9qbgmn,Rest of Bay Area
9qbgmp,Rest of Bay Area
9qbgmq,Rest of Bay Area
9qbgmr,Rest of Bay Area
9qbgms,Rest of Bay Area
9qbgmt,Rest of Bay Area
9qbgmu,Rest of Bay Area
9qbgmv,Rest of Bay Area
9qbgmw,Rest of Bay Area
9qbgmx,Rest of Bay Area
9qbgmy,Rest of Bay Area
9qbgmz,Rest of Bay Area
9qbgn0,Rest of Bay Area
9qbgn1,Rest of Bay Area
9qbgn2,Rest of Bay Area
9qbgn3,Rest of Bay Area
9qbgn4,Rest of Bay Area
9qbgn5,Rest of Bay Area
9qbgn6,Rest of Bay Area
9qbgn7,Rest of Bay Area
9qbgn8,Rest of Bay Area
9qbgn9,Rest of Bay Area
9qbgnb,Rest of Bay Area
9qbgnc,Rest of Bay Area
9qbgnd,Rest of Bay Area
9qbgne,Rest of Bay Area
9qbgnf,Rest of Bay Area
9qbgng,Rest of Bay Area
9qbgnh,Rest of Bay Area
9qbgnj,Rest of Bay Area
9qbgnk,Rest of Bay Area
9qbgnm,Rest of Bay Area
9qbgnn,Rest of Bay Area
9qbgnp,Rest of Bay Area
9qbgnq,Rest of Bay Area
9qbgnr,Rest of Bay Area
9qbgns,Rest of Bay Area
9qbgnt,Rest of Bay Area
9qbgnu,Rest of Bay Area
9qbgnv,Rest of Bay Area
9qbgnw,Rest of Bay Area
9qbgnx,Rest of Bay Area
9qbgny,Rest of Bay Area
9qbgnz,Rest of Bay Area
9qbgp0,Rest of Bay Area
9qbgp1,Rest of Bay Area
9qbgp2,Rest of Bay Area
9qbgp3,Rest of Bay Area
9qbgp4,Rest of Bay Area
9qbgp5,Rest of Bay Area
9qbgp6,Rest of Bay Area
9qbgp7,Rest of Bay Area
9qbgp8,Rest of Bay Area
9qbgp9,Rest of Bay Area
9qbgpb,Rest of Bay Area
9qbgpc,Rest of Bay Area
9qbgpd,Rest of Bay Area
9qbgpe,Rest of Bay Area
9qbgpf,Rest of Bay Area
9qbgpg,Rest of Bay Area
9qbgph,Rest of Bay Area
9qbgpj,Rest of Bay Area
9qbgpk,Rest of Bay Area
9qbgpm,Rest of Bay Area
9qbgpn,Rest of Bay Area
9qbgpp,Rest of Bay Area
9qbgpq,Rest of Bay Area
9qbgpr,Rest of Bay Area
9qbgps,Rest of Bay Area
9qbgpt,Rest of Bay Area
9qbgpu,Rest of Bay Area
9qbgpv,Rest of Bay Area
9qbgpw,Rest of Bay Area
9qbgpx,Rest of Bay Area
9qbgpy,Rest of Bay Area
9qbgpz,Rest of Bay Area
9qbgq0,Rest of Bay Area
9qbgq1,Rest of Bay Area
9qbgq2,Rest of Bay Area
9qbgq3,Rest of Bay Area
9qbgq4,Rest of Bay Area
9qbgq5,Rest of Bay Area
9qbgq6,Rest of Bay Area
9qbgq7,Rest of Bay Area
9qbgq8,Rest of Bay Area
9qbgq9,Rest of Bay Area
9qbgqb,Rest of Bay Area
9qbgqc,Rest of Bay Area
9qbgqd,Rest of Bay Area
9qbgqe,Rest of Bay Area
9qbgqf,Rest of Bay Area
9qbgqg,Rest of Bay Area
9qbgqh,Rest of Bay Area
9qbgqj,Rest of Bay Area
9qbgqk,Rest of Bay Area
9qbgqm,Rest of Bay Area
9qbgqn,Rest of Bay Area
9qbgqp,Rest of Bay Area
9qbgqq,Rest of Bay Area
9qbgqr,Rest of Bay Area
9qbgqs,Rest of Bay Area
9qbgqt,Rest of Bay Area
9qbgqu,Rest of Bay Area
9qbgqv,Rest of Bay Area
9qbgqw,Rest of Bay Area
9qbgqx,Rest of Bay Area
9qbgqy,Rest of Bay Area
9qbgqz,Rest of Bay Area
9qbgr0,Rest of Bay Area
9qbgr1,Rest of Bay Area
9qbgr2,Rest of Bay Area
9qbgr3,Rest of Bay Area
9qbgr4,Rest of Bay Area
9qbgr5,Rest of Bay Area
9qbgr6,Rest of Bay Area
9qbgr7,Rest of Bay Area
9qbgr8,Rest of Bay Area
9qbgr9,Rest of Bay Area
9qbgrb,Rest of Bay Area
9qbgrc,Rest of Bay Area
9qbgrd,Rest of Bay Area
9qbgre,Rest of Bay Area
9qbgrf,Rest of Bay Area
9qbgrg,Rest of Bay Area
9qbgrh,Rest of Bay Area
9qbgrj,Rest of Bay Area
9qbgrk,Rest of Bay Area
9qbgrm,Rest of Bay Area
9qbgrn,Rest of Bay Area
9qbgrp,Rest of Bay Area
9qbgrq,Rest of Bay Area
9qbgrr,Rest of Bay Area
9qbgrs,Rest of Bay Area
9qbgrt,Rest of Bay Area
9qbgru,Rest of Bay Area
9qbgrv,Rest of Bay Area
9qbgrw,Rest of Bay Area
9qbgrx,Rest of Bay Area
9qbgry,Rest of Bay Area
9qbgrz,Rest of Bay Area
9qbgs0,Rest of Bay Area
9qbgs1,Rest of Bay Area
9qbgs2,Rest of Bay Area
9qbgs3,Rest of Bay Area
9qbgs4,Rest of Bay Area
9qbgs5,Rest of Bay Area
9qbgs6,Rest of Bay Area
9qbgs7,Rest of Bay Area
9qbgs8,Rest of Bay Area
9qbgs9,Rest of Bay Area
9qbgsb,Rest of Bay Area
9qbgsc,Rest of Bay Area
9qbgsd,Rest of Bay Area
9qbgse,Rest of Bay Area
9qbgsf,Rest of Bay Area
9qbgsg,Rest of Bay Area
9qbgsh,Rest of Bay Area
9qbgsj,Rest of Bay Area
9qbgsk,Rest of Bay Area
9qbgsm,Rest of Bay Area
9qbgsn,Rest of Bay Area
9qbgsp,Rest of Bay Area
9qbgsq,Rest of Bay Area
9qbgsr,Rest of Bay Area
9qbgss,Rest of Bay Area
9qbgst,Rest of Bay Area
9qbgsu,Rest of Bay Area
9qbgsv,Rest of Bay Area
9qbgsw,Rest of Bay Area
9qbgsx,Rest of Bay Area
9qbgsy,Rest of Bay Area
9qbgsz,Rest of Bay Area
9qbgt0,Rest of Bay Area
9qbgt1,Rest of Bay Area
9qbgt2,Rest of Bay Area
9qbgt3,Rest of Bay Area
9qbgt4,Rest of Bay Area
9qbgt5,Rest of Bay Area
9qbgt6,Rest of Bay Area
9qbgt7,Rest of Bay Area
9qbgt8,Rest of Bay Area
9qbgt9,Rest of Bay Area
9qbgtb,Rest of Bay Area
9qbgtc,Rest of Bay Area
9qbgtd,Rest of Bay Area
9qbgte,Rest of Bay Area
9qbgtf,Rest of Bay Area
9qbgtg,Rest of Bay Area
9qbgth,Rest of Bay Area
9qbgtj,Rest of Bay Area
9qbgtk,Rest of Bay Area
9qbgtm,Rest of Bay Area
9qbgtn,Rest of Bay Area
9qbgtp,Rest of Bay Area
9qbgtq,Rest of Bay Area
9qbgtr,Rest of Bay Area
9qbgts,Rest of Bay Area
9qbgtt,Rest of Bay Area
9qbgtu,Rest of Bay Area
9qbgtv,Rest of Bay Area
9qbgtw,Rest of Bay Area
9qbgtx,Rest of Bay Area
9qbgty,Rest of Bay Area
9qbgtz,Rest of Bay Area
9qbgu0,Rest of Bay Area
9qbgu1,Rest of Bay Area
9qbgu2,Rest of Bay Area
9qbgu3,Rest of Bay Area
9qbgu4,Rest of Bay Area
9qbgu5,Rest of Bay Area
9qbgu6,Rest of Bay Area
9qbgu7,Rest of Bay Area
9qbgu8,Rest of Bay Area
9qbgu9,Rest of Bay Area
9qbgub,Rest of Bay Area
9qbguc,Rest of Bay Area
9qbgud,Rest of Bay Area
9qbgue,Rest of Bay Area
9qbguf,Rest of Bay Area
9qbgug,Rest of Bay Area
9qbguh,Rest of Bay Area
9qbguj,Rest of Bay Area
9qbguk,Rest of Bay Area
9qbgum,Rest of Bay Area
9qbgun,Rest of Bay Area
9qbgup,Rest of Bay Area
9qbguq,Rest of Bay Area
9qbgur,Rest of Bay Area
9qbgus,Rest of Bay Area
9qbgut,Rest of Bay Area
9qbguu,Rest of Bay Area
9qbguv,Rest of Bay Area
9qbguw,Rest of Bay Area
9qbgux,Rest of Bay Area
9qbguy,Rest of Bay Area
9qbguz,Rest of Bay Area
9qbgv0,Rest of Bay Area
9qbgv1,Rest of Bay Area
9qbgv2,Rest of Bay Area
9qbgv3,Rest of Bay Area
9qbgv4,Rest of Bay Area
9qbgv5,Rest of Bay Area
9qbgv6,Rest of Bay Area
9qbgv7,Rest of Bay Area
9qbgv8,Rest of Bay Area
9qbgv9,Rest of Bay Area
9qbgvb,Rest of Bay Area
9qbgvc,Rest of Bay Area
9qbgvd,Rest of Bay Area
9qbgve,Rest of Bay Area
9qbgvf,Rest of Bay Area
9qbgvg,Rest of Bay Area
9qbgvh,Rest of Bay Area
9qbgvj,Rest of Bay Area
9qbgvk,Rest of Bay Area
9qbgvm,Rest of Bay Area
9qbgvn,Rest of Bay Area
9qbgvp,Rest of Bay Area
9qbgvq,Rest of Bay Area
9qbgvr,Rest of Bay Area
9qbgvs,Rest of Bay Area
9qbgvt,Rest of Bay Area
9qbgvu,Rest of Bay Area
9qbgvv,Rest of Bay Area
9qbgvw,Rest of Bay Area
9qbgvx,Rest of Bay Area
9qbgvy,Rest of Bay Area
9qbgvz,Rest of Bay Area
9qbgw0,Rest of Bay Area
9qbgw1,Rest of Bay Area
9qbgw2,Rest of Bay Area
9qbgw3,Rest of Bay Area
9qbgw4,Rest of Bay Area
9qbgw5,Rest of Bay Area
9qbgw6,Rest of Bay Area
9qbgw7,Rest of Bay Area
9qbgw8,Rest of Bay Area
9qbgw9,Rest of Bay Area
9qbgwb,Rest of Bay Area
9qbgwc,Rest of Bay Area
9qbgwd,Rest of Bay Area
9qbgwe,Rest of Bay Area
9qbgwf,Rest of Bay Area
9qbgwg,Rest of Bay Area
9qbgwh,Rest of Bay Area
9qbgwj,Rest of Bay Area
9qbgwk,Rest of Bay Area
9qbgwm,Rest of Bay Area
9qbgwn,Rest of Bay Area
9qbgwp,Rest of Bay Area
9qbgwq,Rest of Bay Area
9qbgwr,Rest of Bay Area
9qbgws,Rest of Bay Area
9qbgwt,Rest of Bay Area
9qbgwu,Rest of Bay Area
9qbgwv,Rest of Bay Area
9qbgww,Rest of Bay Area
9qbgwx,Rest of Bay Area
9qbgwy,Rest of Bay Area
9qbgwz,Rest of Bay Area
9qbgx0,Rest of Bay Area
9qbgx1,Rest of Bay Area
9qbgx2,Rest of Bay Area
9qbgx3,Rest of Bay Area
9qbgx4,Rest of Bay Area
9qbgx5,Rest of Bay Area
9qbgx6,Rest of Bay Area
9qbgx7,Rest of Bay Area
9qbgx8,Rest of Bay Area
9qbgx9,Rest of Bay Area
9qbgxb,Rest of Bay Area
9qbgxc,Rest of Bay Area
9qbgxd,Rest of Bay Area
9qbgxe,Rest of Bay Area
9qbgxf,Rest of Bay Area
9qbgxg,Rest of Bay Area
9qbgxh,Rest of Bay Area
9qbgxj,Rest of Bay Area
9qbgxk,Rest of Bay Area
9qbgxm,Rest of Bay Area
9qbgxn,Rest of Bay Area
9qbgxp,Rest of Bay Area
9qbgxq,Rest of Bay Area
9qbgxr,Rest of Bay Area
9qbgxs,Rest of Bay Area
9qbgxt,Rest of Bay Area
9qbgxu,Rest of Bay Area
9qbgxv,Rest of Bay Area
9qbgxw,Rest of Bay Area
9qbgxx,Rest of Bay Area
9qbgxy,Rest of Bay Area
9qbgxz,Rest of Bay Area
9qbgy0,Rest of Bay Area
9qbgy1,Rest of Bay Area
9qbgy2,Rest of Bay Area
9qbgy3,Rest of Bay Area
9qbgy4,Rest of Bay Area
9qbgy5,Rest of Bay Area
9qbgy6,Rest of Bay Area
9qbgy7,Rest of Bay Area
9qbgy8,Rest of Bay Area
9qbgy9,Rest of Bay Area
9qbgyb,Rest of Bay Area
9qbgyc,Rest of Bay Area
9qbgyd,Rest of Bay Area
9qbgye,Rest of Bay Area
9qbgyf,Rest of Bay Area
9qbgyg,Rest of Bay Area
9qbgyh,Rest of Bay Area
9qbgyj,Rest of Bay Area
9qbgyk,Rest of Bay Area
9qbgym,Rest of Bay Area
9qbgyn,Rest of Bay Area
9qbgyp,Rest of Bay Area
9qbgyq,Rest of Bay Area
9qbgyr,Rest of Bay Area
9qbgys,Rest of Bay Area
9qbgyt,Rest of Bay Area
9qbgyu,Rest of Bay Area
9qbgyv,Rest of Bay Area
9qbgyw,Rest of Bay Area
9qbgyx,Rest of Bay Area
9qbgyy,Rest of Bay Area
9qbgyz,Rest of Bay Area
9qbgz0,Rest of Bay Area
9qbgz1,Rest of Bay Area
9qbgz2,Rest of Bay Area
9qbgz3,Rest of Bay Area
9qbgz4,Rest of Bay Area
9qbgz5,Rest of Bay Area
9qbgz6,Rest of Bay Area
9qbgz7,Rest of Bay Area
9qbgz8,Rest of Bay Area
9qbgz9,Rest of Bay Area
9qbgzb,Rest of Bay Area
9qbgzc,Rest of Bay Area
9qbgzd,Rest of Bay Area
9qbgze,Rest of Bay Area
9qbgzf,Rest of Bay Area
9qbgzg,Rest of Bay Area
9qbgzh,Rest of Bay Area
9qbgzj,Rest of Bay Area
9qbgzk,Rest of Bay Area
9qbgzm,Rest of Bay Area
9qbgzn,Rest of Bay Area
9qbgzp,Rest of Bay Area
9qbgzq,Rest of Bay Area
9qbgzr,Rest of Bay Area
9qbgzs,Rest of Bay Area
9qbgzt,Rest of Bay Area
9qbgzu,Rest of Bay Area
9qbgzv,Rest of Bay Area
9qbgzw,Rest of Bay Area
9qbgzx,Rest of Bay Area
9qbgzy,Rest of Bay Area
9qbgzz,Rest of Bay Area
9qbhkz,Rest of Bay Area
9qbhme,Rest of Bay Area
9qbhmf,Rest of Bay Area
9qbhmg,Rest of Bay Area
9qbhmj,Rest of Bay Area
9qbhmk,Rest of Bay Area
9qbhmm,Rest of Bay Area
9qbhmn,Rest of Bay Area
9qbhmp,Rest of Bay Area
9qbhmq,Rest of Bay Area
9qbhmr,Rest of Bay Area
9qbhms,Rest of Bay Area
9qbhmt,Rest of Bay Area
9qbhmu,Rest of Bay Area
9qbhmv,Rest of Bay Area
9qbhmw,Rest of Bay Area
9qbhmx,Rest of Bay Area
9qbhmy,Rest of Bay Area
9qbhmz,Rest of Bay Area
9qbhnv,Rest of Bay Area
9qbhnw,Rest of Bay Area
9qbhnx,Rest of Bay Area
9qbhny,Rest of Bay Area
9qbhnz,Rest of Bay Area
9qbhp1,Rest of Bay Area
9qbhp2,Rest of Bay Area
9qbhp3,Rest of Bay Area
9qbhp4,Rest of Bay Area
9qbhp5,Rest of Bay Area
9qbhp6,Rest of Bay Area
9qbhp7,Rest of Bay Area
9qbhp8,Rest of Bay Area
9qbhp9,Rest of Bay Area
9qbhpb,Rest of Bay Area
9qbhpc,Rest of Bay Area
9qbhpd,Rest of Bay Area
9qbhpe,Rest of Bay Area
9qbhpf,Rest of Bay Area
9qbhpg,Rest of Bay Area
9qbhph,Rest of Bay Area
9qbhpj,Rest of Bay Area
9qbhpk,Rest of Bay Area
9qbhpm,Rest of Bay Area
9qbhpn,Rest of Bay Area
9qbhpp,Rest of Bay Area
9qbhpq,Rest of Bay Area
9qbhpr,Rest of Bay Area
9qbhps,Rest of Bay Area
9qbhpt,Rest of Bay Area
9qbhpu,Rest of Bay Area
9qbhpv,Rest of Bay Area
9qbhpw,Rest of Bay Area
9qbhpx,Rest of Bay Area
9qbhpy,Rest of Bay Area
9qbhpz,Rest of Bay Area
9qbhq1,Rest of Bay Area
9qbhq2,Rest of Bay Area
9qbhq3,Rest of Bay Area
9qbhq4,Rest of Bay Area
9qbhq5,Rest of Bay Area
9qbhq6,Rest of Bay Area
9qbhq7,Rest of Bay Area
9qbhq8,Rest of Bay Area
9qbhq9,Rest of Bay Area
9qbhqb,Rest of Bay Area
9qbhqc,Rest of Bay Area
9qbhqd,Rest of Bay Area
9qbhqe,Rest of Bay Area
9qbhqf,Rest of Bay Area
9qbhqg,Rest of Bay Area
9qbhqh,Rest of Bay Area
9qbhqj,Rest of Bay Area
9qbhqk,Rest of Bay Area
9qbhqm,Rest of Bay Area
9qbhqn,Rest of Bay Area
9qbhqp,Rest of Bay Area
9qbhqq,Rest of Bay Area
9qbhqr,Rest of Bay Area
9qbhqs,Rest of Bay Area
9qbhqt,Rest of Bay Area
9qbhqu,Rest of Bay Area
9qbhqv,Rest of Bay Area
9qbhqw,Rest of Bay Area
9qbhqx,Rest of Bay Area
9qbhqy,Rest of Bay Area
9qbhqz,Rest of Bay Area
9qbhr0,Rest of Bay Area
9qbhr1,Rest of Bay Area
9qbhr2,Rest of Bay Area
9qbhr3,Rest of Bay Area
9qbhr4,Rest of Bay Area
9qbhr5,Rest of Bay Area
9qbhr6,Rest of Bay Area
9qbhr7,Rest of Bay Area
9qbhr8,Rest of Bay Area
9qbhr9,Rest of Bay Area
9qbhrb,Rest of Bay Area
9qbhrc,Rest of Bay Area
9qbhrd,Rest of Bay Area
9qbhre,Rest of Bay Area
9qbhrf,Rest of Bay Area
9qbhrg,Rest of Bay Area
9qbhrh,Rest of Bay Area
9qbhrj,Rest of Bay Area
9qbhrk,Rest of Bay Area
9qbhrm,Rest of Bay Area
9qbhrn,Rest of Bay Area
9qbhrp,Rest of Bay Area
9qbhrq,Rest of Bay Area
9qbhrr,Rest of Bay Area
9qbhrs,Rest of Bay Area
9qbhrt,Rest of Bay Area
9qbhru,Rest of Bay Area
9qbhrv,Rest of Bay Area
9qbhrw,Rest of Bay Area
9qbhrx,Rest of Bay Area
9qbhry,Rest of Bay Area
9qbhrz,Rest of Bay Area
9qbhsb,Rest of Bay Area
9qbhsc,Rest of Bay Area
9qbht0,Rest of Bay Area
9qbht1,Rest of Bay Area
9qbht2,Rest of Bay Area
9qbht3,Rest of Bay Area
9qbht8,Rest of Bay Area
9qbht9,Rest of Bay Area
9qbhtb,Rest of Bay Area
9qbhtc,Rest of Bay Area
9qbhtd,Rest of Bay Area
9qbhte,Rest of Bay Area
9qbhtf,Rest of Bay Area
9qbhtg,Rest of Bay Area
9qbhw0,Rest of Bay Area
9qbhw1,Rest of Bay Area
9qbhw2,Rest of Bay Area
9qbhw3,Rest of Bay Area
9qbhw4,Rest of Bay Area
9qbhw5,Rest of Bay Area
9qbhw6,Rest of Bay Area
9qbhw7,Rest of Bay Area
9qbhw8,Rest of Bay Area
9qbhw9,Rest of Bay Area
9qbhwb,Rest of Bay Area
9qbhwc,Rest of Bay Area
9qbhwd,Rest of Bay Area
9qbhwe,Rest of Bay Area
9qbhwf,Rest of Bay Area
9qbhwg,Rest of Bay Area
9qbhx0,Rest of Bay Area
9qbhx1,Rest of Bay Area
9qbhx2,Rest of Bay Area
9qbhx3,Rest of Bay Area
9qbhx4,Rest of Bay Area
9qbhx5,Rest of Bay Area
9qbhx6,Rest of Bay Area
9qbhx7,Rest of Bay Area
9qbhx8,Rest of Bay Area
9qbhx9,Rest of Bay Area
9qbhxb,Rest of Bay Area
9qbhxc,Rest of Bay Area
9qbhxd,Rest of Bay Area
9qbhxe,Rest of Bay Area
9qbhxf,Rest of Bay Area
9qbhxg,Rest of Bay Area
9qbk00,Rest of Bay Area
9qbk01,Rest of Bay Area
9qbk02,Rest of Bay Area
9qbk03,Rest of Bay Area
9qbk04,Rest of Bay Area
9qbk05,Rest of Bay Area
9qbk06,Rest of Bay Area
9qbk07,Rest of Bay Area
9qbk08,Rest of Bay Area
9qbk09,Rest of Bay Area
9qbk0b,Rest of Bay Area
9qbk0c,Rest of Bay Area
9qbk0d,Rest of Bay Area
9qbk0e,Rest of Bay Area
9qbk0f,Rest of Bay Area
9qbk0g,Rest of Bay Area
9qbk0h,Rest of Bay Area
9qbk0j,Rest of Bay Area
9qbk0k,Rest of Bay Area
9qbk0m,Rest of Bay Area
9qbk0n,Rest of Bay Area
9qbk0p,Rest of Bay Area
9qbk0q,Rest of Bay Area
9qbk0r,Rest of Bay Area
9qbk0s,Rest of Bay Area
9qbk0t,Rest of Bay Area
9qbk0u,Rest of Bay Area
9qbk0v,Rest of Bay Area
9qbk0w,Rest of Bay Area
9qbk0x,Rest of Bay Area
9qbk0y,Rest of Bay Area
9qbk0z,Rest of Bay Area
9qbk10,Rest of Bay Area
9qbk11,Rest of Bay Area
9qbk12,Rest of Bay Area
9qbk13,Rest of Bay Area
9qbk14,Rest of Bay Area
9qbk15,Rest of Bay Area
9qbk16,Rest of Bay Area
9qbk17,Rest of Bay Area
9qbk18,Rest of Bay Area
9qbk19,Rest of Bay Area
9qbk1b,Rest of Bay Area
9qbk1c,Rest of Bay Area
9qbk1d,Rest of Bay Area
9qbk1e,Rest of Bay Area
9qbk1f,Rest of Bay Area
9qbk1g,Rest of Bay Area
9qbk1h,Rest of Bay Area
9qbk1j,Rest of Bay Area
9qbk1k,Rest of Bay Area
9qbk1m,Rest of Bay Area
9qbk1n,Rest of Bay Area
9qbk1p,Rest of Bay Area
9qbk1q,Rest of Bay Area
9qbk1r,Rest of Bay Area
9qbk1s,Rest of Bay Area
9qbk1t,Rest of Bay Area
9qbk1u,Rest of Bay Area
9qbk1v,Rest of Bay Area
9qbk1w,Rest of Bay Area
9qbk1x,Rest of Bay Area
9qbk1y,Rest of Bay Area
9qbk1z,Rest of Bay Area
9qbk20,Rest of Bay Area
9qbk21,Rest of Bay Area
9qbk22,Rest of Bay Area
9qbk23,Rest of Bay Area
9qbk24,Rest of Bay Area
9qbk25,Rest of Bay Area
9qbk26,Rest of Bay Area
9qbk27,Rest of Bay Area
9qbk28,Rest of Bay Area
9qbk29,Rest of Bay Area
9qbk2b,Rest of Bay Area
9qbk2c,Rest of Bay Area
9qbk2d,Rest of Bay Area
9qbk2e,Rest of Bay Area
9qbk2f,Rest of Bay Area
9qbk2g,Rest of Bay Area
9qbk2h,Rest of Bay Area
9qbk2j,Rest of Bay Area
9qbk2k,Rest of Bay Area
9qbk2m,Rest of Bay Area
9qbk2n,Rest of Bay Area
9qbk2p,Rest of Bay Area
9qbk2q,Rest of Bay Area
9qbk2r,Rest of Bay Area
9qbk2s,Rest of Bay Area
9qbk2t,Rest of Bay Area
9qbk2u,Rest of Bay Area
9qbk2v,Rest of Bay Area
9qbk2w,Rest of Bay Area
9qbk2x,Rest of Bay Area
9qbk2y,Rest of Bay Area
9qbk2z,Rest of Bay Area
9qbk30,Rest of Bay Area
9qbk31,Rest of Bay Area
9qbk32,Rest of Bay Area
9qbk33,Rest of Bay Area
9qbk34,Rest of Bay Area
9qbk35,Rest of Bay Area
9qbk36,Rest of Bay Area
9qbk37,Rest of Bay Area
9qbk38,Rest of Bay Area
9qbk39,Rest of Bay Area
9qbk3b,Rest of Bay Area
9qbk3c,Rest of Bay Area
9qbk3d,Rest of Bay Area
9qbk3e,Rest of Bay Area
9qbk3f,Rest of Bay Area
9qbk3g,Rest of Bay Area
9qbk3h,Rest of Bay Area
9qbk3j,Rest of Bay Area
9qbk3k,Rest of Bay Area
9qbk3m,Rest of Bay Area
9qbk3n,Rest of Bay Area
9qbk3p,Rest of Bay Area
9qbk3q,Rest of Bay Area
9qbk3r,Rest of Bay Area
9qbk3s,Rest of Bay Area
9qbk3t,Rest of Bay Area
9qbk3u,Rest of Bay Area
9qbk3v,Rest of Bay Area
9qbk3w,Rest of Bay Area
9qbk3x,Rest of Bay Area
9qbk3y,Rest of Bay Area
9qbk3z,Rest of Bay Area
9qbk40,Rest of Bay Area
9qbk41,Rest of Bay Area
9qbk42,Rest of Bay Area
9qbk43,Rest of Bay Area
9qbk44,Rest of Bay Area
9qbk45,Rest of Bay Area
9qbk46,Rest of Bay Area
9qbk47,Rest of Bay Area
9qbk48,Rest of Bay Area
9qbk49,Rest of Bay Area
9qbk4b,Rest of Bay Area
9qbk4c,Rest of Bay Area
9qbk4d,Rest of Bay Area
9qbk4e,Rest of Bay Area
9qbk4f,Rest of Bay Area
9qbk4g,Rest of Bay Area
9qbk4h,Rest of Bay Area
9qbk4j,Rest of Bay Area
9qbk4k,Rest of Bay Area
9qbk4m,Rest of Bay Area
9qbk4n,Rest of Bay Area
9qbk4p,Rest of Bay Area
9qbk4q,Rest of Bay Area
9qbk4r,Rest of Bay Area
9qbk4s,Rest of Bay Area
9qbk4t,Rest of Bay Area
9qbk4u,Rest of Bay Area
9qbk4v,Rest of Bay Area
9qbk4w,Rest of Bay Area
9qbk4x,Rest of Bay Area
9qbk4y,Rest of Bay Area
9qbk4z,Rest of Bay Area
9qbk50,Rest of Bay Area
9qbk51,Rest of Bay Area
9qbk52,Rest of Bay Area
9qbk53,Rest of Bay Area
9qbk54,Rest of Bay Area
9qbk55,Rest of Bay Area
9qbk56,Rest of Bay Area
9qbk57,Rest of Bay Area
9qbk58,Rest of Bay Area
9qbk59,Rest of Bay Area
9qbk5b,Rest of Bay Area
9qbk5c,Rest of Bay Area
9qbk5d,Rest of Bay Area
9qbk5e,Rest of Bay Area
9qbk5f,Rest of Bay Area
9qbk5g,Rest of Bay Area
9qbk5h,Rest of Bay Area
9qbk5j,Rest of Bay Area
9qbk5k,Rest of Bay Area
9qbk5m,Rest of Bay Area
9qbk5n,Rest of Bay Area
9qbk5p,Rest of Bay Area
9qbk5q,Rest of Bay Area
9qbk5r,Rest of Bay Area
9qbk5s,Rest of Bay Area
9qbk5t,Rest of Bay Area
9qbk5u,Rest of Bay Area
9qbk5v,Rest of Bay Area
9qbk5w,Rest of Bay Area
9qbk5x,Rest of Bay Area
9qbk5y,Rest of Bay Area
9qbk5z,Rest of Bay Area
9qbk60,Rest of Bay Area
9qbk61,Rest of Bay Area
9qbk62,Rest of Bay Area
9qbk63,Rest of Bay Area
9qbk64,Rest of Bay Area
9qbk65,Rest of Bay Area
9qbk66,Rest of Bay Area
9qbk67,Rest of Bay Area
9qbk68,Rest of Bay Area
9qbk69,Rest of Bay Area
9qbk6b,Rest of Bay Area
9qbk6c,Rest of Bay Area
9qbk6d,Rest of Bay Area
9qbk6e,Rest of Bay Area
9qbk6f,Rest of Bay Area
9qbk6g,Rest of Bay Area
9qbk6h,Rest of Bay Area
9qbk6j,Rest of Bay Area
9qbk6k,Rest of Bay Area
9qbk6m,Rest of Bay Area
9qbk6n,Rest of Bay Area
9qbk6p,Rest of Bay Area
9qbk6q,Rest of Bay Area
9qbk6r,Rest of Bay Area
9qbk6s,Rest of Bay Area
9qbk6t,Rest of Bay Area
9qbk6u,Rest of Bay Area
9qbk6v,Rest of Bay Area
9qbk6w,Rest of Bay Area
9qbk6x,Rest of Bay Area
9qbk6y,Rest of Bay Area
9qbk6z,Rest of Bay Area
9qbk70,Rest of Bay Area
9qbk71,Rest of Bay Area
9qbk72,Rest of Bay Area
9qbk73,Rest of Bay Area
9qbk74,Rest of Bay Area
9qbk75,Rest of Bay Area
9qbk76,Rest of Bay Area
9qbk77,Rest of Bay Area
9qbk78,Rest of Bay Area
9qbk79,Rest of Bay Area
9qbk7b,Rest of Bay Area
9qbk7c,Rest of Bay Area
9qbk7d,Rest of Bay Area
9qbk7e,Rest of Bay Area
9qbk7f,Rest of Bay Area
9qbk7g,Rest of Bay Area
9qbk7h,Rest of Bay Area
9qbk7j,Rest of Bay Area
9qbk7k,Rest of Bay Area
9qbk7m,Rest of Bay Area
9qbk7n,Rest of Bay Area
9qbk7p,Rest of Bay Area
9qbk7q,Rest of Bay Area
9qbk7r,Rest of Bay Area
9qbk7s,Rest of Bay Area
9qbk7t,Rest of Bay Area
9qbk7u,Rest of Bay Area
9qbk7v,Rest of Bay Area
9qbk7w,Rest of Bay Area
9qbk7x,Rest of Bay Area
9qbk7y,Rest of Bay Area
9qbk7z,Rest of Bay Area
9qbk80,Rest of Bay Area
9qbk81,Rest of Bay Area
9qbk82,Rest of Bay Area
9qbk83,Rest of Bay Area
9qbk84,Rest of Bay Area
9qbk85,Rest of Bay Area
9qbk86,Rest of Bay Area
9qbk87,Rest of Bay Area
9qbk88,Rest of Bay Area
9qbk89,Rest of Bay Area
9qbk8b,Rest of Bay Area
9qbk8c,Rest of Bay Area
9qbk8d,Rest of Bay Area
9qbk8e,Rest of Bay Area
9qbk8f,Rest of Bay Area
9qbk8g,Rest of Bay Area
9qbk8s,Rest of Bay Area
9qbk8t,Rest of Bay Area
9qbk8u,Rest of Bay Area
9qbk8v,Rest of Bay Area
9qbk8w,Rest of Bay Area
9qbk8x,Rest of Bay Area
9qbk8y,Rest of Bay Area
9qbk8z,Rest of Bay Area
9qbk90,Rest of Bay Area
9qbk91,Rest of Bay Area
9qbk92,Rest of Bay Area
9qbk93,Rest of Bay Area
9qbk94,Rest of Bay Area
9qbk95,Rest of Bay Area
9qbk96,Rest of Bay Area
9qbk97,Rest of Bay Area
9qbk98,Rest of Bay Area
9qbk99,Rest of Bay Area
9qbk9b,Rest of Bay Area
9qbk9c,Rest of Bay Area
9qbk9d,Rest of Bay Area
9qbk9e,Rest of Bay Area
9qbk9f,Rest of Bay Area
9qbk9g,Rest of Bay Area
9qbk9h,Rest of Bay Area
9qbk9j,Rest of Bay Area
9qbk9k,Rest of Bay Area
9qbk9m,Rest of Bay Area
9qbk9n,Rest of Bay Area
9qbk9p,Rest of Bay Area
9qbk9q,Rest of Bay Area
9qbk9r,Rest of Bay Area
9qbk9s,Rest of Bay Area
9qbk9t,Rest of Bay Area
9qbk9u,Rest of Bay Area
9qbk9v,Rest of Bay Area
9qbk9w,Rest of Bay Area
9qbk9x,Rest of Bay Area
9qbk9y,Rest of Bay Area
9qbk9z,Rest of Bay Area
9qbkb8,Rest of Bay Area
9qbkbb,Rest of Bay Area
9qbkc0,Rest of Bay Area
9qbkc2,Rest of Bay Area
9qbkc8,Rest of Bay Area
9qbkcb,Rest of Bay Area
9qbkd0,Rest of Bay Area
9qbkd1,Rest of Bay Area
9qbkd2,Rest of Bay Area
9qbkd3,Rest of Bay Area
9qbkd4,Rest of Bay Area
9qbkd5,Rest of Bay Area
9qbkd6,Rest of Bay Area
9qbkd7,Rest of Bay Area
9qbkd8,Rest of Bay Area
9qbkd9,Rest of Bay Area
9qbkdb,Rest of Bay Area
9qbkdc,Rest of Bay Area
9qbkdd,Rest of Bay Area
9qbkde,Rest of Bay Area
9qbkdf,Rest of Bay Area
9qbkdg,Rest of Bay Area
9qbkdh,Rest of Bay Area
9qbkdj,Rest of Bay Area
9qbkdk,Rest of Bay Area
9qbkdm,Rest of Bay Area
9qbkdn,Rest of Bay Area
9qbkdp,Rest of Bay Area
9qbkdq,Rest of Bay Area
9qbkdr,Rest of Bay Area
9qbkds,Rest of Bay Area
9qbkdt,Rest of Bay Area
9qbkdu,Rest of Bay Area
9qbkdv,Rest of Bay Area
9qbkdw,Rest of Bay Area
9qbkdx,Rest of Bay Area
9qbkdy,Rest of Bay Area
9qbkdz,Rest of Bay Area
9qbke0,Rest of Bay Area
9qbke1,Rest of Bay Area
9qbke2,Rest of Bay Area
9qbke3,Rest of Bay Area
9qbke4,Rest of Bay Area
9qbke5,Rest of Bay Area
9qbke6,Rest of Bay Area
9qbke7,Rest of Bay Area
9qbke8,Rest of Bay Area
9qbke9,Rest of Bay Area
9qbkeb,Rest of Bay Area
9qbkec,Rest of Bay Area
9qbked,Rest of Bay Area
9qbkee,Rest of Bay Area
9qbkef,Rest of Bay Area
9qbkeg,Rest of Bay Area
9qbkeh,Rest of Bay Area
9qbkej,Rest of Bay Area
9qbkek,Rest of Bay Area
9qbkem,Rest of Bay Area
9qbken,Rest of Bay Area
9qbkep,Rest of Bay Area
9qbkeq,Rest of Bay Area
9qbker,Rest of Bay Area
9qbkes,Rest of Bay Area
9qbket,Rest of Bay Area
9qbkeu,Rest of Bay Area
9qbkev,Rest of Bay Area
9qbkew,Rest of Bay Area
9qbkex,Rest of Bay Area
9qbkey,Rest of Bay Area
9qbkez,Rest of Bay Area
9qbkf0,Rest of Bay Area
9qbkf2,Rest of Bay Area
9qbkf8,Rest of Bay Area
9qbkfb,Rest of Bay Area
9qbkg0,Rest of Bay Area
9qbkg2,Rest of Bay Area
9qbkg8,Rest of Bay Area
9qbkgb,Rest of Bay Area
9qbkh0,Rest of Bay Area
9qbkh1,Rest of Bay Area
9qbkh2,Rest of Bay Area
9qbkh3,Rest of Bay Area
9qbkh4,Rest of Bay Area
9qbkh5,Rest of Bay Area
9qbkh6,Rest of Bay Area
9qbkh7,Rest of Bay Area
9qbkh8,Rest of Bay Area
9qbkh9,Rest of Bay Area
9qbkhb,Rest of Bay Area
9qbkhc,Rest of Bay Area
9qbkhd,Rest of Bay Area
9qbkhe,Rest of Bay Area
9qbkhf,Rest of Bay Area
9qbkhg,Rest of Bay Area
9qbkhh,Rest of Bay Area
9qbkhj,Rest of Bay Area
9qbkhk,Rest of Bay Area
9qbkhm,Rest of Bay Area
9qbkhn,Rest of Bay Area
9qbkhp,Rest of Bay Area
9qbkhq,Rest of Bay Area
9qbkhr,Rest of Bay Area
9qbkhs,Rest of Bay Area
9qbkht,Rest of Bay Area
9qbkhu,Rest of Bay Area
9qbkhv,Rest of Bay Area
9qbkhw,Rest of Bay Area
9qbkhx,Rest of Bay Area
9qbkhy,Rest of Bay Area
9qbkhz,Rest of Bay Area
9qbkj0,Rest of Bay Area
9qbkj1,Rest of Bay Area
9qbkj2,Rest of Bay Area
9qbkj3,Rest of Bay Area
9qbkj4,Rest of Bay Area
9qbkj5,Rest of Bay Area
9qbkj6,Rest of Bay Area
9qbkj7,Rest of Bay Area
9qbkj8,Rest of Bay Area
9qbkj9,Rest of Bay Area
9qbkjb,Rest of Bay Area
9qbkjc,Rest of Bay Area
9qbkjd,Rest of Bay Area
9qbkje,Rest of Bay Area
9qbkjf,Rest of Bay Area
9qbkjg,Rest of Bay Area
9qbkjh,Rest of Bay Area
9qbkjj,Rest of Bay Area
9qbkjk,Rest of Bay Area
9qbkjm,Rest of Bay Area
9qbkjn,Rest of Bay Area
9qbkjp,Rest of Bay Area
9qbkjq,Rest of Bay Area
9qbkjr,Rest of Bay Area
9qbkjs,Rest of Bay Area
9qbkjt,Rest of Bay Area
9qbkju,Rest of Bay Area
9qbkjv,Rest of Bay Area
9qbkjw,Rest of Bay Area
9qbkjx,Rest of Bay Area
9qbkjy,Rest of Bay Area
9qbkjz,Rest of Bay Area
9qbkk0,Rest of Bay Area
9qbkk1,Rest of Bay Area
9qbkk2,Rest of Bay Area
9qbkk3,Rest of Bay Area
9qbkk4,Rest of Bay Area
9qbkk5,Rest of Bay Area
9qbkk6,Rest of Bay Area
9qbkk7,Rest of Bay Area
9qbkk8,Rest of Bay Area
9qbkk9,Rest of Bay Area
9qbkkb,Rest of Bay Area
9qbkkc,Rest of Bay Area
9qbkkd,Rest of Bay Area
9qbkke,Rest of Bay Area
9qbkkf,Rest of Bay Area
9qbkkg,Rest of Bay Area
9qbkkh,Rest of Bay Area
9qbkkj,Rest of Bay Area
9qbkkk,Rest of Bay Area
9qbkkm,Rest of Bay Area
9qbkkn,Rest of Bay Area
9qbkkp,Rest of Bay Area
9qbkkq,Rest of Bay Area
9qbkkr,Rest of Bay Area
9qbkks,Rest of Bay Area
9qbkkt,Rest of Bay Area
9qbkku,Rest of Bay Area
9qbkkv,Rest of Bay Area
9qbkkw,Rest of Bay Area
9qbkkx,Rest of Bay Area
9qbkky,Rest of Bay Area
9qbkkz,Rest of Bay Area
9qbkm0,Rest of Bay Area
9qbkm1,Rest of Bay Area
9qbkm2,Rest of Bay Area
9qbkm3,Rest of Bay Area
9qbkm4,Rest of Bay Area
9qbkm5,Rest of Bay Area
9qbkm6,Rest of Bay Area
9qbkm7,Rest of Bay Area
9qbkm8,Rest of Bay Area
9qbkm9,Rest of Bay Area
9qbkmb,Rest of Bay Area
9qbkmc,Rest of Bay Area
9qbkmd,Rest of Bay Area
9qbkme,Rest of Bay Area
9qbkmf,Rest of Bay Area
9qbkmg,Rest of Bay Area
9qbkmh,Rest of Bay Area
9qbkmj,Rest of Bay Area
9qbkmk,Rest of Bay Area
9qbkmm,Rest of Bay Area
9qbkmn,Rest of Bay Area
9qbkmp,Rest of Bay Area
9qbkmq,Rest of Bay Area
9qbkmr,Rest of Bay Area
9qbkms,Rest of Bay Area
9qbkmt,Rest of Bay Area
9qbkmu,Rest of Bay Area
9qbkmv,Rest of Bay Area
9qbkmw,Rest of Bay Area
9qbkmx,Rest of Bay Area
9qbkmy,Rest of Bay Area
9qbkmz,Rest of Bay Area
9qbkn0,Rest of Bay Area
9qbkn1,Rest of Bay Area
9qbkn2,Rest of Bay Area
9qbkn3,Rest of Bay Area
9qbkn4,Rest of Bay Area
9qbkn5,Rest of Bay Area
9qbkn6,Rest of Bay Area
9qbkn7,Rest of Bay Area
9qbkn8,Rest of Bay Area
9qbkn9,Rest of Bay Area
9qbknb,Rest of Bay Area
9qbknc,Rest of Bay Area
9qbknd,Rest of Bay Area
9qbkne,Rest of Bay Area
9qbknf,Rest of Bay Area
9qbkng,Rest of Bay Area
9qbknh,Rest of Bay Area
9qbknj,Rest of Bay Area
9qbknk,Rest of Bay Area
9qbknm,Rest of Bay Area
9qbknn,Rest of Bay Area
9qbknp,Rest of Bay Area
9qbknq,Rest of Bay Area
9qbknr,Rest of Bay Area
9qbkns,Rest of Bay Area
9qbknt,Rest of Bay Area
9qbknu,Rest of Bay Area
9qbknv,Rest of Bay Area
9qbknw,Rest of Bay Area
9qbknx,Rest of Bay Area
9qbkny,Rest of Bay Area
9qbknz,Rest of Bay Area
9qbkp0,Rest of Bay Area
9qbkp1,Rest of Bay Area
9qbkp2,Rest of Bay Area
9qbkp3,Rest of Bay Area
9qbkp4,Rest of Bay Area
9qbkp5,Rest of Bay Area
9qbkp6,Rest of Bay Area
9qbkp7,Rest of Bay Area
9qbkp8,Rest of Bay Area
9qbkp9,Rest of Bay Area
9qbkpb,Rest of Bay Area
9qbkpc,Rest of Bay Area
9qbkpd,Rest of Bay Area
9qbkpe,Rest of Bay Area
9qbkpf,Rest of Bay Area
9qbkpg,Rest of Bay Area
9qbkph,Rest of Bay Area
9qbkpj,Rest of Bay Area
9qbkpk,Rest of Bay Area
9qbkpm,Rest of Bay Area
9qbkpn,Rest of Bay Area
9qbkpp,Rest of Bay Area
9qbkpq,Rest of Bay Area
9qbkpr,Rest of Bay Area
9qbkps,Rest of Bay Area
9qbkpt,Rest of Bay Area
9qbkpu,Rest of Bay Area
9qbkpv,Rest of Bay Area
9qbkpw,Rest of Bay Area
9qbkpx,Rest of Bay Area
9qbkpy,Rest of Bay Area
9qbkpz,Rest of Bay Area
9qbkq0,Rest of Bay Area
9qbkq1,Rest of Bay Area
9qbkq2,Rest of Bay Area
9qbkq3,Rest of Bay Area
9qbkq4,Rest of Bay Area
9qbkq5,Rest of Bay Area
9qbkq6,Rest of Bay Area
9qbkq7,Rest of Bay Area
9qbkq8,Rest of Bay Area
9qbkq9,Rest of Bay Area
9qbkqb,Rest of Bay Area
9qbkqc,Rest of Bay Area
9qbkqd,Rest of Bay Area
9qbkqe,Rest of Bay Area
9qbkqf,Rest of Bay Area
9qbkqg,Rest of Bay Area
9qbkqh,Rest of Bay Area
9qbkqj,Rest of Bay Area
9qbkqk,Rest of Bay Area
9qbkqm,Rest of Bay Area
9qbkqn,Rest of Bay Area
9qbkqp,Rest of Bay Area
9qbkqq,Rest of Bay Area
9qbkqr,Rest of Bay Area
9qbkqs,Rest of Bay Area
9qbkqt,Rest of Bay Area
9qbkqu,Rest of Bay Area
9qbkqv,Rest of Bay Area
9qbkqw,Rest of Bay Area
9qbkqx,Rest of Bay Area
9qbkqy,Rest of Bay Area
9qbkqz,Rest of Bay Area
9qbkr0,Rest of Bay Area
9qbkr1,Rest of Bay Area
9qbkr2,Rest of Bay Area
9qbkr3,Rest of Bay Area
9qbkr4,Rest of Bay Area
9qbkr5,Rest of Bay Area
9qbkr6,Rest of Bay Area
9qbkr7,Rest of Bay Area
9qbkr8,Rest of Bay Area
9qbkr9,Rest of Bay Area
9qbkrb,Rest of Bay Area
9qbkrc,Rest of Bay Area
9qbkrd,Rest of Bay Area
9qbkre,Rest of Bay Area
9qbkrf,Rest of Bay Area
9qbkrg,Rest of Bay Area
9qbkrh,Rest of Bay Area
9qbkrj,Rest of Bay Area
9qbkrk,Rest of Bay Area
9qbkrm,Rest of Bay Area
9qbkrn,Rest of Bay Area
9qbkrp,Rest of Bay Area
9qbkrq,Rest of Bay Area
9qbkrr,Rest of Bay Area
9qbkrs,Rest of Bay Area
9qbkrt,Rest of Bay Area
9qbkru,Rest of Bay Area
9qbkrv,Rest of Bay Area
9qbkrw,Rest of Bay Area
9qbkrx,Rest of Bay Area
9qbkry,Rest of Bay Area
9qbkrz,Rest of Bay Area
9qbks0,Rest of Bay Area
9qbks1,Rest of Bay Area
9qbks2,Rest of Bay Area
9qbks3,Rest of Bay Area
9qbks4,Rest of Bay Area
9qbks5,Rest of Bay Area
9qbks6,Rest of Bay Area
9qbks7,Rest of Bay Area
9qbks8,Rest of Bay Area
9qbks9,Rest of Bay Area
9qbksb,Rest of Bay Area
9qbksc,Rest of Bay Area
9qbksd,Rest of Bay Area
9qbkse,Rest of Bay Area
9qbksf,Rest of Bay Area
9qbksg,Rest of Bay Area
9qbksh,Rest of Bay Area
9qbksj,Rest of Bay Area
9qbksk,Rest of Bay Area
9qbksm,Rest of Bay Area
9qbksn,Rest of Bay Area
9qbksp,Rest of Bay Area
9qbksq,Rest of Bay Area
9qbksr,Rest of Bay Area
9qbkss,Rest of Bay Area
9qbkst,Rest of Bay Area
9qbksu,Rest of Bay Area
9qbksv,Rest of Bay Area
9qbksw,Rest of Bay Area
9qbksx,Rest of Bay Area
9qbksy,Rest of Bay Area
9qbksz,Rest of Bay Area
9qbkt0,Rest of Bay Area
9qbkt1,Rest of Bay Area
9qbkt2,Rest of Bay Area
9qbkt3,Rest of Bay Area
9qbkt4,Rest of Bay Area
9qbkt5,Rest of Bay Area
9qbkt6,Rest of Bay Area
9qbkt7,Rest of Bay Area
9qbkt8,Rest of Bay Area
9qbkt9,Rest of Bay Area
9qbktb,Rest of Bay Area
9qbktc,Rest of Bay Area
9qbktd,Rest of Bay Area
9qbkte,Rest of Bay Area
9qbktf,Rest of Bay Area
9qbktg,Rest of Bay Area
9qbkth,Rest of Bay Area
9qbktj,Rest of Bay Area
9qbktk,Rest of Bay Area
9qbktm,Rest of Bay Area
9qbktn,Rest of Bay Area
9qbktp,Rest of Bay Area
9qbktq,Rest of Bay Area
9qbktr,Rest of Bay Area
9qbkts,Rest of Bay Area
9qbktt,Rest of Bay Area
9qbktu,Rest of Bay Area
9qbktv,Rest of Bay Area
9qbktw,Rest of Bay Area
9qbktx,Rest of Bay Area
9qbkty,Rest of Bay Area
9qbktz,Rest of Bay Area
9qbku0,Rest of Bay Area
9qbku2,Rest of Bay Area
9qbku8,Rest of Bay Area
9qbkub,Rest of Bay Area
9qbkv0,Rest of Bay Area
9qbkv2,Rest of Bay Area
9qbkv8,Rest of Bay Area
9qbkvb,Rest of Bay Area
9qbkvc,Rest of Bay Area
9qbkvf,Rest of Bay Area
9qbkvg,Rest of Bay Area
9qbkvu,Rest of Bay Area
9qbkvv,Rest of Bay Area
9qbkvy,Rest of Bay Area
9qbkw0,Rest of Bay Area
9qbkw1,Rest of Bay Area
9qbkw2,Rest of Bay Area
9qbkw3,Rest of Bay Area
9qbkw4,Rest of Bay Area
9qbkw5,Rest of Bay Area
9qbkw6,Rest of Bay Area
9qbkw7,Rest of Bay Area
9qbkw8,Rest of Bay Area
9qbkw9,Rest of Bay Area
9qbkwb,Rest of Bay Area
9qbkwc,Rest of Bay Area
9qbkwd,Rest of Bay Area
9qbkwe,Rest of Bay Area
9qbkwf,Rest of Bay Area
9qbkwg,Rest of Bay Area
9qbkwh,Rest of Bay Area
9qbkwj,Rest of Bay Area
9qbkwk,Rest of Bay Area
9qbkwm,Rest of Bay Area
9qbkwn,Rest of Bay Area
9qbkwp,Rest of Bay Area
9qbkwq,Rest of Bay Area
9qbkwr,Rest of Bay Area
9qbkws,Rest of Bay Area
9qbkwt,Rest of Bay Area
9qbkwu,Rest of Bay Area
9qbkwv,Rest of Bay Area
9qbkww,Rest of Bay Area
9qbkwx,Rest of Bay Area
9qbkwy,Rest of Bay Area
9qbkwz,Rest of Bay Area
9qbkx0,Rest of Bay Area
9qbkx1,Rest of Bay Area
9qbkx2,Rest of Bay Area
9qbkx3,Rest of Bay Area
9qbkx4,Rest of Bay Area
9qbkx5,Rest of Bay Area
9qbkx6,Rest of Bay Area
9qbkx7,Rest of Bay Area
9qbkx8,Rest of Bay Area
9qbkx9,Rest of Bay Area
9qbkxb,Rest of Bay Area
9qbkxc,Rest of Bay Area
9qbkxd,Rest of Bay Area
9qbkxe,Rest of Bay Area
9qbkxf,Rest of Bay Area
9qbkxg,Rest of Bay Area
9qbkxh,Rest of Bay Area
9qbkxj,Rest of Bay Area
9qbkxk,Rest of Bay Area
9qbkxm,Rest of Bay Area
9qbkxn,Rest of Bay Area
9qbkxp,Rest of Bay Area
9qbkxq,Rest of Bay Area
9qbkxr,Rest of Bay Area
9qbkxs,Rest of Bay Area
9qbkxt,Rest of Bay Area
9qbkxu,Rest of Bay Area
9qbkxv,Rest of Bay Area
9qbkxw,Rest of Bay Area
9qbkxx,Rest of Bay Area
9qbkxy,Rest of Bay Area
9qbkxz,Rest of Bay Area
9qbky0,Rest of Bay Area
9qbky1,Rest of Bay Area
9qbky2,Rest of Bay Area
9qbky3,Rest of Bay Area
9qbky4,Rest of Bay Area
9qbky5,Rest of Bay Area
9qbky6,Rest of Bay Area
9qbky7,Rest of Bay Area
9qbky8,Rest of Bay Area
9qbky9,Rest of Bay Area
9qbkyb,Rest of Bay Area
9qbkyc,Rest of Bay Area
9qbkyd,Rest of Bay Area
9qbkye,Rest of Bay Area
9qbkyf,Rest of Bay Area
9qbkyg,Rest of Bay Area
9qbkyh,Rest of Bay Area
9qbkyj,Rest of Bay Area
9qbkyk,Rest of Bay Area
9qbkym,Rest of Bay Area
9qbkyn,Rest of Bay Area
9qbkyq,Rest of Bay Area
9qbkys,Rest of Bay Area
9qbkyt,Rest of Bay Area
9qbkyu,Rest of Bay Area
9qbkyv,Rest of Bay Area
9qbkyw,Rest of Bay Area
9qbkyy,Rest of Bay Area
9qbkz0,Rest of Bay Area
9qbkz1,Rest of Bay Area
9qbkz2,Rest of Bay Area
9qbkz3,Rest of Bay Area
9qbkz4,Rest of Bay Area
9qbkz5,Rest of Bay Area
9qbkz6,Rest of Bay Area
9qbkz7,Rest of Bay Area
9qbkz8,Rest of Bay Area
9qbkz9,Rest of Bay Area
9qbkzb,Rest of Bay Area
9qbkzc,Rest of Bay Area
9qbkzd,Rest of Bay Area
9qbkze,Rest of Bay Area
9qbkzf,Rest of Bay Area
9qbkzg,Rest of Bay Area
9qbkzh,Rest of Bay Area
9qbkzj,Rest of Bay Area
9qbkzk,Rest of Bay Area
9qbkzm,Rest of Bay Area
9qbkzn,Rest of Bay Area
9qbkzp,Rest of Bay Area
9qbkzq,Rest of Bay Area
9qbkzr,Rest of Bay Area
9qbkzs,Rest of Bay Area
9qbkzt,Rest of Bay Area
9qbkzu,Rest of Bay Area
9qbkzv,Rest of Bay Area
9qbkzw,Rest of Bay Area
9qbkzx,Rest of Bay Area
9qbkzy,Rest of Bay Area
9qbkzz,Rest of Bay Area
9qbmp0,Rest of Bay Area
9qbmp2,Rest of Bay Area
9qbmp8,Rest of Bay Area
9qbmpb,Rest of Bay Area
9qbs00,Rest of Bay Area
9qbs01,Rest of Bay Area
9qbs02,Rest of Bay Area
9qbs03,Rest of Bay Area
9qbs04,Rest of Bay Area
9qbs05,Rest of Bay Area
9qbs06,Rest of Bay Area
9qbs07,Rest of Bay Area
9qbs08,Rest of Bay Area
9qbs09,Rest of Bay Area
9qbs0b,Rest of Bay Area
9qbs0c,Rest of Bay Area
9qbs0d,Rest of Bay Area
9qbs0e,Rest of Bay Area
9qbs0f,Rest of Bay Area
9qbs0g,Rest of Bay Area
9qbs0h,Rest of Bay Area
9qbs0j,Rest of Bay Area
9qbs0k,Rest of Bay Area
9qbs0m,Rest of Bay Area
9qbs0n,Rest of Bay Area
9qbs0p,Rest of Bay Area
9qbs0q,Rest of Bay Area
9qbs0r,Rest of Bay Area
9qbs0s,Rest of Bay Area
9qbs0t,Rest of Bay Area
9qbs0u,Rest of Bay Area
9qbs0v,Rest of Bay Area
9qbs0w,Rest of Bay Area
9qbs0x,Rest of Bay Area
9qbs0y,Rest of Bay Area
9qbs0z,Rest of Bay Area
9qbs10,Rest of Bay Area
9qbs11,Rest of Bay Area
9qbs12,Rest of Bay Area
9qbs13,Rest of Bay Area
9qbs14,Rest of Bay Area
9qbs15,Rest of Bay Area
9qbs16,Rest of Bay Area
9qbs17,Rest of Bay Area
9qbs18,Rest of Bay Area
9qbs19,Rest of Bay Area
9qbs1b,Rest of Bay Area
9qbs1c,Rest of Bay Area
9qbs1d,Rest of Bay Area
9qbs1e,Rest of Bay Area
9qbs1f,Rest of Bay Area
9qbs1g,Rest of Bay Area
9qbs1h,Rest of Bay Area
9qbs1j,Rest of Bay Area
9qbs1k,Rest of Bay Area
9qbs1m,Rest of Bay Area
9qbs1n,Rest of Bay Area
9qbs1p,Rest of Bay Area
9qbs1q,Rest of Bay Area
9qbs1r,Rest of Bay Area
9qbs1s,Rest of Bay Area
9qbs1t,Rest of Bay Area
9qbs1u,Rest of Bay Area
9qbs1v,Rest of Bay Area
9qbs1w,Rest of Bay Area
9qbs1x,Rest of Bay Area
9qbs1y,Rest of Bay Area
9qbs1z,Rest of Bay Area
9qbs20,Rest of Bay Area
9qbs21,Rest of Bay Area
9qbs22,Rest of Bay Area
9qbs23,Rest of Bay Area
9qbs24,Rest of Bay Area
9qbs25,Rest of Bay Area
9qbs26,Rest of Bay Area
9qbs27,Rest of Bay Area
9qbs28,Rest of Bay Area
9qbs29,Rest of Bay Area
9qbs2b,Rest of Bay Area
9qbs2c,Rest of Bay Area
9qbs2d,Rest of Bay Area
9qbs2e,Rest of Bay Area
9qbs2f,Rest of Bay Area
9qbs2g,Rest of Bay Area
9qbs2h,Rest of Bay Area
9qbs2j,Rest of Bay Area
9qbs2k,Rest of Bay Area
9qbs2m,Rest of Bay Area
9qbs2n,Rest of Bay Area
9qbs2p,Rest of Bay Area
9qbs2q,Rest of Bay Area
9qbs2r,Rest of Bay Area
9qbs2s,Rest of Bay Area
9qbs2t,Rest of Bay Area
9qbs2u,Rest of Bay Area
9qbs2v,Rest of Bay Area
9qbs2w,Rest of Bay Area
9qbs2x,Rest of Bay Area
9qbs2y,Rest of Bay Area
9qbs2z,Rest of Bay Area
9qbs30,Rest of Bay Area
9qbs31,Rest of Bay Area
9qbs32,Rest of Bay Area
9qbs33,Rest of Bay Area
9qbs34,Rest of Bay Area
9qbs35,Rest of Bay Area
9qbs36,Rest of Bay Area
9qbs37,Rest of Bay Area
9qbs38,Rest of Bay Area
9qbs39,Rest of Bay Area
9qbs3b,Rest of Bay Area
9qbs3c,Rest of Bay Area
9qbs3d,Rest of Bay Area
9qbs3e,Rest of Bay Area
9qbs3f,Rest of Bay Area
9qbs3g,Rest of Bay Area
9qbs3h,Rest of Bay Area
9qbs3j,Rest of Bay Area
9qbs3k,Rest of Bay Area
9qbs3m,Rest of Bay Area
9qbs3n,Rest of Bay Area
9qbs3p,Rest of Bay Area
9qbs3q,Rest of Bay Area
9qbs3r,Rest of Bay Area
9qbs3s,Rest of Bay Area
9qbs3t,Rest of Bay Area
9qbs3u,Rest of Bay Area
9qbs3v,Rest of Bay Area
9qbs3w,Rest of Bay Area
9qbs3x,Rest of Bay Area
9qbs3y,Rest of Bay Area
9qbs3z,Rest of Bay Area
9qbs40,Rest of Bay Area
9qbs41,Rest of Bay Area
9qbs42,Rest of Bay Area
9qbs43,Rest of Bay Area
9qbs44,Rest of Bay Area
9qbs45,Rest of Bay Area
9qbs46,Rest of Bay Area
9qbs47,Rest of Bay Area
9qbs48,Rest of Bay Area
9qbs49,Rest of Bay Area
9qbs4b,Rest of Bay Area
9qbs4c,Rest of Bay Area
9qbs4d,Rest of Bay Area
9qbs4e,Rest of Bay Area
9qbs4f,Rest of Bay Area
9qbs4g,Rest of Bay Area
9qbs4h,Rest of Bay Area
9qbs4j,Rest of Bay Area
9qbs4k,Rest of Bay Area
9qbs4m,Rest of Bay Area
9qbs4n,Rest of Bay Area
9qbs4p,Rest of Bay Area
9qbs4q,Rest of Bay Area
9qbs4r,Rest of Bay Area
9qbs4s,Rest of Bay Area
9qbs4t,Rest of Bay Area
9qbs4u,Rest of Bay Area
9qbs4v,Rest of Bay Area
9qbs4w,Rest of Bay Area
9qbs4x,Rest of Bay Area
9qbs4y,Rest of Bay Area
9qbs4z,Rest of Bay Area
9qbs50,Rest of Bay Area
9qbs51,Rest of Bay Area
9qbs52,Rest of Bay Area
9qbs53,Rest of Bay Area
9qbs54,Rest of Bay Area
9qbs55,Rest of Bay Area
9qbs56,Rest of Bay Area
9qbs57,Rest of Bay Area
9qbs58,Rest of Bay Area
9qbs59,Rest of Bay Area
9qbs5b,Rest of Bay Area
9qbs5c,Rest of Bay Area
9qbs5d,Rest of Bay Area
9qbs5e,Rest of Bay Area
9qbs5f,Rest of Bay Area
9qbs5g,Rest of Bay Area
9qbs5h,Rest of Bay Area
9qbs5j,Rest of Bay Area
9qbs5k,Rest of Bay Area
9qbs5m,Rest of Bay Area
9qbs5n,Rest of Bay Area
9qbs5p,Rest of Bay Area
9qbs5q,Rest of Bay Area
9qbs5r,Rest of Bay Area
9qbs5s,Rest of Bay Area
9qbs5t,Rest of Bay Area
9qbs5u,Rest of Bay Area
9qbs5v,Rest of Bay Area
9qbs5w,Rest of Bay Area
9qbs5x,Rest of Bay Area
9qbs5y,Rest of Bay Area
9qbs5z,Rest of Bay Area
9qbs60,Rest of Bay Area
9qbs61,Rest of Bay Area
9qbs62,Rest of Bay Area
9qbs63,Rest of Bay Area
9qbs64,Rest of Bay Area
9qbs65,Rest of Bay Area
9qbs66,Rest of Bay Area
9qbs67,Rest of Bay Area
9qbs68,Rest of Bay Area
9qbs69,Rest of Bay Area
9qbs6b,Rest of Bay Area
9qbs6c,Rest of Bay Area
9qbs6d,Rest of Bay Area
9qbs6e,Rest of Bay Area
9qbs6f,Rest of Bay Area
9qbs6g,Rest of Bay Area
9qbs6h,Rest of Bay Area
9qbs6j,Rest of Bay Area
9qbs6k,Rest of Bay Area
9qbs6m,Rest of Bay Area
9qbs6n,Rest of Bay Area
9qbs6p,Rest of Bay Area
9qbs6q,Rest of Bay Area
9qbs6r,Rest of Bay Area
9qbs6s,Rest of Bay Area
9qbs6t,Rest of Bay Area
9qbs6u,Rest of Bay Area
9qbs6v,Rest of Bay Area
9qbs6w,Rest of Bay Area
9qbs6x,Rest of Bay Area
9qbs6y,Rest of Bay Area
9qbs6z,Rest of Bay Area
9qbs70,Rest of Bay Area
9qbs71,Rest of Bay Area
9qbs72,Rest of Bay Area
9qbs73,Rest of Bay Area
9qbs74,Rest of Bay Area
9qbs75,Rest of Bay Area
9qbs76,Rest of Bay Area
9qbs77,Rest of Bay Area
9qbs78,Rest of Bay Area
9qbs79,Rest of Bay Area
9qbs7b,Rest of Bay Area
9qbs7c,Rest of Bay Area
9qbs7d,Rest of Bay Area
9qbs7e,Rest of Bay Area
9qbs7f,Rest of Bay Area
9qbs7g,Rest of Bay Area
9qbs7h,Rest of Bay Area
9qbs7j,Rest of Bay Area
9qbs7k,Rest of Bay Area
9qbs7m,Rest of Bay Area
9qbs7n,Rest of Bay Area
9qbs7p,Rest of Bay Area
9qbs7q,Rest of Bay Area
9qbs7r,Rest of Bay Area
9qbs7s,Rest of Bay Area
9qbs7t,Rest of Bay Area
9qbs7u,Rest of Bay Area
9qbs7v,Rest of Bay Area
9qbs7w,Rest of Bay Area
9qbs7x,Rest of Bay Area
9qbs7y,Rest of Bay Area
9qbs7z,Rest of Bay Area
9qbs80,Rest of Bay Area
9qbs81,Rest of Bay Area
9qbs82,Rest of Bay Area
9qbs83,Rest of Bay Area
9qbs84,Rest of Bay Area
9qbs85,Rest of Bay Area
9qbs86,Rest of Bay Area
9qbs87,Rest of Bay Area
9qbs88,Rest of Bay Area
9qbs89,Rest of Bay Area
9qbs8b,Rest of Bay Area
9qbs8c,Rest of Bay Area
9qbs8d,Rest of Bay Area
9qbs8e,Rest of Bay Area
9qbs8f,Rest of Bay Area
9qbs8g,Rest of Bay Area
9qbs8h,Rest of Bay Area
9qbs8j,Rest of Bay Area
9qbs8k,Rest of Bay Area
9qbs8m,Rest of Bay Area
9qbs8n,Rest of Bay Area
9qbs8p,Rest of Bay Area
9qbs8q,Rest of Bay Area
9qbs8r,Rest of Bay Area
9qbs8s,Rest of Bay Area
9qbs8t,Rest of Bay Area
9qbs8u,Rest of Bay Area
9qbs8v,Rest of Bay Area
9qbs8w,Rest of Bay Area
9qbs8x,Rest of Bay Area
9qbs8y,Rest of Bay Area
9qbs8z,Rest of Bay Area
9qbs90,Rest of Bay Area
9qbs91,Rest of Bay Area
9qbs92,Rest of Bay Area
9qbs93,Rest of Bay Area
9qbs94,Rest of Bay Area
9qbs95,Rest of Bay Area
9qbs96,Rest of Bay Area
9qbs97,Rest of Bay Area
9qbs98,Rest of Bay Area
9qbs99,Rest of Bay Area
9qbs9b,Rest of Bay Area
9qbs9c,Rest of Bay Area
9qbs9d,Rest of Bay Area
9qbs9e,Rest of Bay Area
9qbs9f,Rest of Bay Area
9qbs9g,Rest of Bay Area
9qbs9h,Rest of Bay Area
9qbs9j,Rest of Bay Area
9qbs9k,Rest of Bay Area
9qbs9m,Rest of Bay Area
9qbs9n,Rest of Bay Area
9qbs9p,Rest of Bay Area
9qbs9q,Rest of Bay Area
9qbs9r,Rest of Bay Area
9qbs9s,Rest of Bay Area
9qbs9t,Rest of Bay Area
9qbs9u,Rest of Bay Area
9qbs9v,Rest of Bay Area
9qbs9w,Rest of Bay Area
9qbs9x,Rest of Bay Area
9qbs9y,Rest of Bay Area
9qbs9z,Rest of Bay Area
9qbsb0,Rest of Bay Area
9qbsb1,Rest of Bay Area
9qbsb2,Rest of Bay Area
9qbsb3,Rest of Bay Area
9qbsb4,Rest of Bay Area
9qbsb5,Rest of Bay Area
9qbsb6,Rest of Bay Area
9qbsb7,Rest of Bay Area
9qbsb8,Rest of Bay Area
9qbsb9,Rest of Bay Area
9qbsbb,Rest of Bay Area
9qbsbc,Rest of Bay Area
9qbsbd,Rest of Bay Area
9qbsbe,Rest of Bay Area
9qbsbf,Rest of Bay Area
9qbsbg,Rest of Bay Area
9qbsbh,Rest of Bay Area
9qbsbj,Rest of Bay Area
9qbsbk,Rest of Bay Area
9qbsbm,Rest of Bay Area
9qbsbn,Rest of Bay Area
9qbsbp,Rest of Bay Area
9qbsbq,Rest of Bay Area
9qbsbr,Rest of Bay Area
9qbsbs,Rest of Bay Area
9qbsbt,Rest of Bay Area
9qbsbu,Rest of Bay Area
9qbsbv,Rest of Bay Area
9qbsbw,Rest of Bay Area
9qbsbx,Rest of Bay Area
9qbsby,Rest of Bay Area
9qbsbz,Rest of Bay Area
9qbsc0,Rest of Bay Area
9qbsc1,Rest of Bay Area
9qbsc2,Rest of Bay Area
9qbsc3,Rest of Bay Area
9qbsc4,Rest of Bay Area
9qbsc5,Rest of Bay Area
9qbsc6,Rest of Bay Area
9qbsc7,Rest of Bay Area
9qbsc8,Rest of Bay Area
9qbsc9,Rest of Bay Area
9qbscb,Rest of Bay Area
9qbscc,Rest of Bay Area
9qbscd,Rest of Bay Area
9qbsce,Rest of Bay Area
9qbscf,Rest of Bay Area
9qbscg,Rest of Bay Area
9qbsch,Rest of Bay Area
9qbscj,Rest of Bay Area
9qbsck,Rest of Bay Area
9qbscm,Rest of Bay Area
9qbscn,Rest of Bay Area
9qbscp,Rest of Bay Area
9qbscq,Rest of Bay Area
9qbscr,Rest of Bay Area
9qbscs,Rest of Bay Area
9qbsct,Rest of Bay Area
9qbscu,Rest of Bay Area
9qbscv,Rest of Bay Area
9qbscw,Rest of Bay Area
9qbscx,Rest of Bay Area
9qbscy,Rest of Bay Area
9qbscz,Rest of Bay Area
9qbsd0,Rest of Bay Area
9qbsd1,Rest of Bay Area
9qbsd2,Rest of Bay Area
9qbsd3,Rest of Bay Area
9qbsd4,Rest of Bay Area
9qbsd5,Rest of Bay Area
9qbsd6,Rest of Bay Area
9qbsd7,Rest of Bay Area
9qbsd8,Rest of Bay Area
9qbsd9,Rest of Bay Area
9qbsdb,Rest of Bay Area
9qbsdc,Rest of Bay Area
9qbsdd,Rest of Bay Area
9qbsde,Rest of Bay Area
9qbsdf,Rest of Bay Area
9qbsdg,Rest of Bay Area
9qbsdh,Rest of Bay Area
9qbsdj,Rest of Bay Area
9qbsdk,Rest of Bay Area
9qbsdm,Rest of Bay Area
9qbsdn,Rest of Bay Area
9qbsdp,Rest of Bay Area
9qbsdq,Rest of Bay Area
9qbsdr,Rest of Bay Area
9qbsds,Rest of Bay Area
9qbsdt,Rest of Bay Area
9qbsdu,Rest of Bay Area
9qbsdv,Rest of Bay Area
9qbsdw,Rest of Bay Area
9qbsdx,Rest of Bay Area
9qbsdy,Rest of Bay Area
9qbsdz,Rest of Bay Area
9qbse0,Rest of Bay Area
9qbse1,Rest of Bay Area
9qbse2,Rest of Bay Area
9qbse3,Rest of Bay Area
9qbse4,Rest of Bay Area
9qbse5,Rest of Bay Area
9qbse6,Rest of Bay Area
9qbse7,Rest of Bay Area
9qbse8,Rest of Bay Area
9qbse9,Rest of Bay Area
9qbseb,Rest of Bay Area
9qbsec,Rest of Bay Area
9qbsed,Rest of Bay Area
9qbsee,Rest of Bay Area
9qbsef,Rest of Bay Area
9qbseg,Rest of Bay Area
9qbseh,Rest of Bay Area
9qbsej,Rest of Bay Area
9qbsek,Rest of Bay Area
9qbsem,Rest of Bay Area
9qbsen,Rest of Bay Area
9qbsep,Rest of Bay Area
9qbseq,Rest of Bay Area
9qbser,Rest of Bay Area
9qbses,Rest of Bay Area
9qbset,Rest of Bay Area
9qbseu,Rest of Bay Area
9qbsev,Rest of Bay Area
9qbsew,Rest of Bay Area
9qbsex,Rest of Bay Area
9qbsey,Rest of Bay Area
9qbsez,Rest of Bay Area
9qbsf0,Rest of Bay Area
9qbsf1,Rest of Bay Area
9qbsf2,Rest of Bay Area
9qbsf3,Rest of Bay Area
9qbsf4,Rest of Bay Area
9qbsf5,Rest of Bay Area
9qbsf6,Rest of Bay Area
9qbsf7,Rest of Bay Area
9qbsf8,Rest of Bay Area
9qbsf9,Rest of Bay Area
9qbsfb,Rest of Bay Area
9qbsfc,Rest of Bay Area
9qbsfd,Rest of Bay Area
9qbsfe,Rest of Bay Area
9qbsff,Rest of Bay Area
9qbsfg,Rest of Bay Area
9qbsfh,Rest of Bay Area
9qbsfj,Rest of Bay Area
9qbsfk,Rest of Bay Area
9qbsfm,Rest of Bay Area
9qbsfn,Rest of Bay Area
9qbsfp,Rest of Bay Area
9qbsfq,Rest of Bay Area
9qbsfr,Rest of Bay Area
9qbsfs,Rest of Bay Area
9qbsft,Rest of Bay Area
9qbsfu,Rest of Bay Area
9qbsfv,Rest of Bay Area
9qbsfw,Rest of Bay Area
9qbsfx,Rest of Bay Area
9qbsfy,Rest of Bay Area
9qbsfz,Rest of Bay Area
9qbsg0,Rest of Bay Area
9qbsg1,Rest of Bay Area
9qbsg2,Rest of Bay Area
9qbsg3,Rest of Bay Area
9qbsg4,Rest of Bay Area
9qbsg5,Rest of Bay Area
9qbsg6,Rest of Bay Area
9qbsg7,Rest of Bay Area
9qbsg8,Rest of Bay Area
9qbsg9,Rest of Bay Area
9qbsgb,Rest of Bay Area
9qbsgc,Rest of Bay Area
9qbsgd,Rest of Bay Area
9qbsge,Rest of Bay Area
9qbsgf,Rest of Bay Area
9qbsgg,Rest of Bay Area
9qbsgh,Rest of Bay Area
9qbsgj,Rest of Bay Area
9qbsgk,Rest of Bay Area
9qbsgm,Rest of Bay Area
9qbsgn,Rest of Bay Area
9qbsgp,Rest of Bay Area
9qbsgq,Rest of Bay Area
9qbsgr,Rest of Bay Area
9qbsgs,Rest of Bay Area
9qbsgt,Rest of Bay Area
9qbsgu,Rest of Bay Area
9qbsgv,Rest of Bay Area
9qbsgw,Rest of Bay Area
9qbsgx,Rest of Bay Area
9qbsgy,Rest of Bay Area
9qbsgz,Rest of Bay Area
9qbsh0,Rest of Bay Area
9qbsh1,Rest of Bay Area
9qbsh2,Rest of Bay Area
9qbsh3,Rest of Bay Area
9qbsh4,Rest of Bay Area
9qbsh5,Rest of Bay Area
9qbsh6,Rest of Bay Area
9qbsh7,Rest of Bay Area
9qbsh8,Rest of Bay Area
9qbsh9,Rest of Bay Area
9qbshb,Rest of Bay Area
9qbshc,Rest of Bay Area
9qbshd,Rest of Bay Area
9qbshe,Rest of Bay Area
9qbshf,Rest of Bay Area
9qbshg,Rest of Bay Area
9qbshh,Rest of Bay Area
9qbshj,Rest of Bay Area
9qbshk,Rest of Bay Area
9qbshm,Rest of Bay Area
9qbshn,Rest of Bay Area
9qbshp,Rest of Bay Area
9qbshq,Rest of Bay Area
9qbshr,Rest of Bay Area
9qbshs,Rest of Bay Area
9qbsht,Rest of Bay Area
9qbshu,Rest of Bay Area
9qbshv,Rest of Bay Area
9qbshw,Rest of Bay Area
9qbshx,Rest of Bay Area
9qbshy,Rest of Bay Area
9qbshz,Rest of Bay Area
9qbsj0,Rest of Bay Area
9qbsj1,Rest of Bay Area
9qbsj2,Rest of Bay Area
9qbsj3,Rest of Bay Area
9qbsj4,Rest of Bay Area
9qbsj5,Rest of Bay Area
9qbsj6,Rest of Bay Area
9qbsj7,Rest of Bay Area
9qbsj8,Rest of Bay Area
9qbsj9,Rest of Bay Area
9qbsjb,Rest of Bay Area
9qbsjc,Rest of Bay Area
9qbsjd,Rest of Bay Area
9qbsje,Rest of Bay Area
9qbsjf,Rest of Bay Area
9qbsjg,Rest of Bay Area
9qbsjh,Rest of Bay Area
9qbsjj,Rest of Bay Area
9qbsjk,Rest of Bay Area
9qbsjm,Rest of Bay Area
9qbsjn,Rest of Bay Area
9qbsjp,Rest of Bay Area
9qbsjq,Rest of Bay Area
9qbsjr,Rest of Bay Area
9qbsjs,Rest of Bay Area
9qbsjt,Rest of Bay Area
9qbsju,Rest of Bay Area
9qbsjv,Rest of Bay Area
9qbsjw,Rest of Bay Area
9qbsjx,Rest of Bay Area
9qbsjy,Rest of Bay Area
9qbsjz,Rest of Bay Area
9qbsk0,Rest of Bay Area
9qbsk1,Rest of Bay Area
9qbsk2,Rest of Bay Area
9qbsk3,Rest of Bay Area
9qbsk4,Rest of Bay Area
9qbsk5,Rest of Bay Area
9qbsk6,Rest of Bay Area
9qbsk7,Rest of Bay Area
9qbsk8,Rest of Bay Area
9qbsk9,Rest of Bay Area
9qbskb,Rest of Bay Area
9qbskc,Rest of Bay Area
9qbskd,Rest of Bay Area
9qbske,Rest of Bay Area
9qbskf,Rest of Bay Area
9qbskg,Rest of Bay Area
9qbskh,Rest of Bay Area
9qbskj,Rest of Bay Area
9qbskk,Rest of Bay Area
9qbskm,Rest of Bay Area
9qbskn,Rest of Bay Area
9qbskp,Rest of Bay Area
9qbskq,Rest of Bay Area
9qbskr,Rest of Bay Area
9qbsks,Rest of Bay Area
9qbskt,Rest of Bay Area
9qbsku,Rest of Bay Area
9qbskv,Rest of Bay Area
9qbskw,Rest of Bay Area
9qbskx,Rest of Bay Area
9qbsky,Rest of Bay Area
9qbskz,Rest of Bay Area
9qbsm0,Rest of Bay Area
9qbsm1,Rest of Bay Area
9qbsm2,Rest of Bay Area
9qbsm3,Rest of Bay Area
9qbsm4,Rest of Bay Area
9qbsm5,Rest of Bay Area
9qbsm6,Rest of Bay Area
9qbsm7,Rest of Bay Area
9qbsm8,Rest of Bay Area
9qbsm9,Rest of Bay Area
9qbsmb,Rest of Bay Area
9qbsmc,Rest of Bay Area
9qbsmd,Rest of Bay Area
9qbsme,Rest of Bay Area
9qbsmf,Rest of Bay Area
9qbsmg,Rest of Bay Area
9qbsmh,Rest of Bay Area
9qbsmj,Rest of Bay Area
9qbsmk,Rest of Bay Area
9qbsmm,Rest of Bay Area
9qbsmn,Rest of Bay Area
9qbsmp,Rest of Bay Area
9qbsmq,Rest of Bay Area
9qbsmr,Rest of Bay Area
9qbsms,Rest of Bay Area
9qbsmt,Rest of Bay Area
9qbsmu,Rest of Bay Area
9qbsmv,Rest of Bay Area
9qbsmw,Rest of Bay Area
9qbsmx,Rest of Bay Area
9qbsmy,Rest of Bay Area
9qbsmz,Rest of Bay Area
9qbsn0,Rest of Bay Area
9qbsn1,Rest of Bay Area
9qbsn2,Rest of Bay Area
9qbsn3,Rest of Bay Area
9qbsn4,Rest of Bay Area
9qbsn5,Rest of Bay Area
9qbsn6,Rest of Bay Area
9qbsn7,Rest of Bay Area
9qbsn8,Rest of Bay Area
9qbsn9,Rest of Bay Area
9qbsnb,Rest of Bay Area
9qbsnc,Rest of Bay Area
9qbsnd,Rest of Bay Area
9qbsne,Rest of Bay Area
9qbsnf,Rest of Bay Area
9qbsng,Rest of Bay Area
9qbsnh,Rest of Bay Area
9qbsnj,Rest of Bay Area
9qbsnk,Rest of Bay Area
9qbsnm,Rest of Bay Area
9qbsnn,Rest of Bay Area
9qbsnp,Rest of Bay Area
9qbsnq,Rest of Bay Area
9qbsnr,Rest of Bay Area
9qbsns,Rest of Bay Area
9qbsnt,Rest of Bay Area
9qbsnu,Rest of Bay Area
9qbsnv,Rest of Bay Area
9qbsnw,Rest of Bay Area
9qbsnx,Rest of Bay Area
9qbsny,Rest of Bay Area
9qbsnz,Rest of Bay Area
9qbsp0,Rest of Bay Area
9qbsp1,Rest of Bay Area
9qbsp2,Rest of Bay Area
9qbsp3,Rest of Bay Area
9qbsp4,Rest of Bay Area
9qbsp5,Rest of Bay Area
9qbsp6,Rest of Bay Area
9qbsp7,Rest of Bay Area
9qbsp8,Rest of Bay Area
9qbsp9,Rest of Bay Area
9qbspb,Rest of Bay Area
9qbspc,Rest of Bay Area
9qbspd,Rest of Bay Area
9qbspe,Rest of Bay Area
9qbspf,Rest of Bay Area
9qbspg,Rest of Bay Area
9qbsph,Rest of Bay Area
9qbspj,Rest of Bay Area
9qbspk,Rest of Bay Area
9qbspm,Rest of Bay Area
9qbspn,Rest of Bay Area
9qbspp,Rest of Bay Area
9qbspq,Rest of Bay Area
9qbspr,Rest of Bay Area
9qbsps,Rest of Bay Area
9qbspt,Rest of Bay Area
9qbspu,Rest of Bay Area
9qbspv,Rest of Bay Area
9qbspw,Rest of Bay Area
9qbspx,Rest of Bay Area
9qbspy,Rest of Bay Area
9qbspz,Rest of Bay Area
9qbsq0,Rest of Bay Area
9qbsq1,Rest of Bay Area
9qbsq2,Rest of Bay Area
9qbsq3,Rest of Bay Area
9qbsq4,Rest of Bay Area
9qbsq5,Rest of Bay Area
9qbsq6,Rest of Bay Area
9qbsq7,Rest of Bay Area
9qbsq8,Rest of Bay Area
9qbsq9,Rest of Bay Area
9qbsqb,Rest of Bay Area
9qbsqc,Rest of Bay Area
9qbsqd,Rest of Bay Area
9qbsqe,Rest of Bay Area
9qbsqf,Rest of Bay Area
9qbsqg,Rest of Bay Area
9qbsqh,Rest of Bay Area
9qbsqj,Rest of Bay Area
9qbsqk,Rest of Bay Area
9qbsqm,Rest of Bay Area
9qbsqn,Rest of Bay Area
9qbsqp,Rest of Bay Area
9qbsqq,Rest of Bay Area
9qbsqr,Rest of Bay Area
9qbsqs,Rest of Bay Area
9qbsqt,Rest of Bay Area
9qbsqu,Rest of Bay Area
9qbsqv,Rest of Bay Area
9qbsqw,Rest of Bay Area
9qbsqx,Rest of Bay Area
9qbsqy,Rest of Bay Area
9qbsqz,Rest of Bay Area
9qbsr0,Rest of Bay Area
9qbsr1,Rest of Bay Area
9qbsr2,Rest of Bay Area
9qbsr3,Rest of Bay Area
9qbsr4,Rest of Bay Area
9qbsr5,Rest of Bay Area
9qbsr6,Rest of Bay Area
9qbsr7,Rest of Bay Area
9qbsr8,Rest of Bay Area
9qbsr9,Rest of Bay Area
9qbsrb,Rest of Bay Area
9qbsrc,Rest of Bay Area
9qbsrd,Rest of Bay Area
9qbsre,Rest of Bay Area
9qbsrf,Rest of Bay Area
9qbsrh,Rest of Bay Area
9qbsrj,Rest of Bay Area
9qbsrk,Rest of Bay Area
9qbsrm,Rest of Bay Area
9qbsrn,Rest of Bay Area
9qbsrp,Rest of Bay Area
9qbsrq,Rest of Bay Area
9qbsrr,Rest of Bay Area
9qbsrs,Rest of Bay Area
9qbsrt,Rest of Bay Area
9qbsrw,Rest of Bay Area
9qbss0,Rest of Bay Area
9qbss1,Rest of Bay Area
9qbss2,Rest of Bay Area
9qbss3,Rest of Bay Area
9qbss4,Rest of Bay Area
9qbss5,Rest of Bay Area
9qbss6,Rest of Bay Area
9qbss7,Rest of Bay Area
9qbss8,Rest of Bay Area
9qbss9,Rest of Bay Area
9qbssb,Rest of Bay Area
9qbssc,Rest of Bay Area
9qbssd,Rest of Bay Area
9qbsse,Rest of Bay Area
9qbssf,Rest of Bay Area
9qbssg,Rest of Bay Area
9qbssh,Rest of Bay Area
9qbssj,Rest of Bay Area
9qbssk,Rest of Bay Area
9qbssm,Rest of Bay Area
9qbssn,Rest of Bay Area
9qbssp,Rest of Bay Area
9qbssq,Rest of Bay Area
9qbssr,Rest of Bay Area
9qbsss,Rest of Bay Area
9qbsst,Rest of Bay Area
9qbssu,Rest of Bay Area
9qbssv,Rest of Bay Area
9qbssw,Rest of Bay Area
9qbssx,Rest of Bay Area
9qbssy,Rest of Bay Area
9qbssz,Rest of Bay Area
9qbst0,Rest of Bay Area
9qbst1,Rest of Bay Area
9qbst2,Rest of Bay Area
9qbst3,Rest of Bay Area
9qbst4,Rest of Bay Area
9qbst5,Rest of Bay Area
9qbst6,Rest of Bay Area
9qbst7,Rest of Bay Area
9qbst8,Rest of Bay Area
9qbst9,Rest of Bay Area
9qbstb,Rest of Bay Area
9qbstc,Rest of Bay Area
9qbstd,Rest of Bay Area
9qbste,Rest of Bay Area
9qbstf,Rest of Bay Area
9qbstg,Rest of Bay Area
9qbsth,Rest of Bay Area
9qbstj,Rest of Bay Area
9qbstk,Rest of Bay Area
9qbstm,Rest of Bay Area
9qbstn,Rest of Bay Area
9qbstp,Rest of Bay Area
9qbstq,Rest of Bay Area
9qbstr,Rest of Bay Area
9qbsts,Rest of Bay Area
9qbstt,Rest of Bay Area
9qbstu,Rest of Bay Area
9qbstv,Rest of Bay Area
9qbstw,Rest of Bay Area
9qbstx,Rest of Bay Area
9qbsty,Rest of Bay Area
9qbstz,Rest of Bay Area
9qbsu0,Rest of Bay Area
9qbsu1,Rest of Bay Area
9qbsu2,Rest of Bay Area
9qbsu3,Rest of Bay Area
9qbsu4,Rest of Bay Area
9qbsu5,Rest of Bay Area
9qbsu6,Rest of Bay Area
9qbsu7,Rest of Bay Area
9qbsu8,Rest of Bay Area
9qbsu9,Rest of Bay Area
9qbsub,Rest of Bay Area
9qbsuc,Rest of Bay Area
9qbsud,Rest of Bay Area
9qbsue,Rest of Bay Area
9qbsuf,Rest of Bay Area
9qbsug,Rest of Bay Area
9qbsuh,Rest of Bay Area
9qbsuj,Rest of Bay Area
9qbsuk,Rest of Bay Area
9qbsum,Rest of Bay Area
9qbsun,Rest of Bay Area
9qbsup,Rest of Bay Area
9qbsuq,Rest of Bay Area
9qbsur,Rest of Bay Area
9qbsus,Rest of Bay Area
9qbsut,Rest of Bay Area
9qbsuu,Rest of Bay Area
9qbsuv,Rest of Bay Area
9qbsuw,Rest of Bay Area
9qbsux,Rest of Bay Area
9qbsuy,Rest of Bay Area
9qbsuz,Rest of Bay Area
9qbsv0,Rest of Bay Area
9qbsv1,Rest of Bay Area
9qbsv2,Rest of Bay Area
9qbsv3,Rest of Bay Area
9qbsv4,Rest of Bay Area
9qbsv5,Rest of Bay Area
9qbsv6,Rest of Bay Area
9qbsv7,Rest of Bay Area
9qbsv8,Rest of Bay Area
9qbsv9,Rest of Bay Area
9qbsvb,Rest of Bay Area
9qbsvc,Rest of Bay Area
9qbsvd,Rest of Bay Area
9qbsve,Rest of Bay Area
9qbsvf,Rest of Bay Area
9qbsvg,Rest of Bay Area
9qbsvh,Rest of Bay Area
9qbsvj,Rest of Bay Area
9qbsvk,Rest of Bay Area
9qbsvm,Rest of Bay Area
9qbsvn,Rest of Bay Area
9qbsvp,Rest of Bay Area
9qbsvq,Rest of Bay Area
9qbsvr,Rest of Bay Area
9qbsvs,Rest of Bay Area
9qbsvt,Rest of Bay Area
9qbsvu,Rest of Bay Area
9qbsvv,Rest of Bay Area
9qbsvw,Rest of Bay Area
9qbsw0,Rest of Bay Area
9qbsw1,Rest of Bay Area
9qbsw2,Rest of Bay Area
9qbsw3,Rest of Bay Area
9qbsw4,Rest of Bay Area
9qbsw5,Rest of Bay Area
9qbsw6,Rest of Bay Area
9qbsw7,Rest of Bay Area
9qbsw8,Rest of Bay Area
9qbsw9,Rest of Bay Area
9qbswb,Rest of Bay Area
9qbswc,Rest of Bay Area
9qbswd,Rest of Bay Area
9qbswe,Rest of Bay Area
9qbswf,Rest of Bay Area
9qbswg,Rest of Bay Area
9qbswh,Rest of Bay Area
9qbswj,Rest of Bay Area
9qbswk,Rest of Bay Area
9qbswm,Rest of Bay Area
9qbswn,Rest of Bay Area
9qbswp,Rest of Bay Area
9qbswq,Rest of Bay Area
9qbswr,Rest of Bay Area
9qbsws,Rest of Bay Area
9qbswt,Rest of Bay Area
9qbswu,Rest of Bay Area
9qbswv,Rest of Bay Area
9qbsww,Rest of Bay Area
9qbswx,Rest of Bay Area
9qbswy,Rest of Bay Area
9qbswz,Rest of Bay Area
9qbsx0,Rest of Bay Area
9qbsx1,Rest of Bay Area
9qbsx2,Rest of Bay Area
9qbsx3,Rest of Bay Area
9qbsx4,Rest of Bay Area
9qbsx5,Rest of Bay Area
9qbsxh,Rest of Bay Area
9qbsy0,Rest of Bay Area
9qbsy1,Rest of Bay Area
9qbsy2,Rest of Bay Area
9qbsy3,Rest of Bay Area
9qbsy4,Rest of Bay Area
9qbsy5,Rest of Bay Area
9qbsy6,Rest of Bay Area
9qbsy7,Rest of Bay Area
9qbsy8,Rest of Bay Area
9qbsy9,Rest of Bay Area
9qbsyb,Rest of Bay Area
9qbsyh,Rest of Bay Area
9qbt00,Rest of Bay Area
9qbt02,Rest of Bay Area
9qbt08,Rest of Bay Area
9qbt0b,Rest of Bay Area
9qbt10,Rest of Bay Area
9qbt12,Rest of Bay Area
9qbt18,Rest of Bay Area
9qbt1b,Rest of Bay Area
9qbt40,Rest of Bay Area
9qbt42,Rest of Bay Area
9qbt48,Rest of Bay Area
9qbt4b,Rest of Bay Area
9qbt50,Rest of Bay Area
9qbt52,Rest of Bay Area
9qbt58,Rest of Bay Area
9qbt5b,Rest of Bay Area
9qbth0,Rest of Bay Area
9qbth2,Rest of Bay Area
9qbth8,Rest of Bay Area
9qbthb,Rest of Bay Area
9qbtj0,Rest of Bay Area
9qbu00,Rest of Bay Area
9qbu01,Rest of Bay Area
9qbu02,Rest of Bay Area
9qbu03,Rest of Bay Area
9qbu04,Rest of Bay Area
9qbu05,Rest of Bay Area
9qbu06,Rest of Bay Area
9qbu07,Rest of Bay Area
9qbu08,Rest of Bay Area
9qbu09,Rest of Bay Area
9qbu0b,Rest of Bay Area
9qbu0c,Rest of Bay Area
9qbu0d,Rest of Bay Area
9qbu0e,Rest of Bay Area
9qbu0f,Rest of Bay Area
9qbu0g,Rest of Bay Area
9qbu0h,Rest of Bay Area
9qbu0j,Rest of Bay Area
9qbu0k,Rest of Bay Area
9qbu0m,Rest of Bay Area
9qbu0n,Rest of Bay Area
9qbu0p,Rest of Bay Area
9qbu0q,Rest of Bay Area
9qbu0s,Rest of Bay Area
9qbu0t,Rest of Bay Area
9qbu0u,Rest of Bay Area
9qbu0v,Rest of Bay Area
9qbu0w,Rest of Bay Area
9qbu0y,Rest of Bay Area
9qbu10,Rest of Bay Area
9qbu11,Rest of Bay Area
9qbu12,Rest of Bay Area
9qbu13,Rest of Bay Area
9qbu14,Rest of Bay Area
9qbu15,Rest of Bay Area
9qbu16,Rest of Bay Area
9qbu17,Rest of Bay Area
9qbu18,Rest of Bay Area
9qbu19,Rest of Bay Area
9qbu1b,Rest of Bay Area
9qbu1h,Rest of Bay Area
9qbu1j,Rest of Bay Area
9qbu1k,Rest of Bay Area
9qbu1n,Rest of Bay Area
9qbu40,Rest of Bay Area
9qbu41,Rest of Bay Area
9qbu42,Rest of Bay Area
9qbu43,Rest of Bay Area
9qbu48,Rest of Bay Area
9qbu49,Rest of Bay Area
9qbu4b,Rest of Bay Area
9qbu4c,Rest of Bay Area
9qbu4f,Rest of Bay Area
9qbu50,Rest of Bay Area
9qbu51,Rest of Bay Area
9qbu52,Rest of Bay Area
9qbu53,Rest of Bay Area
9qbu54,Rest of Bay Area
9qbu56,Rest of Bay Area
9qbu57,Rest of Bay Area
9qbu58,Rest of Bay Area
9qbu59,Rest of Bay Area
9qbu5b,Rest of Bay Area
9qbu5c,Rest of Bay Area
9qbu5d,Rest of Bay Area
9qbu5e,Rest of Bay Area
9qbu5f,Rest of Bay Area
9qbu5g,Rest of Bay Area
9qbu5u,Rest of Bay Area
9qbuh0,Rest of Bay Area
9qbuh1,Rest of Bay Area
9qbuh2,Rest of Bay Area
9qbuh3,Rest of Bay Area
9qbuh4,Rest of Bay Area
9qbuh5,Rest of Bay Area
9qbuh6,Rest of Bay Area
9qbuh7,Rest of Bay Area
9qbuh8,Rest of Bay Area
9qbuh9,Rest of Bay Area
9qbuhb,Rest of Bay Area
9qbuhc,Rest of Bay Area
9qbuhd,Rest of Bay Area
9qbuhe,Rest of Bay Area
9qbuhf,Rest of Bay Area
9qbuhg,Rest of Bay Area
9qbuhh,Rest of Bay Area
9qbuhk,Rest of Bay Area
9qbuhs,Rest of Bay Area
9qbuht,Rest of Bay Area
9qbuhu,Rest of Bay Area
9qbuhv,Rest of Bay Area
9qbuj0,Rest of Bay Area
9qbuj1,Rest of Bay Area
9qbuj2,Rest of Bay Area
9qbuj3,Rest of Bay Area
9qbuj4,Rest of Bay Area
9qbuj5,Rest of Bay Area
9qbuj6,Rest of Bay Area
9qbuj7,Rest of Bay Area
9qbuj8,Rest of Bay Area
9qbuj9,Rest of Bay Area
9qbujb,Rest of Bay Area
9qbujc,Rest of Bay Area
9qbujd,Rest of Bay Area
9qbuje,Rest of Bay Area
9qbujf,Rest of Bay Area
9qbujg,Rest of Bay Area
9qbujh,Rest of Bay Area
9qbujj,Rest of Bay Area
9qbujk,Rest of Bay Area
9qbujm,Rest of Bay Area
9qbujn,Rest of Bay Area
9qbujq,Rest of Bay Area
9qbujr,Rest of Bay Area
9qbujs,Rest of Bay Area
9qbujt,Rest of Bay Area
9qbuju,Rest of Bay Area
9qbujv,Rest of Bay Area
9qbujw,Rest of Bay Area
9qbujx,Rest of Bay Area
9qbujy,Rest of Bay Area
9qbujz,Rest of Bay Area
9qbum2,Rest of Bay Area
9qbum8,Rest of Bay Area
9qbum9,Rest of Bay Area
9qbumb,Rest of Bay Area
9qbumc,Rest of Bay Area
9qbumd,Rest of Bay Area
9qbume,Rest of Bay Area
9qbumf,Rest of Bay Area
9qbumg,Rest of Bay Area
9qbumu,Rest of Bay Area
9qbumv,Rest of Bay Area
9qbun0,Rest of Bay Area
9qbun1,Rest of Bay Area
9qbun2,Rest of Bay Area
9qbun3,Rest of Bay Area
9qbun4,Rest of Bay Area
9qbun5,Rest of Bay Area
9qbun6,Rest of Bay Area
9qbun7,Rest of Bay Area
9qbun8,Rest of Bay Area
9qbun9,Rest of Bay Area
9qbunb,Rest of Bay Area
9qbunc,Rest of Bay Area
9qbund,Rest of Bay Area
9qbune,Rest of Bay Area
9qbunf,Rest of Bay Area
9qbung,Rest of Bay Area
9qbunh,Rest of Bay Area
9qbunj,Rest of Bay Area
9qbunk,Rest of Bay Area
9qbunm,Rest of Bay Area
9qbunn,Rest of Bay Area
9qbunp,Rest of Bay Area
9qbunq,Rest of Bay Area
9qbunr,Rest of Bay Area
9qbuns,Rest of Bay Area
9qbunt,Rest of Bay Area
9qbunu,Rest of Bay Area
9qbunv,Rest of Bay Area
9qbunw,Rest of Bay Area
9qbunx,Rest of Bay Area
9qbuny,Rest of Bay Area
9qbunz,Rest of Bay Area
9qbup0,Rest of Bay Area
9qbup1,Rest of Bay Area
9qbup2,Rest of Bay Area
9qbup3,Rest of Bay Area
9qbup4,Rest of Bay Area
9qbup5,Rest of Bay Area
9qbup6,Rest of Bay Area
9qbup7,Rest of Bay Area
9qbup8,Rest of Bay Area
9qbup9,Rest of Bay Area
9qbupb,Rest of Bay Area
9qbupc,Rest of Bay Area
9qbupd,Rest of Bay Area
9qbupe,Rest of Bay Area
9qbupf,Rest of Bay Area
9qbupg,Rest of Bay Area
9qbuph,Rest of Bay Area
9qbupj,Rest of Bay Area
9qbupk,Rest of Bay Area
9qbupm,Rest of Bay Area
9qbupn,Rest of Bay Area
9qbupp,Rest of Bay Area
9qbupq,Rest of Bay Area
9qbupr,Rest of Bay Area
9qbups,Rest of Bay Area
9qbupt,Rest of Bay Area
9qbupu,Rest of Bay Area
9qbupv,Rest of Bay Area
9qbupw,Rest of Bay Area
9qbupx,Rest of Bay Area
9qbupy,Rest of Bay Area
9qbupz,Rest of Bay Area
9qbuq0,Rest of Bay Area
9qbuq1,Rest of Bay Area
9qbuq2,Rest of Bay Area
9qbuq3,Rest of Bay Area
9qbuq4,Rest of Bay Area
9qbuq5,Rest of Bay Area
9qbuq6,Rest of Bay Area
9qbuq7,Rest of Bay Area
9qbuq8,Rest of Bay Area
9qbuq9,Rest of Bay Area
9qbuqb,Rest of Bay Area
9qbuqc,Rest of Bay Area
9qbuqd,Rest of Bay Area
9qbuqe,Rest of Bay Area
9qbuqf,Rest of Bay Area
9qbuqg,Rest of Bay Area
9qbuqh,Rest of Bay Area
9qbuqj,Rest of Bay Area
9qbuqk,Rest of Bay Area
9qbuqm,Rest of Bay Area
9qbuqn,Rest of Bay Area
9qbuqp,Rest of Bay Area
9qbuqq,Rest of Bay Area
9qbuqr,Rest of Bay Area
9qbuqs,Rest of Bay Area
9qbuqt,Rest of Bay Area
9qbuqu,Rest of Bay Area
9qbuqv,Rest of Bay Area
9qbuqw,Rest of Bay Area
9qbuqx,Rest of Bay Area
9qbuqy,Rest of Bay Area
9qbuqz,Rest of Bay Area
9qbur0,Rest of Bay Area
9qbur1,Rest of Bay Area
9qbur2,Rest of Bay Area
9qbur3,Rest of Bay Area
9qbur4,Rest of Bay Area
9qbur5,Rest of Bay Area
9qbur6,Rest of Bay Area
9qbur7,Rest of Bay Area
9qbur8,Rest of Bay Area
9qbur9,Rest of Bay Area
9qburb,Rest of Bay Area
9qburc,Rest of Bay Area
9qburd,Rest of Bay Area
9qbure,Rest of Bay Area
9qburf,Rest of Bay Area
9qburg,Rest of Bay Area
9qburh,Rest of Bay Area
9qburj,Rest of Bay Area
9qburk,Rest of Bay Area
9qburm,Rest of Bay Area
9qburn,Rest of Bay Area
9qburp,Rest of Bay Area
9qburq,Rest of Bay Area
9qburr,Rest of Bay Area
9qburs,Rest of Bay Area
9qburt,Rest of Bay Area
9qburu,Rest of Bay Area
9qburv,Rest of Bay Area
9qburw,Rest of Bay Area
9qburx,Rest of Bay Area
9qbury,Rest of Bay Area
9qburz,Rest of Bay Area
9qbuw0,Rest of Bay Area
9qbuw2,Rest of Bay Area
9qbuw3,Rest of Bay Area
9qbuw6,Rest of Bay Area
9qbuw8,Rest of Bay Area
9qbuw9,Rest of Bay Area
9qbuwb,Rest of Bay Area
9qbuwc,Rest of Bay Area
9qbuwd,Rest of Bay Area
9qbuwe,Rest of Bay Area
9qbuwf,Rest of Bay Area
9qbuwg,Rest of Bay Area
9qbuwk,Rest of Bay Area
9qbuwm,Rest of Bay Area
9qbuws,Rest of Bay Area
9qbuwt,Rest of Bay Area
9qbuwu,Rest of Bay Area
9qbuwv,Rest of Bay Area
9qbuww,Rest of Bay Area
9qbuwx,Rest of Bay Area
9qbuwy,Rest of Bay Area
9qbuwz,Rest of Bay Area
9qbux0,Rest of Bay Area
9qbux1,Rest of Bay Area
9qbux2,Rest of Bay Area
9qbux3,Rest of Bay Area
9qbux4,Rest of Bay Area
9qbux5,Rest of Bay Area
9qbux6,Rest of Bay Area
9qbux7,Rest of Bay Area
9qbux8,Rest of Bay Area
9qbux9,Rest of Bay Area
9qbuxb,Rest of Bay Area
9qbuxc,Rest of Bay Area
9qbuxd,Rest of Bay Area
9qbuxe,Rest of Bay Area
9qbuxf,Rest of Bay Area
9qbuxg,Rest of Bay Area
9qbuxh,Rest of Bay Area
9qbuxj,Rest of Bay Area
9qbuxk,Rest of Bay Area
9qbuxm,Rest of Bay Area
9qbuxn,Rest of Bay Area
9qbuxp,Rest of Bay Area
9qbuxq,Rest of Bay Area
9qbuxr,Rest of Bay Area
9qbuxs,Rest of Bay Area
9qbuxt,Rest of Bay Area
9qbuxu,Rest of Bay Area
9qbuxv,Rest of Bay Area
9qbuxw,Rest of Bay Area
9qbuxx,Rest of Bay Area
9qbuxy,Rest of Bay Area
9qbuxz,Rest of Bay Area
9qbuy8,Rest of Bay Area
9qbuyb,Rest of Bay Area
9qbuyy,Rest of Bay Area
9qbuyz,Rest of Bay Area
9qbuz0,Rest of Bay Area
9qbuz2,Rest of Bay Area
9qbuz3,Rest of Bay Area
9qbuz5,Rest of Bay Area
9qbuz6,Rest of Bay Area
9qbuz7,Rest of Bay Area
9qbuz8,Rest of Bay Area
9qbuz9,Rest of Bay Area
9qbuzb,Rest of Bay Area
9qbuzc,Rest of Bay Area
9qbuzd,Rest of Bay Area
9qbuze,Rest of Bay Area
9qbuzf,Rest of Bay Area
9qbuzg,Rest of Bay Area
9qbuzh,Rest of Bay Area
9qbuzj,Rest of Bay Area
9qbuzk,Rest of Bay Area
9qbuzm,Rest of Bay Area
9qbuzn,Rest of Bay Area
9qbuzp,Rest of Bay Area
9qbuzq,Rest of Bay Area
9qbuzr,Rest of Bay Area
9qbuzs,Rest of Bay Area
9qbuzt,Rest of Bay Area
9qbuzu,Rest of Bay Area
9qbuzv,Rest of Bay Area
9qbuzw,Rest of Bay Area
9qbuzx,Rest of Bay Area
9qbuzy,Rest of Bay Area
9qbvn8,Rest of Bay Area
9qbvn9,Rest of Bay Area
9qbvnb,Rest of Bay Area
9qbvnc,Rest of Bay Area
9qbvnd,Rest of Bay Area
9qbvnf,Rest of Bay Area
9qbvng,Rest of Bay Area
9qbvp0,Rest of Bay Area
9qbvp1,Rest of Bay Area
9qbvp2,Rest of Bay Area
9qc000,Rest of East Bay
9qc001,Rest of East Bay
9qc002,Rest of East Bay
9qc003,Rest of East Bay
9qc004,Rest of East Bay
9qc005,Rest of East Bay
9qc006,Rest of East Bay
9qc007,Rest of East Bay
9qc008,Rest of East Bay
9qc009,Rest of East Bay
9qc00b,Rest of East Bay
9qc00c,Rest of East Bay
9qc00d,Rest of East Bay
9qc00e,Rest of East Bay
9qc00f,Rest of East Bay
9qc00g,Rest of East Bay
9qc00h,Rest of East Bay
9qc00j,Rest of East Bay
9qc00k,Rest of East Bay
9qc00m,Rest of East Bay
9qc00n,Rest of East Bay
9qc00q,Rest of East Bay
9qc00s,Rest of East Bay
9qc00t,Rest of East Bay
9qc00u,Rest of East Bay
9qc00v,Rest of East Bay
9qc00w,Rest of East Bay
9qc00x,Rest of East Bay
9qc00y,Rest of East Bay
9qc00z,Rest of East Bay
9qc010,Rest of East Bay
9qc011,Rest of East Bay
9qc012,Rest of East Bay
9qc013,Rest of East Bay
9qc014,Rest of East Bay
9qc015,Rest of East Bay
9qc016,Rest of East Bay
9qc017,Rest of East Bay
9qc018,Rest of East Bay
9qc019,Rest of East Bay
9qc01b,Rest of East Bay
9qc01c,Rest of East Bay
9qc01d,Rest of East Bay
9qc01e,Rest of East Bay
9qc01f,Rest of East Bay
9qc01g,Rest of East Bay
9qc01h,Rest of East Bay
9qc01j,Rest of East Bay
9qc01k,Rest of East Bay
9qc01m,Rest of East Bay
9qc01n,Rest of East Bay
9qc01p,Rest of East Bay
9qc01q,Rest of East Bay
9qc01r,Rest of East Bay
9qc01s,Rest of East Bay
9qc01t,Rest of East Bay
9qc01u,Rest of East Bay
9qc01v,Rest of East Bay
9qc01w,Rest of East Bay
9qc01x,Rest of East Bay
9qc01y,Rest of East Bay
9qc01z,Rest of East Bay
9qc030,Rest of East Bay
9qc031,Rest of East Bay
9qc032,Rest of East Bay
9qc033,Rest of East Bay
9qc036,Rest of East Bay
9qc038,Rest of East Bay
9qc039,Rest of East Bay
9qc03b,Rest of East Bay
9qc03c,Rest of East Bay
9qc03d,Rest of East Bay
9qc03e,Rest of East Bay
9qc03f,Rest of East Bay
9qc03g,Rest of East Bay
9qc03s,Rest of East Bay
9qc03t,Rest of East Bay
9qc03u,Rest of East Bay
9qc03v,Rest of East Bay
9qc03y,Rest of East Bay
9qc03z,Rest of East Bay
9qc040,Rest of East Bay
9qc041,Rest of East Bay
9qc042,Rest of East Bay
9qc043,Rest of East Bay
9qc044,Rest of East Bay
9qc045,Rest of East Bay
9qc046,Rest of East Bay
9qc047,Rest of East Bay
9qc048,Rest of East Bay
9qc049,Rest of East Bay
9qc04b,Rest of East Bay
9qc04c,Rest of East Bay
9qc04d,Rest of East Bay
9qc04e,Rest of East Bay
9qc04f,Rest of East Bay
9qc04g,Rest of East Bay
9qc04h,Rest of East Bay
9qc04j,Rest of East Bay
9qc04k,Rest of East Bay
9qc04m,Rest of East Bay
9qc04n,Rest of East Bay
9qc04p,Rest of East Bay
9qc04q,Rest of East Bay
9qc04r,Rest of East Bay
9qc04s,Rest of East Bay
9qc04t,Rest of East Bay
9qc04u,Rest of East Bay
9qc04v,Rest of East Bay
9qc04w,Rest of East Bay
9qc04x,Rest of East Bay
9qc04y,Rest of East Bay
9qc04z,Rest of East Bay
9qc050,Rest of East Bay
9qc051,Rest of East Bay
9qc052,Rest of East Bay
9qc053,Rest of East Bay
9qc054,Rest of East Bay
9qc055,Rest of East Bay
9qc056,Rest of East Bay
9qc057,Rest of East Bay
9qc058,Rest of East Bay
9qc059,Rest of East Bay
9qc05b,Rest of East Bay
9qc05c,Rest of East Bay
9qc05d,Rest of East Bay
9qc05e,Rest of East Bay
9qc05f,Rest of East Bay
9qc05g,Rest of East Bay
9qc05h,Rest of East Bay
9qc05j,Rest of East Bay
9qc05k,Rest of East Bay
9qc05m,Rest of East Bay
9qc05n,Rest of East Bay
9qc05p,Rest of East Bay
9qc05q,Rest of East Bay
9qc05r,Rest of East Bay
9qc05s,Rest of East Bay
9qc05t,Rest of East Bay
9qc05u,Rest of East Bay
9qc05v,Rest of East Bay
9qc05w,Rest of East Bay
9qc05x,Rest of East Bay
9qc05y,Rest of East Bay
9qc05z,Rest of East Bay
9qc060,Rest of East Bay
9qc061,Rest of East Bay
9qc062,Rest of East Bay
9qc063,Rest of East Bay
9qc064,Rest of East Bay
9qc065,Rest of East Bay
9qc066,Rest of East Bay
9qc067,Rest of East Bay
9qc068,Rest of East Bay
9qc069,Rest of East Bay
9qc06b,Rest of East Bay
9qc06c,Rest of East Bay
9qc06d,Rest of East Bay
9qc06e,Rest of East Bay
9qc06f,Rest of East Bay
9qc06g,Rest of East Bay
9qc06h,Rest of East Bay
9qc06j,Rest of East Bay
9qc06k,Rest of East Bay
9qc06m,Rest of East Bay
9qc06n,Rest of East Bay
9qc06p,Rest of East Bay
9qc06q,Rest of East Bay
9qc06r,Rest of East Bay
9qc06s,Rest of East Bay
9qc06t,Rest of East Bay
9qc06u,Rest of East Bay
9qc06v,Rest of East Bay
9qc06w,Rest of East Bay
9qc06x,Rest of East Bay
9qc06y,Rest of East Bay
9qc06z,Rest of East Bay
9qc070,Rest of East Bay
9qc071,Rest of East Bay
9qc072,Rest of East Bay
9qc073,Rest of East Bay
9qc074,Rest of East Bay
9qc075,Rest of East Bay
9qc076,Rest of East Bay
9qc077,Rest of East Bay
9qc078,Rest of East Bay
9qc079,Rest of East Bay
9qc07b,Rest of East Bay
9qc07c,Rest of East Bay
9qc07d,Rest of East Bay
9qc07e,Rest of East Bay
9qc07f,Rest of East Bay
9qc07g,Rest of East Bay
9qc07h,Rest of East Bay
9qc07j,Rest of East Bay
9qc07k,Rest of East Bay
9qc07m,Rest of East Bay
9qc07n,Rest of East Bay
9qc07p,Rest of East Bay
9qc07q,Rest of East Bay
9qc07r,Rest of East Bay
9qc07s,Rest of East Bay
9qc07t,Rest of East Bay
9qc07u,Rest of East Bay
9qc07v,Rest of East Bay
9qc07w,Rest of East Bay
9qc07x,Rest of East Bay
9qc07z,Rest of Bay Area
9qc097,Rest of Bay Area
9qc099,Rest of Bay Area
9qc09c,Rest of Bay Area
9qc09d,Rest of Bay Area
9qc09e,Rest of Bay Area
9qc09f,Rest of Bay Area
9qc09g,Rest of Bay Area
9qc09j,Rest of Bay Area
9qc09k,Rest of Bay Area
9qc09m,Rest of Bay Area
9qc09n,Rest of Bay Area
9qc09p,Rest of Bay Area
9qc09q,Rest of Bay Area
9qc09r,Rest of Bay Area
9qc09s,Rest of Bay Area
9qc09t,Rest of Bay Area
9qc09u,Rest of Bay Area
9qc09v,Rest of Bay Area
9qc09w,Rest of Bay Area
9qc09x,Rest of Bay Area
9qc09y,Rest of Bay Area
9qc09z,Rest of Bay Area
9qc0b5,Rest of Bay Area
9qc0b6,Rest of Bay Area
9qc0b7,Rest of Bay Area
9qc0b9,Rest of Bay Area
9qc0bb,Rest of Bay Area
9qc0bc,Rest of Bay Area
9qc0bd,Rest of Bay Area
9qc0be,Rest of Bay Area
9qc0bf,Rest of Bay Area
9qc0bg,Rest of Bay Area
9qc0bh,Rest of Bay Area
9qc0bj,Rest of Bay Area
9qc0bk,Rest of Bay Area
9qc0bm,Rest of Bay Area
9qc0bn,Rest of Bay Area
9qc0bp,Rest of Bay Area
9qc0bq,Rest of Bay Area
9qc0br,Rest of Bay Area
9qc0bs,Rest of Bay Area
9qc0bt,Rest of Bay Area
9qc0bu,Rest of Bay Area
9qc0bv,Rest of Bay Area
9qc0bw,Rest of Bay Area
9qc0bx,Rest of Bay Area
9qc0by,Rest of Bay Area
9qc0bz,Rest of Bay Area
9qc0c0,Rest of Bay Area
9qc0c1,Rest of Bay Area
9qc0c2,Rest of Bay Area
9qc0c3,Rest of Bay Area
9qc0c4,Rest of Bay Area
9qc0c5,Rest of Bay Area
9qc0c6,Rest of Bay Area
9qc0c7,Rest of Bay Area
9qc0c8,Rest of Bay Area
9qc0c9,Rest of Bay Area
9qc0cb,Rest of Bay Area
9qc0cc,Rest of Bay Area
9qc0cd,Rest of Bay Area
9qc0ce,Rest of Bay Area
9qc0cf,Rest of Bay Area
9qc0cg,Rest of Bay Area
9qc0ch,Rest of Bay Area
9qc0cj,Rest of Bay Area
9qc0ck,Rest of Bay Area
9qc0cm,Rest of Bay Area
9qc0cn,Rest of Bay Area
9qc0cp,Rest of Bay Area
9qc0cq,Rest of Bay Area
9qc0cr,Rest of Bay Area
9qc0cs,Rest of Bay Area
9qc0ct,Rest of Bay Area
9qc0cu,Rest of Bay Area
9qc0cv,Rest of Bay Area
9qc0cw,Rest of Bay Area
9qc0cx,Rest of Bay Area
9qc0cy,Rest of Bay Area
9qc0cz,Rest of Bay Area
9qc0d0,Rest of East Bay
9qc0d2,Rest of East Bay
9qc0d4,Rest of Bay Area
9qc0d5,Rest of Bay Area
9qc0d6,Rest of Bay Area
9qc0d7,Rest of Bay Area
9qc0d8,Rest of East Bay
9qc0d9,Rest of Bay Area
9qc0db,Rest of East Bay
9qc0dc,Rest of Bay Area
9qc0dd,Rest of Bay Area
9qc0de,Rest of Bay Area
9qc0df,Rest of Bay Area
9qc0dg,Rest of Bay Area
9qc0dh,Rest of Bay Area
9qc0dj,Rest of Bay Area
9qc0dk,Rest of Bay Area
9qc0dm,Rest of Bay Area
9qc0dn,Rest of Bay Area
9qc0dp,Rest of Bay Area
9qc0dq,Rest of Bay Area
9qc0dr,Rest of Bay Area
9qc0ds,Rest of Bay Area
9qc0dt,Rest of Bay Area
9qc0du,Rest of Bay Area
9qc0dv,Rest of Bay Area
9qc0dw,Rest of Bay Area
9qc0dx,Rest of Bay Area
9qc0dy,Rest of Bay Area
9qc0dz,Rest of Bay Area
9qc0e0,Rest of Bay Area
9qc0e1,Rest of Bay Area
9qc0e2,Rest of Bay Area
9qc0e3,Rest of Bay Area
9qc0e4,Rest of Bay Area
9qc0e5,Rest of Bay Area
9qc0e6,Rest of Bay Area
9qc0e7,Rest of Bay Area
9qc0e8,Rest of Bay Area
9qc0e9,Rest of Bay Area
9qc0eb,Rest of Bay Area
9qc0ec,Rest of Bay Area
9qc0ed,Rest of Bay Area
9qc0ee,Rest of Bay Area
9qc0ef,Rest of Bay Area
9qc0eg,Rest of Bay Area
9qc0eh,Rest of Bay Area
9qc0ej,Rest of Bay Area
9qc0ek,Rest of Bay Area
9qc0em,Rest of Bay Area
9qc0en,Rest of Bay Area
9qc0ep,Rest of Bay Area
9qc0eq,Rest of Bay Area
9qc0er,Rest of Bay Area
9qc0es,Rest of Bay Area
9qc0et,Rest of Bay Area
9qc0eu,Rest of Bay Area
9qc0ev,Rest of Bay Area
9qc0ew,Rest of Bay Area
9qc0ex,Rest of Bay Area
9qc0ey,Rest of Bay Area
9qc0ez,Rest of Bay Area
9qc0f0,Rest of Bay Area
9qc0f1,Rest of Bay Area
9qc0f2,Rest of Bay Area
9qc0f3,Rest of Bay Area
9qc0f4,Rest of Bay Area
9qc0f5,Rest of Bay Area
9qc0f6,Rest of Bay Area
9qc0f7,Rest of Bay Area
9qc0f8,Rest of Bay Area
9qc0f9,Rest of Bay Area
9qc0fb,Rest of Bay Area
9qc0fc,Rest of Bay Area
9qc0fd,Rest of Bay Area
9qc0fe,Rest of Bay Area
9qc0ff,Rest of Bay Area
9qc0fg,Rest of Bay Area
9qc0fh,Rest of Bay Area
9qc0fj,Rest of Bay Area
9qc0fk,Rest of Bay Area
9qc0fm,Rest of Bay Area
9qc0fn,Rest of Bay Area
9qc0fp,Rest of Bay Area
9qc0fq,Rest of Bay Area
9qc0fr,Rest of Bay Area
9qc0fs,Rest of Bay Area
9qc0ft,Rest of Bay Area
9qc0fu,Rest of Bay Area
9qc0fv,Rest of Bay Area
9qc0fw,Rest of Bay Area
9qc0fx,Rest of Bay Area
9qc0fy,Rest of Bay Area
9qc0fz,Rest of Bay Area
9qc0g0,Rest of Bay Area
9qc0g1,Rest of Bay Area
9qc0g2,Rest of Bay Area
9qc0g3,Rest of Bay Area
9qc0g4,Rest of Bay Area
9qc0g5,Rest of Bay Area
9qc0g6,Rest of Bay Area
9qc0g7,Rest of Bay Area
9qc0g8,Rest of Bay Area
9qc0g9,Rest of Bay Area
9qc0gb,Rest of Bay Area
9qc0gc,Rest of Bay Area
9qc0gd,Rest of Bay Area
9qc0ge,Rest of Bay Area
9qc0gf,Rest of Bay Area
9qc0gg,Rest of Bay Area
9qc0gh,Rest of Bay Area
9qc0gj,Rest of Bay Area
9qc0gk,Rest of Bay Area
9qc0gm,Rest of Bay Area
9qc0gn,Rest of Bay Area
9qc0gp,Rest of Bay Area
9qc0gq,Rest of Bay Area
9qc0gr,Rest of Bay Area
9qc0gs,Rest of Bay Area
9qc0gt,Rest of Bay Area
9qc0gu,Rest of Bay Area
9qc0gv,Rest of Bay Area
9qc0gw,Rest of Bay Area
9qc0gx,Rest of Bay Area
9qc0gy,Rest of Bay Area
9qc0gz,Rest of Bay Area
9qc0h0,Rest of East Bay
9qc0h1,Rest of East Bay
9qc0h2,Rest of East Bay
9qc0h3,Rest of East Bay
9qc0h4,Rest of East Bay
9qc0h5,Rest of East Bay
9qc0h6,Rest of East Bay
9qc0h7,Rest of East Bay
9qc0h8,Rest of East Bay
9qc0h9,Rest of East Bay
9qc0hb,Rest of East Bay
9qc0hc,Rest of East Bay
9qc0hd,Rest of East Bay
9qc0he,Rest of East Bay
9qc0hf,Rest of East Bay
9qc0hg,Rest of East Bay
9qc0hh,Rest of East Bay
9qc0hj,Rest of East Bay
9qc0hk,Rest of East Bay
9qc0hm,Rest of East Bay
9qc0hn,Rest of East Bay
9qc0hp,Rest of East Bay
9qc0hq,Rest of East Bay
9qc0hr,Rest of East Bay
9qc0hs,Rest of East Bay
9qc0ht,Rest of East Bay
9qc0hu,Rest of East Bay
9qc0hv,Rest of East Bay
9qc0hw,Rest of East Bay
9qc0hx,Rest of East Bay
9qc0hy,Rest of East Bay
9qc0hz,Rest of East Bay
9qc0j0,Rest of East Bay
9qc0j1,Rest of East Bay
9qc0j2,Rest of East Bay
9qc0j3,Rest of East Bay
9qc0j4,Rest of East Bay
9qc0j5,Rest of East Bay
9qc0j6,Rest of East Bay
9qc0j7,Rest of East Bay
9qc0j8,Rest of East Bay
9qc0j9,Rest of East Bay
9qc0jb,Rest of East Bay
9qc0jc,Rest of East Bay
9qc0jd,Rest of East Bay
9qc0je,Rest of East Bay
9qc0jf,Rest of East Bay
9qc0jg,Rest of East Bay
9qc0jh,Rest of East Bay
9qc0jj,Rest of East Bay
9qc0jk,Rest of East Bay
9qc0jm,Rest of East Bay
9qc0jn,Rest of East Bay
9qc0jp,Rest of East Bay
9qc0jq,Rest of East Bay
9qc0jr,Rest of East Bay
9qc0js,Rest of East Bay
9qc0jt,Rest of East Bay
9qc0ju,Rest of East Bay
9qc0jv,Rest of East Bay
9qc0jw,Rest of East Bay
9qc0jx,Rest of East Bay
9qc0jy,Rest of East Bay
9qc0jz,Rest of East Bay
9qc0k0,Rest of East Bay
9qc0k1,Rest of East Bay
9qc0k2,Rest of East Bay
9qc0k3,Rest of East Bay
9qc0k4,Rest of East Bay
9qc0k6,Rest of East Bay
9qc0k8,Rest of East Bay
9qc0k9,Rest of East Bay
9qc0kb,Rest of East Bay
9qc0kc,Rest of East Bay
9qc0kd,Rest of East Bay
9qc0kf,Rest of East Bay
9qc0kg,Rest of East Bay
9qc0kj,Rest of Bay Area
9qc0km,Rest of Bay Area
9qc0kn,Rest of Bay Area
9qc0kp,Rest of Bay Area
9qc0kq,Rest of Bay Area
9qc0kr,Rest of Bay Area
9qc0kt,Rest of Bay Area
9qc0kv,Rest of Bay Area
9qc0kw,Rest of Bay Area
9qc0kx,Rest of Bay Area
9qc0ky,Rest of Bay Area
9qc0kz,Rest of Bay Area
9qc0m0,Rest of East Bay
9qc0m1,Rest of East Bay
9qc0m2,Rest of East Bay
9qc0m3,Rest of East Bay
9qc0m4,Rest of East Bay
9qc0m5,Rest of East Bay
9qc0m6,Rest of East Bay
9qc0m7,Rest of East Bay
9qc0m8,Rest of East Bay
9qc0m9,Rest of East Bay
9qc0mb,Rest of East Bay
9qc0mc,Rest of East Bay
9qc0md,Rest of East Bay
9qc0me,Rest of East Bay
9qc0mf,Rest of East Bay
9qc0mg,Rest of East Bay
9qc0mh,Rest of East Bay
9qc0mk,Rest of East Bay
9qc0mm,Rest of East Bay
9qc0mp,Rest of Bay Area
9qc0ms,Rest of East Bay
9qc0mt,Rest of East Bay
9qc0mu,Rest of East Bay
9qc0mv,Rest of East Bay
9qc0my,Rest of East Bay
9qc0n0,Rest of East Bay
9qc0n1,Rest of East Bay
9qc0n2,Rest of East Bay
9qc0n3,Rest of East Bay
9qc0n4,Rest of East Bay
9qc0n5,Rest of East Bay
9qc0n6,Rest of East Bay
9qc0n7,Rest of East Bay
9qc0n8,Rest of East Bay
9qc0n9,Rest of East Bay
9qc0nb,Rest of East Bay
9qc0nc,Rest of East Bay
9qc0nd,Rest of East Bay
9qc0ne,Rest of East Bay
9qc0nf,Rest of East Bay
9qc0ng,Rest of East Bay
9qc0nh,Rest of East Bay
9qc0nj,Rest of East Bay
9qc0nk,Rest of East Bay
9qc0nm,Rest of East Bay
9qc0nn,Rest of East Bay
9qc0np,Rest of East Bay
9qc0nq,Rest of East Bay
9qc0nr,Rest of East Bay
9qc0ns,Rest of East Bay
9qc0nt,Rest of East Bay
9qc0nu,Rest of East Bay
9qc0nv,Rest of East Bay
9qc0nw,Rest of East Bay
9qc0nx,Rest of East Bay
9qc0ny,Rest of East Bay
9qc0nz,Rest of East Bay
9qc0p0,Rest of East Bay
9qc0p1,Rest of East Bay
9qc0p2,Rest of East Bay
9qc0p3,Rest of East Bay
9qc0p4,Rest of East Bay
9qc0p5,Rest of East Bay
9qc0p6,Rest of East Bay
9qc0p7,Rest of East Bay
9qc0p8,Rest of East Bay
9qc0p9,Rest of East Bay
9qc0pb,Rest of East Bay
9qc0pc,Rest of East Bay
9qc0pd,Rest of East Bay
9qc0pe,Rest of East Bay
9qc0pf,Rest of East Bay
9qc0pg,Rest of East Bay
9qc0ph,Rest of East Bay
9qc0pj,Rest of East Bay
9qc0pk,Rest of East Bay
9qc0pm,Rest of East Bay
9qc0pn,Rest of East Bay
9qc0pp,Rest of East Bay
9qc0pq,Rest of East Bay
9qc0pr,Rest of East Bay
9qc0ps,Rest of East Bay
9qc0pt,Rest of East Bay
9qc0pu,Rest of East Bay
9qc0pv,Rest of East Bay
9qc0pw,Rest of East Bay
9qc0px,Rest of East Bay
9qc0py,Rest of East Bay
9qc0pz,Rest of East Bay
9qc0q0,Rest of East Bay
9qc0q1,Rest of East Bay
9qc0q2,Rest of East Bay
9qc0q3,Rest of East Bay
9qc0q4,Rest of East Bay
9qc0q5,Rest of East Bay
9qc0q6,Rest of East Bay
9qc0q7,Rest of East Bay
9qc0q8,Rest of East Bay
9qc0q9,Rest of East Bay
9qc0qb,Rest of East Bay
9qc0qc,Rest of East Bay
9qc0qd,Rest of East Bay
9qc0qe,Rest of East Bay
9qc0qf,Rest of East Bay
9qc0qg,Rest of East Bay
9qc0qh,Rest of East Bay
9qc0qj,Rest of East Bay
9qc0qk,Rest of East Bay
9qc0qm,Rest of East Bay
9qc0qn,Rest of East Bay
9qc0qp,Rest of East Bay
9qc0qq,Rest of East Bay
9qc0qr,Rest of East Bay
9qc0qs,Rest of East Bay
9qc0qt,Rest of East Bay
9qc0qu,Rest of East Bay
9qc0qv,Rest of East Bay
9qc0qw,Rest of East Bay
9qc0qx,Rest of East Bay
9qc0qy,Rest of East Bay
9qc0qz,Rest of East Bay
9qc0r0,Rest of East Bay
9qc0r1,Rest of East Bay
9qc0r2,Rest of East Bay
9qc0r3,Rest of East Bay
9qc0r4,Rest of East Bay
9qc0r5,Rest of East Bay
9qc0r6,Rest of East Bay
9qc0r7,Rest of East Bay
9qc0r8,Rest of East Bay
9qc0r9,Rest of East Bay
9qc0rb,Rest of East Bay
9qc0rc,Rest of East Bay
9qc0rd,Rest of East Bay
9qc0re,Rest of East Bay
9qc0rf,Rest of East Bay
9qc0rg,Rest of East Bay
9qc0rh,Rest of East Bay
9qc0rj,Rest of East Bay
9qc0rk,Rest of East Bay
9qc0rm,Rest of East Bay
9qc0rn,Rest of East Bay
9qc0rp,Rest of East Bay
9qc0rq,Rest of East Bay
9qc0rr,Rest of East Bay
9qc0rs,Rest of East Bay
9qc0rt,Rest of East Bay
9qc0ru,Rest of East Bay
9qc0rv,Rest of East Bay
9qc0rw,Rest of East Bay
9qc0rx,Rest of East Bay
9qc0ry,Rest of East Bay
9qc0rz,Rest of East Bay
9qc0s0,Rest of Bay Area
9qc0s1,Rest of Bay Area
9qc0s2,Rest of Bay Area
9qc0s3,Rest of Bay Area
9qc0s4,Rest of Bay Area
9qc0s5,Rest of Bay Area
9qc0s6,Rest of Bay Area
9qc0s7,Rest of Bay Area
9qc0s8,Rest of Bay Area
9qc0s9,Rest of Bay Area
9qc0sb,Rest of Bay Area
9qc0sc,Rest of Bay Area
9qc0sd,Rest of Bay Area
9qc0se,Rest of Bay Area
9qc0sf,Rest of Bay Area
9qc0sg,Rest of Bay Area
9qc0sh,Rest of Bay Area
9qc0sj,Rest of Bay Area
9qc0sk,Rest of Bay Area
9qc0sm,Rest of Bay Area
9qc0sn,Rest of Bay Area
9qc0sp,Rest of Bay Area
9qc0sq,Rest of Bay Area
9qc0sr,Rest of Bay Area
9qc0ss,Rest of Bay Area
9qc0st,Rest of Bay Area
9qc0su,Rest of Bay Area
9qc0sv,Rest of Bay Area
9qc0sw,Rest of Bay Area
9qc0sx,Rest of Bay Area
9qc0sy,Rest of Bay Area
9qc0sz,Rest of Bay Area
9qc0t0,Rest of Bay Area
9qc0t1,Rest of Bay Area
9qc0t3,Rest of Bay Area
9qc0t4,Rest of Bay Area
9qc0t5,Rest of Bay Area
9qc0t6,Rest of Bay Area
9qc0t7,Rest of Bay Area
9qc0te,Rest of Bay Area
9qc0th,Rest of Bay Area
9qc0tj,Rest of Bay Area
9qc0tk,Rest of Bay Area
9qc0tm,Rest of Bay Area
9qc0tn,Rest of Bay Area
9qc0tp,Rest of Bay Area
9qc0tq,Rest of Bay Area
9qc0tr,Rest of Bay Area
9qc0ts,Rest of Bay Area
9qc0tt,Rest of Bay Area
9qc0tv,Rest of Bay Area
9qc0tw,Rest of Bay Area
9qc0tx,Rest of Bay Area
9qc0ty,Rest of Bay Area
9qc0tz,Rest of Bay Area
9qc0u0,Rest of Bay Area
9qc0u1,Rest of Bay Area
9qc0u2,Rest of Bay Area
9qc0u3,Rest of Bay Area
9qc0u4,Rest of Bay Area
9qc0u5,Rest of Bay Area
9qc0u6,Rest of Bay Area
9qc0u7,Rest of Bay Area
9qc0u8,Rest of Bay Area
9qc0u9,Rest of Bay Area
9qc0ub,Rest of Bay Area
9qc0uc,Rest of Bay Area
9qc0ud,Rest of Bay Area
9qc0ue,Rest of Bay Area
9qc0uf,Rest of Bay Area
9qc0ug,Rest of Bay Area
9qc0uh,Rest of Bay Area
9qc0uj,Rest of Bay Area
9qc0uk,Rest of Bay Area
9qc0um,Rest of Bay Area
9qc0un,Rest of Bay Area
9qc0up,Rest of Bay Area
9qc0uq,Rest of Bay Area
9qc0ur,Rest of Bay Area
9qc0us,Rest of Bay Area
9qc0ut,Rest of Bay Area
9qc0uu,Rest of Bay Area
9qc0uv,Rest of Bay Area
9qc0uw,Rest of Bay Area
9qc0ux,Rest of Bay Area
9qc0uy,Rest of Bay Area
9qc0uz,Rest of Bay Area
9qc0v0,Rest of Bay Area
9qc0v1,Rest of Bay Area
9qc0v2,Rest of Bay Area
9qc0v3,Rest of Bay Area
9qc0v4,Rest of Bay Area
9qc0v5,Rest of Bay Area
9qc0v6,Rest of Bay Area
9qc0v7,Rest of Bay Area
9qc0v8,Rest of Bay Area
9qc0v9,Rest of Bay Area
9qc0vb,Rest of Bay Area
9qc0vc,Rest of Bay Area
9qc0vd,Rest of Bay Area
9qc0ve,Rest of Bay Area
9qc0vf,Rest of Bay Area
9qc0vg,Rest of Bay Area
9qc0vh,Rest of Bay Area
9qc0vj,Rest of Bay Area
9qc0vk,Rest of Bay Area
9qc0vm,Rest of Bay Area
9qc0vn,Rest of Bay Area
9qc0vp,Rest of Bay Area
9qc0vq,Rest of Bay Area
9qc0vr,Rest of Bay Area
9qc0vs,Rest of Bay Area
9qc0vt,Rest of Bay Area
9qc0vu,Rest of Bay Area
9qc0vv,Rest of Bay Area
9qc0vw,Rest of Bay Area
9qc0vx,Rest of Bay Area
9qc0vy,Rest of Bay Area
9qc0vz,Rest of Bay Area
9qc0wb,Rest of East Bay
9qc0wf,Rest of Bay Area
9qc0wg,Rest of Bay Area
9qc0wp,Rest of Bay Area
9qc0wv,Rest of Bay Area
9qc0wy,Rest of Bay Area
9qc0x0,Rest of East Bay
9qc0x2,Rest of East Bay
9qc0x4,Rest of Bay Area
9qc0x5,Rest of Bay Area
9qc0x6,Rest of Bay Area
9qc0x7,Rest of Bay Area
9qc0x8,Rest of East Bay
9qc0xe,Rest of Bay Area
9qc0xg,Rest of Bay Area
9qc0xj,Rest of Bay Area
9qc0xk,Rest of Bay Area
9qc0xm,Rest of Bay Area
9qc0xn,Rest of Bay Area
9qc0xq,Rest of Bay Area
9qc0xr,Rest of Bay Area
9qc0xs,Rest of Bay Area
9qc0xt,Rest of Bay Area
9qc0xu,Rest of Bay Area
9qc0xv,Rest of Bay Area
9qc0xw,Rest of Bay Area
9qc0xx,Rest of Bay Area
9qc0xy,Rest of Bay Area
9qc0xz,Rest of Bay Area
9qc0y0,Rest of Bay Area
9qc0y1,Rest of Bay Area
9qc0y2,Rest of Bay Area
9qc0y3,Rest of Bay Area
9qc0y4,Rest of Bay Area
9qc0y5,Rest of Bay Area
9qc0y6,Rest of Bay Area
9qc0y7,Rest of Bay Area
9qc0yh,Rest of Bay Area
9qc0yj,Rest of Bay Area
9qc0yk,Rest of Bay Area
9qc0ym,Rest of Bay Area
9qc0yn,Rest of Bay Area
9qc0yp,Rest of Bay Area
9qc0yq,Rest of Bay Area
9qc0yr,Rest of Bay Area
9qc0yt,Rest of Bay Area
9qc0yw,Rest of Bay Area
9qc0yx,Rest of Bay Area
9qc0yy,Rest of Bay Area
9qc0yz,Rest of Bay Area
9qc0z8,Rest of Bay Area
9qc0zb,Rest of Bay Area
9qc0zc,Rest of Bay Area
9qc0zn,Rest of Bay Area
9qc0zp,Rest of Bay Area
9qc0zq,Rest of Bay Area
9qc0zr,Rest of Bay Area
9qc0zv,Rest of Bay Area
9qc0zw,Rest of Bay Area
9qc0zx,Rest of Bay Area
9qc0zy,Rest of Bay Area
9qc0zz,Rest of Bay Area
9qc100,Rest of Bay Area
9qc101,Rest of Bay Area
9qc102,Rest of Bay Area
9qc103,Rest of Bay Area
9qc104,Rest of Bay Area
9qc105,Rest of Bay Area
9qc106,Rest of Bay Area
9qc107,Rest of Bay Area
9qc108,Rest of Bay Area
9qc109,Rest of Bay Area
9qc10b,Rest of Bay Area
9qc10c,Rest of Bay Area
9qc10d,Rest of Bay Area
9qc10e,Rest of Bay Area
9qc10f,Rest of Bay Area
9qc10g,Rest of Bay Area
9qc10h,Rest of Bay Area
9qc10j,Rest of Bay Area
9qc10k,Rest of Bay Area
9qc10m,Rest of Bay Area
9qc10n,Rest of Bay Area
9qc10p,Rest of Bay Area
9qc10q,Rest of Bay Area
9qc10r,Rest of Bay Area
9qc10s,Rest of Bay Area
9qc10t,Rest of Bay Area
9qc10u,Rest of Bay Area
9qc10v,Rest of Bay Area
9qc10w,Rest of Bay Area
9qc10x,Rest of Bay Area
9qc10y,Rest of Bay Area
9qc10z,Rest of Bay Area
9qc110,Rest of Bay Area
9qc111,Rest of Bay Area
9qc112,Rest of Bay Area
9qc113,Rest of Bay Area
9qc114,Rest of Bay Area
9qc115,Rest of Bay Area
9qc116,Rest of Bay Area
9qc117,Rest of Bay Area
9qc118,Rest of Bay Area
9qc119,Rest of Bay Area
9qc11b,Rest of Bay Area
9qc11c,Rest of Bay Area
9qc11d,Rest of Bay Area
9qc11e,Rest of Bay Area
9qc11f,Rest of Bay Area
9qc11g,Rest of Bay Area
9qc11h,Rest of Bay Area
9qc11j,Rest of Bay Area
9qc11k,Rest of Bay Area
9qc11m,Rest of Bay Area
9qc11n,Rest of Bay Area
9qc11p,Rest of Bay Area
9qc11q,Rest of Bay Area
9qc11r,Rest of Bay Area
9qc11s,Rest of Bay Area
9qc11t,Rest of Bay Area
9qc11u,Rest of Bay Area
9qc11v,Rest of Bay Area
9qc11w,Rest of Bay Area
9qc11x,Rest of Bay Area
9qc11y,Rest of Bay Area
9qc11z,Rest of Bay Area
9qc120,Rest of Bay Area
9qc121,Rest of Bay Area
9qc122,Rest of Bay Area
9qc123,Rest of Bay Area
9qc124,Rest of Bay Area
9qc125,Rest of Bay Area
9qc126,Rest of Bay Area
9qc127,Rest of Bay Area
9qc128,Rest of Bay Area
9qc129,Rest of Bay Area
9qc12b,Rest of Bay Area
9qc12c,Rest of Bay Area
9qc12d,Rest of Bay Area
9qc12e,Rest of Bay Area
9qc12f,Rest of Bay Area
9qc12g,Rest of Bay Area
9qc12h,Rest of Bay Area
9qc12j,Rest of Bay Area
9qc12k,Rest of Bay Area
9qc12m,Rest of Bay Area
9qc12n,Rest of Bay Area
9qc12p,Rest of Bay Area
9qc12q,Rest of Bay Area
9qc12r,Rest of Bay Area
9qc12s,Rest of Bay Area
9qc12t,Rest of Bay Area
9qc12u,Rest of Bay Area
9qc12v,Rest of Bay Area
9qc12w,Rest of Bay Area
9qc12x,Rest of Bay Area
9qc12y,Rest of Bay Area
9qc12z,Rest of Bay Area
9qc130,Rest of Bay Area
9qc131,Rest of Bay Area
9qc132,Rest of Bay Area
9qc133,Rest of Bay Area
9qc134,Rest of Bay Area
9qc135,Rest of Bay Area
9qc136,Rest of Bay Area
9qc137,Rest of Bay Area
9qc138,Rest of Bay Area
9qc139,Rest of Bay Area
9qc13b,Rest of Bay Area
9qc13c,Rest of Bay Area
9qc13d,Rest of Bay Area
9qc13e,Rest of Bay Area
9qc13f,Rest of Bay Area
9qc13g,Rest of Bay Area
9qc13h,Rest of Bay Area
9qc13j,Rest of Bay Area
9qc13k,Rest of Bay Area
9qc13m,Rest of Bay Area
9qc13n,Rest of Bay Area
9qc13p,Rest of Bay Area
9qc13q,Rest of Bay Area
9qc13r,Rest of Bay Area
9qc13s,Rest of Bay Area
9qc13t,Rest of Bay Area
9qc13u,Rest of Bay Area
9qc13v,Rest of Bay Area
9qc13w,Rest of Bay Area
9qc13x,Rest of Bay Area
9qc13y,Rest of Bay Area
9qc13z,Rest of Bay Area
9qc140,Rest of Bay Area
9qc141,Rest of Bay Area
9qc142,Rest of Bay Area
9qc143,Rest of Bay Area
9qc144,Rest of Bay Area
9qc145,Rest of Bay Area
9qc146,Rest of Bay Area
9qc147,Rest of Bay Area
9qc148,Rest of Bay Area
9qc149,Rest of Bay Area
9qc14b,Rest of Bay Area
9qc14c,Rest of Bay Area
9qc14d,Rest of Bay Area
9qc14e,Rest of Bay Area
9qc14f,Rest of Bay Area
9qc14g,Rest of Bay Area
9qc14h,Rest of Bay Area
9qc14j,Rest of Bay Area
9qc14k,Rest of Bay Area
9qc14m,Rest of Bay Area
9qc14n,Rest of Bay Area
9qc14p,Rest of Bay Area
9qc14q,Rest of Bay Area
9qc14r,Rest of Bay Area
9qc14s,Rest of Bay Area
9qc14t,Rest of Bay Area
9qc14u,Rest of Bay Area
9qc14v,Rest of Bay Area
9qc14w,Rest of Bay Area
9qc14x,Rest of Bay Area
9qc14y,Rest of Bay Area
9qc14z,Rest of Bay Area
9qc150,Rest of Bay Area
9qc151,Rest of Bay Area
9qc152,Rest of Bay Area
9qc153,Rest of Bay Area
9qc154,Rest of Bay Area
9qc155,Rest of Bay Area
9qc156,Rest of Bay Area
9qc157,Rest of Bay Area
9qc158,Rest of Bay Area
9qc159,Rest of Bay Area
9qc15b,Rest of Bay Area
9qc15c,Rest of Bay Area
9qc15d,Rest of Bay Area
9qc15e,Rest of Bay Area
9qc15f,Rest of Bay Area
9qc15g,Rest of Bay Area
9qc15h,Rest of Bay Area
9qc15j,Rest of Bay Area
9qc15k,Rest of Bay Area
9qc15m,Rest of Bay Area
9qc15n,Rest of Bay Area
9qc15p,Rest of Bay Area
9qc15q,Rest of Bay Area
9qc15r,Rest of Bay Area
9qc15s,Rest of Bay Area
9qc15t,Rest of Bay Area
9qc15u,Rest of Bay Area
9qc15v,Rest of Bay Area
9qc15w,Rest of Bay Area
9qc15x,Rest of Bay Area
9qc15y,Rest of Bay Area
9qc15z,Rest of Bay Area
9qc160,Rest of Bay Area
9qc161,Rest of Bay Area
9qc162,Rest of Bay Area
9qc163,Rest of Bay Area
9qc164,Rest of Bay Area
9qc165,Rest of Bay Area
9qc166,Rest of Bay Area
9qc167,Rest of Bay Area
9qc168,Rest of Bay Area
9qc169,Rest of Bay Area
9qc16b,Rest of Bay Area
9qc16c,Rest of Bay Area
9qc16d,Rest of Bay Area
9qc16e,Rest of Bay Area
9qc16f,Rest of Bay Area
9qc16g,Rest of Bay Area
9qc16h,Rest of Bay Area
9qc16j,Rest of Bay Area
9qc16k,Rest of Bay Area
9qc16m,Rest of Bay Area
9qc16n,Rest of Bay Area
9qc16p,Rest of Bay Area
9qc16q,Rest of Bay Area
9qc16r,Rest of Bay Area
9qc16s,Rest of Bay Area
9qc16t,Rest of Bay Area
9qc16u,Rest of Bay Area
9qc16v,Rest of Bay Area
9qc16w,Rest of Bay Area
9qc16x,Rest of Bay Area
9qc16y,Rest of Bay Area
9qc16z,Rest of Bay Area
9qc170,Rest of Bay Area
9qc171,Rest of Bay Area
9qc172,Rest of Bay Area
9qc173,Rest of Bay Area
9qc174,Rest of Bay Area
9qc175,Rest of Bay Area
9qc176,Rest of Bay Area
9qc177,Rest of Bay Area
9qc178,Rest of Bay Area
9qc179,Rest of Bay Area
9qc17b,Rest of Bay Area
9qc17c,Rest of Bay Area
9qc17d,Rest of Bay Area
9qc17e,Rest of Bay Area
9qc17f,Rest of Bay Area
9qc17g,Rest of Bay Area
9qc17h,Rest of Bay Area
9qc17j,Rest of Bay Area
9qc17k,Rest of Bay Area
9qc17m,Rest of Bay Area
9qc17n,Rest of Bay Area
9qc17p,Rest of Bay Area
9qc17q,Rest of Bay Area
9qc17r,Rest of Bay Area
9qc17s,Rest of Bay Area
9qc17t,Rest of Bay Area
9qc17u,Rest of Bay Area
9qc17v,Rest of Bay Area
9qc17w,Rest of Bay Area
9qc17x,Rest of Bay Area
9qc17y,Rest of Bay Area
9qc17z,Rest of Bay Area
9qc180,Rest of Bay Area
9qc181,Rest of Bay Area
9qc182,Rest of Bay Area
9qc183,Rest of Bay Area
9qc184,Rest of Bay Area
9qc185,Rest of Bay Area
9qc186,Rest of Bay Area
9qc187,Rest of Bay Area
9qc188,Rest of Bay Area
9qc189,Rest of Bay Area
9qc18b,Rest of Bay Area
9qc18c,Rest of Bay Area
9qc18d,Rest of Bay Area
9qc18e,Rest of Bay Area
9qc18f,Rest of Bay Area
9qc18g,Rest of Bay Area
9qc18h,Rest of Bay Area
9qc18j,Rest of Bay Area
9qc18k,Rest of Bay Area
9qc18m,Rest of Bay Area
9qc18n,Rest of Bay Area
9qc18p,Rest of Bay Area
9qc18q,Rest of Bay Area
9qc18r,Rest of Bay Area
9qc18s,Rest of Bay Area
9qc18t,Rest of Bay Area
9qc18u,Rest of Bay Area
9qc18v,Rest of Bay Area
9qc18w,Rest of Bay Area
9qc18x,Rest of Bay Area
9qc18y,Rest of Bay Area
9qc18z,Rest of Bay Area
9qc190,Rest of Bay Area
9qc191,Rest of Bay Area
9qc192,Rest of Bay Area
9qc193,Rest of Bay Area
9qc194,Rest of Bay Area
9qc195,Rest of Bay Area
9qc196,Rest of Bay Area
9qc197,Rest of Bay Area
9qc198,Rest of Bay Area
9qc199,Rest of Bay Area
9qc19b,Rest of Bay Area
9qc19c,Rest of Bay Area
9qc19d,Rest of Bay Area
9qc19e,Rest of Bay Area
9qc19f,Rest of Bay Area
9qc19g,Rest of Bay Area
9qc19h,Rest of Bay Area
9qc19j,Rest of Bay Area
9qc19k,Rest of Bay Area
9qc19m,Rest of Bay Area
9qc19n,Rest of Bay Area
9qc19p,Rest of Bay Area
9qc19q,Rest of Bay Area
9qc19r,Rest of Bay Area
9qc19s,Rest of Bay Area
9qc19t,Rest of Bay Area
9qc19u,Rest of Bay Area
9qc19v,Rest of Bay Area
9qc19w,Rest of Bay Area
9qc19x,Rest of Bay Area
9qc19y,Rest of Bay Area
9qc19z,Rest of Bay Area
9qc1b0,Rest of Bay Area
9qc1b1,Rest of Bay Area
9qc1b2,Rest of Bay Area
9qc1b3,Rest of Bay Area
9qc1b4,Rest of Bay Area
9qc1b5,Rest of Bay Area
9qc1b6,Rest of Bay Area
9qc1b7,Rest of Bay Area
9qc1b8,Rest of Bay Area
9qc1b9,Rest of Bay Area
9qc1bb,Rest of Bay Area
9qc1bc,Rest of Bay Area
9qc1bd,Rest of Bay Area
9qc1be,Rest of Bay Area
9qc1bf,Rest of Bay Area
9qc1bg,Rest of Bay Area
9qc1bh,Rest of Bay Area
9qc1bj,Rest of Bay Area
9qc1bk,Rest of Bay Area
9qc1bm,Rest of Bay Area
9qc1bn,Rest of Bay Area
9qc1bp,Rest of Bay Area
9qc1bq,Rest of Bay Area
9qc1br,Rest of Bay Area
9qc1bs,Rest of Bay Area
9qc1bt,Rest of Bay Area
9qc1bu,Rest of Bay Area
9qc1bv,Rest of Bay Area
9qc1bw,Rest of Bay Area
9qc1bx,Rest of Bay Area
9qc1by,Rest of Bay Area
9qc1bz,Rest of Bay Area
9qc1c0,Rest of Bay Area
9qc1c1,Rest of Bay Area
9qc1c2,Rest of Bay Area
9qc1c3,Rest of Bay Area
9qc1c4,Rest of Bay Area
9qc1c5,Rest of Bay Area
9qc1c6,Rest of Bay Area
9qc1c7,Rest of Bay Area
9qc1c8,Rest of Bay Area
9qc1c9,Rest of Bay Area
9qc1cb,Rest of Bay Area
9qc1cc,Rest of Bay Area
9qc1cd,Rest of Bay Area
9qc1ce,Rest of Bay Area
9qc1cf,Rest of Bay Area
9qc1cg,Rest of Bay Area
9qc1ch,Rest of Bay Area
9qc1cj,Rest of Bay Area
9qc1ck,Rest of Bay Area
9qc1cm,Rest of Bay Area
9qc1cn,Rest of Bay Area
9qc1cp,Rest of Bay Area
9qc1cq,Rest of Bay Area
9qc1cr,Rest of Bay Area
9qc1cs,Rest of Bay Area
9qc1ct,Rest of Bay Area
9qc1cu,Rest of Bay Area
9qc1cv,Rest of Bay Area
9qc1cw,Rest of Bay Area
9qc1cx,Rest of Bay Area
9qc1cy,Rest of Bay Area
9qc1cz,Rest of Bay Area
9qc1d0,Rest of Bay Area
9qc1d1,Rest of Bay Area
9qc1d2,Rest of Bay Area
9qc1d3,Rest of Bay Area
9qc1d4,Rest of Bay Area
9qc1d5,Rest of Bay Area
9qc1d6,Rest of Bay Area
9qc1d7,Rest of Bay Area
9qc1d8,Rest of Bay Area
9qc1d9,Rest of Bay Area
9qc1db,Rest of Bay Area
9qc1dc,Rest of Bay Area
9qc1dd,Rest of Bay Area
9qc1de,Rest of Bay Area
9qc1df,Rest of Bay Area
9qc1dg,Rest of Bay Area
9qc1dh,Rest of Bay Area
9qc1dj,Rest of Bay Area
9qc1dk,Rest of Bay Area
9qc1dm,Rest of Bay Area
9qc1dn,Rest of Bay Area
9qc1dp,Rest of Bay Area
9qc1dq,Rest of Bay Area
9qc1dr,Rest of Bay Area
9qc1ds,Rest of Bay Area
9qc1dt,Rest of Bay Area
9qc1du,Rest of Bay Area
9qc1dv,Rest of Bay Area
9qc1dw,Rest of Bay Area
9qc1dx,Rest of Bay Area
9qc1dy,Rest of Bay Area
9qc1dz,Rest of Bay Area
9qc1e0,Rest of Bay Area
9qc1e1,Rest of Bay Area
9qc1e2,Rest of Bay Area
9qc1e3,Rest of Bay Area
9qc1e4,Rest of Bay Area
9qc1e5,Rest of Bay Area
9qc1e6,Rest of Bay Area
9qc1e7,Rest of Bay Area
9qc1e8,Rest of Bay Area
9qc1e9,Rest of Bay Area
9qc1eb,Rest of Bay Area
9qc1ec,Rest of Bay Area
9qc1ed,Rest of Bay Area
9qc1ee,Rest of Bay Area
9qc1ef,Rest of Bay Area
9qc1eg,Rest of Bay Area
9qc1eh,Rest of Bay Area
9qc1ej,Rest of Bay Area
9qc1ek,Rest of Bay Area
9qc1em,Rest of Bay Area
9qc1en,Rest of Bay Area
9qc1ep,Rest of Bay Area
9qc1eq,Rest of Bay Area
9qc1er,Rest of Bay Area
9qc1es,Rest of Bay Area
9qc1et,Rest of Bay Area
9qc1eu,Rest of Bay Area
9qc1ev,Rest of Bay Area
9qc1ew,Rest of Bay Area
9qc1ex,Rest of Bay Area
9qc1ey,Rest of Bay Area
9qc1ez,Rest of Bay Area
9qc1f0,Rest of Bay Area
9qc1f1,Rest of Bay Area
9qc1f2,Rest of Bay Area
9qc1f3,Rest of Bay Area
9qc1f4,Rest of Bay Area
9qc1f5,Rest of Bay Area
9qc1f6,Rest of Bay Area
9qc1f7,Rest of Bay Area
9qc1f8,Rest of Bay Area
9qc1f9,Rest of Bay Area
9qc1fb,Rest of Bay Area
9qc1fc,Rest of Bay Area
9qc1fd,Rest of Bay Area
9qc1fe,Rest of Bay Area
9qc1ff,Rest of Bay Area
9qc1fg,Rest of Bay Area
9qc1fh,Rest of Bay Area
9qc1fj,Rest of Bay Area
9qc1fk,Rest of Bay Area
9qc1fm,Rest of Bay Area
9qc1fn,Rest of Bay Area
9qc1fp,Rest of Bay Area
9qc1fq,Rest of Bay Area
9qc1fr,Rest of Bay Area
9qc1fs,Rest of Bay Area
9qc1ft,Rest of Bay Area
9qc1fu,Rest of Bay Area
9qc1fv,Rest of Bay Area
9qc1fw,Rest of Bay Area
9qc1fx,Rest of Bay Area
9qc1fy,Rest of Bay Area
9qc1fz,Rest of Bay Area
9qc1g0,Rest of Bay Area
9qc1g1,Rest of Bay Area
9qc1g2,Rest of Bay Area
9qc1g3,Rest of Bay Area
9qc1g4,Rest of Bay Area
9qc1g5,Rest of Bay Area
9qc1g6,Rest of Bay Area
9qc1g7,Rest of Bay Area
9qc1g8,Rest of Bay Area
9qc1g9,Rest of Bay Area
9qc1gb,Rest of Bay Area
9qc1gc,Rest of Bay Area
9qc1gd,Rest of Bay Area
9qc1ge,Rest of Bay Area
9qc1gf,Rest of Bay Area
9qc1gg,Rest of Bay Area
9qc1gh,Rest of Bay Area
9qc1gj,Rest of Bay Area
9qc1gk,Rest of Bay Area
9qc1gm,Rest of Bay Area
9qc1gn,Rest of Bay Area
9qc1gp,Rest of Bay Area
9qc1gq,Rest of Bay Area
9qc1gr,Rest of Bay Area
9qc1gs,Rest of Bay Area
9qc1gt,Rest of Bay Area
9qc1gu,Rest of Bay Area
9qc1gv,Rest of Bay Area
9qc1gw,Rest of Bay Area
9qc1gx,Rest of Bay Area
9qc1gy,Rest of Bay Area
9qc1gz,Rest of Bay Area
9qc1h0,Rest of Bay Area
9qc1h1,Rest of Bay Area
9qc1h2,Rest of Bay Area
9qc1h3,Rest of Bay Area
9qc1h4,Rest of Bay Area
9qc1h5,Rest of Bay Area
9qc1h6,Rest of Bay Area
9qc1h7,Rest of Bay Area
9qc1h8,Rest of Bay Area
9qc1h9,Rest of Bay Area
9qc1hb,Rest of Bay Area
9qc1hc,Rest of Bay Area
9qc1hd,Rest of Bay Area
9qc1he,Rest of Bay Area
9qc1hf,Rest of Bay Area
9qc1hg,Rest of Bay Area
9qc1hh,Rest of Bay Area
9qc1hj,Rest of Bay Area
9qc1hk,Rest of Bay Area
9qc1hm,Rest of Bay Area
9qc1hn,Rest of Bay Area
9qc1hp,Rest of Bay Area
9qc1hq,Rest of Bay Area
9qc1hr,Rest of Bay Area
9qc1hs,Rest of Bay Area
9qc1ht,Rest of Bay Area
9qc1hu,Rest of Bay Area
9qc1hv,Rest of Bay Area
9qc1hw,Rest of Bay Area
9qc1hx,Rest of Bay Area
9qc1hy,Rest of Bay Area
9qc1hz,Rest of Bay Area
9qc1j0,Rest of Bay Area
9qc1j1,Rest of Bay Area
9qc1j2,Rest of Bay Area
9qc1j3,Rest of Bay Area
9qc1j4,Rest of Bay Area
9qc1j5,Rest of Bay Area
9qc1j6,Rest of Bay Area
9qc1j7,Rest of Bay Area
9qc1j8,Rest of Bay Area
9qc1j9,Rest of Bay Area
9qc1jb,Rest of Bay Area
9qc1jc,Rest of Bay Area
9qc1jd,Rest of Bay Area
9qc1je,Rest of Bay Area
9qc1jf,Rest of Bay Area
9qc1jg,Rest of Bay Area
9qc1jh,Rest of Bay Area
9qc1jj,Rest of Bay Area
9qc1jk,Rest of Bay Area
9qc1jm,Rest of Bay Area
9qc1jn,Rest of Bay Area
9qc1jp,Rest of Bay Area
9qc1jq,Rest of Bay Area
9qc1jr,Rest of Bay Area
9qc1js,Rest of Bay Area
9qc1jt,Rest of Bay Area
9qc1ju,Rest of Bay Area
9qc1jv,Rest of Bay Area
9qc1jw,Rest of Bay Area
9qc1jx,Rest of Bay Area
9qc1jy,Rest of Bay Area
9qc1jz,Rest of Bay Area
9qc1k0,Rest of Bay Area
9qc1k1,Rest of Bay Area
9qc1k2,Rest of Bay Area
9qc1k3,Rest of Bay Area
9qc1k4,Rest of Bay Area
9qc1k5,Rest of Bay Area
9qc1k6,Rest of Bay Area
9qc1k7,Rest of Bay Area
9qc1k8,Rest of Bay Area
9qc1k9,Rest of Bay Area
9qc1kb,Rest of Bay Area
9qc1kc,Rest of Bay Area
9qc1kd,Rest of Bay Area
9qc1ke,Rest of Bay Area
9qc1kf,Rest of Bay Area
9qc1kg,Rest of Bay Area
9qc1kh,Rest of Bay Area
9qc1kj,Rest of Bay Area
9qc1kk,Rest of Bay Area
9qc1km,Rest of Bay Area
9qc1kn,Rest of Bay Area
9qc1kp,Rest of Bay Area
9qc1kq,Rest of Bay Area
9qc1kr,Rest of Bay Area
9qc1ks,Rest of Bay Area
9qc1kt,Rest of Bay Area
9qc1ku,Rest of Bay Area
9qc1kv,Rest of Bay Area
9qc1kw,Rest of Bay Area
9qc1kx,Rest of Bay Area
9qc1ky,Rest of Bay Area
9qc1kz,Rest of Bay Area
9qc1m0,Rest of Bay Area
9qc1m1,Rest of Bay Area
9qc1m2,Rest of Bay Area
9qc1m3,Rest of Bay Area
9qc1m4,Rest of Bay Area
9qc1m5,Rest of Bay Area
9qc1m6,Rest of Bay Area
9qc1m7,Rest of Bay Area
9qc1m8,Rest of Bay Area
9qc1m9,Rest of Bay Area
9qc1mb,Rest of Bay Area
9qc1mc,Rest of Bay Area
9qc1md,Rest of Bay Area
9qc1me,Rest of Bay Area
9qc1mf,Rest of Bay Area
9qc1mg,Rest of Bay Area
9qc1mh,Rest of Bay Area
9qc1mj,Rest of Bay Area
9qc1mk,Rest of Bay Area
9qc1mm,Rest of Bay Area
9qc1mn,Rest of Bay Area
9qc1mp,Rest of Bay Area
9qc1mq,Rest of Bay Area
9qc1mr,Rest of Bay Area
9qc1ms,Rest of Bay Area
9qc1mt,Rest of Bay Area
9qc1mu,Rest of Bay Area
9qc1mv,Rest of Bay Area
9qc1mw,Rest of Bay Area
9qc1mx,Rest of Bay Area
9qc1my,Rest of Bay Area
9qc1mz,Rest of Bay Area
9qc1n0,Rest of Bay Area
9qc1n1,Rest of Bay Area
9qc1n2,Rest of Bay Area
9qc1n3,Rest of Bay Area
9qc1n4,Rest of Bay Area
9qc1n5,Rest of Bay Area
9qc1n6,Rest of Bay Area
9qc1n7,Rest of Bay Area
9qc1n8,Rest of Bay Area
9qc1n9,Rest of Bay Area
9qc1nb,Rest of Bay Area
9qc1nc,Rest of Bay Area
9qc1nd,Rest of Bay Area
9qc1ne,Rest of Bay Area
9qc1nf,Rest of Bay Area
9qc1ng,Rest of Bay Area
9qc1nh,Rest of Bay Area
9qc1nj,Rest of Bay Area
9qc1nk,Rest of Bay Area
9qc1nm,Rest of Bay Area
9qc1nn,Rest of Bay Area
9qc1np,Rest of Bay Area
9qc1nq,Rest of Bay Area
9qc1nr,Rest of Bay Area
9qc1ns,Rest of Bay Area
9qc1nt,Rest of Bay Area
9qc1nu,Rest of Bay Area
9qc1nv,Rest of Bay Area
9qc1nw,Rest of Bay Area
9qc1nx,Rest of Bay Area
9qc1ny,Rest of Bay Area
9qc1nz,Rest of Bay Area
9qc1p0,Rest of Bay Area
9qc1p1,Rest of Bay Area
9qc1p2,Rest of Bay Area
9qc1p3,Rest of Bay Area
9qc1p4,Rest of Bay Area
9qc1p5,Rest of Bay Area
9qc1p6,Rest of Bay Area
9qc1p7,Rest of Bay Area
9qc1p8,Rest of Bay Area
9qc1p9,Rest of Bay Area
9qc1pb,Rest of Bay Area
9qc1pc,Rest of Bay Area
9qc1pd,Rest of Bay Area
9qc1pe,Rest of Bay Area
9qc1pf,Rest of Bay Area
9qc1pg,Rest of Bay Area
9qc1ph,Rest of Bay Area
9qc1pj,Rest of Bay Area
9qc1pk,Rest of Bay Area
9qc1pm,Rest of Bay Area
9qc1pn,Rest of Bay Area
9qc1pp,Rest of Bay Area
9qc1pq,Rest of Bay Area
9qc1pr,Rest of Bay Area
9qc1ps,Rest of Bay Area
9qc1pt,Rest of Bay Area
9qc1pu,Rest of Bay Area
9qc1pv,Rest of Bay Area
9qc1pw,Rest of Bay Area
9qc1px,Rest of Bay Area
9qc1py,Rest of Bay Area
9qc1pz,Rest of Bay Area
9qc1q0,Rest of Bay Area
9qc1q1,Rest of Bay Area
9qc1q2,Rest of Bay Area
9qc1q3,Rest of Bay Area
9qc1q4,Rest of Bay Area
9qc1q5,Rest of Bay Area
9qc1q6,Rest of Bay Area
9qc1q7,Rest of Bay Area
9qc1q8,Rest of Bay Area
9qc1q9,Rest of Bay Area
9qc1qb,Rest of Bay Area
9qc1qc,Rest of Bay Area
9qc1qd,Rest of Bay Area
9qc1qe,Rest of Bay Area
9qc1qf,Rest of Bay Area
9qc1qg,Rest of Bay Area
9qc1qh,Rest of Bay Area
9qc1qj,Rest of Bay Area
9qc1qk,Rest of Bay Area
9qc1qm,Rest of Bay Area
9qc1qn,Rest of Bay Area
9qc1qp,Rest of Bay Area
9qc1qq,Rest of Bay Area
9qc1qr,Rest of Bay Area
9qc1qs,Rest of Bay Area
9qc1qt,Rest of Bay Area
9qc1qu,Rest of Bay Area
9qc1qv,Rest of Bay Area
9qc1qw,Rest of Bay Area
9qc1qx,Rest of Bay Area
9qc1qy,Rest of Bay Area
9qc1qz,Rest of Bay Area
9qc1r0,Rest of Bay Area
9qc1r1,Rest of Bay Area
9qc1r2,Rest of Bay Area
9qc1r3,Rest of Bay Area
9qc1r4,Rest of Bay Area
9qc1r5,Rest of Bay Area
9qc1r6,Rest of Bay Area
9qc1r7,Rest of Bay Area
9qc1r8,Rest of Bay Area
9qc1r9,Rest of Bay Area
9qc1rb,Rest of Bay Area
9qc1rc,Rest of Bay Area
9qc1rd,Rest of Bay Area
9qc1re,Rest of Bay Area
9qc1rf,Rest of Bay Area
9qc1rg,Rest of Bay Area
9qc1rh,Rest of Bay Area
9qc1rj,Rest of Bay Area
9qc1rk,Rest of Bay Area
9qc1rm,Rest of Bay Area
9qc1rn,Rest of Bay Area
9qc1rp,Rest of Bay Area
9qc1rq,Rest of Bay Area
9qc1rr,Rest of Bay Area
9qc1rs,Rest of Bay Area
9qc1rt,Rest of Bay Area
9qc1ru,Rest of Bay Area
9qc1rv,Rest of Bay Area
9qc1rw,Rest of Bay Area
9qc1rx,Rest of Bay Area
9qc1ry,Rest of Bay Area
9qc1rz,Rest of Bay Area
9qc1s0,Rest of Bay Area
9qc1s1,Rest of Bay Area
9qc1s2,Rest of Bay Area
9qc1s3,Rest of Bay Area
9qc1s4,Rest of Bay Area
9qc1s5,Rest of Bay Area
9qc1s6,Rest of Bay Area
9qc1s7,Rest of Bay Area
9qc1s8,Rest of Bay Area
9qc1s9,Rest of Bay Area
9qc1sb,Rest of Bay Area
9qc1sc,Rest of Bay Area
9qc1sd,Rest of Bay Area
9qc1se,Rest of Bay Area
9qc1sf,Rest of Bay Area
9qc1sg,Rest of Bay Area
9qc1sh,Rest of Bay Area
9qc1sj,Rest of Bay Area
9qc1sk,Rest of Bay Area
9qc1sm,Rest of Bay Area
9qc1sn,Rest of Bay Area
9qc1sp,Rest of Bay Area
9qc1sq,Rest of Bay Area
9qc1sr,Rest of Bay Area
9qc1ss,Rest of Bay Area
9qc1st,Rest of Bay Area
9qc1su,Rest of Bay Area
9qc1sv,Rest of Bay Area
9qc1sw,Rest of Bay Area
9qc1sx,Rest of Bay Area
9qc1sy,Rest of Bay Area
9qc1sz,Rest of Bay Area
9qc1t0,Rest of Bay Area
9qc1t1,Rest of Bay Area
9qc1t2,Rest of Bay Area
9qc1t3,Rest of Bay Area
9qc1t4,Rest of Bay Area
9qc1t5,Rest of Bay Area
9qc1t6,Rest of Bay Area
9qc1t7,Rest of Bay Area
9qc1t8,Rest of Bay Area
9qc1t9,Rest of Bay Area
9qc1tb,Rest of Bay Area
9qc1tc,Rest of Bay Area
9qc1td,Rest of Bay Area
9qc1te,Rest of Bay Area
9qc1tf,Rest of Bay Area
9qc1tg,Rest of Bay Area
9qc1th,Rest of Bay Area
9qc1tj,Rest of Bay Area
9qc1tk,Rest of Bay Area
9qc1tm,Rest of Bay Area
9qc1tn,Rest of Bay Area
9qc1tp,Rest of Bay Area
9qc1tq,Rest of Bay Area
9qc1tr,Rest of Bay Area
9qc1ts,Rest of Bay Area
9qc1tt,Rest of Bay Area
9qc1tu,Rest of Bay Area
9qc1tv,Rest of Bay Area
9qc1tw,Rest of Bay Area
9qc1tx,Rest of Bay Area
9qc1ty,Rest of Bay Area
9qc1tz,Rest of Bay Area
9qc1u0,Rest of Bay Area
9qc1u1,Rest of Bay Area
9qc1u2,Rest of Bay Area
9qc1u3,Rest of Bay Area
9qc1u4,Rest of Bay Area
9qc1u5,Rest of Bay Area
9qc1u6,Rest of Bay Area
9qc1u7,Rest of Bay Area
9qc1u8,Rest of Bay Area
9qc1u9,Rest of Bay Area
9qc1ub,Rest of Bay Area
9qc1uc,Rest of Bay Area
9qc1ud,Rest of Bay Area
9qc1ue,Rest of Bay Area
9qc1uf,Rest of Bay Area
9qc1ug,Rest of Bay Area
9qc1uh,Rest of Bay Area
9qc1uj,Rest of Bay Area
9qc1uk,Rest of Bay Area
9qc1um,Rest of Bay Area
9qc1un,Rest of Bay Area
9qc1up,Rest of Bay Area
9qc1uq,Rest of Bay Area
9qc1ur,Rest of Bay Area
9qc1us,Rest of Bay Area
9qc1ut,Rest of Bay Area
9qc1uu,Rest of Bay Area
9qc1uv,Rest of Bay Area
9qc1uw,Rest of Bay Area
9qc1ux,Rest of Bay Area
9qc1uy,Rest of Bay Area
9qc1uz,Rest of Bay Area
9qc1v0,Rest of Bay Area
9qc1v1,Rest of Bay Area
9qc1v2,Rest of Bay Area
9qc1v3,Rest of Bay Area
9qc1v4,Rest of Bay Area
9qc1v5,Rest of Bay Area
9qc1v6,Rest of Bay Area
9qc1v7,Rest of Bay Area
9qc1v8,Rest of Bay Area
9qc1v9,Rest of Bay Area
9qc1vb,Rest of Bay Area
9qc1vc,Rest of Bay Area
9qc1vd,Rest of Bay Area
9qc1ve,Rest of Bay Area
9qc1vf,Rest of Bay Area
9qc1vg,Rest of Bay Area
9qc1vh,Rest of Bay Area
9qc1vj,Rest of Bay Area
9qc1vk,Rest of Bay Area
9qc1vm,Rest of Bay Area
9qc1vn,Rest of Bay Area
9qc1vp,Rest of Bay Area
9qc1vq,Rest of Bay Area
9qc1vr,Rest of Bay Area
9qc1vs,Rest of Bay Area
9qc1vt,Rest of Bay Area
9qc1vu,Rest of Bay Area
9qc1vv,Rest of Bay Area
9qc1vw,Rest of Bay Area
9qc1vx,Rest of Bay Area
9qc1vy,Rest of Bay Area
9qc1vz,Rest of Bay Area
9qc1w0,Rest of Bay Area
9qc1w1,Rest of Bay Area
9qc1w2,Rest of Bay Area
9qc1w3,Rest of Bay Area
9qc1w4,Rest of Bay Area
9qc1w5,Rest of Bay Area
9qc1w6,Rest of Bay Area
9qc1w7,Rest of Bay Area
9qc1w8,Rest of Bay Area
9qc1w9,Rest of Bay Area
9qc1wb,Rest of Bay Area
9qc1wc,Rest of Bay Area
9qc1wd,Rest of Bay Area
9qc1we,Rest of Bay Area
9qc1wf,Rest of Bay Area
9qc1wg,Rest of Bay Area
9qc1wh,Rest of Bay Area
9qc1wj,Rest of Bay Area
9qc1wk,Rest of Bay Area
9qc1wm,Rest of Bay Area
9qc1wn,Rest of Bay Area
9qc1wp,Rest of Bay Area
9qc1wq,Rest of Bay Area
9qc1wr,Rest of Bay Area
9qc1ws,Rest of Bay Area
9qc1wt,Rest of Bay Area
9qc1wu,Rest of Bay Area
9qc1wv,Rest of Bay Area
9qc1ww,Rest of Bay Area
9qc1wx,Rest of Bay Area
9qc1wy,Rest of Bay Area
9qc1wz,Rest of Bay Area
9qc1x0,Rest of Bay Area
9qc1x1,Rest of Bay Area
9qc1x2,Rest of Bay Area
9qc1x3,Rest of Bay Area
9qc1x4,Rest of Bay Area
9qc1x5,Rest of Bay Area
9qc1x6,Rest of Bay Area
9qc1x7,Rest of Bay Area
9qc1x8,Rest of Bay Area
9qc1x9,Rest of Bay Area
9qc1xb,Rest of Bay Area
9qc1xc,Rest of Bay Area
9qc1xd,Rest of Bay Area
9qc1xe,Rest of Bay Area
9qc1xf,Rest of Bay Area
9qc1xg,Rest of Bay Area
9qc1xh,Rest of Bay Area
9qc1xj,Rest of Bay Area
9qc1xk,Rest of Bay Area
9qc1xm,Rest of Bay Area
9qc1xn,Rest of Bay Area
9qc1xp,Rest of Bay Area
9qc1xq,Rest of Bay Area
9qc1xr,Rest of Bay Area
9qc1xs,Rest of Bay Area
9qc1xt,Rest of Bay Area
9qc1xu,Rest of Bay Area
9qc1xv,Rest of Bay Area
9qc1xw,Rest of Bay Area
9qc1xx,Rest of Bay Area
9qc1xy,Rest of Bay Area
9qc1xz,Rest of Bay Area
9qc1y0,Rest of Bay Area
9qc1y1,Rest of Bay Area
9qc1y2,Rest of Bay Area
9qc1y3,Rest of Bay Area
9qc1y4,Rest of Bay Area
9qc1y5,Rest of Bay Area
9qc1y6,Rest of Bay Area
9qc1y7,Rest of Bay Area
9qc1y8,Rest of Bay Area
9qc1y9,Rest of Bay Area
9qc1yb,Rest of Bay Area
9qc1yc,Rest of Bay Area
9qc1yd,Rest of Bay Area
9qc1ye,Rest of Bay Area
9qc1yf,Rest of Bay Area
9qc1yg,Rest of Bay Area
9qc1yh,Rest of Bay Area
9qc1yj,Rest of Bay Area
9qc1yk,Rest of Bay Area
9qc1ym,Rest of Bay Area
9qc1yn,Rest of Bay Area
9qc1yp,Rest of Bay Area
9qc1yq,Rest of Bay Area
9qc1yr,Rest of Bay Area
9qc1ys,Rest of Bay Area
9qc1yt,Rest of Bay Area
9qc1yu,Rest of Bay Area
9qc1yv,Rest of Bay Area
9qc1yw,Rest of Bay Area
9qc1yx,Rest of Bay Area
9qc1yy,Rest of Bay Area
9qc1yz,Rest of Bay Area
9qc1z0,Rest of Bay Area
9qc1z1,Rest of Bay Area
9qc1z2,Rest of Bay Area
9qc1z3,Rest of Bay Area
9qc1z4,Rest of Bay Area
9qc1z5,Rest of Bay Area
9qc1z6,Rest of Bay Area
9qc1z7,Rest of Bay Area
9qc1z8,Rest of Bay Area
9qc1z9,Rest of Bay Area
9qc1zb,Rest of Bay Area
9qc1zc,Rest of Bay Area
9qc1zd,Rest of Bay Area
9qc1ze,Rest of Bay Area
9qc1zf,Rest of Bay Area
9qc1zg,Rest of Bay Area
9qc1zh,Rest of Bay Area
9qc1zj,Rest of Bay Area
9qc1zk,Rest of Bay Area
9qc1zm,Rest of Bay Area
9qc1zn,Rest of Bay Area
9qc1zp,Rest of Bay Area
9qc1zq,Rest of Bay Area
9qc1zr,Rest of Bay Area
9qc1zs,Rest of Bay Area
9qc1zt,Rest of Bay Area
9qc1zu,Rest of Bay Area
9qc1zv,Rest of Bay Area
9qc1zw,Rest of Bay Area
9qc1zx,Rest of Bay Area
9qc1zy,Rest of Bay Area
9qc1zz,Rest of Bay Area
9qc200,Rest of East Bay
9qc201,Rest of East Bay
9qc202,Rest of East Bay
9qc203,Rest of East Bay
9qc204,Rest of East Bay
9qc205,Rest of East Bay
9qc206,Rest of East Bay
9qc207,Rest of East Bay
9qc208,Rest of East Bay
9qc209,Rest of East Bay
9qc20b,Rest of East Bay
9qc20c,Rest of East Bay
9qc20d,Rest of East Bay
9qc20e,Rest of East Bay
9qc20f,Rest of East Bay
9qc20g,Rest of East Bay
9qc20h,Rest of East Bay
9qc20j,Rest of East Bay
9qc20k,Rest of East Bay
9qc20m,Rest of East Bay
9qc20n,Rest of East Bay
9qc20p,Rest of East Bay
9qc20q,Rest of East Bay
9qc20r,Rest of East Bay
9qc20s,Rest of East Bay
9qc20t,Rest of East Bay
9qc20u,Rest of East Bay
9qc20v,Rest of East Bay
9qc20w,Rest of East Bay
9qc20x,Rest of East Bay
9qc20y,Rest of East Bay
9qc20z,Rest of East Bay
9qc210,Rest of East Bay
9qc211,Rest of East Bay
9qc212,Rest of East Bay
9qc213,Rest of East Bay
9qc214,Rest of East Bay
9qc215,Rest of East Bay
9qc216,Rest of East Bay
9qc217,Rest of East Bay
9qc218,Rest of East Bay
9qc219,Rest of East Bay
9qc21b,Rest of East Bay
9qc21c,Rest of East Bay
9qc21d,Rest of East Bay
9qc21e,Rest of East Bay
9qc21f,Rest of East Bay
9qc21g,Rest of East Bay
9qc21h,Rest of East Bay
9qc21j,Rest of East Bay
9qc21k,Rest of East Bay
9qc21m,Rest of East Bay
9qc21n,Rest of East Bay
9qc21p,Rest of East Bay
9qc21q,Rest of East Bay
9qc21r,Rest of East Bay
9qc21s,Rest of East Bay
9qc21t,Rest of East Bay
9qc21u,Rest of East Bay
9qc21v,Rest of East Bay
9qc21w,Rest of East Bay
9qc21x,Rest of East Bay
9qc21y,Rest of East Bay
9qc21z,Rest of East Bay
9qc220,Rest of East Bay
9qc221,Rest of East Bay
9qc222,Rest of East Bay
9qc223,Rest of East Bay
9qc224,Rest of East Bay
9qc225,Rest of East Bay
9qc226,Rest of East Bay
9qc227,Rest of East Bay
9qc228,Rest of East Bay
9qc229,Rest of East Bay
9qc22b,Rest of East Bay
9qc22c,Rest of East Bay
9qc22d,Rest of East Bay
9qc22e,Rest of East Bay
9qc22f,Rest of East Bay
9qc22g,Rest of East Bay
9qc22h,Rest of East Bay
9qc22j,Rest of East Bay
9qc22k,Rest of East Bay
9qc22m,Rest of East Bay
9qc22n,Rest of East Bay
9qc22p,Rest of East Bay
9qc22q,Rest of East Bay
9qc22s,Rest of East Bay
9qc22t,Rest of East Bay
9qc22u,Rest of East Bay
9qc22v,Rest of East Bay
9qc22w,Rest of East Bay
9qc22y,Rest of East Bay
9qc230,Rest of East Bay
9qc231,Rest of East Bay
9qc232,Rest of East Bay
9qc233,Rest of East Bay
9qc234,Rest of East Bay
9qc235,Rest of East Bay
9qc236,Rest of East Bay
9qc237,Rest of East Bay
9qc238,Rest of East Bay
9qc239,Rest of East Bay
9qc23b,Rest of East Bay
9qc23c,Rest of East Bay
9qc23d,Rest of East Bay
9qc23e,Rest of East Bay
9qc23f,Rest of East Bay
9qc23g,Rest of East Bay
9qc23h,Rest of East Bay
9qc23j,Rest of East Bay
9qc23k,Rest of East Bay
9qc23m,Rest of East Bay
9qc23n,Rest of East Bay
9qc23r,Rest of Bay Area
9qc23s,Rest of East Bay
9qc23t,Rest of East Bay
9qc23u,Rest of East Bay
9qc23v,Rest of East Bay
9qc23w,Rest of Bay Area
9qc23x,Rest of Bay Area
9qc23y,Rest of Bay Area
9qc23z,Rest of Bay Area
9qc240,Rest of East Bay
9qc241,Rest of East Bay
9qc242,Rest of East Bay
9qc243,Rest of East Bay
9qc244,Rest of East Bay
9qc245,Rest of East Bay
9qc246,Rest of East Bay
9qc247,Rest of East Bay
9qc248,Rest of East Bay
9qc249,Rest of East Bay
9qc24b,Rest of East Bay
9qc24c,Rest of East Bay
9qc24d,Rest of East Bay
9qc24e,Rest of East Bay
9qc24f,Rest of East Bay
9qc24g,Rest of East Bay
9qc24h,Rest of East Bay
9qc24j,Rest of East Bay
9qc24k,Rest of East Bay
9qc24m,Rest of East Bay
9qc24n,Rest of East Bay
9qc24p,Rest of East Bay
9qc24q,Rest of East Bay
9qc24r,Rest of East Bay
9qc24s,Rest of East Bay
9qc24t,Rest of East Bay
9qc24u,Rest of East Bay
9qc24v,Rest of East Bay
9qc24w,Rest of East Bay
9qc24x,Rest of East Bay
9qc24y,Rest of East Bay
9qc24z,Rest of East Bay
9qc250,Rest of East Bay
9qc251,Rest of East Bay
9qc252,Rest of East Bay
9qc253,Rest of East Bay
9qc254,Rest of East Bay
9qc255,Rest of East Bay
9qc256,Rest of East Bay
9qc257,Rest of East Bay
9qc258,Rest of East Bay
9qc259,Rest of East Bay
9qc25b,Rest of East Bay
9qc25c,Rest of East Bay
9qc25d,Rest of East Bay
9qc25e,Rest of East Bay
9qc25f,Rest of East Bay
9qc25g,Rest of East Bay
9qc25h,Rest of East Bay
9qc25j,Rest of East Bay
9qc25k,Rest of East Bay
9qc25m,Rest of East Bay
9qc25n,Rest of East Bay
9qc25p,Rest of East Bay
9qc25q,Rest of East Bay
9qc25r,Rest of East Bay
9qc25s,Rest of East Bay
9qc25t,Rest of East Bay
9qc25u,Rest of East Bay
9qc25v,Rest of East Bay
9qc25w,Rest of East Bay
9qc25x,Rest of East Bay
9qc25y,Rest of East Bay
9qc25z,Rest of East Bay
9qc260,Rest of East Bay
9qc261,Rest of East Bay
9qc262,Rest of East Bay
9qc263,Rest of East Bay
9qc264,Rest of East Bay
9qc265,Rest of East Bay
9qc266,Rest of East Bay
9qc267,Rest of East Bay
9qc268,Rest of East Bay
9qc269,Rest of East Bay
9qc26b,Rest of East Bay
9qc26c,Rest of East Bay
9qc26d,Rest of East Bay
9qc26e,Rest of East Bay
9qc26f,Rest of East Bay
9qc26g,Rest of East Bay
9qc26h,Rest of East Bay
9qc26j,Rest of East Bay
9qc26k,Rest of East Bay
9qc26m,Rest of East Bay
9qc26n,Rest of Bay Area
9qc26p,Rest of Bay Area
9qc26r,Rest of Bay Area
9qc26s,Rest of East Bay
9qc26t,Rest of East Bay
9qc26u,Rest of East Bay
9qc26v,Rest of East Bay
9qc26x,Rest of Bay Area
9qc26y,Rest of East Bay
9qc270,Rest of East Bay
9qc271,Rest of East Bay
9qc272,Rest of East Bay
9qc273,Rest of East Bay
9qc274,Rest of East Bay
9qc275,Rest of East Bay
9qc276,Rest of East Bay
9qc277,Rest of East Bay
9qc278,Rest of East Bay
9qc279,Rest of East Bay
9qc27b,Rest of East Bay
9qc27c,Rest of East Bay
9qc27d,Rest of East Bay
9qc27e,Rest of East Bay
9qc27f,Rest of East Bay
9qc27h,Rest of East Bay
9qc27j,Rest of East Bay
9qc27k,Rest of East Bay
9qc27m,Rest of East Bay
9qc27n,Rest of East Bay
9qc27p,Rest of East Bay
9qc27q,Rest of East Bay
9qc27r,Rest of East Bay
9qc27s,Rest of East Bay
9qc27t,Rest of East Bay
9qc285,Rest of Bay Area
9qc286,Rest of Bay Area
9qc287,Rest of Bay Area
9qc28e,Rest of Bay Area
9qc28g,Rest of Bay Area
9qc28h,Rest of Bay Area
9qc28j,Rest of Bay Area
9qc28k,Rest of Bay Area
9qc28m,Rest of Bay Area
9qc28n,Rest of Bay Area
9qc28p,Rest of Bay Area
9qc28q,Rest of Bay Area
9qc28r,Rest of Bay Area
9qc28s,Rest of Bay Area
9qc28t,Rest of Bay Area
9qc28u,Rest of Bay Area
9qc28v,Rest of Bay Area
9qc28w,Rest of Bay Area
9qc28x,Rest of Bay Area
9qc28y,Rest of Bay Area
9qc28z,Rest of Bay Area
9qc295,Rest of Bay Area
9qc298,Rest of Bay Area
9qc299,Rest of Bay Area
9qc29b,Rest of Bay Area
9qc29c,Rest of Bay Area
9qc29d,Rest of Bay Area
9qc29f,Rest of Bay Area
9qc29g,Rest of Bay Area
9qc29h,Rest of Bay Area
9qc29j,Rest of Bay Area
9qc29k,Rest of Bay Area
9qc29m,Rest of Bay Area
9qc29n,Rest of Bay Area
9qc29p,Rest of Bay Area
9qc29q,Rest of Bay Area
9qc29r,Rest of Bay Area
9qc29s,Rest of Bay Area
9qc29t,Rest of Bay Area
9qc29u,Rest of Bay Area
9qc29v,Rest of Bay Area
9qc29w,Rest of Bay Area
9qc29x,Rest of Bay Area
9qc29y,Rest of Bay Area
9qc29z,Rest of Bay Area
9qc2b0,Rest of Bay Area
9qc2b1,Rest of Bay Area
9qc2b2,Rest of Bay Area
9qc2b3,Rest of Bay Area
9qc2b4,Rest of Bay Area
9qc2b5,Rest of Bay Area
9qc2b6,Rest of Bay Area
9qc2b7,Rest of Bay Area
9qc2b8,Rest of Bay Area
9qc2b9,Rest of Bay Area
9qc2bb,Rest of Bay Area
9qc2bc,Rest of Bay Area
9qc2bd,Rest of Bay Area
9qc2be,Rest of Bay Area
9qc2bf,Rest of Bay Area
9qc2bg,Rest of Bay Area
9qc2bh,Rest of Bay Area
9qc2bj,Rest of Bay Area
9qc2bk,Rest of Bay Area
9qc2bm,Rest of Bay Area
9qc2bn,Rest of Bay Area
9qc2bp,Rest of Bay Area
9qc2bq,Rest of Bay Area
9qc2br,Rest of Bay Area
9qc2bs,Rest of Bay Area
9qc2bt,Rest of Bay Area
9qc2bu,Rest of Bay Area
9qc2bv,Rest of Bay Area
9qc2bw,Rest of Bay Area
9qc2bx,Rest of Bay Area
9qc2by,Rest of Bay Area
9qc2bz,Rest of Bay Area
9qc2c0,Rest of Bay Area
9qc2c1,Rest of Bay Area
9qc2c2,Rest of Bay Area
9qc2c3,Rest of Bay Area
9qc2c4,Rest of Bay Area
9qc2c5,Rest of Bay Area
9qc2c6,Rest of Bay Area
9qc2c7,Rest of Bay Area
9qc2c8,Rest of Bay Area
9qc2c9,Rest of Bay Area
9qc2cb,Rest of Bay Area
9qc2cc,Rest of Bay Area
9qc2cd,Rest of Bay Area
9qc2ce,Rest of Bay Area
9qc2cf,Rest of Bay Area
9qc2cg,Rest of Bay Area
9qc2ch,Rest of Bay Area
9qc2cj,Rest of Bay Area
9qc2ck,Rest of Bay Area
9qc2cm,Rest of Bay Area
9qc2cn,Rest of Bay Area
9qc2cp,Rest of Bay Area
9qc2cq,Rest of Bay Area
9qc2cr,Rest of Bay Area
9qc2cs,Rest of Bay Area
9qc2ct,Rest of Bay Area
9qc2cu,Rest of Bay Area
9qc2cv,Rest of Bay Area
9qc2cw,Rest of Bay Area
9qc2cx,Rest of Bay Area
9qc2cy,Rest of Bay Area
9qc2cz,Rest of Bay Area
9qc2d0,Rest of Bay Area
9qc2d1,Rest of Bay Area
9qc2d2,Rest of Bay Area
9qc2d3,Rest of Bay Area
9qc2d4,Rest of Bay Area
9qc2d5,Rest of Bay Area
9qc2d6,Rest of Bay Area
9qc2d7,Rest of Bay Area
9qc2d8,Rest of Bay Area
9qc2d9,Rest of Bay Area
9qc2db,Rest of Bay Area
9qc2dc,Rest of Bay Area
9qc2dd,Rest of Bay Area
9qc2de,Rest of Bay Area
9qc2df,Rest of Bay Area
9qc2dg,Rest of Bay Area
9qc2dh,Rest of Bay Area
9qc2dj,Rest of Bay Area
9qc2dk,Rest of Bay Area
9qc2dm,Rest of Bay Area
9qc2dn,Rest of Bay Area
9qc2dp,Rest of Bay Area
9qc2dq,Rest of Bay Area
9qc2dr,Rest of Bay Area
9qc2ds,Rest of Bay Area
9qc2dt,Rest of Bay Area
9qc2du,Rest of Bay Area
9qc2dv,Rest of Bay Area
9qc2dw,Rest of Bay Area
9qc2dx,Rest of Bay Area
9qc2dy,Rest of Bay Area
9qc2dz,Rest of Bay Area
9qc2e0,Rest of East Bay
9qc2e1,Rest of East Bay
9qc2e2,Rest of East Bay
9qc2e3,Rest of East Bay
9qc2e4,Rest of Bay Area
9qc2e5,Rest of Bay Area
9qc2e6,Rest of Bay Area
9qc2e7,Rest of Bay Area
9qc2e9,Rest of Bay Area
9qc2eb,Rest of Bay Area
9qc2ec,Rest of Bay Area
9qc2ed,Rest of Bay Area
9qc2ee,Rest of Bay Area
9qc2ef,Rest of Bay Area
9qc2eg,Rest of Bay Area
9qc2eh,Rest of Bay Area
9qc2ej,Rest of Bay Area
9qc2ek,Rest of Bay Area
9qc2em,Rest of Bay Area
9qc2en,Rest of Bay Area
9qc2ep,Rest of Bay Area
9qc2eq,Rest of Bay Area
9qc2er,Rest of Bay Area
9qc2es,Rest of Bay Area
9qc2et,Rest of Bay Area
9qc2eu,Rest of Bay Area
9qc2ev,Rest of Bay Area
9qc2ew,Rest of Bay Area
9qc2ex,Rest of Bay Area
9qc2ey,Rest of Bay Area
9qc2ez,Rest of Bay Area
9qc2f0,Rest of Bay Area
9qc2f1,Rest of Bay Area
9qc2f2,Rest of Bay Area
9qc2f3,Rest of Bay Area
9qc2f4,Rest of Bay Area
9qc2f5,Rest of Bay Area
9qc2f6,Rest of Bay Area
9qc2f7,Rest of Bay Area
9qc2f8,Rest of Bay Area
9qc2f9,Rest of Bay Area
9qc2fb,Rest of Bay Area
9qc2fc,Rest of Bay Area
9qc2fd,Rest of Bay Area
9qc2fe,Rest of Bay Area
9qc2ff,Rest of Bay Area
9qc2fg,Rest of Bay Area
9qc2fh,Rest of Bay Area
9qc2fj,Rest of Bay Area
9qc2fk,Rest of Bay Area
9qc2fm,Rest of Bay Area
9qc2fn,Rest of Bay Area
9qc2fp,Rest of Bay Area
9qc2fq,Rest of Bay Area
9qc2fr,Rest of Bay Area
9qc2fs,Rest of Bay Area
9qc2ft,Rest of Bay Area
9qc2fu,Rest of Bay Area
9qc2fv,Rest of Bay Area
9qc2fw,Rest of Bay Area
9qc2fx,Rest of Bay Area
9qc2fy,Rest of Bay Area
9qc2fz,Rest of Bay Area
9qc2g0,Rest of Bay Area
9qc2g1,Rest of Bay Area
9qc2g2,Rest of Bay Area
9qc2g3,Rest of Bay Area
9qc2g4,Rest of Bay Area
9qc2g5,Rest of Bay Area
9qc2g6,Rest of Bay Area
9qc2g7,Rest of Bay Area
9qc2g8,Rest of Bay Area
9qc2g9,Rest of Bay Area
9qc2gb,Rest of Bay Area
9qc2gc,Rest of Bay Area
9qc2gd,Rest of Bay Area
9qc2ge,Rest of Bay Area
9qc2gf,Rest of Bay Area
9qc2gg,Rest of Bay Area
9qc2gh,Rest of Bay Area
9qc2gj,Rest of Bay Area
9qc2gk,Rest of Bay Area
9qc2gm,Rest of Bay Area
9qc2gn,Rest of Bay Area
9qc2gp,Rest of Bay Area
9qc2gq,Rest of Bay Area
9qc2gr,Rest of Bay Area
9qc2gs,Rest of Bay Area
9qc2gt,Rest of Bay Area
9qc2gu,Rest of Bay Area
9qc2gv,Rest of Bay Area
9qc2gw,Rest of Bay Area
9qc2gx,Rest of Bay Area
9qc2gy,Rest of Bay Area
9qc2gz,Rest of Bay Area
9qc2h0,Rest of East Bay
9qc2h1,Rest of East Bay
9qc2h2,Rest of East Bay
9qc2h3,Rest of East Bay
9qc2h4,Rest of East Bay
9qc2h5,Rest of East Bay
9qc2h6,Rest of East Bay
9qc2h7,Rest of East Bay
9qc2h8,Rest of East Bay
9qc2h9,Rest of East Bay
9qc2hb,Rest of East Bay
9qc2hc,Rest of East Bay
9qc2hd,Rest of East Bay
9qc2he,Rest of East Bay
9qc2hf,Rest of East Bay
9qc2hg,Rest of East Bay
9qc2hh,Rest of East Bay
9qc2hj,Rest of East Bay
9qc2hk,Rest of East Bay
9qc2hm,Rest of East Bay
9qc2hn,Rest of East Bay
9qc2hp,Rest of East Bay
9qc2hq,Rest of East Bay
9qc2hr,Rest of East Bay
9qc2hs,Rest of East Bay
9qc2ht,Rest of East Bay
9qc2hu,Rest of East Bay
9qc2hv,Rest of East Bay
9qc2hw,Rest of East Bay
9qc2hx,Rest of East Bay
9qc2hy,Rest of East Bay
9qc2hz,Rest of East Bay
9qc2j0,Rest of East Bay
9qc2j1,Rest of East Bay
9qc2j2,Rest of East Bay
9qc2j3,Rest of East Bay
9qc2j4,Rest of East Bay
9qc2j5,Rest of East Bay
9qc2j6,Rest of East Bay
9qc2j7,Rest of East Bay
9qc2j8,Rest of East Bay
9qc2j9,Rest of East Bay
9qc2jb,Rest of East Bay
9qc2jc,Rest of East Bay
9qc2jd,Rest of East Bay
9qc2je,Rest of East Bay
9qc2jf,Rest of East Bay
9qc2jg,Rest of East Bay
9qc2jh,Rest of East Bay
9qc2jj,Rest of East Bay
9qc2jk,Rest of East Bay
9qc2jm,Rest of East Bay
9qc2jn,Rest of East Bay
9qc2jp,Rest of East Bay
9qc2jq,Rest of East Bay
9qc2jr,Rest of East Bay
9qc2js,Rest of East Bay
9qc2jt,Rest of East Bay
9qc2ju,Rest of East Bay
9qc2jv,Rest of East Bay
9qc2jw,Rest of East Bay
9qc2jx,Rest of East Bay
9qc2jy,Rest of East Bay
9qc2jz,Rest of East Bay
9qc2k0,Rest of East Bay
9qc2k1,Rest of East Bay
9qc2k2,Rest of East Bay
9qc2k3,Rest of East Bay
9qc2k8,Rest of East Bay
9qc2k9,Rest of East Bay
9qc2kb,Rest of East Bay
9qc2kc,Rest of East Bay
9qc2m0,Rest of East Bay
9qc2m1,Rest of East Bay
9qc2m2,Rest of East Bay
9qc2m3,Rest of East Bay
9qc2m4,Rest of East Bay
9qc2m6,Rest of East Bay
9qc2m8,Rest of East Bay
9qc2m9,Rest of East Bay
9qc2mb,Rest of East Bay
9qc2mc,Rest of East Bay
9qc2md,Rest of East Bay
9qc2mf,Rest of East Bay
9qc2mg,Rest of East Bay
9qc2n0,Rest of East Bay
9qc2n1,Rest of East Bay
9qc2n2,Rest of East Bay
9qc2n3,Rest of East Bay
9qc2n4,Rest of East Bay
9qc2n5,Rest of East Bay
9qc2n6,Rest of East Bay
9qc2n7,Rest of East Bay
9qc2n8,Rest of East Bay
9qc2n9,Rest of East Bay
9qc2nb,Rest of East Bay
9qc2nc,Rest of East Bay
9qc2nd,Rest of East Bay
9qc2ne,Rest of East Bay
9qc2nf,Rest of East Bay
9qc2ng,Rest of East Bay
9qc2nh,Rest of East Bay
9qc2nj,Rest of East Bay
9qc2nk,Rest of East Bay
9qc2nm,Rest of East Bay
9qc2nn,Rest of East Bay
9qc2np,Rest of East Bay
9qc2nq,Rest of East Bay
9qc2nr,Rest of East Bay
9qc2ns,Rest of East Bay
9qc2nt,Rest of East Bay
9qc2nu,Rest of East Bay
9qc2nv,Rest of East Bay
9qc2nw,Rest of East Bay
9qc2nx,Rest of East Bay
9qc2ny,Rest of East Bay
9qc2nz,Rest of East Bay
9qc2p0,Rest of East Bay
9qc2p1,Rest of East Bay
9qc2p2,Rest of East Bay
9qc2p3,Rest of East Bay
9qc2p4,Rest of East Bay
9qc2p5,Rest of East Bay
9qc2p6,Rest of East Bay
9qc2p7,Rest of East Bay
9qc2p8,Rest of East Bay
9qc2p9,Rest of East Bay
9qc2pb,Rest of East Bay
9qc2pc,Rest of East Bay
9qc2pd,Rest of East Bay
9qc2pe,Rest of East Bay
9qc2pf,Rest of East Bay
9qc2pg,Rest of East Bay
9qc2ph,Rest of East Bay
9qc2pj,Rest of East Bay
9qc2pk,Rest of East Bay
9qc2pm,Rest of East Bay
9qc2pn,Rest of East Bay
9qc2pp,Rest of East Bay
9qc2pq,Rest of East Bay
9qc2pr,Rest of East Bay
9qc2ps,Rest of East Bay
9qc2pt,Rest of East Bay
9qc2pu,Rest of East Bay
9qc2pv,Rest of East Bay
9qc2pw,Rest of East Bay
9qc2px,Rest of East Bay
9qc2py,Rest of East Bay
9qc2pz,Rest of East Bay
9qc2q0,Rest of East Bay
9qc2q1,Rest of East Bay
9qc2q2,Rest of East Bay
9qc2q3,Rest of East Bay
9qc2q4,Rest of East Bay
9qc2q5,Rest of East Bay
9qc2q6,Rest of East Bay
9qc2q7,Rest of East Bay
9qc2q8,Rest of East Bay
9qc2q9,Rest of East Bay
9qc2qb,Rest of East Bay
9qc2qc,Rest of East Bay
9qc2qd,Rest of East Bay
9qc2qe,Rest of East Bay
9qc2qf,Rest of East Bay
9qc2qg,Rest of East Bay
9qc2qh,Rest of East Bay
9qc2qk,Rest of East Bay
9qc2qm,Rest of East Bay
9qc2qs,Rest of East Bay
9qc2qt,Rest of East Bay
9qc2qu,Rest of East Bay
9qc2qv,Rest of East Bay
9qc2qw,Rest of East Bay
9qc2qy,Rest of East Bay
9qc2qz,Rest of East Bay
9qc2r0,Rest of East Bay
9qc2r1,Rest of East Bay
9qc2r2,Rest of East Bay
9qc2r3,Rest of East Bay
9qc2r4,Rest of East Bay
9qc2r5,Rest of East Bay
9qc2r6,Rest of East Bay
9qc2r7,Rest of East Bay
9qc2r8,Rest of East Bay
9qc2r9,Rest of East Bay
9qc2rb,Rest of East Bay
9qc2rc,Rest of East Bay
9qc2rd,Rest of East Bay
9qc2re,Rest of East Bay
9qc2rf,Rest of East Bay
9qc2rg,Rest of East Bay
9qc2rh,Rest of East Bay
9qc2rj,Rest of East Bay
9qc2rk,Rest of East Bay
9qc2rm,Rest of East Bay
9qc2rn,Rest of East Bay
9qc2rp,Rest of East Bay
9qc2rq,Rest of East Bay
9qc2rr,Rest of East Bay
9qc2rs,Rest of East Bay
9qc2rt,Rest of East Bay
9qc2ru,Rest of East Bay
9qc2rv,Rest of East Bay
9qc2rw,Rest of East Bay
9qc2rx,Rest of East Bay
9qc2ry,Rest of East Bay
9qc2rz,Rest of East Bay
9qc2s0,Rest of Bay Area
9qc2s1,Rest of Bay Area
9qc2s2,Rest of Bay Area
9qc2s3,Rest of Bay Area
9qc2s4,Rest of Bay Area
9qc2s5,Rest of Bay Area
9qc2s6,Rest of Bay Area
9qc2s7,Rest of Bay Area
9qc2s8,Rest of Bay Area
9qc2s9,Rest of Bay Area
9qc2sc,Rest of Bay Area
9qc2sd,Rest of Bay Area
9qc2se,Rest of Bay Area
9qc2sf,Rest of Bay Area
9qc2sg,Rest of Bay Area
9qc2sh,Rest of Bay Area
9qc2sj,Rest of Bay Area
9qc2sk,Rest of Bay Area
9qc2sm,Rest of Bay Area
9qc2sn,Rest of Bay Area
9qc2sp,Rest of Bay Area
9qc2sq,Rest of Bay Area
9qc2sr,Rest of Bay Area
9qc2ss,Rest of Bay Area
9qc2st,Rest of Bay Area
9qc2su,Rest of Bay Area
9qc2sv,Rest of Bay Area
9qc2sw,Rest of Bay Area
9qc2sx,Rest of Bay Area
9qc2sy,Rest of Bay Area
9qc2sz,Rest of Bay Area
9qc2t4,Rest of Bay Area
9qc2t5,Rest of Bay Area
9qc2t7,Rest of Bay Area
9qc2th,Rest of Bay Area
9qc2tj,Rest of Bay Area
9qc2tk,Rest of Bay Area
9qc2tm,Rest of Bay Area
9qc2tn,Rest of Bay Area
9qc2tp,Rest of Bay Area
9qc2tq,Rest of Bay Area
9qc2tr,Rest of Bay Area
9qc2ts,Rest of Bay Area
9qc2tt,Rest of Bay Area
9qc2tu,Rest of Bay Area
9qc2tv,Rest of Bay Area
9qc2tw,Rest of Bay Area
9qc2tx,Rest of Bay Area
9qc2ty,Rest of Bay Area
9qc2tz,Rest of Bay Area
9qc2u0,Rest of Bay Area
9qc2u1,Rest of Bay Area
9qc2u2,Rest of Bay Area
9qc2u3,Rest of Bay Area
9qc2u4,Rest of Bay Area
9qc2u5,Rest of Bay Area
9qc2u6,Rest of Bay Area
9qc2u7,Rest of Bay Area
9qc2u8,Rest of Bay Area
9qc2u9,Rest of Bay Area
9qc2ub,Rest of Bay Area
9qc2uc,Rest of Bay Area
9qc2ud,Rest of Bay Area
9qc2ue,Rest of Bay Area
9qc2uf,Rest of Bay Area
9qc2ug,Rest of Bay Area
9qc2uh,Rest of Bay Area
9qc2uj,Rest of Bay Area
9qc2uk,Rest of Bay Area
9qc2um,Rest of Bay Area
9qc2un,Rest of Bay Area
9qc2up,Rest of Bay Area
9qc2uq,Rest of Bay Area
9qc2ur,Rest of Bay Area
9qc2us,Rest of Bay Area
9qc2ut,Rest of Bay Area
9qc2uu,Rest of Bay Area
9qc2uv,Rest of Bay Area
9qc2uw,Rest of Bay Area
9qc2ux,Rest of Bay Area
9qc2uy,Rest of Bay Area
9qc2uz,Rest of Bay Area
9qc2v0,Rest of Bay Area
9qc2v1,Rest of Bay Area
9qc2v2,Rest of Bay Area
9qc2v3,Rest of Bay Area
9qc2v4,Rest of Bay Area
9qc2v5,Rest of Bay Area
9qc2v6,Rest of Bay Area
9qc2v7,Rest of Bay Area
9qc2v8,Rest of Bay Area
9qc2v9,Rest of Bay Area
9qc2vb,Rest of Bay Area
9qc2vc,Rest of Bay Area
9qc2vd,Rest of Bay Area
9qc2ve,Rest of Bay Area
9qc2vf,Rest of Bay Area
9qc2vg,Rest of Bay Area
9qc2vh,Rest of Bay Area
9qc2vj,Rest of Bay Area
9qc2vk,Rest of Bay Area
9qc2vm,Rest of Bay Area
9qc2vn,Rest of Bay Area
9qc2vp,Rest of Bay Area
9qc2vq,Rest of Bay Area
9qc2vr,Rest of Bay Area
9qc2vs,Rest of Bay Area
9qc2vt,Rest of Bay Area
9qc2vu,Rest of Bay Area
9qc2vv,Rest of Bay Area
9qc2vw,Rest of Bay Area
9qc2vx,Rest of Bay Area
9qc2vy,Rest of Bay Area
9qc2vz,Rest of Bay Area
9qc2wb,Rest of East Bay
9qc2wh,Rest of Bay Area
9qc2wj,Rest of Bay Area
9qc2wk,Rest of Bay Area
9qc2wm,Rest of Bay Area
9qc2wn,Rest of Bay Area
9qc2wp,Rest of Bay Area
9qc2wq,Rest of Bay Area
9qc2wr,Rest of Bay Area
9qc2x0,Rest of East Bay
9qc2x1,Rest of East Bay
9qc2x2,Rest of East Bay
9qc2x3,Rest of East Bay
9qc2x4,Rest of East Bay
9qc2x5,Rest of East Bay
9qc2x6,Rest of East Bay
9qc2x7,Rest of East Bay
9qc2x8,Rest of East Bay
9qc2x9,Rest of East Bay
9qc2xb,Rest of East Bay
9qc2xc,Rest of East Bay
9qc2xd,Rest of East Bay
9qc2xe,Rest of East Bay
9qc2xf,Rest of East Bay
9qc2xg,Rest of East Bay
9qc2xh,Rest of East Bay
9qc2xj,Rest of East Bay
9qc2xk,Rest of East Bay
9qc2xm,Rest of East Bay
9qc2xn,Rest of East Bay
9qc2xq,Rest of East Bay
9qc2xr,Rest of East Bay
9qc2xs,Rest of East Bay
9qc2xt,Rest of East Bay
9qc2xu,Rest of East Bay
9qc2xv,Rest of East Bay
9qc2xw,Rest of East Bay
9qc2xx,Rest of East Bay
9qc2xy,Rest of East Bay
9qc2y0,Rest of Bay Area
9qc2y1,Rest of Bay Area
9qc2y2,Rest of Bay Area
9qc2y3,Rest of Bay Area
9qc2y4,Rest of Bay Area
9qc2y5,Rest of Bay Area
9qc2y6,Rest of Bay Area
9qc2y7,Rest of Bay Area
9qc2y9,Rest of Bay Area
9qc2yd,Rest of Bay Area
9qc2ye,Rest of Bay Area
9qc2yh,Rest of Bay Area
9qc2yj,Rest of Bay Area
9qc2yk,Rest of Bay Area
9qc2ym,Rest of Bay Area
9qc2yn,Rest of Bay Area
9qc2yp,Rest of Bay Area
9qc2yq,Rest of Bay Area
9qc2yr,Rest of Bay Area
9qc2ys,Rest of Bay Area
9qc2yt,Rest of Bay Area
9qc2yu,Rest of Bay Area
9qc2yv,Rest of Bay Area
9qc2yw,Rest of Bay Area
9qc2yx,Rest of Bay Area
9qc2yy,Rest of Bay Area
9qc2yz,Rest of Bay Area
9qc300,Rest of Bay Area
9qc301,Rest of Bay Area
9qc302,Rest of Bay Area
9qc303,Rest of Bay Area
9qc304,Rest of Bay Area
9qc305,Rest of Bay Area
9qc306,Rest of Bay Area
9qc307,Rest of Bay Area
9qc308,Rest of Bay Area
9qc309,Rest of Bay Area
9qc30b,Rest of Bay Area
9qc30c,Rest of Bay Area
9qc30d,Rest of Bay Area
9qc30e,Rest of Bay Area
9qc30f,Rest of Bay Area
9qc30g,Rest of Bay Area
9qc30h,Rest of Bay Area
9qc30j,Rest of Bay Area
9qc30k,Rest of Bay Area
9qc30m,Rest of Bay Area
9qc30n,Rest of Bay Area
9qc30p,Rest of Bay Area
9qc30q,Rest of Bay Area
9qc30r,Rest of Bay Area
9qc30s,Rest of Bay Area
9qc30t,Rest of Bay Area
9qc30u,Rest of Bay Area
9qc30v,Rest of Bay Area
9qc30w,Rest of Bay Area
9qc30x,Rest of Bay Area
9qc30y,Rest of Bay Area
9qc30z,Rest of Bay Area
9qc310,Rest of Bay Area
9qc311,Rest of Bay Area
9qc312,Rest of Bay Area
9qc313,Rest of Bay Area
9qc314,Rest of Bay Area
9qc315,Rest of Bay Area
9qc316,Rest of Bay Area
9qc317,Rest of Bay Area
9qc318,Rest of Bay Area
9qc319,Rest of Bay Area
9qc31b,Rest of Bay Area
9qc31c,Rest of Bay Area
9qc31d,Rest of Bay Area
9qc31e,Rest of Bay Area
9qc31f,Rest of Bay Area
9qc31g,Rest of Bay Area
9qc31h,Rest of Bay Area
9qc31j,Rest of Bay Area
9qc31k,Rest of Bay Area
9qc31m,Rest of Bay Area
9qc31n,Rest of Bay Area
9qc31p,Rest of Bay Area
9qc31q,Rest of Bay Area
9qc31r,Rest of Bay Area
9qc31s,Rest of Bay Area
9qc31t,Rest of Bay Area
9qc31u,Rest of Bay Area
9qc31v,Rest of Bay Area
9qc31w,Rest of Bay Area
9qc31x,Rest of Bay Area
9qc31y,Rest of Bay Area
9qc31z,Rest of Bay Area
9qc320,Rest of Bay Area
9qc321,Rest of Bay Area
9qc322,Rest of Bay Area
9qc323,Rest of Bay Area
9qc324,Rest of Bay Area
9qc325,Rest of Bay Area
9qc326,Rest of Bay Area
9qc327,Rest of Bay Area
9qc328,Rest of Bay Area
9qc329,Rest of Bay Area
9qc32b,Rest of Bay Area
9qc32c,Rest of Bay Area
9qc32d,Rest of Bay Area
9qc32e,Rest of Bay Area
9qc32f,Rest of Bay Area
9qc32g,Rest of Bay Area
9qc32h,Rest of Bay Area
9qc32j,Rest of Bay Area
9qc32k,Rest of Bay Area
9qc32m,Rest of Bay Area
9qc32n,Rest of Bay Area
9qc32p,Rest of Bay Area
9qc32q,Rest of Bay Area
9qc32r,Rest of Bay Area
9qc32s,Rest of Bay Area
9qc32t,Rest of Bay Area
9qc32u,Rest of Bay Area
9qc32v,Rest of Bay Area
9qc32w,Rest of Bay Area
9qc32x,Rest of Bay Area
9qc32y,Rest of Bay Area
9qc32z,Rest of Bay Area
9qc330,Rest of Bay Area
9qc331,Rest of Bay Area
9qc332,Rest of Bay Area
9qc333,Rest of Bay Area
9qc334,Rest of Bay Area
9qc335,Rest of Bay Area
9qc336,Rest of Bay Area
9qc337,Rest of Bay Area
9qc338,Rest of Bay Area
9qc339,Rest of Bay Area
9qc33b,Rest of Bay Area
9qc33c,Rest of Bay Area
9qc33d,Rest of Bay Area
9qc33e,Rest of Bay Area
9qc33f,Rest of Bay Area
9qc33g,Rest of Bay Area
9qc33h,Rest of Bay Area
9qc33j,Rest of Bay Area
9qc33k,Rest of Bay Area
9qc33m,Rest of Bay Area
9qc33n,Rest of Bay Area
9qc33p,Rest of Bay Area
9qc33q,Rest of Bay Area
9qc33r,Rest of Bay Area
9qc33s,Rest of Bay Area
9qc33t,Rest of Bay Area
9qc33u,Rest of Bay Area
9qc33v,Rest of Bay Area
9qc33w,Rest of Bay Area
9qc33x,Rest of Bay Area
9qc33y,Rest of Bay Area
9qc33z,Rest of Bay Area
9qc340,Rest of Bay Area
9qc341,Rest of Bay Area
9qc342,Rest of Bay Area
9qc343,Rest of Bay Area
9qc344,Rest of Bay Area
9qc345,Rest of Bay Area
9qc346,Rest of Bay Area
9qc347,Rest of Bay Area
9qc348,Rest of Bay Area
9qc349,Rest of Bay Area
9qc34b,Rest of Bay Area
9qc34c,Rest of Bay Area
9qc34d,Rest of Bay Area
9qc34e,Rest of Bay Area
9qc34f,Rest of Bay Area
9qc34g,Rest of Bay Area
9qc34h,Rest of Bay Area
9qc34j,Rest of Bay Area
9qc34k,Rest of Bay Area
9qc34m,Rest of Bay Area
9qc34n,Rest of Bay Area
9qc34p,Rest of Bay Area
9qc34q,Rest of Bay Area
9qc34r,Rest of Bay Area
9qc34s,Rest of Bay Area
9qc34t,Rest of Bay Area
9qc34u,Rest of Bay Area
9qc34v,Rest of Bay Area
9qc34w,Rest of Bay Area
9qc34x,Rest of Bay Area
9qc34y,Rest of Bay Area
9qc34z,Rest of Bay Area
9qc350,Rest of Bay Area
9qc351,Rest of Bay Area
9qc352,Rest of Bay Area
9qc353,Rest of Bay Area
9qc354,Rest of Bay Area
9qc355,Rest of Bay Area
9qc356,Rest of Bay Area
9qc357,Rest of Bay Area
9qc358,Rest of Bay Area
9qc359,Rest of Bay Area
9qc35b,Rest of Bay Area
9qc35c,Rest of Bay Area
9qc35d,Rest of Bay Area
9qc35e,Rest of Bay Area
9qc35f,Rest of Bay Area
9qc35g,Rest of Bay Area
9qc35h,Rest of Bay Area
9qc35j,Rest of Bay Area
9qc35k,Rest of Bay Area
9qc35m,Rest of Bay Area
9qc35n,Rest of Bay Area
9qc35p,Rest of Bay Area
9qc35q,Rest of Bay Area
9qc35r,Rest of Bay Area
9qc35s,Rest of Bay Area
9qc35t,Rest of Bay Area
9qc35u,Rest of Bay Area
9qc35v,Rest of Bay Area
9qc35w,Rest of Bay Area
9qc35x,Rest of Bay Area
9qc35y,Rest of Bay Area
9qc35z,Rest of Bay Area
9qc360,Rest of Bay Area
9qc361,Rest of Bay Area
9qc362,Rest of Bay Area
9qc363,Rest of Bay Area
9qc364,Rest of Bay Area
9qc365,Rest of Bay Area
9qc366,Rest of Bay Area
9qc367,Rest of Bay Area
9qc368,Rest of Bay Area
9qc369,Rest of Bay Area
9qc36b,Rest of Bay Area
9qc36c,Rest of Bay Area
9qc36d,Rest of Bay Area
9qc36e,Rest of Bay Area
9qc36f,Rest of Bay Area
9qc36g,Rest of Bay Area
9qc36h,Rest of Bay Area
9qc36j,Rest of Bay Area
9qc36k,Rest of Bay Area
9qc36m,Rest of Bay Area
9qc36n,Rest of Bay Area
9qc36p,Rest of Bay Area
9qc36q,Rest of Bay Area
9qc36r,Rest of Bay Area
9qc36s,Rest of Bay Area
9qc36t,Rest of Bay Area
9qc36u,Rest of Bay Area
9qc36v,Rest of Bay Area
9qc36w,Rest of Bay Area
9qc36x,Rest of Bay Area
9qc36y,Rest of Bay Area
9qc36z,Rest of Bay Area
9qc370,Rest of Bay Area
9qc371,Rest of Bay Area
9qc372,Rest of Bay Area
9qc373,Rest of Bay Area
9qc374,Rest of Bay Area
9qc375,Rest of Bay Area
9qc376,Rest of Bay Area
9qc377,Rest of Bay Area
9qc378,Rest of Bay Area
9qc379,Rest of Bay Area
9qc37b,Rest of Bay Area
9qc37c,Rest of Bay Area
9qc37d,Rest of Bay Area
9qc37e,Rest of Bay Area
9qc37f,Rest of Bay Area
9qc37g,Rest of Bay Area
9qc37h,Rest of Bay Area
9qc37j,Rest of Bay Area
9qc37k,Rest of Bay Area
9qc37m,Rest of Bay Area
9qc37n,Rest of Bay Area
9qc37p,Rest of Bay Area
9qc37q,Rest of Bay Area
9qc37r,Rest of Bay Area
9qc37s,Rest of Bay Area
9qc37t,Rest of Bay Area
9qc37u,Rest of Bay Area
9qc37v,Rest of Bay Area
9qc37w,Rest of Bay Area
9qc37x,Rest of Bay Area
9qc37y,Rest of Bay Area
9qc37z,Rest of Bay Area
9qc380,Rest of Bay Area
9qc381,Rest of Bay Area
9qc382,Rest of Bay Area
9qc383,Rest of Bay Area
9qc384,Rest of Bay Area
9qc385,Rest of Bay Area
9qc386,Rest of Bay Area
9qc387,Rest of Bay Area
9qc388,Rest of Bay Area
9qc389,Rest of Bay Area
9qc38b,Rest of Bay Area
9qc38c,Rest of Bay Area
9qc38d,Rest of Bay Area
9qc38e,Rest of Bay Area
9qc38f,Rest of Bay Area
9qc38g,Rest of Bay Area
9qc38h,Rest of Bay Area
9qc38j,Rest of Bay Area
9qc38k,Rest of Bay Area
9qc38m,Rest of Bay Area
9qc38n,Rest of Bay Area
9qc38p,Rest of Bay Area
9qc38q,Rest of Bay Area
9qc38r,Rest of Bay Area
9qc38s,Rest of Bay Area
9qc38t,Rest of Bay Area
9qc38u,Rest of Bay Area
9qc38v,Rest of Bay Area
9qc38w,Rest of Bay Area
9qc38x,Rest of Bay Area
9qc38y,Rest of Bay Area
9qc38z,Rest of Bay Area
9qc390,Rest of Bay Area
9qc391,Rest of Bay Area
9qc392,Rest of Bay Area
9qc393,Rest of Bay Area
9qc394,Rest of Bay Area
9qc395,Rest of Bay Area
9qc396,Rest of Bay Area
9qc397,Rest of Bay Area
9qc398,Rest of Bay Area
9qc399,Rest of Bay Area
9qc39b,Rest of Bay Area
9qc39c,Rest of Bay Area
9qc39d,Rest of Bay Area
9qc39e,Rest of Bay Area
9qc39f,Rest of Bay Area
9qc39g,Rest of Bay Area
9qc39h,Rest of Bay Area
9qc39j,Rest of Bay Area
9qc39k,Rest of Bay Area
9qc39m,Rest of Bay Area
9qc39n,Rest of Bay Area
9qc39p,Rest of Bay Area
9qc39q,Rest of Bay Area
9qc39r,Rest of Bay Area
9qc39s,Rest of Bay Area
9qc39t,Rest of Bay Area
9qc39u,Rest of Bay Area
9qc39v,Rest of Bay Area
9qc39w,Rest of Bay Area
9qc39x,Rest of Bay Area
9qc39y,Rest of Bay Area
9qc39z,Rest of Bay Area
9qc3b0,Rest of Bay Area
9qc3b1,Rest of Bay Area
9qc3b2,Rest of Bay Area
9qc3b3,Rest of Bay Area
9qc3b4,Rest of Bay Area
9qc3b5,Rest of Bay Area
9qc3b6,Rest of Bay Area
9qc3b7,Rest of Bay Area
9qc3b8,Rest of Bay Area
9qc3b9,Rest of Bay Area
9qc3bb,Rest of Bay Area
9qc3bc,Rest of Bay Area
9qc3bd,Rest of Bay Area
9qc3be,Rest of Bay Area
9qc3bf,Rest of Bay Area
9qc3bg,Rest of Bay Area
9qc3bh,Rest of Bay Area
9qc3bj,Rest of Bay Area
9qc3bk,Rest of Bay Area
9qc3bm,Rest of Bay Area
9qc3bn,Rest of Bay Area
9qc3bp,Rest of Bay Area
9qc3bq,Rest of Bay Area
9qc3br,Rest of Bay Area
9qc3bs,Rest of Bay Area
9qc3bt,Rest of Bay Area
9qc3bu,Rest of Bay Area
9qc3bv,Rest of Bay Area
9qc3bw,Rest of Bay Area
9qc3bx,Rest of Bay Area
9qc3by,Rest of Bay Area
9qc3bz,Rest of Bay Area
9qc3c0,Rest of Bay Area
9qc3c1,Rest of Bay Area
9qc3c2,Rest of Bay Area
9qc3c3,Rest of Bay Area
9qc3c4,Rest of Bay Area
9qc3c5,Rest of Bay Area
9qc3c6,Rest of Bay Area
9qc3c7,Rest of Bay Area
9qc3c8,Rest of Bay Area
9qc3c9,Rest of Bay Area
9qc3cb,Rest of Bay Area
9qc3cc,Rest of Bay Area
9qc3cd,Rest of Bay Area
9qc3ce,Rest of Bay Area
9qc3cf,Rest of Bay Area
9qc3cg,Rest of Bay Area
9qc3ch,Rest of Bay Area
9qc3cj,Rest of Bay Area
9qc3ck,Rest of Bay Area
9qc3cm,Rest of Bay Area
9qc3cn,Rest of Bay Area
9qc3cp,Rest of Bay Area
9qc3cq,Rest of Bay Area
9qc3cr,Rest of Bay Area
9qc3cs,Rest of Bay Area
9qc3ct,Rest of Bay Area
9qc3cu,Rest of Bay Area
9qc3cv,Rest of Bay Area
9qc3cw,Rest of Bay Area
9qc3cx,Rest of Bay Area
9qc3cy,Rest of Bay Area
9qc3cz,Rest of Bay Area
9qc3d0,Rest of Bay Area
9qc3d1,Rest of Bay Area
9qc3d2,Rest of Bay Area
9qc3d3,Rest of Bay Area
9qc3d4,Rest of Bay Area
9qc3d5,Rest of Bay Area
9qc3d6,Rest of Bay Area
9qc3d7,Rest of Bay Area
9qc3d8,Rest of Bay Area
9qc3d9,Rest of Bay Area
9qc3db,Rest of Bay Area
9qc3dc,Rest of Bay Area
9qc3dd,Rest of Bay Area
9qc3de,Rest of Bay Area
9qc3df,Rest of Bay Area
9qc3dg,Rest of Bay Area
9qc3dh,Rest of Bay Area
9qc3dj,Rest of Bay Area
9qc3dk,Rest of Bay Area
9qc3dm,Rest of Bay Area
9qc3dn,Rest of Bay Area
9qc3dp,Rest of Bay Area
9qc3dq,Rest of Bay Area
9qc3dr,Rest of Bay Area
9qc3ds,Rest of Bay Area
9qc3dt,Rest of Bay Area
9qc3du,Rest of Bay Area
9qc3dv,Rest of Bay Area
9qc3dw,Rest of Bay Area
9qc3dx,Rest of Bay Area
9qc3dy,Rest of Bay Area
9qc3dz,Rest of Bay Area
9qc3e0,Rest of Bay Area
9qc3e1,Rest of Bay Area
9qc3e2,Rest of Bay Area
9qc3e3,Rest of Bay Area
9qc3e4,Rest of Bay Area
9qc3e5,Rest of Bay Area
9qc3e6,Rest of Bay Area
9qc3e7,Rest of Bay Area
9qc3e8,Rest of Bay Area
9qc3e9,Rest of Bay Area
9qc3eb,Rest of Bay Area
9qc3ec,Rest of Bay Area
9qc3ed,Rest of Bay Area
9qc3ee,Rest of Bay Area
9qc3ef,Rest of Bay Area
9qc3eg,Rest of Bay Area
9qc3eh,Rest of Bay Area
9qc3ej,Rest of Bay Area
9qc3ek,Rest of Bay Area
9qc3em,Rest of Bay Area
9qc3en,Rest of Bay Area
9qc3ep,Rest of Bay Area
9qc3eq,Rest of Bay Area
9qc3er,Rest of Bay Area
9qc3es,Rest of Bay Area
9qc3et,Rest of Bay Area
9qc3eu,Rest of Bay Area
9qc3ev,Rest of Bay Area
9qc3ew,Rest of Bay Area
9qc3ex,Rest of Bay Area
9qc3ey,Rest of Bay Area
9qc3ez,Rest of Bay Area
9qc3f0,Rest of Bay Area
9qc3f1,Rest of Bay Area
9qc3f2,Rest of Bay Area
9qc3f3,Rest of Bay Area
9qc3f4,Rest of Bay Area
9qc3f5,Rest of Bay Area
9qc3f6,Rest of Bay Area
9qc3f7,Rest of Bay Area
9qc3f8,Rest of Bay Area
9qc3f9,Rest of Bay Area
9qc3fb,Rest of Bay Area
9qc3fc,Rest of Bay Area
9qc3fd,Rest of Bay Area
9qc3fe,Rest of Bay Area
9qc3ff,Rest of Bay Area
9qc3fg,Rest of Bay Area
9qc3fh,Rest of Bay Area
9qc3fj,Rest of Bay Area
9qc3fk,Rest of Bay Area
9qc3fm,Rest of Bay Area
9qc3fn,Rest of Bay Area
9qc3fp,Rest of Bay Area
9qc3fq,Rest of Bay Area
9qc3fr,Rest of Bay Area
9qc3fs,Rest of Bay Area
9qc3ft,Rest of Bay Area
9qc3fu,Rest of Bay Area
9qc3fv,Rest of Bay Area
9qc3fw,Rest of Bay Area
9qc3fx,Rest of Bay Area
9qc3fy,Rest of Bay Area
9qc3fz,Rest of Bay Area
9qc3g0,Rest of Bay Area
9qc3g1,Rest of Bay Area
9qc3g2,Rest of Bay Area
9qc3g3,Rest of Bay Area
9qc3g4,Rest of Bay Area
9qc3g5,Rest of Bay Area
9qc3g6,Rest of Bay Area
9qc3g7,Rest of Bay Area
9qc3g8,Rest of Bay Area
9qc3g9,Rest of Bay Area
9qc3gb,Rest of Bay Area
9qc3gc,Rest of Bay Area
9qc3gd,Rest of Bay Area
9qc3ge,Rest of Bay Area
9qc3gf,Rest of Bay Area
9qc3gg,Rest of Bay Area
9qc3gh,Rest of Bay Area
9qc3gj,Rest of Bay Area
9qc3gk,Rest of Bay Area
9qc3gm,Rest of Bay Area
9qc3gn,Rest of Bay Area
9qc3gp,Rest of Bay Area
9qc3gq,Rest of Bay Area
9qc3gr,Rest of Bay Area
9qc3gs,Rest of Bay Area
9qc3gt,Rest of Bay Area
9qc3gu,Rest of Bay Area
9qc3gv,Rest of Bay Area
9qc3gw,Rest of Bay Area
9qc3gx,Rest of Bay Area
9qc3gy,Rest of Bay Area
9qc3gz,Rest of Bay Area
9qc3h0,Rest of Bay Area
9qc3h1,Rest of Bay Area
9qc3h2,Rest of Bay Area
9qc3h3,Rest of Bay Area
9qc3h4,Rest of Bay Area
9qc3h5,Rest of Bay Area
9qc3h6,Rest of Bay Area
9qc3h7,Rest of Bay Area
9qc3h8,Rest of Bay Area
9qc3h9,Rest of Bay Area
9qc3hb,Rest of Bay Area
9qc3hc,Rest of Bay Area
9qc3hd,Rest of Bay Area
9qc3he,Rest of Bay Area
9qc3hf,Rest of Bay Area
9qc3hg,Rest of Bay Area
9qc3hh,Rest of Bay Area
9qc3hj,Rest of Bay Area
9qc3hk,Rest of Bay Area
9qc3hm,Rest of Bay Area
9qc3hn,Rest of Bay Area
9qc3hp,Rest of Bay Area
9qc3hq,Rest of Bay Area
9qc3hr,Rest of Bay Area
9qc3hs,Rest of Bay Area
9qc3ht,Rest of Bay Area
9qc3hu,Rest of Bay Area
9qc3hv,Rest of Bay Area
9qc3hw,Rest of Bay Area
9qc3hx,Rest of Bay Area
9qc3hy,Rest of Bay Area
9qc3hz,Rest of Bay Area
9qc3j0,Rest of Bay Area
9qc3j1,Rest of Bay Area
9qc3j2,Rest of Bay Area
9qc3j3,Rest of Bay Area
9qc3j4,Rest of Bay Area
9qc3j5,Rest of Bay Area
9qc3j6,Rest of Bay Area
9qc3j7,Rest of Bay Area
9qc3j8,Rest of Bay Area
9qc3j9,Rest of Bay Area
9qc3jb,Rest of Bay Area
9qc3jc,Rest of Bay Area
9qc3jd,Rest of Bay Area
9qc3je,Rest of Bay Area
9qc3jf,Rest of Bay Area
9qc3jg,Rest of Bay Area
9qc3jh,Rest of Bay Area
9qc3jj,Rest of Bay Area
9qc3jk,Rest of Bay Area
9qc3jm,Rest of Bay Area
9qc3jn,Rest of Bay Area
9qc3jp,Rest of Bay Area
9qc3jq,Rest of Bay Area
9qc3jr,Rest of Bay Area
9qc3js,Rest of Bay Area
9qc3jt,Rest of Bay Area
9qc3ju,Rest of Bay Area
9qc3jv,Rest of Bay Area
9qc3jw,Rest of Bay Area
9qc3jx,Rest of Bay Area
9qc3jy,Rest of Bay Area
9qc3jz,Rest of Bay Area
9qc3k0,Rest of Bay Area
9qc3k1,Rest of Bay Area
9qc3k2,Rest of Bay Area
9qc3k3,Rest of Bay Area
9qc3k4,Rest of Bay Area
9qc3k5,Rest of Bay Area
9qc3k6,Rest of Bay Area
9qc3k7,Rest of Bay Area
9qc3k8,Rest of Bay Area
9qc3k9,Rest of Bay Area
9qc3kb,Rest of Bay Area
9qc3kc,Rest of Bay Area
9qc3kd,Rest of Bay Area
9qc3ke,Rest of Bay Area
9qc3kf,Rest of Bay Area
9qc3kg,Rest of Bay Area
9qc3kh,Rest of Bay Area
9qc3kj,Rest of Bay Area
9qc3kk,Rest of Bay Area
9qc3km,Rest of Bay Area
9qc3kn,Rest of Bay Area
9qc3kp,Rest of Bay Area
9qc3kq,Rest of Bay Area
9qc3kr,Rest of Bay Area
9qc3ks,Rest of Bay Area
9qc3kt,Rest of Bay Area
9qc3ku,Rest of Bay Area
9qc3kv,Rest of Bay Area
9qc3kw,Rest of Bay Area
9qc3kx,Rest of Bay Area
9qc3ky,Rest of Bay Area
9qc3kz,Rest of Bay Area
9qc3m0,Rest of Bay Area
9qc3m1,Rest of Bay Area
9qc3m2,Rest of Bay Area
9qc3m3,Rest of Bay Area
9qc3m4,Rest of Bay Area
9qc3m5,Rest of Bay Area
9qc3m6,Rest of Bay Area
9qc3m7,Rest of Bay Area
9qc3m8,Rest of Bay Area
9qc3m9,Rest of Bay Area
9qc3mb,Rest of Bay Area
9qc3mc,Rest of Bay Area
9qc3md,Rest of Bay Area
9qc3me,Rest of Bay Area
9qc3mf,Rest of Bay Area
9qc3mg,Rest of Bay Area
9qc3mh,Rest of Bay Area
9qc3mj,Rest of Bay Area
9qc3mk,Rest of Bay Area
9qc3mm,Rest of Bay Area
9qc3mn,Rest of Bay Area
9qc3mp,Rest of Bay Area
9qc3mq,Rest of Bay Area
9qc3mr,Rest of Bay Area
9qc3ms,Rest of Bay Area
9qc3mt,Rest of Bay Area
9qc3mu,Rest of Bay Area
9qc3mv,Rest of Bay Area
9qc3mw,Rest of Bay Area
9qc3mx,Rest of Bay Area
9qc3my,Rest of Bay Area
9qc3mz,Rest of Bay Area
9qc3n0,Rest of Bay Area
9qc3n1,Rest of Bay Area
9qc3n2,Rest of Bay Area
9qc3n3,Rest of Bay Area
9qc3n4,Rest of Bay Area
9qc3n5,Rest of Bay Area
9qc3n6,Rest of Bay Area
9qc3n7,Rest of Bay Area
9qc3n8,Rest of Bay Area
9qc3n9,Rest of Bay Area
9qc3nb,Rest of Bay Area
9qc3nc,Rest of Bay Area
9qc3nd,Rest of Bay Area
9qc3ne,Rest of Bay Area
9qc3nf,Rest of Bay Area
9qc3ng,Rest of Bay Area
9qc3nh,Rest of Bay Area
9qc3nj,Rest of Bay Area
9qc3nk,Rest of Bay Area
9qc3nm,Rest of Bay Area
9qc3nn,Rest of Bay Area
9qc3np,Rest of Bay Area
9qc3nq,Rest of Bay Area
9qc3nr,Rest of Bay Area
9qc3ns,Rest of Bay Area
9qc3nt,Rest of Bay Area
9qc3nu,Rest of Bay Area
9qc3nv,Rest of Bay Area
9qc3nw,Rest of Bay Area
9qc3nx,Rest of Bay Area
9qc3ny,Rest of Bay Area
9qc3nz,Rest of Bay Area
9qc3p4,Rest of Bay Area
9qc3p5,Rest of Bay Area
9qc3ph,Rest of Bay Area
9qc3pj,Rest of Bay Area
9qc3pk,Rest of Bay Area
9qc3pm,Rest of Bay Area
9qc3pn,Rest of Bay Area
9qc3pp,Rest of Bay Area
9qc3pq,Rest of Bay Area
9qc3pr,Rest of Bay Area
9qc3pw,Rest of Bay Area
9qc3px,Rest of Bay Area
9qc3pz,Rest of Bay Area
9qc3q0,Rest of Bay Area
9qc3q1,Rest of Bay Area
9qc3q2,Rest of Bay Area
9qc3q3,Rest of Bay Area
9qc3q4,Rest of Bay Area
9qc3q5,Rest of Bay Area
9qc3q6,Rest of Bay Area
9qc3q7,Rest of Bay Area
9qc3q8,Rest of Bay Area
9qc3q9,Rest of Bay Area
9qc3qb,Rest of Bay Area
9qc3qc,Rest of Bay Area
9qc3qd,Rest of Bay Area
9qc3qe,Rest of Bay Area
9qc3qf,Rest of Bay Area
9qc3qg,Rest of Bay Area
9qc3qh,Rest of Bay Area
9qc3qj,Rest of Bay Area
9qc3qk,Rest of Bay Area
9qc3qm,Rest of Bay Area
9qc3qn,Rest of Bay Area
9qc3qp,Rest of Bay Area
9qc3qq,Rest of Bay Area
9qc3qr,Rest of Bay Area
9qc3qs,Rest of Bay Area
9qc3qt,Rest of Bay Area
9qc3qu,Rest of Bay Area
9qc3qv,Rest of Bay Area
9qc3qw,Rest of Bay Area
9qc3qx,Rest of Bay Area
9qc3qy,Rest of Bay Area
9qc3qz,Rest of Bay Area
9qc3r0,Rest of Bay Area
9qc3r1,Rest of Bay Area
9qc3r2,Rest of Bay Area
9qc3r3,Rest of Bay Area
9qc3r4,Rest of Bay Area
9qc3r5,Rest of Bay Area
9qc3r6,Rest of Bay Area
9qc3r7,Rest of Bay Area
9qc3r8,Rest of Bay Area
9qc3r9,Rest of Bay Area
9qc3rb,Rest of Bay Area
9qc3rc,Rest of Bay Area
9qc3rd,Rest of Bay Area
9qc3re,Rest of Bay Area
9qc3rf,Rest of Bay Area
9qc3rg,Rest of Bay Area
9qc3rh,Rest of Bay Area
9qc3rj,Rest of Bay Area
9qc3rk,Rest of Bay Area
9qc3rm,Rest of Bay Area
9qc3rn,Rest of Bay Area
9qc3rp,Rest of Bay Area
9qc3rq,Rest of Bay Area
9qc3rr,Rest of Bay Area
9qc3rs,Rest of Bay Area
9qc3rt,Rest of Bay Area
9qc3ru,Rest of Bay Area
9qc3rv,Rest of Bay Area
9qc3rw,Rest of Bay Area
9qc3rx,Rest of Bay Area
9qc3ry,Rest of Bay Area
9qc3rz,Rest of Bay Area
9qc3s0,Rest of Bay Area
9qc3s1,Rest of Bay Area
9qc3s2,Rest of Bay Area
9qc3s3,Rest of Bay Area
9qc3s4,Rest of Bay Area
9qc3s5,Rest of Bay Area
9qc3s6,Rest of Bay Area
9qc3s7,Rest of Bay Area
9qc3s8,Rest of Bay Area
9qc3s9,Rest of Bay Area
9qc3sb,Rest of Bay Area
9qc3sc,Rest of Bay Area
9qc3sd,Rest of Bay Area
9qc3se,Rest of Bay Area
9qc3sf,Rest of Bay Area
9qc3sg,Rest of Bay Area
9qc3sh,Rest of Bay Area
9qc3sj,Rest of Bay Area
9qc3sk,Rest of Bay Area
9qc3sm,Rest of Bay Area
9qc3sn,Rest of Bay Area
9qc3sp,Rest of Bay Area
9qc3sq,Rest of Bay Area
9qc3sr,Rest of Bay Area
9qc3ss,Rest of Bay Area
9qc3st,Rest of Bay Area
9qc3su,Rest of Bay Area
9qc3sv,Rest of Bay Area
9qc3sw,Rest of Bay Area
9qc3sx,Rest of Bay Area
9qc3sy,Rest of Bay Area
9qc3sz,Rest of Bay Area
9qc3t0,Rest of Bay Area
9qc3t1,Rest of Bay Area
9qc3t2,Rest of Bay Area
9qc3t3,Rest of Bay Area
9qc3t4,Rest of Bay Area
9qc3t5,Rest of Bay Area
9qc3t6,Rest of Bay Area
9qc3t7,Rest of Bay Area
9qc3t8,Rest of Bay Area
9qc3t9,Rest of Bay Area
9qc3tb,Rest of Bay Area
9qc3tc,Rest of Bay Area
9qc3td,Rest of Bay Area
9qc3te,Rest of Bay Area
9qc3tf,Rest of Bay Area
9qc3tg,Rest of Bay Area
9qc3th,Rest of Bay Area
9qc3tj,Rest of Bay Area
9qc3tk,Rest of Bay Area
9qc3tm,Rest of Bay Area
9qc3tn,Rest of Bay Area
9qc3tp,Rest of Bay Area
9qc3tq,Rest of Bay Area
9qc3tr,Rest of Bay Area
9qc3ts,Rest of Bay Area
9qc3tt,Rest of Bay Area
9qc3tu,Rest of Bay Area
9qc3tv,Rest of Bay Area
9qc3tw,Rest of Bay Area
9qc3tx,Rest of Bay Area
9qc3ty,Rest of Bay Area
9qc3tz,Rest of Bay Area
9qc3u0,Rest of Bay Area
9qc3u1,Rest of Bay Area
9qc3u2,Rest of Bay Area
9qc3u3,Rest of Bay Area
9qc3u4,Rest of Bay Area
9qc3u5,Rest of Bay Area
9qc3u6,Rest of Bay Area
9qc3u7,Rest of Bay Area
9qc3u8,Rest of Bay Area
9qc3u9,Rest of Bay Area
9qc3ub,Rest of Bay Area
9qc3uc,Rest of Bay Area
9qc3ud,Rest of Bay Area
9qc3ue,Rest of Bay Area
9qc3uf,Rest of Bay Area
9qc3ug,Rest of Bay Area
9qc3uh,Rest of Bay Area
9qc3uj,Rest of Bay Area
9qc3uk,Rest of Bay Area
9qc3um,Rest of Bay Area
9qc3un,Rest of Bay Area
9qc3up,Rest of Bay Area
9qc3uq,Rest of Bay Area
9qc3ur,Rest of Bay Area
9qc3us,Rest of Bay Area
9qc3ut,Rest of Bay Area
9qc3uu,Rest of Bay Area
9qc3uv,Rest of Bay Area
9qc3uw,Rest of Bay Area
9qc3ux,Rest of Bay Area
9qc3uy,Rest of Bay Area
9qc3uz,Rest of Bay Area
9qc3v0,Rest of Bay Area
9qc3v1,Rest of Bay Area
9qc3v2,Rest of Bay Area
9qc3v3,Rest of Bay Area
9qc3v4,Rest of Bay Area
9qc3v5,Rest of Bay Area
9qc3v6,Rest of Bay Area
9qc3v7,Rest of Bay Area
9qc3v8,Rest of Bay Area
9qc3v9,Rest of Bay Area
9qc3vb,Rest of Bay Area
9qc3vc,Rest of Bay Area
9qc3vd,Rest of Bay Area
9qc3ve,Rest of Bay Area
9qc3vf,Rest of Bay Area
9qc3vg,Rest of Bay Area
9qc3vh,Rest of Bay Area
9qc3vj,Rest of Bay Area
9qc3vk,Rest of Bay Area
9qc3vm,Rest of Bay Area
9qc3vn,Rest of Bay Area
9qc3vp,Rest of Bay Area
9qc3vq,Rest of Bay Area
9qc3vr,Rest of Bay Area
9qc3vs,Rest of Bay Area
9qc3vt,Rest of Bay Area
9qc3vu,Rest of Bay Area
9qc3vv,Rest of Bay Area
9qc3vw,Rest of Bay Area
9qc3vx,Rest of Bay Area
9qc3vy,Rest of Bay Area
9qc3vz,Rest of Bay Area
9qc3w0,Rest of Bay Area
9qc3w1,Rest of Bay Area
9qc3w2,Rest of Bay Area
9qc3w3,Rest of Bay Area
9qc3w4,Rest of Bay Area
9qc3w5,Rest of Bay Area
9qc3w6,Rest of Bay Area
9qc3w7,Rest of Bay Area
9qc3w8,Rest of Bay Area
9qc3w9,Rest of Bay Area
9qc3wb,Rest of Bay Area
9qc3wc,Rest of Bay Area
9qc3wd,Rest of Bay Area
9qc3we,Rest of Bay Area
9qc3wf,Rest of Bay Area
9qc3wg,Rest of Bay Area
9qc3wh,Rest of Bay Area
9qc3wj,Rest of Bay Area
9qc3wk,Rest of Bay Area
9qc3wm,Rest of Bay Area
9qc3wn,Rest of Bay Area
9qc3wp,Rest of Bay Area
9qc3wq,Rest of Bay Area
9qc3wr,Rest of Bay Area
9qc3ws,Rest of Bay Area
9qc3wt,Rest of Bay Area
9qc3wu,Rest of Bay Area
9qc3wv,Rest of Bay Area
9qc3ww,Rest of Bay Area
9qc3wx,Rest of Bay Area
9qc3wy,Rest of Bay Area
9qc3wz,Rest of Bay Area
9qc3x0,Rest of Bay Area
9qc3x1,Rest of Bay Area
9qc3x2,Rest of Bay Area
9qc3x3,Rest of Bay Area
9qc3x4,Rest of Bay Area
9qc3x5,Rest of Bay Area
9qc3x6,Rest of Bay Area
9qc3x7,Rest of Bay Area
9qc3x8,Rest of Bay Area
9qc3x9,Rest of Bay Area
9qc3xb,Rest of Bay Area
9qc3xc,Rest of Bay Area
9qc3xd,Rest of Bay Area
9qc3xe,Rest of Bay Area
9qc3xf,Rest of Bay Area
9qc3xg,Rest of Bay Area
9qc3xh,Rest of Bay Area
9qc3xj,Rest of Bay Area
9qc3xk,Rest of Bay Area
9qc3xm,Rest of Bay Area
9qc3xn,Rest of Bay Area
9qc3xp,Rest of Bay Area
9qc3xq,Rest of Bay Area
9qc3xr,Rest of Bay Area
9qc3xs,Rest of Bay Area
9qc3xt,Rest of Bay Area
9qc3xu,Rest of Bay Area
9qc3xv,Rest of Bay Area
9qc3xw,Rest of Bay Area
9qc3xx,Rest of Bay Area
9qc3xy,Rest of Bay Area
9qc3xz,Rest of Bay Area
9qc3y0,Rest of Bay Area
9qc3y1,Rest of Bay Area
9qc3y2,Rest of Bay Area
9qc3y3,Rest of Bay Area
9qc3y4,Rest of Bay Area
9qc3y5,Rest of Bay Area
9qc3y6,Rest of Bay Area
9qc3y7,Rest of Bay Area
9qc3y8,Rest of Bay Area
9qc3y9,Rest of Bay Area
9qc3yb,Rest of Bay Area
9qc3yc,Rest of Bay Area
9qc3yd,Rest of Bay Area
9qc3ye,Rest of Bay Area
9qc3yf,Rest of Bay Area
9qc3yg,Rest of Bay Area
9qc3yh,Rest of Bay Area
9qc3yj,Rest of Bay Area
9qc3yk,Rest of Bay Area
9qc3ym,Rest of Bay Area
9qc3yn,Rest of Bay Area
9qc3yp,Rest of Bay Area
9qc3yq,Rest of Bay Area
9qc3yr,Rest of Bay Area
9qc3ys,Rest of Bay Area
9qc3yt,Rest of Bay Area
9qc3yu,Rest of Bay Area
9qc3yv,Rest of Bay Area
9qc3yw,Rest of Bay Area
9qc3yx,Rest of Bay Area
9qc3yy,Rest of Bay Area
9qc3yz,Rest of Bay Area
9qc3z0,Rest of Bay Area
9qc3z1,Rest of Bay Area
9qc3z2,Rest of Bay Area
9qc3z3,Rest of Bay Area
9qc3z4,Rest of Bay Area
9qc3z5,Rest of Bay Area
9qc3z6,Rest of Bay Area
9qc3z7,Rest of Bay Area
9qc3z8,Rest of Bay Area
9qc3z9,Rest of Bay Area
9qc3zb,Rest of Bay Area
9qc3zc,Rest of Bay Area
9qc3zd,Rest of Bay Area
9qc3ze,Rest of Bay Area
9qc3zf,Rest of Bay Area
9qc3zg,Rest of Bay Area
9qc3zh,Rest of Bay Area
9qc3zj,Rest of Bay Area
9qc3zk,Rest of Bay Area
9qc3zm,Rest of Bay Area
9qc3zn,Rest of Bay Area
9qc3zq,Rest of Bay Area
9qc3zs,Rest of Bay Area
9qc3zt,Rest of Bay Area
9qc3zu,Rest of Bay Area
9qc3zv,Rest of Bay Area
9qc3zw,Rest of Bay Area
9qc3zy,Rest of Bay Area
9qc400,Rest of Bay Area
9qc401,Rest of Bay Area
9qc402,Rest of Bay Area
9qc403,Rest of Bay Area
9qc404,Rest of Bay Area
9qc405,Rest of Bay Area
9qc406,Rest of Bay Area
9qc407,Rest of Bay Area
9qc408,Rest of Bay Area
9qc409,Rest of Bay Area
9qc40b,Rest of Bay Area
9qc40c,Rest of Bay Area
9qc40d,Rest of Bay Area
9qc40e,Rest of Bay Area
9qc40f,Rest of Bay Area
9qc40g,Rest of Bay Area
9qc40h,Rest of Bay Area
9qc40j,Rest of Bay Area
9qc40k,Rest of Bay Area
9qc40m,Rest of Bay Area
9qc40n,Rest of Bay Area
9qc40p,Rest of Bay Area
9qc40q,Rest of Bay Area
9qc40r,Rest of Bay Area
9qc40s,Rest of Bay Area
9qc40t,Rest of Bay Area
9qc40u,Rest of Bay Area
9qc40v,Rest of Bay Area
9qc40w,Rest of Bay Area
9qc40x,Rest of Bay Area
9qc40y,Rest of Bay Area
9qc40z,Rest of Bay Area
9qc410,Rest of Bay Area
9qc411,Rest of Bay Area
9qc412,Rest of Bay Area
9qc413,Rest of Bay Area
9qc414,Rest of Bay Area
9qc415,Rest of Bay Area
9qc416,Rest of Bay Area
9qc417,Rest of Bay Area
9qc418,Rest of Bay Area
9qc419,Rest of Bay Area
9qc41b,Rest of Bay Area
9qc41c,Rest of Bay Area
9qc41d,Rest of Bay Area
9qc41e,Rest of Bay Area
9qc41f,Rest of Bay Area
9qc41g,Rest of Bay Area
9qc41h,Rest of Bay Area
9qc41j,Rest of Bay Area
9qc41k,Rest of Bay Area
9qc41m,Rest of Bay Area
9qc41n,Rest of Bay Area
9qc41p,Rest of Bay Area
9qc41q,Rest of Bay Area
9qc41r,Rest of Bay Area
9qc41s,Rest of Bay Area
9qc41t,Rest of Bay Area
9qc41u,Rest of Bay Area
9qc41v,Rest of Bay Area
9qc41w,Rest of Bay Area
9qc41x,Rest of Bay Area
9qc41y,Rest of Bay Area
9qc41z,Rest of Bay Area
9qc420,Rest of Bay Area
9qc421,Rest of Bay Area
9qc422,Rest of Bay Area
9qc423,Rest of Bay Area
9qc424,Rest of Bay Area
9qc425,Rest of Bay Area
9qc426,Rest of Bay Area
9qc427,Rest of Bay Area
9qc428,Rest of Bay Area
9qc429,Rest of Bay Area
9qc42b,Rest of Bay Area
9qc42c,Rest of Bay Area
9qc42d,Rest of Bay Area
9qc42e,Rest of Bay Area
9qc42f,Rest of Bay Area
9qc42g,Rest of Bay Area
9qc42h,Rest of Bay Area
9qc42j,Rest of Bay Area
9qc42k,Rest of Bay Area
9qc42m,Rest of Bay Area
9qc42n,Rest of Bay Area
9qc42p,Rest of Bay Area
9qc42q,Rest of Bay Area
9qc42r,Rest of Bay Area
9qc42s,Rest of Bay Area
9qc42t,Rest of Bay Area
9qc42u,Rest of Bay Area
9qc42v,Rest of Bay Area
9qc42w,Rest of Bay Area
9qc42x,Rest of Bay Area
9qc42y,Rest of Bay Area
9qc42z,Rest of Bay Area
9qc430,Rest of Bay Area
9qc431,Rest of Bay Area
9qc432,Rest of Bay Area
9qc433,Rest of Bay Area
9qc434,Rest of Bay Area
9qc435,Rest of Bay Area
9qc436,Rest of Bay Area
9qc437,Rest of Bay Area
9qc438,Rest of Bay Area
9qc439,Rest of Bay Area
9qc43b,Rest of Bay Area
9qc43c,Rest of Bay Area
9qc43d,Rest of Bay Area
9qc43e,Rest of Bay Area
9qc43f,Rest of Bay Area
9qc43g,Rest of Bay Area
9qc43h,Rest of Bay Area
9qc43j,Rest of Bay Area
9qc43k,Rest of Bay Area
9qc43m,Rest of Bay Area
9qc43n,Rest of Bay Area
9qc43p,Rest of Bay Area
9qc43q,Rest of Bay Area
9qc43r,Rest of Bay Area
9qc43s,Rest of Bay Area
9qc43t,Rest of Bay Area
9qc43u,Rest of Bay Area
9qc43v,Rest of Bay Area
9qc43w,Rest of Bay Area
9qc43x,Rest of Bay Area
9qc43y,Rest of Bay Area
9qc43z,Rest of Bay Area
9qc440,Rest of Bay Area
9qc441,Rest of Bay Area
9qc442,Rest of Bay Area
9qc443,Rest of Bay Area
9qc444,Rest of Bay Area
9qc445,Rest of Bay Area
9qc446,Rest of Bay Area
9qc447,Rest of Bay Area
9qc448,Rest of Bay Area
9qc449,Rest of Bay Area
9qc44b,Rest of Bay Area
9qc44c,Rest of Bay Area
9qc44d,Rest of Bay Area
9qc44e,Rest of Bay Area
9qc44f,Rest of Bay Area
9qc44g,Rest of Bay Area
9qc44h,Rest of Bay Area
9qc44j,Rest of Bay Area
9qc44k,Rest of Bay Area
9qc44m,Rest of Bay Area
9qc44n,Rest of Bay Area
9qc44p,Rest of Bay Area
9qc44q,Rest of Bay Area
9qc44r,Rest of Bay Area
9qc44s,Rest of Bay Area
9qc44t,Rest of Bay Area
9qc44u,Rest of Bay Area
9qc44v,Rest of Bay Area
9qc44w,Rest of Bay Area
9qc44x,Rest of Bay Area
9qc44y,Rest of Bay Area
9qc44z,Rest of Bay Area
9qc450,Rest of Bay Area
9qc451,Rest of Bay Area
9qc452,Rest of Bay Area
9qc453,Rest of Bay Area
9qc454,Rest of Bay Area
9qc455,Rest of Bay Area
9qc456,Rest of Bay Area
9qc457,Rest of Bay Area
9qc458,Rest of Bay Area
9qc459,Rest of Bay Area
9qc45b,Rest of Bay Area
9qc45c,Rest of Bay Area
9qc45d,Rest of Bay Area
9qc45e,Rest of Bay Area
9qc45f,Rest of Bay Area
9qc45g,Rest of Bay Area
9qc45h,Rest of Bay Area
9qc45j,Rest of Bay Area
9qc45k,Rest of Bay Area
9qc45m,Rest of Bay Area
9qc45n,Rest of Bay Area
9qc45p,Rest of Bay Area
9qc45q,Rest of Bay Area
9qc45r,Rest of Bay Area
9qc45s,Rest of Bay Area
9qc45t,Rest of Bay Area
9qc45u,Rest of Bay Area
9qc45v,Rest of Bay Area
9qc45w,Rest of Bay Area
9qc45x,Rest of Bay Area
9qc45y,Rest of Bay Area
9qc45z,Rest of Bay Area
9qc460,Rest of Bay Area
9qc461,Rest of Bay Area
9qc462,Rest of Bay Area
9qc463,Rest of Bay Area
9qc464,Rest of Bay Area
9qc465,Rest of Bay Area
9qc466,Rest of Bay Area
9qc467,Rest of Bay Area
9qc468,Rest of Bay Area
9qc469,Rest of Bay Area
9qc46b,Rest of Bay Area
9qc46c,Rest of Bay Area
9qc46d,Rest of Bay Area
9qc46e,Rest of Bay Area
9qc46f,Rest of Bay Area
9qc46g,Rest of Bay Area
9qc46h,Rest of Bay Area
9qc46j,Rest of Bay Area
9qc46k,Rest of Bay Area
9qc46m,Rest of Bay Area
9qc46n,Rest of Bay Area
9qc46p,Rest of Bay Area
9qc46q,Rest of Bay Area
9qc46r,Rest of Bay Area
9qc46s,Rest of Bay Area
9qc46t,Rest of Bay Area
9qc46u,Rest of Bay Area
9qc46v,Rest of Bay Area
9qc46w,Rest of Bay Area
9qc46x,Rest of Bay Area
9qc46y,Rest of Bay Area
9qc46z,Rest of Bay Area
9qc470,Rest of Bay Area
9qc471,Rest of Bay Area
9qc472,Rest of Bay Area
9qc473,Rest of Bay Area
9qc474,Rest of Bay Area
9qc475,Rest of Bay Area
9qc476,Rest of Bay Area
9qc477,Rest of Bay Area
9qc478,Rest of Bay Area
9qc479,Rest of Bay Area
9qc47b,Rest of Bay Area
9qc47c,Rest of Bay Area
9qc47d,Rest of Bay Area
9qc47e,Rest of Bay Area
9qc47f,Rest of Bay Area
9qc47g,Rest of Bay Area
9qc47h,Rest of Bay Area
9qc47j,Rest of Bay Area
9qc47k,Rest of Bay Area
9qc47m,Rest of Bay Area
9qc47n,Rest of Bay Area
9qc47p,Rest of Bay Area
9qc47q,Rest of Bay Area
9qc47r,Rest of Bay Area
9qc47s,Rest of Bay Area
9qc47t,Rest of Bay Area
9qc47u,Rest of Bay Area
9qc47v,Rest of Bay Area
9qc47w,Rest of Bay Area
9qc47x,Rest of Bay Area
9qc47y,Rest of Bay Area
9qc47z,Rest of Bay Area
9qc480,Rest of Bay Area
9qc481,Rest of Bay Area
9qc482,Rest of Bay Area
9qc483,Rest of Bay Area
9qc484,Rest of Bay Area
9qc485,Rest of Bay Area
9qc486,Rest of Bay Area
9qc487,Rest of Bay Area
9qc488,Rest of Bay Area
9qc489,Rest of Bay Area
9qc48b,Rest of Bay Area
9qc48c,Rest of Bay Area
9qc48d,Rest of Bay Area
9qc48e,Rest of Bay Area
9qc48f,Rest of Bay Area
9qc48g,Rest of Bay Area
9qc48h,Rest of Bay Area
9qc48j,Rest of Bay Area
9qc48k,Rest of Bay Area
9qc48m,Rest of Bay Area
9qc48n,Rest of Bay Area
9qc48p,Rest of Bay Area
9qc48q,Rest of Bay Area
9qc48r,Rest of Bay Area
9qc48s,Rest of Bay Area
9qc48t,Rest of Bay Area
9qc48u,Rest of Bay Area
9qc48v,Rest of Bay Area
9qc48w,Rest of Bay Area
9qc48x,Rest of Bay Area
9qc48y,Rest of Bay Area
9qc48z,Rest of Bay Area
9qc490,Rest of Bay Area
9qc491,Rest of Bay Area
9qc492,Rest of Bay Area
9qc493,Rest of Bay Area
9qc494,Rest of Bay Area
9qc495,Rest of Bay Area
9qc496,Rest of Bay Area
9qc497,Rest of Bay Area
9qc498,Rest of Bay Area
9qc499,Rest of Bay Area
9qc49b,Rest of Bay Area
9qc49c,Rest of Bay Area
9qc49d,Rest of Bay Area
9qc49e,Rest of Bay Area
9qc49f,Rest of Bay Area
9qc49g,Rest of Bay Area
9qc49h,Rest of Bay Area
9qc49j,Rest of Bay Area
9qc49k,Rest of Bay Area
9qc49m,Rest of Bay Area
9qc49n,Rest of Bay Area
9qc49p,Rest of Bay Area
9qc49q,Rest of Bay Area
9qc49r,Rest of Bay Area
9qc49s,Rest of Bay Area
9qc49t,Rest of Bay Area
9qc49u,Rest of Bay Area
9qc49v,Rest of Bay Area
9qc49w,Rest of Bay Area
9qc49x,Rest of Bay Area
9qc49y,Rest of Bay Area
9qc49z,Rest of Bay Area
9qc4b0,Rest of Bay Area
9qc4b1,Rest of Bay Area
9qc4b2,Rest of Bay Area
9qc4b3,Rest of Bay Area
9qc4b4,Rest of Bay Area
9qc4b5,Rest of Bay Area
9qc4b6,Rest of Bay Area
9qc4b7,Rest of Bay Area
9qc4b8,Rest of Bay Area
9qc4b9,Rest of Bay Area
9qc4bb,Rest of Bay Area
9qc4bc,Rest of Bay Area
9qc4bd,Rest of Bay Area
9qc4be,Rest of Bay Area
9qc4bf,Rest of Bay Area
9qc4bg,Rest of Bay Area
9qc4bh,Rest of Bay Area
9qc4bj,Rest of Bay Area
9qc4bk,Rest of Bay Area
9qc4bm,Rest of Bay Area
9qc4bn,Rest of Bay Area
9qc4bp,Rest of Bay Area
9qc4bq,Rest of Bay Area
9qc4br,Rest of Bay Area
9qc4bs,Rest of Bay Area
9qc4bt,Rest of Bay Area
9qc4bu,Rest of Bay Area
9qc4bv,Rest of Bay Area
9qc4bw,Rest of Bay Area
9qc4bx,Rest of Bay Area
9qc4by,Rest of Bay Area
9qc4bz,Rest of Bay Area
9qc4c0,Rest of Bay Area
9qc4c1,Rest of Bay Area
9qc4c2,Rest of Bay Area
9qc4c3,Rest of Bay Area
9qc4c4,Rest of Bay Area
9qc4c5,Rest of Bay Area
9qc4c6,Rest of Bay Area
9qc4c7,Rest of Bay Area
9qc4c8,Rest of Bay Area
9qc4c9,Rest of Bay Area
9qc4cb,Rest of Bay Area
9qc4cc,Rest of Bay Area
9qc4cd,Rest of Bay Area
9qc4ce,Rest of Bay Area
9qc4cf,Rest of Bay Area
9qc4cg,Rest of Bay Area
9qc4ch,Rest of Bay Area
9qc4cj,Rest of Bay Area
9qc4ck,Rest of Bay Area
9qc4cm,Rest of Bay Area
9qc4cn,Rest of Bay Area
9qc4cp,Rest of Bay Area
9qc4cq,Rest of Bay Area
9qc4cr,Rest of Bay Area
9qc4cs,Rest of Bay Area
9qc4ct,Rest of Bay Area
9qc4cu,Rest of Bay Area
9qc4cv,Rest of Bay Area
9qc4cw,Rest of Bay Area
9qc4cx,Rest of Bay Area
9qc4cy,Rest of Bay Area
9qc4cz,Rest of Bay Area
9qc4d0,Rest of Bay Area
9qc4d1,Rest of Bay Area
9qc4d2,Rest of Bay Area
9qc4d3,Rest of Bay Area
9qc4d4,Rest of Bay Area
9qc4d5,Rest of Bay Area
9qc4d6,Rest of Bay Area
9qc4d7,Rest of Bay Area
9qc4d8,Rest of Bay Area
9qc4d9,Rest of Bay Area
9qc4db,Rest of Bay Area
9qc4dc,Rest of Bay Area
9qc4dd,Rest of Bay Area
9qc4de,Rest of Bay Area
9qc4df,Rest of Bay Area
9qc4dg,Rest of Bay Area
9qc4dh,Rest of Bay Area
9qc4dj,Rest of Bay Area
9qc4dk,Rest of Bay Area
9qc4dm,Rest of Bay Area
9qc4dn,Rest of Bay Area
9qc4dp,Rest of Bay Area
9qc4dq,Rest of Bay Area
9qc4dr,Rest of Bay Area
9qc4ds,Rest of Bay Area
9qc4dt,Rest of Bay Area
9qc4du,Rest of Bay Area
9qc4dv,Rest of Bay Area
9qc4dw,Rest of Bay Area
9qc4dx,Rest of Bay Area
9qc4dy,Rest of Bay Area
9qc4dz,Rest of Bay Area
9qc4e0,Rest of Bay Area
9qc4e1,Rest of Bay Area
9qc4e2,Rest of Bay Area
9qc4e3,Rest of Bay Area
9qc4e4,Rest of Bay Area
9qc4e5,Rest of Bay Area
9qc4e6,Rest of Bay Area
9qc4e7,Rest of Bay Area
9qc4e8,Rest of Bay Area
9qc4e9,Rest of Bay Area
9qc4eb,Rest of Bay Area
9qc4ec,Rest of Bay Area
9qc4ed,Rest of Bay Area
9qc4ee,Rest of Bay Area
9qc4ef,Rest of Bay Area
9qc4eg,Rest of Bay Area
9qc4eh,Rest of Bay Area
9qc4ej,Rest of Bay Area
9qc4ek,Rest of Bay Area
9qc4em,Rest of Bay Area
9qc4en,Rest of Bay Area
9qc4ep,Rest of Bay Area
9qc4eq,Rest of Bay Area
9qc4er,Rest of Bay Area
9qc4es,Rest of Bay Area
9qc4et,Rest of Bay Area
9qc4eu,Rest of Bay Area
9qc4ev,Rest of Bay Area
9qc4ew,Rest of Bay Area
9qc4ex,Rest of Bay Area
9qc4ey,Rest of Bay Area
9qc4ez,Rest of Bay Area
9qc4f0,Rest of Bay Area
9qc4f1,Rest of Bay Area
9qc4f2,Rest of Bay Area
9qc4f3,Rest of Bay Area
9qc4f4,Rest of Bay Area
9qc4f5,Rest of Bay Area
9qc4f6,Rest of Bay Area
9qc4f7,Rest of Bay Area
9qc4f8,Rest of Bay Area
9qc4f9,Rest of Bay Area
9qc4fb,Rest of Bay Area
9qc4fc,Rest of Bay Area
9qc4fd,Rest of Bay Area
9qc4fe,Rest of Bay Area
9qc4ff,Rest of Bay Area
9qc4fg,Rest of Bay Area
9qc4fh,Rest of Bay Area
9qc4fj,Rest of Bay Area
9qc4fk,Rest of Bay Area
9qc4fm,Rest of Bay Area
9qc4fn,Rest of Bay Area
9qc4fp,Rest of Bay Area
9qc4fq,Rest of Bay Area
9qc4fr,Rest of Bay Area
9qc4fs,Rest of Bay Area
9qc4ft,Rest of Bay Area
9qc4fu,Rest of Bay Area
9qc4fv,Rest of Bay Area
9qc4fw,Rest of Bay Area
9qc4fx,Rest of Bay Area
9qc4fy,Rest of Bay Area
9qc4fz,Rest of Bay Area
9qc4g0,Rest of Bay Area
9qc4g1,Rest of Bay Area
9qc4g2,Rest of Bay Area
9qc4g3,Rest of Bay Area
9qc4g4,Rest of Bay Area
9qc4g5,Rest of Bay Area
9qc4g6,Rest of Bay Area
9qc4g7,Rest of Bay Area
9qc4g8,Rest of Bay Area
9qc4g9,Rest of Bay Area
9qc4gb,Rest of Bay Area
9qc4gc,Rest of Bay Area
9qc4gd,Rest of Bay Area
9qc4ge,Rest of Bay Area
9qc4gf,Rest of Bay Area
9qc4gg,Rest of Bay Area
9qc4gh,Rest of Bay Area
9qc4gj,Rest of Bay Area
9qc4gk,Rest of Bay Area
9qc4gm,Rest of Bay Area
9qc4gn,Rest of Bay Area
9qc4gp,Rest of Bay Area
9qc4gq,Rest of Bay Area
9qc4gr,Rest of Bay Area
9qc4gs,Rest of Bay Area
9qc4gt,Rest of Bay Area
9qc4gu,Rest of Bay Area
9qc4gv,Rest of Bay Area
9qc4gw,Rest of Bay Area
9qc4gx,Rest of Bay Area
9qc4gy,Rest of Bay Area
9qc4gz,Rest of Bay Area
9qc4h0,Rest of Bay Area
9qc4h1,Rest of Bay Area
9qc4h2,Rest of Bay Area
9qc4h3,Rest of Bay Area
9qc4h4,Rest of Bay Area
9qc4h5,Rest of Bay Area
9qc4h6,Rest of Bay Area
9qc4h7,Rest of Bay Area
9qc4h8,Rest of Bay Area
9qc4h9,Rest of Bay Area
9qc4hb,Rest of Bay Area
9qc4hc,Rest of Bay Area
9qc4hd,Rest of Bay Area
9qc4he,Rest of Bay Area
9qc4hf,Rest of Bay Area
9qc4hg,Rest of Bay Area
9qc4hh,Rest of Bay Area
9qc4hj,Rest of Bay Area
9qc4hk,Rest of Bay Area
9qc4hm,Rest of Bay Area
9qc4hn,Rest of Bay Area
9qc4hp,Rest of Bay Area
9qc4hq,Rest of Bay Area
9qc4hr,Rest of Bay Area
9qc4hs,Rest of Bay Area
9qc4ht,Rest of Bay Area
9qc4hu,Rest of Bay Area
9qc4hv,Rest of Bay Area
9qc4hw,Rest of Bay Area
9qc4hx,Rest of Bay Area
9qc4hy,Rest of Bay Area
9qc4hz,Rest of Bay Area
9qc4j0,Rest of Bay Area
9qc4j1,Rest of Bay Area
9qc4j2,Rest of Bay Area
9qc4j3,Rest of Bay Area
9qc4j4,Rest of Bay Area
9qc4j5,Rest of Bay Area
9qc4j6,Rest of Bay Area
9qc4j7,Rest of Bay Area
9qc4j8,Rest of Bay Area
9qc4j9,Rest of Bay Area
9qc4jb,Rest of Bay Area
9qc4jc,Rest of Bay Area
9qc4jd,Rest of Bay Area
9qc4je,Rest of Bay Area
9qc4jf,Rest of Bay Area
9qc4jg,Rest of Bay Area
9qc4jh,Rest of Bay Area
9qc4jj,Rest of Bay Area
9qc4jk,Rest of Bay Area
9qc4jm,Rest of Bay Area
9qc4jn,Rest of Bay Area
9qc4jp,Rest of Bay Area
9qc4jq,Rest of Bay Area
9qc4jr,Rest of Bay Area
9qc4js,Rest of Bay Area
9qc4jt,Rest of Bay Area
9qc4ju,Rest of Bay Area
9qc4jv,Rest of Bay Area
9qc4jw,Rest of Bay Area
9qc4jx,Rest of Bay Area
9qc4jy,Rest of Bay Area
9qc4jz,Rest of Bay Area
9qc4k0,Rest of Bay Area
9qc4k1,Rest of Bay Area
9qc4k2,Rest of Bay Area
9qc4k3,Rest of Bay Area
9qc4k4,Rest of Bay Area
9qc4k5,Rest of Bay Area
9qc4k6,Rest of Bay Area
9qc4k7,Rest of Bay Area
9qc4k8,Rest of Bay Area
9qc4k9,Rest of Bay Area
9qc4kb,Rest of Bay Area
9qc4kc,Rest of Bay Area
9qc4kd,Rest of Bay Area
9qc4ke,Rest of Bay Area
9qc4kf,Rest of Bay Area
9qc4kg,Rest of Bay Area
9qc4kh,Rest of Bay Area
9qc4kj,Rest of Bay Area
9qc4kk,Rest of Bay Area
9qc4km,Rest of Bay Area
9qc4kn,Rest of Bay Area
9qc4kp,Rest of Bay Area
9qc4kq,Rest of Bay Area
9qc4kr,Rest of Bay Area
9qc4ks,Rest of Bay Area
9qc4kt,Rest of Bay Area
9qc4ku,Rest of Bay Area
9qc4kv,Rest of Bay Area
9qc4kw,Rest of Bay Area
9qc4kx,Rest of Bay Area
9qc4ky,Rest of Bay Area
9qc4kz,Rest of Bay Area
9qc4m0,Rest of Bay Area
9qc4m1,Rest of Bay Area
9qc4m2,Rest of Bay Area
9qc4m3,Rest of Bay Area
9qc4m4,Rest of Bay Area
9qc4m5,Rest of Bay Area
9qc4m6,Rest of Bay Area
9qc4m7,Rest of Bay Area
9qc4m8,Rest of Bay Area
9qc4m9,Rest of Bay Area
9qc4mb,Rest of Bay Area
9qc4mc,Rest of Bay Area
9qc4md,Rest of Bay Area
9qc4me,Rest of Bay Area
9qc4mf,Rest of Bay Area
9qc4mg,Rest of Bay Area
9qc4mh,Rest of Bay Area
9qc4mj,Rest of Bay Area
9qc4mk,Rest of Bay Area
9qc4mm,Rest of Bay Area
9qc4mn,Rest of Bay Area
9qc4mp,Rest of Bay Area
9qc4mq,Rest of Bay Area
9qc4mr,Rest of Bay Area
9qc4ms,Rest of Bay Area
9qc4mt,Rest of Bay Area
9qc4mu,Rest of Bay Area
9qc4mv,Rest of Bay Area
9qc4mw,Rest of Bay Area
9qc4mx,Rest of Bay Area
9qc4my,Rest of Bay Area
9qc4mz,Rest of Bay Area
9qc4n0,Rest of Bay Area
9qc4n1,Rest of Bay Area
9qc4n2,Rest of Bay Area
9qc4n3,Rest of Bay Area
9qc4n4,Rest of Bay Area
9qc4n5,Rest of Bay Area
9qc4n6,Rest of Bay Area
9qc4n7,Rest of Bay Area
9qc4n8,Rest of Bay Area
9qc4n9,Rest of Bay Area
9qc4nb,Rest of Bay Area
9qc4nc,Rest of Bay Area
9qc4nd,Rest of Bay Area
9qc4ne,Rest of Bay Area
9qc4nf,Rest of Bay Area
9qc4ng,Rest of Bay Area
9qc4nh,Rest of Bay Area
9qc4nj,Rest of Bay Area
9qc4nk,Rest of Bay Area
9qc4nm,Rest of Bay Area
9qc4nn,Rest of Bay Area
9qc4np,Rest of Bay Area
9qc4nq,Rest of Bay Area
9qc4nr,Rest of Bay Area
9qc4ns,Rest of Bay Area
9qc4nt,Rest of Bay Area
9qc4nu,Rest of Bay Area
9qc4nv,Rest of Bay Area
9qc4nw,Rest of Bay Area
9qc4nx,Rest of Bay Area
9qc4ny,Rest of Bay Area
9qc4nz,Rest of Bay Area
9qc4p0,Rest of Bay Area
9qc4p1,Rest of Bay Area
9qc4p2,Rest of Bay Area
9qc4p3,Rest of Bay Area
9qc4p4,Rest of Bay Area
9qc4p5,Rest of Bay Area
9qc4p6,Rest of Bay Area
9qc4p7,Rest of Bay Area
9qc4p8,Rest of Bay Area
9qc4p9,Rest of Bay Area
9qc4pb,Rest of Bay Area
9qc4pc,Rest of Bay Area
9qc4pd,Rest of Bay Area
9qc4pe,Rest of Bay Area
9qc4pf,Rest of Bay Area
9qc4pg,Rest of Bay Area
9qc4ph,Rest of Bay Area
9qc4pj,Rest of Bay Area
9qc4pk,Rest of Bay Area
9qc4pm,Rest of Bay Area
9qc4pn,Rest of Bay Area
9qc4pp,Rest of Bay Area
9qc4pq,Rest of Bay Area
9qc4pr,Rest of Bay Area
9qc4ps,Rest of Bay Area
9qc4pt,Rest of Bay Area
9qc4pu,Rest of Bay Area
9qc4pv,Rest of Bay Area
9qc4pw,Rest of Bay Area
9qc4px,Rest of Bay Area
9qc4py,Rest of Bay Area
9qc4pz,Rest of Bay Area
9qc4q0,Rest of Bay Area
9qc4q1,Rest of Bay Area
9qc4q2,Rest of Bay Area
9qc4q3,Rest of Bay Area
9qc4q4,Rest of Bay Area
9qc4q5,Rest of Bay Area
9qc4q6,Rest of Bay Area
9qc4q7,Rest of Bay Area
9qc4q8,Rest of Bay Area
9qc4q9,Rest of Bay Area
9qc4qb,Rest of Bay Area
9qc4qc,Rest of Bay Area
9qc4qd,Rest of Bay Area
9qc4qe,Rest of Bay Area
9qc4qf,Rest of Bay Area
9qc4qg,Rest of Bay Area
9qc4qh,Rest of Bay Area
9qc4qj,Rest of Bay Area
9qc4qk,Rest of Bay Area
9qc4qm,Rest of Bay Area
9qc4qn,Rest of Bay Area
9qc4qp,Rest of Bay Area
9qc4qq,Rest of Bay Area
9qc4qr,Rest of Bay Area
9qc4qs,Rest of Bay Area
9qc4qt,Rest of Bay Area
9qc4qu,Rest of Bay Area
9qc4qv,Rest of Bay Area
9qc4qw,Rest of Bay Area
9qc4qx,Rest of Bay Area
9qc4qy,Rest of Bay Area
9qc4qz,Rest of Bay Area
9qc4r0,Rest of Bay Area
9qc4r1,Rest of Bay Area
9qc4r2,Rest of Bay Area
9qc4r3,Rest of Bay Area
9qc4r4,Rest of Bay Area
9qc4r5,Rest of Bay Area
9qc4r6,Rest of Bay Area
9qc4r7,Rest of Bay Area
9qc4r8,Rest of Bay Area
9qc4r9,Rest of Bay Area
9qc4rb,Rest of Bay Area
9qc4rc,Rest of Bay Area
9qc4rd,Rest of Bay Area
9qc4re,Rest of Bay Area
9qc4rf,Rest of Bay Area
9qc4rg,Rest of Bay Area
9qc4rh,Rest of Bay Area
9qc4rj,Rest of Bay Area
9qc4rk,Rest of Bay Area
9qc4rm,Rest of Bay Area
9qc4rn,Rest of Bay Area
9qc4rp,Rest of Bay Area
9qc4rq,Rest of Bay Area
9qc4rr,Rest of Bay Area
9qc4rs,Rest of Bay Area
9qc4rt,Rest of Bay Area
9qc4ru,Rest of Bay Area
9qc4rv,Rest of Bay Area
9qc4rw,Rest of Bay Area
9qc4rx,Rest of Bay Area
9qc4ry,Rest of Bay Area
9qc4rz,Rest of Bay Area
9qc4s0,Rest of Bay Area
9qc4s1,Rest of Bay Area
9qc4s2,Rest of Bay Area
9qc4s3,Rest of Bay Area
9qc4s4,Rest of Bay Area
9qc4s5,Rest of Bay Area
9qc4s6,Rest of Bay Area
9qc4s7,Rest of Bay Area
9qc4s8,Rest of Bay Area
9qc4s9,Rest of Bay Area
9qc4sb,Rest of Bay Area
9qc4sc,Rest of Bay Area
9qc4sd,Rest of Bay Area
9qc4se,Rest of Bay Area
9qc4sf,Rest of Bay Area
9qc4sg,Rest of Bay Area
9qc4sh,Rest of Bay Area
9qc4sj,Rest of Bay Area
9qc4sk,Rest of Bay Area
9qc4sm,Rest of Bay Area
9qc4sn,Rest of Bay Area
9qc4sp,Rest of Bay Area
9qc4sq,Rest of Bay Area
9qc4sr,Rest of Bay Area
9qc4ss,Rest of Bay Area
9qc4st,Rest of Bay Area
9qc4su,Rest of Bay Area
9qc4sv,Rest of Bay Area
9qc4sw,Rest of Bay Area
9qc4sx,Rest of Bay Area
9qc4sy,Rest of Bay Area
9qc4sz,Rest of Bay Area
9qc4t0,Rest of Bay Area
9qc4t1,Rest of Bay Area
9qc4t2,Rest of Bay Area
9qc4t3,Rest of Bay Area
9qc4t4,Rest of Bay Area
9qc4t5,Rest of Bay Area
9qc4t6,Rest of Bay Area
9qc4t7,Rest of Bay Area
9qc4t8,Rest of Bay Area
9qc4t9,Rest of Bay Area
9qc4tb,Rest of Bay Area
9qc4tc,Rest of Bay Area
9qc4td,Rest of Bay Area
9qc4te,Rest of Bay Area
9qc4tf,Rest of Bay Area
9qc4tg,Rest of Bay Area
9qc4th,Rest of Bay Area
9qc4tj,Rest of Bay Area
9qc4tk,Rest of Bay Area
9qc4tm,Rest of Bay Area
9qc4tn,Rest of Bay Area
9qc4tp,Rest of Bay Area
9qc4tq,Rest of Bay Area
9qc4tr,Rest of Bay Area
9qc4ts,Rest of Bay Area
9qc4tt,Rest of Bay Area
9qc4tu,Rest of Bay Area
9qc4tv,Rest of Bay Area
9qc4tw,Rest of Bay Area
9qc4tx,Rest of Bay Area
9qc4ty,Rest of Bay Area
9qc4tz,Rest of Bay Area
9qc4u0,Rest of Bay Area
9qc4u1,Rest of Bay Area
9qc4u2,Rest of Bay Area
9qc4u3,Rest of Bay Area
9qc4u4,Rest of Bay Area
9qc4u5,Rest of Bay Area
9qc4u6,Rest of Bay Area
9qc4u7,Rest of Bay Area
9qc4u8,Rest of Bay Area
9qc4u9,Rest of Bay Area
9qc4ub,Rest of Bay Area
9qc4uc,Rest of Bay Area
9qc4ud,Rest of Bay Area
9qc4ue,Rest of Bay Area
9qc4uf,Rest of Bay Area
9qc4ug,Rest of Bay Area
9qc4uh,Rest of Bay Area
9qc4uj,Rest of Bay Area
9qc4uk,Rest of Bay Area
9qc4um,Rest of Bay Area
9qc4un,Rest of Bay Area
9qc4up,Rest of Bay Area
9qc4uq,Rest of Bay Area
9qc4ur,Rest of Bay Area
9qc4us,Rest of Bay Area
9qc4ut,Rest of Bay Area
9qc4uu,Rest of Bay Area
9qc4uv,Rest of Bay Area
9qc4uw,Rest of Bay Area
9qc4ux,Rest of Bay Area
9qc4uy,Rest of Bay Area
9qc4uz,Rest of Bay Area
9qc4v0,Rest of Bay Area
9qc4v1,Rest of Bay Area
9qc4v2,Rest of Bay Area
9qc4v3,Rest of Bay Area
9qc4v4,Rest of Bay Area
9qc4v5,Rest of Bay Area
9qc4v6,Rest of Bay Area
9qc4v7,Rest of Bay Area
9qc4v8,Rest of Bay Area
9qc4v9,Rest of Bay Area
9qc4vb,Rest of Bay Area
9qc4vc,Rest of Bay Area
9qc4vd,Rest of Bay Area
9qc4ve,Rest of Bay Area
9qc4vf,Rest of Bay Area
9qc4vg,Rest of Bay Area
9qc4vh,Rest of Bay Area
9qc4vj,Rest of Bay Area
9qc4vk,Rest of Bay Area
9qc4vm,Rest of Bay Area
9qc4vn,Rest of Bay Area
9qc4vp,Rest of Bay Area
9qc4vq,Rest of Bay Area
9qc4vr,Rest of Bay Area
9qc4vs,Rest of Bay Area
9qc4vt,Rest of Bay Area
9qc4vu,Rest of Bay Area
9qc4vv,Rest of Bay Area
9qc4vw,Rest of Bay Area
9qc4vx,Rest of Bay Area
9qc4vy,Rest of Bay Area
9qc4vz,Rest of Bay Area
9qc4w0,Rest of Bay Area
9qc4w1,Rest of Bay Area
9qc4w2,Rest of Bay Area
9qc4w3,Rest of Bay Area
9qc4w4,Rest of Bay Area
9qc4w5,Rest of Bay Area
9qc4w6,Rest of Bay Area
9qc4w7,Rest of Bay Area
9qc4w8,Rest of Bay Area
9qc4w9,Rest of Bay Area
9qc4wb,Rest of Bay Area
9qc4wc,Rest of Bay Area
9qc4wd,Rest of Bay Area
9qc4we,Rest of Bay Area
9qc4wf,Rest of Bay Area
9qc4wg,Rest of Bay Area
9qc4wh,Rest of Bay Area
9qc4wj,Rest of Bay Area
9qc4wk,Rest of Bay Area
9qc4wm,Rest of Bay Area
9qc4wn,Rest of Bay Area
9qc4wp,Rest of Bay Area
9qc4wq,Rest of Bay Area
9qc4wr,Rest of Bay Area
9qc4ws,Rest of Bay Area
9qc4wt,Rest of Bay Area
9qc4wu,Rest of Bay Area
9qc4wv,Rest of Bay Area
9qc4ww,Rest of Bay Area
9qc4wx,Rest of Bay Area
9qc4wy,Rest of Bay Area
9qc4wz,Rest of Bay Area
9qc4x0,Rest of Bay Area
9qc4x1,Rest of Bay Area
9qc4x2,Rest of Bay Area
9qc4x3,Rest of Bay Area
9qc4x4,Rest of Bay Area
9qc4x5,Rest of Bay Area
9qc4x6,Rest of Bay Area
9qc4x7,Rest of Bay Area
9qc4x8,Rest of Bay Area
9qc4x9,Rest of Bay Area
9qc4xb,Rest of Bay Area
9qc4xc,Rest of Bay Area
9qc4xd,Rest of Bay Area
9qc4xe,Rest of Bay Area
9qc4xf,Rest of Bay Area
9qc4xg,Rest of Bay Area
9qc4xh,Rest of Bay Area
9qc4xj,Rest of Bay Area
9qc4xk,Rest of Bay Area
9qc4xm,Rest of Bay Area
9qc4xn,Rest of Bay Area
9qc4xp,Rest of Bay Area
9qc4xq,Rest of Bay Area
9qc4xr,Rest of Bay Area
9qc4xs,Rest of Bay Area
9qc4xt,Rest of Bay Area
9qc4xu,Rest of Bay Area
9qc4xv,Rest of Bay Area
9qc4xw,Rest of Bay Area
9qc4xx,Rest of Bay Area
9qc4xy,Rest of Bay Area
9qc4xz,Rest of Bay Area
9qc4y0,Rest of Bay Area
9qc4y1,Rest of Bay Area
9qc4y2,Rest of Bay Area
9qc4y3,Rest of Bay Area
9qc4y4,Rest of Bay Area
9qc4y5,Rest of Bay Area
9qc4y6,Rest of Bay Area
9qc4y7,Rest of Bay Area
9qc4y8,Rest of Bay Area
9qc4y9,Rest of Bay Area
9qc4yb,Rest of Bay Area
9qc4yc,Rest of Bay Area
9qc4yd,Rest of Bay Area
9qc4ye,Rest of Bay Area
9qc4yf,Rest of Bay Area
9qc4yg,Rest of Bay Area
9qc4yh,Rest of Bay Area
9qc4yj,Rest of Bay Area
9qc4yk,Rest of Bay Area
9qc4ym,Rest of Bay Area
9qc4yn,Rest of Bay Area
9qc4yp,Rest of Bay Area
9qc4yq,Rest of Bay Area
9qc4yr,Rest of Bay Area
9qc4ys,Rest of Bay Area
9qc4yt,Rest of Bay Area
9qc4yu,Rest of Bay Area
9qc4yv,Rest of Bay Area
9qc4yw,Rest of Bay Area
9qc4yx,Rest of Bay Area
9qc4yy,Rest of Bay Area
9qc4yz,Rest of Bay Area
9qc4z0,Rest of Bay Area
9qc4z1,Rest of Bay Area
9qc4z2,Rest of Bay Area
9qc4z3,Rest of Bay Area
9qc4z4,Rest of Bay Area
9qc4z5,Rest of Bay Area
9qc4z6,Rest of Bay Area
9qc4z7,Rest of Bay Area
9qc4z8,Rest of Bay Area
9qc4z9,Rest of Bay Area
9qc4zb,Rest of Bay Area
9qc4zc,Rest of Bay Area
9qc4zd,Rest of Bay Area
9qc4ze,Rest of Bay Area
9qc4zf,Rest of Bay Area
9qc4zg,Rest of Bay Area
9qc4zh,Rest of Bay Area
9qc4zj,Rest of Bay Area
9qc4zk,Rest of Bay Area
9qc4zm,Rest of Bay Area
9qc4zn,Rest of Bay Area
9qc4zp,Rest of Bay Area
9qc4zq,Rest of Bay Area
9qc4zr,Rest of Bay Area
9qc4zs,Rest of Bay Area
9qc4zt,Rest of Bay Area
9qc4zu,Rest of Bay Area
9qc4zv,Rest of Bay Area
9qc4zw,Rest of Bay Area
9qc4zx,Rest of Bay Area
9qc4zy,Rest of Bay Area
9qc4zz,Rest of Bay Area
9qc500,Rest of Bay Area
9qc501,Rest of Bay Area
9qc502,Rest of Bay Area
9qc503,Rest of Bay Area
9qc504,Rest of Bay Area
9qc505,Rest of Bay Area
9qc506,Rest of Bay Area
9qc507,Rest of Bay Area
9qc508,Rest of Bay Area
9qc509,Rest of Bay Area
9qc50b,Rest of Bay Area
9qc50c,Rest of Bay Area
9qc50d,Rest of Bay Area
9qc50e,Rest of Bay Area
9qc50f,Rest of Bay Area
9qc50g,Rest of Bay Area
9qc50h,Rest of Bay Area
9qc50j,Rest of Bay Area
9qc50k,Rest of Bay Area
9qc50m,Rest of Bay Area
9qc50n,Rest of Bay Area
9qc50p,Rest of Bay Area
9qc50q,Rest of Bay Area
9qc50r,Rest of Bay Area
9qc50s,Rest of Bay Area
9qc50t,Rest of Bay Area
9qc50u,Rest of Bay Area
9qc50v,Rest of Bay Area
9qc50w,Rest of Bay Area
9qc50x,Rest of Bay Area
9qc50y,Rest of Bay Area
9qc50z,Rest of Bay Area
9qc510,Rest of Bay Area
9qc511,Rest of Bay Area
9qc512,Rest of Bay Area
9qc513,Rest of Bay Area
9qc514,Rest of Bay Area
9qc515,Rest of Bay Area
9qc516,Rest of Bay Area
9qc517,Rest of Bay Area
9qc518,Rest of Bay Area
9qc519,Rest of Bay Area
9qc51b,Rest of Bay Area
9qc51c,Rest of Bay Area
9qc51d,Rest of Bay Area
9qc51e,Rest of Bay Area
9qc51f,Rest of Bay Area
9qc51g,Rest of Bay Area
9qc51h,Rest of Bay Area
9qc51j,Rest of Bay Area
9qc51k,Rest of Bay Area
9qc51m,Rest of Bay Area
9qc51n,Rest of Bay Area
9qc51p,Rest of Bay Area
9qc51q,Rest of Bay Area
9qc51r,Rest of Bay Area
9qc51s,Rest of Bay Area
9qc51t,Rest of Bay Area
9qc51u,Rest of Bay Area
9qc51v,Rest of Bay Area
9qc51w,Rest of Bay Area
9qc51x,Rest of Bay Area
9qc51y,Rest of Bay Area
9qc51z,Rest of Bay Area
9qc520,Rest of Bay Area
9qc521,Rest of Bay Area
9qc522,Rest of Bay Area
9qc523,Rest of Bay Area
9qc524,Rest of Bay Area
9qc525,Rest of Bay Area
9qc526,Rest of Bay Area
9qc527,Rest of Bay Area
9qc528,Rest of Bay Area
9qc529,Rest of Bay Area
9qc52b,Rest of Bay Area
9qc52c,Rest of Bay Area
9qc52d,Rest of Bay Area
9qc52e,Rest of Bay Area
9qc52f,Rest of Bay Area
9qc52g,Rest of Bay Area
9qc52h,Rest of Bay Area
9qc52j,Rest of Bay Area
9qc52k,Rest of Bay Area
9qc52m,Rest of Bay Area
9qc52n,Rest of Bay Area
9qc52p,Rest of Bay Area
9qc52q,Rest of Bay Area
9qc52r,Rest of Bay Area
9qc52s,Rest of Bay Area
9qc52t,Rest of Bay Area
9qc52u,Rest of Bay Area
9qc52v,Rest of Bay Area
9qc52w,Rest of Bay Area
9qc52x,Rest of Bay Area
9qc52y,Rest of Bay Area
9qc52z,Rest of Bay Area
9qc530,Rest of Bay Area
9qc531,Rest of Bay Area
9qc532,Rest of Bay Area
9qc533,Rest of Bay Area
9qc534,Rest of Bay Area
9qc535,Rest of Bay Area
9qc536,Rest of Bay Area
9qc537,Rest of Bay Area
9qc538,Rest of Bay Area
9qc539,Rest of Bay Area
9qc53b,Rest of Bay Area
9qc53c,Rest of Bay Area
9qc53d,Rest of Bay Area
9qc53e,Rest of Bay Area
9qc53f,Rest of Bay Area
9qc53g,Rest of Bay Area
9qc53h,Rest of Bay Area
9qc53j,Rest of Bay Area
9qc53k,Rest of Bay Area
9qc53m,Rest of Bay Area
9qc53n,Rest of Bay Area
9qc53p,Rest of Bay Area
9qc53q,Rest of Bay Area
9qc53r,Rest of Bay Area
9qc53s,Rest of Bay Area
9qc53t,Rest of Bay Area
9qc53u,Rest of Bay Area
9qc53v,Rest of Bay Area
9qc53w,Rest of Bay Area
9qc53x,Rest of Bay Area
9qc53y,Rest of Bay Area
9qc53z,Rest of Bay Area
9qc540,Rest of Bay Area
9qc541,Rest of Bay Area
9qc542,Rest of Bay Area
9qc543,Rest of Bay Area
9qc544,Rest of Bay Area
9qc545,Rest of Bay Area
9qc546,Rest of Bay Area
9qc547,Rest of Bay Area
9qc548,Rest of Bay Area
9qc549,Rest of Bay Area
9qc54b,Rest of Bay Area
9qc54c,Rest of Bay Area
9qc54d,Rest of Bay Area
9qc54e,Rest of Bay Area
9qc54f,Rest of Bay Area
9qc54g,Rest of Bay Area
9qc54h,Rest of Bay Area
9qc54j,Rest of Bay Area
9qc54k,Rest of Bay Area
9qc54m,Rest of Bay Area
9qc54n,Rest of Bay Area
9qc54p,Rest of Bay Area
9qc54q,Rest of Bay Area
9qc54r,Rest of Bay Area
9qc54s,Rest of Bay Area
9qc54t,Rest of Bay Area
9qc54u,Rest of Bay Area
9qc54v,Rest of Bay Area
9qc54w,Rest of Bay Area
9qc54x,Rest of Bay Area
9qc54y,Rest of Bay Area
9qc54z,Rest of Bay Area
9qc550,Rest of Bay Area
9qc551,Rest of Bay Area
9qc552,Rest of Bay Area
9qc553,Rest of Bay Area
9qc554,Rest of Bay Area
9qc555,Rest of Bay Area
9qc556,Rest of Bay Area
9qc557,Rest of Bay Area
9qc558,Rest of Bay Area
9qc559,Rest of Bay Area
9qc55b,Rest of Bay Area
9qc55c,Rest of Bay Area
9qc55d,Rest of Bay Area
9qc55e,Rest of Bay Area
9qc55f,Rest of Bay Area
9qc55g,Rest of Bay Area
9qc55h,Rest of Bay Area
9qc55j,Rest of Bay Area
9qc55k,Rest of Bay Area
9qc55m,Rest of Bay Area
9qc55n,Rest of Bay Area
9qc55p,Rest of Bay Area
9qc55q,Rest of Bay Area
9qc55r,Rest of Bay Area
9qc55s,Rest of Bay Area
9qc55t,Rest of Bay Area
9qc55u,Rest of Bay Area
9qc55v,Rest of Bay Area
9qc55w,Rest of Bay Area
9qc55x,Rest of Bay Area
9qc55y,Rest of Bay Area
9qc55z,Rest of Bay Area
9qc560,Rest of Bay Area
9qc561,Rest of Bay Area
9qc562,Rest of Bay Area
9qc563,Rest of Bay Area
9qc564,Rest of Bay Area
9qc565,Rest of Bay Area
9qc566,Rest of Bay Area
9qc567,Rest of Bay Area
9qc568,Rest of Bay Area
9qc569,Rest of Bay Area
9qc56b,Rest of Bay Area
9qc56c,Rest of Bay Area
9qc56d,Rest of Bay Area
9qc56e,Rest of Bay Area
9qc56f,Rest of Bay Area
9qc56g,Rest of Bay Area
9qc56h,Rest of Bay Area
9qc56j,Rest of Bay Area
9qc56k,Rest of Bay Area
9qc56m,Rest of Bay Area
9qc56n,Rest of Bay Area
9qc56p,Rest of Bay Area
9qc56q,Rest of Bay Area
9qc56r,Rest of Bay Area
9qc56s,Rest of Bay Area
9qc56t,Rest of Bay Area
9qc56u,Rest of Bay Area
9qc56v,Rest of Bay Area
9qc56w,Rest of Bay Area
9qc56x,Rest of Bay Area
9qc56y,Rest of Bay Area
9qc56z,Rest of Bay Area
9qc570,Rest of Bay Area
9qc571,Rest of Bay Area
9qc572,Rest of Bay Area
9qc573,Rest of Bay Area
9qc574,Rest of Bay Area
9qc575,Rest of Bay Area
9qc576,Rest of Bay Area
9qc577,Rest of Bay Area
9qc578,Rest of Bay Area
9qc579,Rest of Bay Area
9qc57b,Rest of Bay Area
9qc57c,Rest of Bay Area
9qc57d,Rest of Bay Area
9qc57e,Rest of Bay Area
9qc57f,Rest of Bay Area
9qc57g,Rest of Bay Area
9qc57h,Rest of Bay Area
9qc57j,Rest of Bay Area
9qc57k,Rest of Bay Area
9qc57m,Rest of Bay Area
9qc57n,Rest of Bay Area
9qc57p,Rest of Bay Area
9qc57q,Rest of Bay Area
9qc57r,Rest of Bay Area
9qc57s,Rest of Bay Area
9qc57t,Rest of Bay Area
9qc57u,Rest of Bay Area
9qc57v,Rest of Bay Area
9qc57w,Rest of Bay Area
9qc57x,Rest of Bay Area
9qc57y,Rest of Bay Area
9qc57z,Rest of Bay Area
9qc580,Rest of Bay Area
9qc581,Rest of Bay Area
9qc582,Rest of Bay Area
9qc583,Rest of Bay Area
9qc584,Rest of Bay Area
9qc585,Rest of Bay Area
9qc586,Rest of Bay Area
9qc587,Rest of Bay Area
9qc588,Rest of Bay Area
9qc589,Rest of Bay Area
9qc58b,Rest of Bay Area
9qc58c,Rest of Bay Area
9qc58d,Rest of Bay Area
9qc58e,Rest of Bay Area
9qc58f,Rest of Bay Area
9qc58g,Rest of Bay Area
9qc58h,Rest of Bay Area
9qc58j,Rest of Bay Area
9qc58k,Rest of Bay Area
9qc58m,Rest of Bay Area
9qc58n,Rest of Bay Area
9qc58p,Rest of Bay Area
9qc58q,Rest of Bay Area
9qc58r,Rest of Bay Area
9qc58s,Rest of Bay Area
9qc58t,Rest of Bay Area
9qc58u,Rest of Bay Area
9qc58v,Rest of Bay Area
9qc58w,Rest of Bay Area
9qc58x,Rest of Bay Area
9qc58y,Rest of Bay Area
9qc58z,Rest of Bay Area
9qc590,Rest of Bay Area
9qc591,Rest of Bay Area
9qc592,Rest of Bay Area
9qc593,Rest of Bay Area
9qc594,Rest of Bay Area
9qc595,Rest of Bay Area
9qc596,Rest of Bay Area
9qc597,Rest of Bay Area
9qc598,Rest of Bay Area
9qc599,Rest of Bay Area
9qc59b,Rest of Bay Area
9qc59c,Rest of Bay Area
9qc59d,Rest of Bay Area
9qc59e,Rest of Bay Area
9qc59f,Rest of Bay Area
9qc59g,Rest of Bay Area
9qc59h,Rest of Bay Area
9qc59j,Rest of Bay Area
9qc59k,Rest of Bay Area
9qc59m,Rest of Bay Area
9qc59n,Rest of Bay Area
9qc59p,Rest of Bay Area
9qc59q,Rest of Bay Area
9qc59r,Rest of Bay Area
9qc59s,Rest of Bay Area
9qc59t,Rest of Bay Area
9qc59u,Rest of Bay Area
9qc59v,Rest of Bay Area
9qc59w,Rest of Bay Area
9qc59x,Rest of Bay Area
9qc59y,Rest of Bay Area
9qc59z,Rest of Bay Area
9qc5b0,Rest of Bay Area
9qc5b1,Rest of Bay Area
9qc5b2,Rest of Bay Area
9qc5b3,Rest of Bay Area
9qc5b4,Rest of Bay Area
9qc5b5,Rest of Bay Area
9qc5b6,Rest of Bay Area
9qc5b7,Rest of Bay Area
9qc5b8,Rest of Bay Area
9qc5b9,Rest of Bay Area
9qc5bb,Rest of Bay Area
9qc5bc,Rest of Bay Area
9qc5bd,Rest of Bay Area
9qc5be,Rest of Bay Area
9qc5bf,Rest of Bay Area
9qc5bg,Rest of Bay Area
9qc5bh,Rest of Bay Area
9qc5bj,Rest of Bay Area
9qc5bk,Rest of Bay Area
9qc5bm,Rest of Bay Area
9qc5bn,Rest of Bay Area
9qc5bp,Rest of Bay Area
9qc5bq,Rest of Bay Area
9qc5br,Rest of Bay Area
9qc5bs,Rest of Bay Area
9qc5bt,Rest of Bay Area
9qc5bu,Rest of Bay Area
9qc5bv,Rest of Bay Area
9qc5bw,Rest of Bay Area
9qc5bx,Rest of Bay Area
9qc5by,Rest of Bay Area
9qc5bz,Rest of Bay Area
9qc5c0,Rest of Bay Area
9qc5c1,Rest of Bay Area
9qc5c2,Rest of Bay Area
9qc5c3,Rest of Bay Area
9qc5c4,Rest of Bay Area
9qc5c5,Rest of Bay Area
9qc5c6,Rest of Bay Area
9qc5c7,Rest of Bay Area
9qc5c8,Rest of Bay Area
9qc5c9,Rest of Bay Area
9qc5cb,Rest of Bay Area
9qc5cc,Rest of Bay Area
9qc5cd,Rest of Bay Area
9qc5ce,Rest of Bay Area
9qc5cf,Rest of Bay Area
9qc5cg,Rest of Bay Area
9qc5ch,Rest of Bay Area
9qc5cj,Rest of Bay Area
9qc5ck,Rest of Bay Area
9qc5cm,Rest of Bay Area
9qc5cn,Rest of Bay Area
9qc5cp,Rest of Bay Area
9qc5cq,Rest of Bay Area
9qc5cr,Rest of Bay Area
9qc5cs,Rest of Bay Area
9qc5ct,Rest of Bay Area
9qc5cu,Rest of Bay Area
9qc5cv,Rest of Bay Area
9qc5cw,Rest of Bay Area
9qc5cx,Rest of Bay Area
9qc5cy,Rest of Bay Area
9qc5cz,Rest of Bay Area
9qc5d0,Rest of Bay Area
9qc5d1,Rest of Bay Area
9qc5d2,Rest of Bay Area
9qc5d3,Rest of Bay Area
9qc5d4,Rest of Bay Area
9qc5d5,Rest of Bay Area
9qc5d6,Rest of Bay Area
9qc5d7,Rest of Bay Area
9qc5d8,Rest of Bay Area
9qc5d9,Rest of Bay Area
9qc5db,Rest of Bay Area
9qc5dc,Rest of Bay Area
9qc5dd,Rest of Bay Area
9qc5de,Rest of Bay Area
9qc5df,Rest of Bay Area
9qc5dg,Rest of Bay Area
9qc5dh,Rest of Bay Area
9qc5dj,Rest of Bay Area
9qc5dk,Rest of Bay Area
9qc5dm,Rest of Bay Area
9qc5dn,Rest of Bay Area
9qc5dp,Rest of Bay Area
9qc5dq,Rest of Bay Area
9qc5dr,Rest of Bay Area
9qc5ds,Rest of Bay Area
9qc5dt,Rest of Bay Area
9qc5du,Rest of Bay Area
9qc5dv,Rest of Bay Area
9qc5dw,Rest of Bay Area
9qc5dx,Rest of Bay Area
9qc5dy,Rest of Bay Area
9qc5dz,Rest of Bay Area
9qc5e0,Rest of Bay Area
9qc5e1,Rest of Bay Area
9qc5e2,Rest of Bay Area
9qc5e3,Rest of Bay Area
9qc5e4,Rest of Bay Area
9qc5e5,Rest of Bay Area
9qc5e6,Rest of Bay Area
9qc5e7,Rest of Bay Area
9qc5e8,Rest of Bay Area
9qc5e9,Rest of Bay Area
9qc5eb,Rest of Bay Area
9qc5ec,Rest of Bay Area
9qc5ed,Rest of Bay Area
9qc5ee,Rest of Bay Area
9qc5ef,Rest of Bay Area
9qc5eg,Rest of Bay Area
9qc5eh,Rest of Bay Area
9qc5ej,Rest of Bay Area
9qc5ek,Rest of Bay Area
9qc5em,Rest of Bay Area
9qc5en,Rest of Bay Area
9qc5ep,Rest of Bay Area
9qc5eq,Rest of Bay Area
9qc5er,Rest of Bay Area
9qc5es,Rest of Bay Area
9qc5et,Rest of Bay Area
9qc5eu,Rest of Bay Area
9qc5ev,Rest of Bay Area
9qc5ew,Rest of Bay Area
9qc5ex,Rest of Bay Area
9qc5ey,Rest of Bay Area
9qc5ez,Rest of Bay Area
9qc5f0,Rest of Bay Area
9qc5f1,Rest of Bay Area
9qc5f2,Rest of Bay Area
9qc5f3,Rest of Bay Area
9qc5f4,Rest of Bay Area
9qc5f5,Rest of Bay Area
9qc5f6,Rest of Bay Area
9qc5f7,Rest of Bay Area
9qc5f8,Rest of Bay Area
9qc5f9,Rest of Bay Area
9qc5fb,Rest of Bay Area
9qc5fc,Rest of Bay Area
9qc5fd,Rest of Bay Area
9qc5fe,Rest of Bay Area
9qc5ff,Rest of Bay Area
9qc5fg,Rest of Bay Area
9qc5fh,Rest of Bay Area
9qc5fj,Rest of Bay Area
9qc5fk,Rest of Bay Area
9qc5fm,Rest of Bay Area
9qc5fn,Rest of Bay Area
9qc5fp,Rest of Bay Area
9qc5fq,Rest of Bay Area
9qc5fr,Rest of Bay Area
9qc5fs,Rest of Bay Area
9qc5ft,Rest of Bay Area
9qc5fu,Rest of Bay Area
9qc5fv,Rest of Bay Area
9qc5fw,Rest of Bay Area
9qc5fx,Rest of Bay Area
9qc5fy,Rest of Bay Area
9qc5fz,Rest of Bay Area
9qc5g0,Rest of Bay Area
9qc5g1,Rest of Bay Area
9qc5g2,Rest of Bay Area
9qc5g3,Rest of Bay Area
9qc5g4,Rest of Bay Area
9qc5g5,Rest of Bay Area
9qc5g6,Rest of Bay Area
9qc5g7,Rest of Bay Area
9qc5g8,Rest of Bay Area
9qc5g9,Rest of Bay Area
9qc5gb,Rest of Bay Area
9qc5gc,Rest of Bay Area
9qc5gd,Rest of Bay Area
9qc5ge,Rest of Bay Area
9qc5gf,Rest of Bay Area
9qc5gg,Rest of Bay Area
9qc5gh,Rest of Bay Area
9qc5gj,Rest of Bay Area
9qc5gk,Rest of Bay Area
9qc5gm,Rest of Bay Area
9qc5gn,Rest of Bay Area
9qc5gp,Rest of Bay Area
9qc5gq,Rest of Bay Area
9qc5gr,Rest of Bay Area
9qc5gs,Rest of Bay Area
9qc5gt,Rest of Bay Area
9qc5gu,Rest of Bay Area
9qc5gv,Rest of Bay Area
9qc5gw,Rest of Bay Area
9qc5h0,Rest of Bay Area
9qc5h1,Rest of Bay Area
9qc5h2,Rest of Bay Area
9qc5h3,Rest of Bay Area
9qc5h4,Rest of Bay Area
9qc5h5,Rest of Bay Area
9qc5h6,Rest of Bay Area
9qc5h7,Rest of Bay Area
9qc5h8,Rest of Bay Area
9qc5h9,Rest of Bay Area
9qc5hb,Rest of Bay Area
9qc5hc,Rest of Bay Area
9qc5hd,Rest of Bay Area
9qc5he,Rest of Bay Area
9qc5hf,Rest of Bay Area
9qc5hg,Rest of Bay Area
9qc5hh,Rest of Bay Area
9qc5hj,Rest of Bay Area
9qc5hk,Rest of Bay Area
9qc5hm,Rest of Bay Area
9qc5hn,Rest of Bay Area
9qc5hp,Rest of Bay Area
9qc5hq,Rest of Bay Area
9qc5hr,Rest of Bay Area
9qc5hs,Rest of Bay Area
9qc5ht,Rest of Bay Area
9qc5hu,Rest of Bay Area
9qc5hv,Rest of Bay Area
9qc5hw,Rest of Bay Area
9qc5hx,Rest of Bay Area
9qc5hy,Rest of Bay Area
9qc5hz,Rest of Bay Area
9qc5j0,Rest of Bay Area
9qc5j1,Rest of Bay Area
9qc5j2,Rest of Bay Area
9qc5j3,Rest of Bay Area
9qc5j4,Rest of Bay Area
9qc5j5,Rest of Bay Area
9qc5j6,Rest of Bay Area
9qc5j7,Rest of Bay Area
9qc5j8,Rest of Bay Area
9qc5j9,Rest of Bay Area
9qc5jb,Rest of Bay Area
9qc5jc,Rest of Bay Area
9qc5jd,Rest of Bay Area
9qc5je,Rest of Bay Area
9qc5jf,Rest of Bay Area
9qc5jg,Rest of Bay Area
9qc5jh,Rest of Bay Area
9qc5jj,Rest of Bay Area
9qc5jk,Rest of Bay Area
9qc5jm,Rest of Bay Area
9qc5jn,Rest of Bay Area
9qc5jp,Rest of Bay Area
9qc5jq,Rest of Bay Area
9qc5k0,Rest of Bay Area
9qc5k1,Rest of Bay Area
9qc5k2,Rest of Bay Area
9qc5k3,Rest of Bay Area
9qc5k4,Rest of Bay Area
9qc5k5,Rest of Bay Area
9qc5k6,Rest of Bay Area
9qc5k7,Rest of Bay Area
9qc5k8,Rest of Bay Area
9qc5k9,Rest of Bay Area
9qc5kb,Rest of Bay Area
9qc5kc,Rest of Bay Area
9qc5kd,Rest of Bay Area
9qc5ke,Rest of Bay Area
9qc5kf,Rest of Bay Area
9qc5kg,Rest of Bay Area
9qc5kh,Rest of Bay Area
9qc5kj,Rest of Bay Area
9qc5kk,Rest of Bay Area
9qc5km,Rest of Bay Area
9qc5kn,Rest of Bay Area
9qc5kp,Rest of Bay Area
9qc5kq,Rest of Bay Area
9qc5kr,Rest of Bay Area
9qc5ks,Rest of Bay Area
9qc5kt,Rest of Bay Area
9qc5ku,Rest of Bay Area
9qc5kv,Rest of Bay Area
9qc5kw,Rest of Bay Area
9qc5kx,Rest of Bay Area
9qc5ky,Rest of Bay Area
9qc5kz,Rest of Bay Area
9qc5m0,Rest of Bay Area
9qc5m1,Rest of Bay Area
9qc5m4,Rest of Bay Area
9qc5m5,Rest of Bay Area
9qc5mh,Rest of Bay Area
9qc5mj,Rest of Bay Area
9qc5mn,Rest of Bay Area
9qc5n0,Rest of Bay Area
9qc5n1,Rest of Bay Area
9qc5n2,Rest of Bay Area
9qc5n3,Rest of Bay Area
9qc5n4,Rest of Bay Area
9qc5n5,Rest of Bay Area
9qc5n6,Rest of Bay Area
9qc5n7,Rest of Bay Area
9qc5n8,Rest of Bay Area
9qc5n9,Rest of Bay Area
9qc5nb,Rest of Bay Area
9qc5nc,Rest of Bay Area
9qc5nd,Rest of Bay Area
9qc5ne,Rest of Bay Area
9qc5nf,Rest of Bay Area
9qc5p0,Rest of Bay Area
9qc5pb,Rest of Bay Area
9qc5s0,Rest of Bay Area
9qc5s1,Rest of Bay Area
9qc5s2,Rest of Bay Area
9qc5s3,Rest of Bay Area
9qc5s4,Rest of Bay Area
9qc5s5,Rest of Bay Area
9qc5s6,Rest of Bay Area
9qc5s7,Rest of Bay Area
9qc5s8,Rest of Bay Area
9qc5s9,Rest of Bay Area
9qc5sb,Rest of Bay Area
9qc5sc,Rest of Bay Area
9qc5sd,Rest of Bay Area
9qc5se,Rest of Bay Area
9qc5sf,Rest of Bay Area
9qc5sg,Rest of Bay Area
9qc5sh,Rest of Bay Area
9qc5sj,Rest of Bay Area
9qc5sk,Rest of Bay Area
9qc5sm,Rest of Bay Area
9qc5sn,Rest of Bay Area
9qc5sp,Rest of Bay Area
9qc5sq,Rest of Bay Area
9qc5sr,Rest of Bay Area
9qc5ss,Rest of Bay Area
9qc5st,Rest of Bay Area
9qc5sw,Rest of Bay Area
9qc5u0,Rest of Bay Area
9qc5u1,Rest of Bay Area
9qc5u4,Rest of Bay Area
9qc5u5,Rest of Bay Area
9qc5uh,Rest of Bay Area
9qc5uj,Rest of Bay Area
9qc600,Rest of Bay Area
9qc601,Rest of Bay Area
9qc602,Rest of Bay Area
9qc603,Rest of Bay Area
9qc604,Rest of Bay Area
9qc605,Rest of Bay Area
9qc606,Rest of Bay Area
9qc607,Rest of Bay Area
9qc608,Rest of Bay Area
9qc609,Rest of Bay Area
9qc60b,Rest of Bay Area
9qc60c,Rest of Bay Area
9qc60d,Rest of Bay Area
9qc60e,Rest of Bay Area
9qc60f,Rest of Bay Area
9qc60g,Rest of Bay Area
9qc60h,Rest of Bay Area
9qc60j,Rest of Bay Area
9qc60k,Rest of Bay Area
9qc60m,Rest of Bay Area
9qc60n,Rest of Bay Area
9qc60p,Rest of Bay Area
9qc60q,Rest of Bay Area
9qc60r,Rest of Bay Area
9qc60s,Rest of Bay Area
9qc60t,Rest of Bay Area
9qc60u,Rest of Bay Area
9qc60v,Rest of Bay Area
9qc60w,Rest of Bay Area
9qc60x,Rest of Bay Area
9qc60y,Rest of Bay Area
9qc60z,Rest of Bay Area
9qc610,Rest of Bay Area
9qc611,Rest of Bay Area
9qc612,Rest of Bay Area
9qc613,Rest of Bay Area
9qc614,Rest of Bay Area
9qc615,Rest of Bay Area
9qc616,Rest of Bay Area
9qc617,Rest of Bay Area
9qc618,Rest of Bay Area
9qc619,Rest of Bay Area
9qc61b,Rest of Bay Area
9qc61c,Rest of Bay Area
9qc61d,Rest of Bay Area
9qc61e,Rest of Bay Area
9qc61f,Rest of Bay Area
9qc61g,Rest of Bay Area
9qc61h,Rest of Bay Area
9qc61j,Rest of Bay Area
9qc61k,Rest of Bay Area
9qc61m,Rest of Bay Area
9qc61n,Rest of Bay Area
9qc61p,Rest of Bay Area
9qc61q,Rest of Bay Area
9qc61r,Rest of Bay Area
9qc61s,Rest of Bay Area
9qc61t,Rest of Bay Area
9qc61u,Rest of Bay Area
9qc61v,Rest of Bay Area
9qc61w,Rest of Bay Area
9qc61x,Rest of Bay Area
9qc61y,Rest of Bay Area
9qc61z,Rest of Bay Area
9qc620,Rest of Bay Area
9qc621,Rest of Bay Area
9qc622,Rest of Bay Area
9qc623,Rest of Bay Area
9qc624,Rest of Bay Area
9qc625,Rest of Bay Area
9qc626,Rest of Bay Area
9qc627,Rest of Bay Area
9qc628,Rest of Bay Area
9qc629,Rest of Bay Area
9qc62b,Rest of Bay Area
9qc62c,Rest of Bay Area
9qc62d,Rest of Bay Area
9qc62e,Rest of Bay Area
9qc62f,Rest of Bay Area
9qc62g,Rest of Bay Area
9qc62h,Rest of Bay Area
9qc62j,Rest of Bay Area
9qc62k,Rest of Bay Area
9qc62m,Rest of Bay Area
9qc62n,Rest of Bay Area
9qc62p,Rest of Bay Area
9qc62q,Rest of Bay Area
9qc62r,Rest of Bay Area
9qc62s,Rest of Bay Area
9qc62t,Rest of Bay Area
9qc62u,Rest of Bay Area
9qc62v,Rest of Bay Area
9qc62w,Rest of Bay Area
9qc62x,Rest of Bay Area
9qc62y,Rest of Bay Area
9qc62z,Rest of Bay Area
9qc630,Rest of Bay Area
9qc631,Rest of Bay Area
9qc632,Rest of Bay Area
9qc633,Rest of Bay Area
9qc634,Rest of Bay Area
9qc635,Rest of Bay Area
9qc636,Rest of Bay Area
9qc637,Rest of Bay Area
9qc638,Rest of Bay Area
9qc639,Rest of Bay Area
9qc63b,Rest of Bay Area
9qc63c,Rest of Bay Area
9qc63d,Rest of Bay Area
9qc63e,Rest of Bay Area
9qc63f,Rest of Bay Area
9qc63g,Rest of Bay Area
9qc63h,Rest of Bay Area
9qc63j,Rest of Bay Area
9qc63k,Rest of Bay Area
9qc63m,Rest of Bay Area
9qc63n,Rest of Bay Area
9qc63p,Rest of Bay Area
9qc63q,Rest of Bay Area
9qc63r,Rest of Bay Area
9qc63s,Rest of Bay Area
9qc63t,Rest of Bay Area
9qc63u,Rest of Bay Area
9qc63v,Rest of Bay Area
9qc63w,Rest of Bay Area
9qc63x,Rest of Bay Area
9qc63y,Rest of Bay Area
9qc63z,Rest of Bay Area
9qc640,Rest of Bay Area
9qc641,Rest of Bay Area
9qc642,Rest of Bay Area
9qc643,Rest of Bay Area
9qc644,Rest of Bay Area
9qc645,Rest of Bay Area
9qc646,Rest of Bay Area
9qc647,Rest of Bay Area
9qc648,Rest of Bay Area
9qc649,Rest of Bay Area
9qc64b,Rest of Bay Area
9qc64c,Rest of Bay Area
9qc64d,Rest of Bay Area
9qc64e,Rest of Bay Area
9qc64f,Rest of Bay Area
9qc64g,Rest of Bay Area
9qc64h,Rest of Bay Area
9qc64j,Rest of Bay Area
9qc64k,Rest of Bay Area
9qc64m,Rest of Bay Area
9qc64n,Rest of Bay Area
9qc64p,Rest of Bay Area
9qc64q,Rest of Bay Area
9qc64r,Rest of Bay Area
9qc64s,Rest of Bay Area
9qc64t,Rest of Bay Area
9qc64u,Rest of Bay Area
9qc64v,Rest of Bay Area
9qc64w,Rest of Bay Area
9qc64x,Rest of Bay Area
9qc64y,Rest of Bay Area
9qc64z,Rest of Bay Area
9qc650,Rest of Bay Area
9qc651,Rest of Bay Area
9qc652,Rest of Bay Area
9qc653,Rest of Bay Area
9qc654,Rest of Bay Area
9qc655,Rest of Bay Area
9qc656,Rest of Bay Area
9qc657,Rest of Bay Area
9qc658,Rest of Bay Area
9qc659,Rest of Bay Area
9qc65b,Rest of Bay Area
9qc65c,Rest of Bay Area
9qc65d,Rest of Bay Area
9qc65e,Rest of Bay Area
9qc65f,Rest of Bay Area
9qc65g,Rest of Bay Area
9qc65h,Rest of Bay Area
9qc65j,Rest of Bay Area
9qc65k,Rest of Bay Area
9qc65m,Rest of Bay Area
9qc65n,Rest of Bay Area
9qc65p,Rest of Bay Area
9qc65q,Rest of Bay Area
9qc65r,Rest of Bay Area
9qc65s,Rest of Bay Area
9qc65t,Rest of Bay Area
9qc65u,Rest of Bay Area
9qc65v,Rest of Bay Area
9qc65w,Rest of Bay Area
9qc65x,Rest of Bay Area
9qc65y,Rest of Bay Area
9qc65z,Rest of Bay Area
9qc660,Rest of Bay Area
9qc661,Rest of Bay Area
9qc662,Rest of Bay Area
9qc663,Rest of Bay Area
9qc664,Rest of Bay Area
9qc665,Rest of Bay Area
9qc666,Rest of Bay Area
9qc667,Rest of Bay Area
9qc668,Rest of Bay Area
9qc669,Rest of Bay Area
9qc66b,Rest of Bay Area
9qc66c,Rest of Bay Area
9qc66d,Rest of Bay Area
9qc66e,Rest of Bay Area
9qc66f,Rest of Bay Area
9qc66g,Rest of Bay Area
9qc66h,Rest of Bay Area
9qc66j,Rest of Bay Area
9qc66k,Rest of Bay Area
9qc66m,Rest of Bay Area
9qc66n,Rest of Bay Area
9qc66p,Rest of Bay Area
9qc66q,Rest of Bay Area
9qc66r,Rest of Bay Area
9qc66s,Rest of Bay Area
9qc66t,Rest of Bay Area
9qc66u,Rest of Bay Area
9qc66v,Rest of Bay Area
9qc66w,Rest of Bay Area
9qc66x,Rest of Bay Area
9qc66y,Rest of Bay Area
9qc66z,Rest of Bay Area
9qc670,Rest of Bay Area
9qc671,Rest of Bay Area
9qc672,Rest of Bay Area
9qc673,Rest of Bay Area
9qc674,Rest of Bay Area
9qc675,Rest of Bay Area
9qc676,Rest of Bay Area
9qc677,Rest of Bay Area
9qc678,Rest of Bay Area
9qc679,Rest of Bay Area
9qc67b,Rest of Bay Area
9qc67c,Rest of Bay Area
9qc67d,Rest of Bay Area
9qc67e,Rest of Bay Area
9qc67f,Rest of Bay Area
9qc67g,Rest of Bay Area
9qc67h,Rest of Bay Area
9qc67j,Rest of Bay Area
9qc67k,Rest of Bay Area
9qc67m,Rest of Bay Area
9qc67n,Rest of Bay Area
9qc67p,Rest of Bay Area
9qc67q,Rest of Bay Area
9qc67r,Rest of Bay Area
9qc67s,Rest of Bay Area
9qc67t,Rest of Bay Area
9qc67u,Rest of Bay Area
9qc67v,Rest of Bay Area
9qc67w,Rest of Bay Area
9qc67x,Rest of Bay Area
9qc67y,Rest of Bay Area
9qc67z,Rest of Bay Area
9qc680,Rest of Bay Area
9qc681,Rest of Bay Area
9qc682,Rest of Bay Area
9qc683,Rest of Bay Area
9qc684,Rest of Bay Area
9qc685,Rest of Bay Area
9qc686,Rest of Bay Area
9qc687,Rest of Bay Area
9qc688,Rest of Bay Area
9qc689,Rest of Bay Area
9qc68b,Rest of Bay Area
9qc68c,Rest of Bay Area
9qc68d,Rest of Bay Area
9qc68e,Rest of Bay Area
9qc68f,Rest of Bay Area
9qc68g,Rest of Bay Area
9qc68h,Rest of Bay Area
9qc68j,Rest of Bay Area
9qc68k,Rest of Bay Area
9qc68m,Rest of Bay Area
9qc68n,Rest of Bay Area
9qc68p,Rest of Bay Area
9qc68q,Rest of Bay Area
9qc68r,Rest of Bay Area
9qc68s,Rest of Bay Area
9qc68t,Rest of Bay Area
9qc68u,Rest of Bay Area
9qc68v,Rest of Bay Area
9qc68w,Rest of Bay Area
9qc68x,Rest of Bay Area
9qc68y,Rest of Bay Area
9qc68z,Rest of Bay Area
9qc690,Rest of Bay Area
9qc691,Rest of Bay Area
9qc692,Rest of Bay Area
9qc693,Rest of Bay Area
9qc694,Rest of Bay Area
9qc695,Rest of Bay Area
9qc696,Rest of Bay Area
9qc697,Rest of Bay Area
9qc698,Rest of Bay Area
9qc699,Rest of Bay Area
9qc69b,Rest of Bay Area
9qc69c,Rest of Bay Area
9qc69d,Rest of Bay Area
9qc69e,Rest of Bay Area
9qc69f,Rest of Bay Area
9qc69g,Rest of Bay Area
9qc69h,Rest of Bay Area
9qc69j,Rest of Bay Area
9qc69k,Rest of Bay Area
9qc69m,Rest of Bay Area
9qc69n,Rest of Bay Area
9qc69p,Rest of Bay Area
9qc69q,Rest of Bay Area
9qc69r,Rest of Bay Area
9qc69s,Rest of Bay Area
9qc69t,Rest of Bay Area
9qc69u,Rest of Bay Area
9qc69v,Rest of Bay Area
9qc69w,Rest of Bay Area
9qc69x,Rest of Bay Area
9qc69y,Rest of Bay Area
9qc69z,Rest of Bay Area
9qc6b0,Rest of Bay Area
9qc6b1,Rest of Bay Area
9qc6b2,Rest of Bay Area
9qc6b3,Rest of Bay Area
9qc6b4,Rest of Bay Area
9qc6b5,Rest of Bay Area
9qc6b6,Rest of Bay Area
9qc6b7,Rest of Bay Area
9qc6b8,Rest of Bay Area
9qc6b9,Rest of Bay Area
9qc6bb,Rest of Bay Area
9qc6bc,Rest of Bay Area
9qc6bd,Rest of Bay Area
9qc6be,Rest of Bay Area
9qc6bf,Rest of Bay Area
9qc6bg,Rest of Bay Area
9qc6bh,Rest of Bay Area
9qc6bj,Rest of Bay Area
9qc6bk,Rest of Bay Area
9qc6bm,Rest of Bay Area
9qc6bn,Rest of Bay Area
9qc6bp,Rest of Bay Area
9qc6bq,Rest of Bay Area
9qc6br,Rest of Bay Area
9qc6bs,Rest of Bay Area
9qc6bt,Rest of Bay Area
9qc6bu,Rest of Bay Area
9qc6bv,Rest of Bay Area
9qc6bw,Rest of Bay Area
9qc6bx,Rest of Bay Area
9qc6by,Rest of Bay Area
9qc6bz,Rest of Bay Area
9qc6c0,Rest of Bay Area
9qc6c1,Rest of Bay Area
9qc6c2,Rest of Bay Area
9qc6c3,Rest of Bay Area
9qc6c4,Rest of Bay Area
9qc6c5,Rest of Bay Area
9qc6c6,Rest of Bay Area
9qc6c7,Rest of Bay Area
9qc6c8,Rest of Bay Area
9qc6c9,Rest of Bay Area
9qc6cb,Rest of Bay Area
9qc6cc,Rest of Bay Area
9qc6cd,Rest of Bay Area
9qc6ce,Rest of Bay Area
9qc6cf,Rest of Bay Area
9qc6cg,Rest of Bay Area
9qc6ch,Rest of Bay Area
9qc6cj,Rest of Bay Area
9qc6ck,Rest of Bay Area
9qc6cm,Rest of Bay Area
9qc6cn,Rest of Bay Area
9qc6cp,Rest of Bay Area
9qc6cq,Rest of Bay Area
9qc6cr,Rest of Bay Area
9qc6cs,Rest of Bay Area
9qc6ct,Rest of Bay Area
9qc6cu,Rest of Bay Area
9qc6cv,Rest of Bay Area
9qc6cw,Rest of Bay Area
9qc6cx,Rest of Bay Area
9qc6cy,Rest of Bay Area
9qc6cz,Rest of Bay Area
9qc6d0,Rest of Bay Area
9qc6d1,Rest of Bay Area
9qc6d2,Rest of Bay Area
9qc6d3,Rest of Bay Area
9qc6d4,Rest of Bay Area
9qc6d5,Rest of Bay Area
9qc6d6,Rest of Bay Area
9qc6d7,Rest of Bay Area
9qc6d8,Rest of Bay Area
9qc6d9,Rest of Bay Area
9qc6db,Rest of Bay Area
9qc6dc,Rest of Bay Area
9qc6dd,Rest of Bay Area
9qc6de,Rest of Bay Area
9qc6df,Rest of Bay Area
9qc6dg,Rest of Bay Area
9qc6dh,Rest of Bay Area
9qc6dj,Rest of Bay Area
9qc6dk,Rest of Bay Area
9qc6dm,Rest of Bay Area
9qc6dn,Rest of Bay Area
9qc6dp,Rest of Bay Area
9qc6dq,Rest of Bay Area
9qc6dr,Rest of Bay Area
9qc6ds,Rest of Bay Area
9qc6dt,Rest of Bay Area
9qc6du,Rest of Bay Area
9qc6dv,Rest of Bay Area
9qc6dw,Rest of Bay Area
9qc6dx,Rest of Bay Area
9qc6dy,Rest of Bay Area
9qc6dz,Rest of Bay Area
9qc6e0,Rest of Bay Area
9qc6e1,Rest of Bay Area
9qc6e2,Rest of Bay Area
9qc6e3,Rest of Bay Area
9qc6e4,Rest of Bay Area
9qc6e5,Rest of Bay Area
9qc6e6,Rest of Bay Area
9qc6e7,Rest of Bay Area
9qc6e8,Rest of Bay Area
9qc6e9,Rest of Bay Area
9qc6eb,Rest of Bay Area
9qc6ec,Rest of Bay Area
9qc6ed,Rest of Bay Area
9qc6ee,Rest of Bay Area
9qc6ef,Rest of Bay Area
9qc6eg,Rest of Bay Area
9qc6eh,Rest of Bay Area
9qc6ej,Rest of Bay Area
9qc6ek,Rest of Bay Area
9qc6em,Rest of Bay Area
9qc6en,Rest of Bay Area
9qc6ep,Rest of Bay Area
9qc6eq,Rest of Bay Area
9qc6er,Rest of Bay Area
9qc6es,Rest of Bay Area
9qc6et,Rest of Bay Area
9qc6eu,Rest of Bay Area
9qc6ev,Rest of Bay Area
9qc6ew,Rest of Bay Area
9qc6ex,Rest of Bay Area
9qc6ey,Rest of Bay Area
9qc6ez,Rest of Bay Area
9qc6f0,Rest of Bay Area
9qc6f1,Rest of Bay Area
9qc6f2,Rest of Bay Area
9qc6f3,Rest of Bay Area
9qc6f4,Rest of Bay Area
9qc6f5,Rest of Bay Area
9qc6f6,Rest of Bay Area
9qc6f7,Rest of Bay Area
9qc6f8,Rest of Bay Area
9qc6f9,Rest of Bay Area
9qc6fb,Rest of Bay Area
9qc6fc,Rest of Bay Area
9qc6fd,Rest of Bay Area
9qc6fe,Rest of Bay Area
9qc6ff,Rest of Bay Area
9qc6fg,Rest of Bay Area
9qc6fh,Rest of Bay Area
9qc6fj,Rest of Bay Area
9qc6fk,Rest of Bay Area
9qc6fm,Rest of Bay Area
9qc6fn,Rest of Bay Area
9qc6fp,Rest of Bay Area
9qc6fq,Rest of Bay Area
9qc6fr,Rest of Bay Area
9qc6fs,Rest of Bay Area
9qc6ft,Rest of Bay Area
9qc6fu,Rest of Bay Area
9qc6fv,Rest of Bay Area
9qc6fw,Rest of Bay Area
9qc6fx,Rest of Bay Area
9qc6fy,Rest of Bay Area
9qc6fz,Rest of Bay Area
9qc6g0,Rest of Bay Area
9qc6g1,Rest of Bay Area
9qc6g2,Rest of Bay Area
9qc6g3,Rest of Bay Area
9qc6g4,Rest of Bay Area
9qc6g5,Rest of Bay Area
9qc6g6,Rest of Bay Area
9qc6g7,Rest of Bay Area
9qc6g8,Rest of Bay Area
9qc6g9,Rest of Bay Area
9qc6gb,Rest of Bay Area
9qc6gc,Rest of Bay Area
9qc6gd,Rest of Bay Area
9qc6ge,Rest of Bay Area
9qc6gf,Rest of Bay Area
9qc6gg,Rest of Bay Area
9qc6gh,Rest of Bay Area
9qc6gj,Rest of Bay Area
9qc6gk,Rest of Bay Area
9qc6gm,Rest of Bay Area
9qc6gn,Rest of Bay Area
9qc6gp,Rest of Bay Area
9qc6gq,Rest of Bay Area
9qc6gr,Rest of Bay Area
9qc6gs,Rest of Bay Area
9qc6gt,Rest of Bay Area
9qc6gu,Rest of Bay Area
9qc6gv,Rest of Bay Area
9qc6gw,Rest of Bay Area
9qc6gx,Rest of Bay Area
9qc6gy,Rest of Bay Area
9qc6gz,Rest of Bay Area
9qc6h0,Rest of Bay Area
9qc6h1,Rest of Bay Area
9qc6h2,Rest of Bay Area
9qc6h3,Rest of Bay Area
9qc6h4,Rest of Bay Area
9qc6h5,Rest of Bay Area
9qc6h6,Rest of Bay Area
9qc6h7,Rest of Bay Area
9qc6h8,Rest of Bay Area
9qc6h9,Rest of Bay Area
9qc6hb,Rest of Bay Area
9qc6hc,Rest of Bay Area
9qc6hd,Rest of Bay Area
9qc6he,Rest of Bay Area
9qc6hf,Rest of Bay Area
9qc6hg,Rest of Bay Area
9qc6hh,Rest of Bay Area
9qc6hj,Rest of Bay Area
9qc6hk,Rest of Bay Area
9qc6hm,Rest of Bay Area
9qc6hn,Rest of Bay Area
9qc6hp,Rest of Bay Area
9qc6hq,Rest of Bay Area
9qc6hr,Rest of Bay Area
9qc6hs,Rest of Bay Area
9qc6ht,Rest of Bay Area
9qc6hu,Rest of Bay Area
9qc6hv,Rest of Bay Area
9qc6hw,Rest of Bay Area
9qc6hx,Rest of Bay Area
9qc6hy,Rest of Bay Area
9qc6hz,Rest of Bay Area
9qc6j0,Rest of Bay Area
9qc6j1,Rest of Bay Area
9qc6j2,Rest of Bay Area
9qc6j3,Rest of Bay Area
9qc6j4,Rest of Bay Area
9qc6j5,Rest of Bay Area
9qc6j6,Rest of Bay Area
9qc6j7,Rest of Bay Area
9qc6j8,Rest of Bay Area
9qc6j9,Rest of Bay Area
9qc6jb,Rest of Bay Area
9qc6jc,Rest of Bay Area
9qc6jd,Rest of Bay Area
9qc6je,Rest of Bay Area
9qc6jf,Rest of Bay Area
9qc6jg,Rest of Bay Area
9qc6jh,Rest of Bay Area
9qc6jj,Rest of Bay Area
9qc6jk,Rest of Bay Area
9qc6jm,Rest of Bay Area
9qc6jn,Rest of Bay Area
9qc6jp,Rest of Bay Area
9qc6jq,Rest of Bay Area
9qc6jr,Rest of Bay Area
9qc6js,Rest of Bay Area
9qc6jt,Rest of Bay Area
9qc6ju,Rest of Bay Area
9qc6jv,Rest of Bay Area
9qc6jw,Rest of Bay Area
9qc6jx,Rest of Bay Area
9qc6jy,Rest of Bay Area
9qc6jz,Rest of Bay Area
9qc6k0,Rest of Bay Area
9qc6k1,Rest of Bay Area
9qc6k2,Rest of Bay Area
9qc6k3,Rest of Bay Area
9qc6k4,Rest of Bay Area
9qc6k5,Rest of Bay Area
9qc6k6,Rest of Bay Area
9qc6k7,Rest of Bay Area
9qc6k8,Rest of Bay Area
9qc6k9,Rest of Bay Area
9qc6kb,Rest of Bay Area
9qc6kc,Rest of Bay Area
9qc6kd,Rest of Bay Area
9qc6ke,Rest of Bay Area
9qc6kf,Rest of Bay Area
9qc6kg,Rest of Bay Area
9qc6kh,Rest of Bay Area
9qc6kj,Rest of Bay Area
9qc6kk,Rest of Bay Area
9qc6km,Rest of Bay Area
9qc6kn,Rest of Bay Area
9qc6kp,Rest of Bay Area
9qc6kq,Rest of Bay Area
9qc6kr,Rest of Bay Area
9qc6ks,Rest of Bay Area
9qc6kt,Rest of Bay Area
9qc6ku,Rest of Bay Area
9qc6kv,Rest of Bay Area
9qc6kw,Rest of Bay Area
9qc6kx,Rest of Bay Area
9qc6ky,Rest of Bay Area
9qc6kz,Rest of Bay Area
9qc6m0,Rest of Bay Area
9qc6m1,Rest of Bay Area
9qc6m2,Rest of Bay Area
9qc6m3,Rest of Bay Area
9qc6m4,Rest of Bay Area
9qc6m5,Rest of Bay Area
9qc6m6,Rest of Bay Area
9qc6m7,Rest of Bay Area
9qc6m8,Rest of Bay Area
9qc6m9,Rest of Bay Area
9qc6mb,Rest of Bay Area
9qc6mc,Rest of Bay Area
9qc6md,Rest of Bay Area
9qc6me,Rest of Bay Area
9qc6mf,Rest of Bay Area
9qc6mg,Rest of Bay Area
9qc6mh,Rest of Bay Area
9qc6mj,Rest of Bay Area
9qc6mk,Rest of Bay Area
9qc6mm,Rest of Bay Area
9qc6mn,Rest of Bay Area
9qc6mp,Rest of Bay Area
9qc6mq,Rest of Bay Area
9qc6mr,Rest of Bay Area
9qc6ms,Rest of Bay Area
9qc6mt,Rest of Bay Area
9qc6mu,Rest of Bay Area
9qc6mv,Rest of Bay Area
9qc6mw,Rest of Bay Area
9qc6mx,Rest of Bay Area
9qc6my,Rest of Bay Area
9qc6mz,Rest of Bay Area
9qc6n0,Rest of Bay Area
9qc6n1,Rest of Bay Area
9qc6n2,Rest of Bay Area
9qc6n3,Rest of Bay Area
9qc6n4,Rest of Bay Area
9qc6n5,Rest of Bay Area
9qc6n6,Rest of Bay Area
9qc6n7,Rest of Bay Area
9qc6n8,Rest of Bay Area
9qc6n9,Rest of Bay Area
9qc6nb,Rest of Bay Area
9qc6nc,Rest of Bay Area
9qc6nd,Rest of Bay Area
9qc6ne,Rest of Bay Area
9qc6nf,Rest of Bay Area
9qc6ng,Rest of Bay Area
9qc6nh,Rest of Bay Area
9qc6nj,Rest of Bay Area
9qc6nk,Rest of Bay Area
9qc6nm,Rest of Bay Area
9qc6nn,Rest of Bay Area
9qc6np,Rest of Bay Area
9qc6nq,Rest of Bay Area
9qc6nr,Rest of Bay Area
9qc6ns,Rest of Bay Area
9qc6nt,Rest of Bay Area
9qc6nu,Rest of Bay Area
9qc6nv,Rest of Bay Area
9qc6nw,Rest of Bay Area
9qc6nx,Rest of Bay Area
9qc6ny,Rest of Bay Area
9qc6nz,Rest of Bay Area
9qc6q0,Rest of Bay Area
9qc6q1,Rest of Bay Area
9qc6q2,Rest of Bay Area
9qc6q3,Rest of Bay Area
9qc6q4,Rest of Bay Area
9qc6q5,Rest of Bay Area
9qc6q6,Rest of Bay Area
9qc6q7,Rest of Bay Area
9qc6q8,Rest of Bay Area
9qc6q9,Rest of Bay Area
9qc6qb,Rest of Bay Area
9qc6qc,Rest of Bay Area
9qc6qd,Rest of Bay Area
9qc6qe,Rest of Bay Area
9qc6qf,Rest of Bay Area
9qc6qg,Rest of Bay Area
9qc6qh,Rest of Bay Area
9qc6qj,Rest of Bay Area
9qc6qk,Rest of Bay Area
9qc6qm,Rest of Bay Area
9qc6qn,Rest of Bay Area
9qc6qp,Rest of Bay Area
9qc6qq,Rest of Bay Area
9qc6qr,Rest of Bay Area
9qc6qs,Rest of Bay Area
9qc6qt,Rest of Bay Area
9qc6qu,Rest of Bay Area
9qc6qv,Rest of Bay Area
9qc6qw,Rest of Bay Area
9qc6qx,Rest of Bay Area
9qc6qy,Rest of Bay Area
9qc6qz,Rest of Bay Area
9qc6s0,Rest of Bay Area
9qc6s1,Rest of Bay Area
9qc6s2,Rest of Bay Area
9qc6s3,Rest of Bay Area
9qc6s4,Rest of Bay Area
9qc6s5,Rest of Bay Area
9qc6s6,Rest of Bay Area
9qc6s7,Rest of Bay Area
9qc6s8,Rest of Bay Area
9qc6s9,Rest of Bay Area
9qc6sb,Rest of Bay Area
9qc6sc,Rest of Bay Area
9qc6sd,Rest of Bay Area
9qc6se,Rest of Bay Area
9qc6sf,Rest of Bay Area
9qc6sg,Rest of Bay Area
9qc6sh,Rest of Bay Area
9qc6sj,Rest of Bay Area
9qc6sk,Rest of Bay Area
9qc6sm,Rest of Bay Area
9qc6sn,Rest of Bay Area
9qc6sp,Rest of Bay Area
9qc6sq,Rest of Bay Area
9qc6sr,Rest of Bay Area
9qc6ss,Rest of Bay Area
9qc6st,Rest of Bay Area
9qc6su,Rest of Bay Area
9qc6sv,Rest of Bay Area
9qc6sw,Rest of Bay Area
9qc6sx,Rest of Bay Area
9qc6sy,Rest of Bay Area
9qc6sz,Rest of Bay Area
9qc6t0,Rest of Bay Area
9qc6t1,Rest of Bay Area
9qc6t2,Rest of Bay Area
9qc6t3,Rest of Bay Area
9qc6t4,Rest of Bay Area
9qc6t5,Rest of Bay Area
9qc6t6,Rest of Bay Area
9qc6t7,Rest of Bay Area
9qc6t8,Rest of Bay Area
9qc6t9,Rest of Bay Area
9qc6tb,Rest of Bay Area
9qc6tc,Rest of Bay Area
9qc6td,Rest of Bay Area
9qc6te,Rest of Bay Area
9qc6tf,Rest of Bay Area
9qc6tg,Rest of Bay Area
9qc6th,Rest of Bay Area
9qc6tj,Rest of Bay Area
9qc6tk,Rest of Bay Area
9qc6tm,Rest of Bay Area
9qc6tn,Rest of Bay Area
9qc6tp,Rest of Bay Area
9qc6tq,Rest of Bay Area
9qc6tr,Rest of Bay Area
9qc6ts,Rest of Bay Area
9qc6tt,Rest of Bay Area
9qc6tu,Rest of Bay Area
9qc6tv,Rest of Bay Area
9qc6tw,Rest of Bay Area
9qc6tx,Rest of Bay Area
9qc6ty,Rest of Bay Area
9qc6tz,Rest of Bay Area
9qc6u0,Rest of Bay Area
9qc6u1,Rest of Bay Area
9qc6u2,Rest of Bay Area
9qc6u3,Rest of Bay Area
9qc6u4,Rest of Bay Area
9qc6u5,Rest of Bay Area
9qc6u6,Rest of Bay Area
9qc6u7,Rest of Bay Area
9qc6u8,Rest of Bay Area
9qc6u9,Rest of Bay Area
9qc6ub,Rest of Bay Area
9qc6uc,Rest of Bay Area
9qc6ud,Rest of Bay Area
9qc6ue,Rest of Bay Area
9qc6uf,Rest of Bay Area
9qc6ug,Rest of Bay Area
9qc6uh,Rest of Bay Area
9qc6uj,Rest of Bay Area
9qc6uk,Rest of Bay Area
9qc6um,Rest of Bay Area
9qc6un,Rest of Bay Area
9qc6up,Rest of Bay Area
9qc6uq,Rest of Bay Area
9qc6ur,Rest of Bay Area
9qc6us,Rest of Bay Area
9qc6ut,Rest of Bay Area
9qc6uu,Rest of Bay Area
9qc6uv,Rest of Bay Area
9qc6uw,Rest of Bay Area
9qc6ux,Rest of Bay Area
9qc6uy,Rest of Bay Area
9qc6uz,Rest of Bay Area
9qc6v0,Rest of Bay Area
9qc6v1,Rest of Bay Area
9qc6v2,Rest of Bay Area
9qc6v3,Rest of Bay Area
9qc6v4,Rest of Bay Area
9qc6v5,Rest of Bay Area
9qc6v6,Rest of Bay Area
9qc6v7,Rest of Bay Area
9qc6v8,Rest of Bay Area
9qc6v9,Rest of Bay Area
9qc6vb,Rest of Bay Area
9qc6vc,Rest of Bay Area
9qc6vd,Rest of Bay Area
9qc6ve,Rest of Bay Area
9qc6vf,Rest of Bay Area
9qc6vg,Rest of Bay Area
9qc6vh,Rest of Bay Area
9qc6vj,Rest of Bay Area
9qc6vk,Rest of Bay Area
9qc6vm,Rest of Bay Area
9qc6vn,Rest of Bay Area
9qc6vp,Rest of Bay Area
9qc6vq,Rest of Bay Area
9qc6vr,Rest of Bay Area
9qc6vs,Rest of Bay Area
9qc6vt,Rest of Bay Area
9qc6vu,Rest of Bay Area
9qc6vv,Rest of Bay Area
9qc6vw,Rest of Bay Area
9qc6vx,Rest of Bay Area
9qc6vy,Rest of Bay Area
9qc6vz,Rest of Bay Area
9qc6w0,Rest of Bay Area
9qc6w1,Rest of Bay Area
9qc6w2,Rest of Bay Area
9qc6w3,Rest of Bay Area
9qc6w4,Rest of Bay Area
9qc6w5,Rest of Bay Area
9qc6w6,Rest of Bay Area
9qc6w7,Rest of Bay Area
9qc6w8,Rest of Bay Area
9qc6w9,Rest of Bay Area
9qc6wb,Rest of Bay Area
9qc6wc,Rest of Bay Area
9qc6wd,Rest of Bay Area
9qc6we,Rest of Bay Area
9qc6wf,Rest of Bay Area
9qc6wg,Rest of Bay Area
9qc6wh,Rest of Bay Area
9qc6wj,Rest of Bay Area
9qc6wk,Rest of Bay Area
9qc6wm,Rest of Bay Area
9qc6wn,Rest of Bay Area
9qc6wp,Rest of Bay Area
9qc6wq,Rest of Bay Area
9qc6wr,Rest of Bay Area
9qc6ws,Rest of Bay Area
9qc6wt,Rest of Bay Area
9qc6wu,Rest of Bay Area
9qc6wv,Rest of Bay Area
9qc6ww,Rest of Bay Area
9qc6wx,Rest of Bay Area
9qc6wy,Rest of Bay Area
9qc6wz,Rest of Bay Area
9qc6y0,Rest of Bay Area
9qc6y1,Rest of Bay Area
9qc6y2,Rest of Bay Area
9qc6y3,Rest of Bay Area
9qc6y4,Rest of Bay Area
9qc6y5,Rest of Bay Area
9qc6y6,Rest of Bay Area
9qc6y7,Rest of Bay Area
9qc6y8,Rest of Bay Area
9qc6y9,Rest of Bay Area
9qc6yb,Rest of Bay Area
9qc6yc,Rest of Bay Area
9qc6yd,Rest of Bay Area
9qc6ye,Rest of Bay Area
9qc6yf,Rest of Bay Area
9qc6yg,Rest of Bay Area
9qc6yh,Rest of Bay Area
9qc6yj,Rest of Bay Area
9qc6yk,Rest of Bay Area
9qc6ym,Rest of Bay Area
9qc6yn,Rest of Bay Area
9qc6yp,Rest of Bay Area
9qc6yq,Rest of Bay Area
9qc6yr,Rest of Bay Area
9qc6ys,Rest of Bay Area
9qc6yt,Rest of Bay Area
9qc6yu,Rest of Bay Area
9qc6yv,Rest of Bay Area
9qc6yw,Rest of Bay Area
9qc6yx,Rest of Bay Area
9qc6yy,Rest of Bay Area
9qc700,Rest of Bay Area
9qc701,Rest of Bay Area
9qc702,Rest of Bay Area
9qc703,Rest of Bay Area
9qc706,Rest of Bay Area
9qc707,Rest of Bay Area
9qc708,Rest of Bay Area
9qc709,Rest of Bay Area
9qc70b,Rest of Bay Area
9qc70c,Rest of Bay Area
9qc70d,Rest of Bay Area
9qc70e,Rest of Bay Area
9qc70f,Rest of Bay Area
9qc70g,Rest of Bay Area
9qc70k,Rest of Bay Area
9qc70s,Rest of Bay Area
9qc70u,Rest of Bay Area
9qc70v,Rest of Bay Area
9qc710,Rest of Bay Area
9qc711,Rest of Bay Area
9qc712,Rest of Bay Area
9qc713,Rest of Bay Area
9qc714,Rest of Bay Area
9qc715,Rest of Bay Area
9qc716,Rest of Bay Area
9qc717,Rest of Bay Area
9qc718,Rest of Bay Area
9qc719,Rest of Bay Area
9qc71b,Rest of Bay Area
9qc71c,Rest of Bay Area
9qc71d,Rest of Bay Area
9qc71e,Rest of Bay Area
9qc71f,Rest of Bay Area
9qc71g,Rest of Bay Area
9qc71h,Rest of Bay Area
9qc71j,Rest of Bay Area
9qc71k,Rest of Bay Area
9qc71m,Rest of Bay Area
9qc71n,Rest of Bay Area
9qc71q,Rest of Bay Area
9qc71s,Rest of Bay Area
9qc71t,Rest of Bay Area
9qc71u,Rest of Bay Area
9qc71v,Rest of Bay Area
9qc71w,Rest of Bay Area
9qc71y,Rest of Bay Area
9qc740,Rest of Bay Area
9qc741,Rest of Bay Area
9qc742,Rest of Bay Area
9qc743,Rest of Bay Area
9qc744,Rest of Bay Area
9qc745,Rest of Bay Area
9qc746,Rest of Bay Area
9qc747,Rest of Bay Area
9qc748,Rest of Bay Area
9qc749,Rest of Bay Area
9qc74b,Rest of Bay Area
9qc74c,Rest of Bay Area
9qc74d,Rest of Bay Area
9qc74e,Rest of Bay Area
9qc74f,Rest of Bay Area
9qc74g,Rest of Bay Area
9qc74h,Rest of Bay Area
9qc74j,Rest of Bay Area
9qc74k,Rest of Bay Area
9qc74m,Rest of Bay Area
9qc74n,Rest of Bay Area
9qc74q,Rest of Bay Area
9qc74r,Rest of Bay Area
9qc74s,Rest of Bay Area
9qc74t,Rest of Bay Area
9qc74u,Rest of Bay Area
9qc74v,Rest of Bay Area
9qc74w,Rest of Bay Area
9qc74x,Rest of Bay Area
9qc74y,Rest of Bay Area
9qc74z,Rest of Bay Area
9qc750,Rest of Bay Area
9qc751,Rest of Bay Area
9qc752,Rest of Bay Area
9qc753,Rest of Bay Area
9qc754,Rest of Bay Area
9qc755,Rest of Bay Area
9qc756,Rest of Bay Area
9qc757,Rest of Bay Area
9qc758,Rest of Bay Area
9qc759,Rest of Bay Area
9qc75b,Rest of Bay Area
9qc75c,Rest of Bay Area
9qc75d,Rest of Bay Area
9qc75e,Rest of Bay Area
9qc75f,Rest of Bay Area
9qc75g,Rest of Bay Area
9qc75h,Rest of Bay Area
9qc75j,Rest of Bay Area
9qc75k,Rest of Bay Area
9qc75m,Rest of Bay Area
9qc75n,Rest of Bay Area
9qc75p,Rest of Bay Area
9qc75q,Rest of Bay Area
9qc75r,Rest of Bay Area
9qc75s,Rest of Bay Area
9qc75t,Rest of Bay Area
9qc75u,Rest of Bay Area
9qc75v,Rest of Bay Area
9qc75w,Rest of Bay Area
9qc75y,Rest of Bay Area
9qc7h0,Rest of Bay Area
9qc7h1,Rest of Bay Area
9qc7h2,Rest of Bay Area
9qc7h3,Rest of Bay Area
9qc7h4,Rest of Bay Area
9qc7h5,Rest of Bay Area
9qc7h6,Rest of Bay Area
9qc7h7,Rest of Bay Area
9qc7h8,Rest of Bay Area
9qc7h9,Rest of Bay Area
9qc7hb,Rest of Bay Area
9qc7hc,Rest of Bay Area
9qc7hd,Rest of Bay Area
9qc7he,Rest of Bay Area
9qc7hf,Rest of Bay Area
9qc7hg,Rest of Bay Area
9qc7hh,Rest of Bay Area
9qc7hj,Rest of Bay Area
9qc7hk,Rest of Bay Area
9qc7hm,Rest of Bay Area
9qc7hs,Rest of Bay Area
9qc7ht,Rest of Bay Area
9qc7hu,Rest of Bay Area
9qc7hv,Rest of Bay Area
9qc7hy,Rest of Bay Area
9qc7j0,Rest of Bay Area
9qc7j1,Rest of Bay Area
9qc7j2,Rest of Bay Area
9qc7j3,Rest of Bay Area
9qc7j4,Rest of Bay Area
9qc7j5,Rest of Bay Area
9qc7j6,Rest of Bay Area
9qc7j7,Rest of Bay Area
9qc7j8,Rest of Bay Area
9qc7j9,Rest of Bay Area
9qc7jb,Rest of Bay Area
9qc7jc,Rest of Bay Area
9qc7jd,Rest of Bay Area
9qc7je,Rest of Bay Area
9qc7jf,Rest of Bay Area
9qc7jg,Rest of Bay Area
9qc7jh,Rest of Bay Area
9qc7jj,Rest of Bay Area
9qc7jk,Rest of Bay Area
9qc7jm,Rest of Bay Area
9qc7jn,Rest of Bay Area
9qc7jq,Rest of Bay Area
9qc7js,Rest of Bay Area
9qc7jt,Rest of Bay Area
9qc7ju,Rest of Bay Area
9qc7jv,Rest of Bay Area
9qc7jw,Rest of Bay Area
9qc7jx,Rest of Bay Area
9qc7jy,Rest of Bay Area
9qc7jz,Rest of Bay Area
9qc7n0,Rest of Bay Area
9qc7n1,Rest of Bay Area
9qc7n2,Rest of Bay Area
9qc7n3,Rest of Bay Area
9qc7n4,Rest of Bay Area
9qc7n5,Rest of Bay Area
9qc7n6,Rest of Bay Area
9qc7n7,Rest of Bay Area
9qc7n8,Rest of Bay Area
9qc7n9,Rest of Bay Area
9qc7nb,Rest of Bay Area
9qc7nc,Rest of Bay Area
9qc7nd,Rest of Bay Area
9qc7ne,Rest of Bay Area
9qc7nf,Rest of Bay Area
9qc7ng,Rest of Bay Area
9qc7nh,Rest of Bay Area
9qc7nj,Rest of Bay Area
9qc7nk,Rest of Bay Area
9qc7nm,Rest of Bay Area
9qc7nn,Rest of Bay Area
9qc7np,Rest of Bay Area
9qc7nq,Rest of Bay Area
9qc7nr,Rest of Bay Area
9qc7ns,Rest of Bay Area
9qc7nt,Rest of Bay Area
9qc7nu,Rest of Bay Area
9qc7nv,Rest of Bay Area
9qc7nw,Rest of Bay Area
9qc800,Rest of East Bay
9qc801,Rest of East Bay
9qc802,Rest of East Bay
9qc803,Rest of East Bay
9qc804,Rest of East Bay
9qc805,Rest of East Bay
9qc806,Rest of East Bay
9qc807,Rest of East Bay
9qc808,Rest of East Bay
9qc809,Rest of East Bay
9qc80b,Rest of East Bay
9qc80c,Rest of East Bay
9qc80d,Rest of East Bay
9qc80e,Rest of East Bay
9qc80f,Rest of East Bay
9qc80g,Rest of East Bay
9qc80h,Rest of East Bay
9qc80j,Rest of East Bay
9qc80k,Rest of East Bay
9qc80m,Rest of East Bay
9qc80n,Rest of East Bay
9qc80p,Rest of East Bay
9qc80q,Rest of East Bay
9qc80r,Rest of East Bay
9qc80s,Rest of East Bay
9qc80t,Rest of East Bay
9qc80u,Rest of East Bay
9qc80v,Rest of East Bay
9qc80w,Rest of East Bay
9qc80x,Rest of East Bay
9qc80y,Rest of East Bay
9qc80z,Rest of East Bay
9qc810,Rest of East Bay
9qc811,Rest of East Bay
9qc812,Rest of East Bay
9qc813,Rest of East Bay
9qc814,Rest of East Bay
9qc815,Rest of East Bay
9qc816,Rest of East Bay
9qc817,Rest of East Bay
9qc818,Rest of East Bay
9qc819,Rest of East Bay
9qc81d,Rest of East Bay
9qc81h,Rest of East Bay
9qc81j,Rest of East Bay
9qc81k,Rest of East Bay
9qc81m,Rest of East Bay
9qc81n,Rest of East Bay
9qc81p,Rest of East Bay
9qc81q,Rest of East Bay
9qc81r,Rest of East Bay
9qc81t,Rest of East Bay
9qc81w,Rest of East Bay
9qc81x,Rest of East Bay
9qc820,Rest of East Bay
9qc821,Rest of East Bay
9qc822,Rest of East Bay
9qc823,Rest of East Bay
9qc824,Rest of East Bay
9qc825,Rest of East Bay
9qc826,Rest of East Bay
9qc827,Rest of East Bay
9qc828,Rest of East Bay
9qc829,Rest of East Bay
9qc82b,Rest of East Bay
9qc82c,Rest of East Bay
9qc82d,Rest of East Bay
9qc82e,Rest of East Bay
9qc82f,Rest of East Bay
9qc82g,Rest of East Bay
9qc82h,Rest of East Bay
9qc82j,Rest of East Bay
9qc82k,Rest of East Bay
9qc82m,Rest of East Bay
9qc82n,Rest of East Bay
9qc82p,Rest of East Bay
9qc82q,Rest of East Bay
9qc82r,Rest of East Bay
9qc82s,Rest of East Bay
9qc82t,Rest of East Bay
9qc82u,Rest of East Bay
9qc82v,Rest of East Bay
9qc82w,Rest of East Bay
9qc82x,Rest of East Bay
9qc82y,Rest of East Bay
9qc82z,Rest of East Bay
9qc830,Rest of East Bay
9qc831,Rest of East Bay
9qc832,Rest of East Bay
9qc833,Rest of East Bay
9qc834,Rest of East Bay
9qc835,Rest of East Bay
9qc836,Rest of East Bay
9qc837,Rest of East Bay
9qc838,Rest of East Bay
9qc839,Rest of East Bay
9qc83b,Rest of East Bay
9qc83c,Rest of East Bay
9qc83d,Rest of East Bay
9qc83e,Rest of East Bay
9qc83f,Rest of East Bay
9qc83h,Rest of East Bay
9qc83j,Rest of East Bay
9qc83k,Rest of East Bay
9qc83m,Rest of East Bay
9qc83n,Rest of East Bay
9qc83p,Rest of East Bay
9qc83q,Rest of East Bay
9qc83r,Rest of East Bay
9qc83s,Rest of East Bay
9qc83t,Rest of East Bay
9qc880,Rest of East Bay
9qc881,Rest of East Bay
9qc882,Rest of East Bay
9qc883,Rest of East Bay
9qc884,Rest of East Bay
9qc885,Rest of East Bay
9qc886,Rest of East Bay
9qc887,Rest of East Bay
9qc888,Rest of East Bay
9qc889,Rest of East Bay
9qc88b,Rest of East Bay
9qc88c,Rest of East Bay
9qc88d,Rest of East Bay
9qc88e,Rest of East Bay
9qc88f,Rest of East Bay
9qc88g,Rest of East Bay
9qc88h,Rest of East Bay
9qc88j,Rest of East Bay
9qc88k,Rest of East Bay
9qc88m,Rest of East Bay
9qc88n,Rest of East Bay
9qc88q,Rest of East Bay
9qc88r,Rest of East Bay
9qc88s,Rest of East Bay
9qc88t,Rest of East Bay
9qc88u,Rest of East Bay
9qc88v,Rest of East Bay
9qc88w,Rest of East Bay
9qc88x,Rest of East Bay
9qc88y,Rest of East Bay
9qc88z,Rest of East Bay
9qc890,Rest of East Bay
9qc891,Rest of East Bay
9qc892,Rest of East Bay
9qc893,Rest of East Bay
9qc894,Rest of East Bay
9qc895,Rest of East Bay
9qc896,Rest of East Bay
9qc897,Rest of East Bay
9qc89d,Rest of East Bay
9qc89e,Rest of East Bay
9qc89h,Rest of East Bay
9qc89j,Rest of East Bay
9qc89k,Rest of East Bay
9qc89m,Rest of East Bay
9qc89n,Rest of East Bay
9qc89p,Rest of East Bay
9qc89q,Rest of East Bay
9qc89r,Rest of East Bay
9qc89s,Rest of East Bay
9qc89t,Rest of East Bay
9qc89w,Rest of East Bay
9qc89x,Rest of East Bay
9qc8b2,Rest of East Bay
9qc8b8,Rest of East Bay
9qc8bb,Rest of East Bay
9qc8c0,Rest of East Bay
9qc920,Rest of Bay Area
9qc921,Rest of Bay Area
9qc922,Rest of Bay Area
9qc923,Rest of Bay Area
9qc924,Rest of Bay Area
9qc925,Rest of Bay Area
9qc926,Rest of Bay Area
9qc927,Rest of Bay Area
9qc929,Rest of Bay Area
9qc92d,Rest of Bay Area
9qc92e,Rest of Bay Area
9qc92h,Rest of Bay Area
9qc92j,Rest of Bay Area
9qc92k,Rest of Bay Area
9qc92m,Rest of Bay Area
9qc92n,Rest of Bay Area
9qc92p,Rest of Bay Area
9qc92q,Rest of Bay Area
9qc92r,Rest of Bay Area
9qc92s,Rest of Bay Area
9qc92t,Rest of Bay Area
9qc92u,Rest of Bay Area
9qc92v,Rest of Bay Area
9qc92w,Rest of Bay Area
9qc92x,Rest of Bay Area
9qc92y,Rest of Bay Area
9qc92z,Rest of Bay Area
9qc980,Rest of Bay Area
9qc981,Rest of Bay Area
9qc982,Rest of Bay Area
9qc983,Rest of Bay Area
9qc984,Rest of Bay Area
9qc985,Rest of Bay Area
9qc986,Rest of Bay Area
9qc987,Rest of Bay Area
9qc988,Rest of Bay Area
9qc989,Rest of Bay Area
9qc98b,Rest of Bay Area
9qc98c,Rest of Bay Area
9qc98d,Rest of Bay Area
9qc98e,Rest of Bay Area
9qc98f,Rest of Bay Area
9qc98g,Rest of Bay Area
9qc98h,Rest of Bay Area
9qc98j,Rest of Bay Area
9qc98k,Rest of Bay Area
9qc98m,Rest of Bay Area
9qc98n,Rest of Bay Area
9qc98p,Rest of Bay Area
9qc98q,Rest of Bay Area
9qc98r,Rest of Bay Area
9qc98s,Rest of Bay Area
9qc98t,Rest of Bay Area
9qc98u,Rest of Bay Area
9qc98v,Rest of Bay Area
9qc98w,Rest of Bay Area
9qc98x,Rest of Bay Area
9qc98y,Rest of Bay Area
9qc98z,Rest of Bay Area
9qc9b0,Rest of Bay Area
9qc9b1,Rest of Bay Area
9qc9b2,Rest of Bay Area
9qc9b3,Rest of Bay Area
9qc9b4,Rest of Bay Area
9qc9b5,Rest of Bay Area
9qc9b6,Rest of Bay Area
9qc9b7,Rest of Bay Area
9qc9b8,Rest of Bay Area
9qc9b9,Rest of Bay Area
9qc9bb,Rest of Bay Area
9qc9bc,Rest of Bay Area
9qc9bd,Rest of Bay Area
9qc9be,Rest of Bay Area
9qc9bf,Rest of Bay Area
9qc9bg,Rest of Bay Area
9qc9bh,Rest of Bay Area
9qc9bj,Rest of Bay Area
9qc9bk,Rest of Bay Area
9qc9bm,Rest of Bay Area
9qc9bn,Rest of Bay Area
9qc9bq,Rest of Bay Area
9qc9bs,Rest of Bay Area
9qc9bt,Rest of Bay Area
9qc9bu,Rest of Bay Area
9qc9bv,Rest of Bay Area
9qc9bw,Rest of Bay Area
9qc9by,Rest of Bay Area
9qc9cn,Rest of Bay Area
9qch00,Rest of Bay Area
9qch01,Rest of Bay Area
9qch02,Rest of Bay Area
9qch03,Rest of Bay Area
9qch04,Rest of Bay Area
9qch05,Rest of Bay Area
9qch06,Rest of Bay Area
9qch07,Rest of Bay Area
9qch08,Rest of Bay Area
9qch09,Rest of Bay Area
9qch0b,Rest of Bay Area
9qch0c,Rest of Bay Area
9qch0d,Rest of Bay Area
9qch0e,Rest of Bay Area
9qch0f,Rest of Bay Area
9qch0g,Rest of Bay Area
9qch0h,Rest of Bay Area
9qch0j,Rest of Bay Area
9qch0k,Rest of Bay Area
9qch0m,Rest of Bay Area
9qch0n,Rest of Bay Area
9qch0p,Rest of Bay Area
9qch0q,Rest of Bay Area
9qch0r,Rest of Bay Area
9qch0s,Rest of Bay Area
9qch0t,Rest of Bay Area
9qch0u,Rest of Bay Area
9qch0v,Rest of Bay Area
9qch0w,Rest of Bay Area
9qch0x,Rest of Bay Area
9qch0y,Rest of Bay Area
9qch0z,Rest of Bay Area
9qch10,Rest of Bay Area
9qch11,Rest of Bay Area
9qch12,Rest of Bay Area
9qch13,Rest of Bay Area
9qch14,Rest of Bay Area
9qch15,Rest of Bay Area
9qch16,Rest of Bay Area
9qch17,Rest of Bay Area
9qch18,Rest of Bay Area
9qch19,Rest of Bay Area
9qch1b,Rest of Bay Area
9qch1c,Rest of Bay Area
9qch1d,Rest of Bay Area
9qch1e,Rest of Bay Area
9qch1f,Rest of Bay Area
9qch1g,Rest of Bay Area
9qch1h,Rest of Bay Area
9qch1j,Rest of Bay Area
9qch1k,Rest of Bay Area
9qch1m,Rest of Bay Area
9qch1n,Rest of Bay Area
9qch1p,Rest of Bay Area
9qch1q,Rest of Bay Area
9qch1r,Rest of Bay Area
9qch1s,Rest of Bay Area
9qch1t,Rest of Bay Area
9qch1u,Rest of Bay Area
9qch1v,Rest of Bay Area
9qch1w,Rest of Bay Area
9qch1x,Rest of Bay Area
9qch1y,Rest of Bay Area
9qch1z,Rest of Bay Area
9qch20,Rest of Bay Area
9qch21,Rest of Bay Area
9qch22,Rest of Bay Area
9qch23,Rest of Bay Area
9qch24,Rest of Bay Area
9qch25,Rest of Bay Area
9qch26,Rest of Bay Area
9qch27,Rest of Bay Area
9qch28,Rest of Bay Area
9qch29,Rest of Bay Area
9qch2b,Rest of Bay Area
9qch2c,Rest of Bay Area
9qch2d,Rest of Bay Area
9qch2e,Rest of Bay Area
9qch2f,Rest of Bay Area
9qch2g,Rest of Bay Area
9qch2h,Rest of Bay Area
9qch2j,Rest of Bay Area
9qch2k,Rest of Bay Area
9qch2m,Rest of Bay Area
9qch2n,Rest of Bay Area
9qch2p,Rest of Bay Area
9qch2q,Rest of Bay Area
9qch2r,Rest of Bay Area
9qch2s,Rest of Bay Area
9qch2t,Rest of Bay Area
9qch2u,Rest of Bay Area
9qch2v,Rest of Bay Area
9qch2w,Rest of Bay Area
9qch2x,Rest of Bay Area
9qch2y,Rest of Bay Area
9qch2z,Rest of Bay Area
9qch30,Rest of Bay Area
9qch31,Rest of Bay Area
9qch32,Rest of Bay Area
9qch33,Rest of Bay Area
9qch34,Rest of Bay Area
9qch35,Rest of Bay Area
9qch36,Rest of Bay Area
9qch37,Rest of Bay Area
9qch38,Rest of Bay Area
9qch39,Rest of Bay Area
9qch3b,Rest of Bay Area
9qch3c,Rest of Bay Area
9qch3d,Rest of Bay Area
9qch3e,Rest of Bay Area
9qch3f,Rest of Bay Area
9qch3g,Rest of Bay Area
9qch3h,Rest of Bay Area
9qch3j,Rest of Bay Area
9qch3k,Rest of Bay Area
9qch3m,Rest of Bay Area
9qch3n,Rest of Bay Area
9qch3p,Rest of Bay Area
9qch3q,Rest of Bay Area
9qch3r,Rest of Bay Area
9qch3s,Rest of Bay Area
9qch3t,Rest of Bay Area
9qch3u,Rest of Bay Area
9qch3v,Rest of Bay Area
9qch3w,Rest of Bay Area
9qch3x,Rest of Bay Area
9qch3y,Rest of Bay Area
9qch3z,Rest of Bay Area
9qch40,Rest of Bay Area
9qch41,Rest of Bay Area
9qch42,Rest of Bay Area
9qch43,Rest of Bay Area
9qch44,Rest of Bay Area
9qch45,Rest of Bay Area
9qch46,Rest of Bay Area
9qch47,Rest of Bay Area
9qch48,Rest of Bay Area
9qch49,Rest of Bay Area
9qch4b,Rest of Bay Area
9qch4c,Rest of Bay Area
9qch4d,Rest of Bay Area
9qch4e,Rest of Bay Area
9qch4f,Rest of Bay Area
9qch4g,Rest of Bay Area
9qch4h,Rest of Bay Area
9qch4j,Rest of Bay Area
9qch4k,Rest of Bay Area
9qch4m,Rest of Bay Area
9qch4n,Rest of Bay Area
9qch4p,Rest of Bay Area
9qch4q,Rest of Bay Area
9qch4r,Rest of Bay Area
9qch4s,Rest of Bay Area
9qch4t,Rest of Bay Area
9qch4u,Rest of Bay Area
9qch4v,Rest of Bay Area
9qch4w,Rest of Bay Area
9qch4x,Rest of Bay Area
9qch4y,Rest of Bay Area
9qch50,Rest of Bay Area
9qch51,Rest of Bay Area
9qch52,Rest of Bay Area
9qch53,Rest of Bay Area
9qch54,Rest of Bay Area
9qch55,Rest of Bay Area
9qch56,Rest of Bay Area
9qch57,Rest of Bay Area
9qch5h,Rest of Bay Area
9qch60,Rest of Bay Area
9qch61,Rest of Bay Area
9qch62,Rest of Bay Area
9qch63,Rest of Bay Area
9qch64,Rest of Bay Area
9qch65,Rest of Bay Area
9qch66,Rest of Bay Area
9qch67,Rest of Bay Area
9qch68,Rest of Bay Area
9qch69,Rest of Bay Area
9qch6d,Rest of Bay Area
9qch6e,Rest of Bay Area
9qch6h,Rest of Bay Area
9qch6j,Rest of Bay Area
9qch6k,Rest of Bay Area
9qch6m,Rest of Bay Area
9qch6n,Rest of Bay Area
9qch6p,Rest of Bay Area
9qch6q,Rest of Bay Area
9qch6s,Rest of Bay Area
9qch80,Rest of Bay Area
9qch81,Rest of Bay Area
9qch82,Rest of Bay Area
9qch83,Rest of Bay Area
9qch84,Rest of Bay Area
9qch85,Rest of Bay Area
9qch86,Rest of Bay Area
9qch87,Rest of Bay Area
9qch88,Rest of Bay Area
9qch89,Rest of Bay Area
9qch8b,Rest of Bay Area
9qch8c,Rest of Bay Area
9qch8d,Rest of Bay Area
9qch8e,Rest of Bay Area
9qch8f,Rest of Bay Area
9qch8g,Rest of Bay Area
9qch8h,Rest of Bay Area
9qch8j,Rest of Bay Area
9qch8k,Rest of Bay Area
9qch8m,Rest of Bay Area
9qch8n,Rest of Bay Area
9qch8p,Rest of Bay Area
9qch8q,Rest of Bay Area
9qch8r,Rest of Bay Area
9qch8s,Rest of Bay Area
9qch8t,Rest of Bay Area
9qch8u,Rest of Bay Area
9qch8v,Rest of Bay Area
9qch8w,Rest of Bay Area
9qch8x,Rest of Bay Area
9qch8y,Rest of Bay Area
9qch8z,Rest of Bay Area
9qch90,Rest of Bay Area
9qch91,Rest of Bay Area
9qch92,Rest of Bay Area
9qch93,Rest of Bay Area
9qch94,Rest of Bay Area
9qch95,Rest of Bay Area
9qch96,Rest of Bay Area
9qch97,Rest of Bay Area
9qch98,Rest of Bay Area
9qch99,Rest of Bay Area
9qch9b,Rest of Bay Area
9qch9c,Rest of Bay Area
9qch9d,Rest of Bay Area
9qch9e,Rest of Bay Area
9qch9f,Rest of Bay Area
9qch9g,Rest of Bay Area
9qch9h,Rest of Bay Area
9qch9j,Rest of Bay Area
9qch9k,Rest of Bay Area
9qch9m,Rest of Bay Area
9qch9n,Rest of Bay Area
9qch9p,Rest of Bay Area
9qch9q,Rest of Bay Area
9qch9r,Rest of Bay Area
9qch9s,Rest of Bay Area
9qch9t,Rest of Bay Area
9qch9u,Rest of Bay Area
9qch9v,Rest of Bay Area
9qch9w,Rest of Bay Area
9qch9x,Rest of Bay Area
9qch9y,Rest of Bay Area
9qch9z,Rest of Bay Area
9qchb0,Rest of Bay Area
9qchb1,Rest of Bay Area
9qchb2,Rest of Bay Area
9qchb3,Rest of Bay Area
9qchb4,Rest of Bay Area
9qchb5,Rest of Bay Area
9qchb6,Rest of Bay Area
9qchb7,Rest of Bay Area
9qchb8,Rest of Bay Area
9qchb9,Rest of Bay Area
9qchbb,Rest of Bay Area
9qchbc,Rest of Bay Area
9qchbd,Rest of Bay Area
9qchbe,Rest of Bay Area
9qchbf,Rest of Bay Area
9qchbg,Rest of Bay Area
9qchbh,Rest of Bay Area
9qchbj,Rest of Bay Area
9qchbk,Rest of Bay Area
9qchbm,Rest of Bay Area
9qchbn,Rest of Bay Area
9qchbp,Rest of Bay Area
9qchbq,Rest of Bay Area
9qchbr,Rest of Bay Area
9qchbs,Rest of Bay Area
9qchbt,Rest of Bay Area
9qchbu,Rest of Bay Area
9qchbv,Rest of Bay Area
9qchbw,Rest of Bay Area
9qchbx,Rest of Bay Area
9qchby,Rest of Bay Area
9qchbz,Rest of Bay Area
9qchc0,Rest of Bay Area
9qchc1,Rest of Bay Area
9qchc2,Rest of Bay Area
9qchc3,Rest of Bay Area
9qchc4,Rest of Bay Area
9qchc5,Rest of Bay Area
9qchc6,Rest of Bay Area
9qchc7,Rest of Bay Area
9qchc8,Rest of Bay Area
9qchc9,Rest of Bay Area
9qchcd,Rest of Bay Area
9qchce,Rest of Bay Area
9qchch,Rest of Bay Area
9qchcj,Rest of Bay Area
9qchck,Rest of Bay Area
9qchcm,Rest of Bay Area
9qchcn,Rest of Bay Area
9qchcq,Rest of Bay Area
9qchd0,Rest of Bay Area
9qchd1,Rest of Bay Area
9qchd4,Rest of Bay Area
9qchd5,Rest of Bay Area
9qchdh,Rest of Bay Area
