geohash,geography,overlap_fraction
c8k6,Rest of US,1.0
9y38,Rest of US,1.0
c8rp,Rest of US,1.0
c8h6,Rest of US,1.0
zcnz,Rest of US,0.13428360299150222
c8de,Rest of US,1.0
9v29,Rest of US,1.0
9wh1,Rest of US,1.0
dq1n,Rest of US,1.0
9v13,Rest of US,1.0
9y05,Rest of US,1.0
c2p6,Rest of US,1.0
9wf4,Rest of US,1.0
9y7c,Rest of US,1.0
bg21,Rest of US,1.0
benp,Rest of US,1.0
9ts7,Rest of US,0.25836599614611877
9w0d,Rest of US,1.0
betx,Rest of US,1.0
9z3e,Rest of US,1.0
bkmj,Rest of US,1.0
c8j1,Rest of US,1.0
9y56,Rest of US,1.0
c1gk,Rest of US,0.8726534237548909
9z1e,Rest of US,1.0
cb25,Rest of US,1.0
dn4d,Rest of US,1.0
b7pq,Rest of US,1.0
9r4j,Rest of California,1.0
9v6v,Rest of US,1.0
9x7q,Rest of US,1.0
9ymy,Rest of US,1.0
9vmn,Rest of US,1.0
9qnw,Rest of US,0.9816018157424241
9qnw,Rest of California,0.018398184257575886
drgt,Rest of US,1.0
9v2f,Rest of US,1.0
dhw5,Rest of US,0.9940247309988206
bezb,Rest of US,1.0
9rbe,Rest of US,1.0
9ypy,Rest of US,1.0
9zd3,Rest of US,1.0
9zgc,Rest of US,1.0
9ytz,Rest of US,1.0
dpm0,Rest of US,1.0
dxbq,Rest of US,0.20998957582540825
be6d,Rest of US,1.0
dpqy,Rest of US,0.9776621499823152
f02d,Rest of US,0.9560083630948656
dnpn,Rest of US,1.0
beyx,Rest of US,1.0
dpu4,Rest of US,1.0
de0w,Rest of US,0.7088027668827168
9znd,Rest of US,1.0
cbkv,Rest of US,1.0
c8mq,Rest of US,1.0
9ppw,Rest of California,0.7788522429673537
dn60,Rest of US,1.0
c2rg,Rest of US,1.0
dp8b,Rest of US,1.0
9qz8,Rest of US,1.0
9x6d,Rest of US,1.0
b6v0,Rest of US,1.0
9q6w,Rest of California,1.0
9mvt,Rest of California,1.0
bgd2,Rest of US,1.0
9tqe,Rest of US,1.0
dpp6,Rest of US,1.0
b7m8,Rest of US,1.0
9x1j,Rest of US,1.0
c0xc,Rest of US,0.981251312875657
f079,Rest of US,0.1562997420071982
9vmy,Rest of US,1.0
9r15,Rest of California,1.0
9vet,Rest of US,1.0
9rcp,Rest of US,1.0
be59,Rest of US,1.0
c8jv,Rest of US,1.0
9y9c,Rest of US,1.0
9v61,Rest of US,1.0
c443,Rest of US,0.9731834483396793
9mvy,Rest of California,1.0
bkm9,Rest of US,1.0
9xgx,Rest of US,1.0
bkjc,Rest of US,1.0
bu3g,Rest of US,1.0
9ryv,Rest of US,1.0
c840,Rest of US,1.0
9vrx,Rest of US,1.0
9vxp,Rest of US,1.0
9whz,Rest of US,1.0
dr82,Rest of US,1.0
bezr,Rest of US,1.0
dj8m,Rest of US,1.0
9wgx,Rest of US,1.0
dnwr,Rest of US,1.0
b4tr,Rest of US,0.27906783988510375
c25s,Rest of US,1.0
bezm,Rest of US,1.0
9yht,Rest of US,1.0
dnb0,Rest of US,1.0
9zk4,Rest of US,1.0
9twz,Rest of US,1.0
b7tq,Rest of US,1.0
c84c,Rest of US,1.0
9rs8,Rest of US,1.0
c2st,Rest of US,1.0
cbs5,Rest of US,1.0
bg2b,Rest of US,1.0
b168,Rest of US,0.08356370271652655
dr00,Rest of US,1.0
dn1d,Rest of US,1.0
c28g,Rest of US,0.7550625203695247
b7rq,Rest of US,1.0
9zr9,Rest of US,1.0
bdgg,Rest of US,1.0
drsn,Rest of US,1.0
djdf,Rest of US,1.0
9tvt,Rest of US,1.0
9yck,Rest of US,1.0
9rxx,Rest of US,1.0
9tdt,Rest of US,1.0
9yk0,Rest of US,1.0
bdz9,Rest of US,0.11045066997430539
dj9p,Rest of US,1.0
c8pu,Rest of US,1.0
9ztr,Rest of US,1.0
b7mm,Rest of US,0.09471787697284756
c2dk,Rest of US,1.0
9xqf,Rest of US,1.0
9xkv,Rest of US,1.0
9r16,Rest of California,0.999990916853555
9qgc,Rest of US,1.0
cb8k,Rest of US,1.0
9q64,Rest of California,1.0
dnrs,Rest of US,1.0
dpbf,Rest of US,1.0
djv6,Rest of US,1.0
9wxc,Rest of US,1.0
9x7t,Rest of US,1.0
9tc1,Rest of US,1.0
bk5t,Rest of US,1.0
9wev,Rest of US,1.0
9xny,Rest of US,1.0
dp9m,Rest of US,0.9855599952014111
bs41,Rest of US,1.0
9qyt,Rest of US,1.0
djb8,Rest of US,1.0
9rz2,Rest of US,1.0
9vyd,Rest of US,1.0
bez6,Rest of US,1.0
b3gb,Rest of US,0.6284468147382076
dn2r,Rest of US,1.0
dr9z,Rest of US,0.913918047470921
be5v,Rest of US,1.0
9z4f,Rest of US,1.0
9qsw,Rest of US,1.0
dpqe,Rest of US,1.0
9myc,Rest of US,1.0
djjs,Rest of US,1.0
bgee,Rest of US,0.9262198044305681
9w0f,Rest of US,1.0
9zc3,Rest of US,1.0
x5rd,Rest of US,0.06334252859538901
9zbe,Rest of US,1.0
c21r,Rest of US,1.0
dnwf,Rest of US,1.0
9zuv,Rest of US,1.0
djzn,Rest of US,1.0
dr67,Rest of US,1.0
f039,Rest of US,0.9662251539802936
dn7h,Rest of US,1.0
c2nw,Rest of US,1.0
9tbw,Rest of US,1.0
bsmt,Rest of US,1.0
cbeh,Rest of US,1.0
c2dj,Rest of US,1.0
9r5b,Rest of US,1.0
bddh,Rest of US,1.0
9yxu,Rest of US,1.0
dptn,Rest of US,1.0
9qj6,Rest of California,1.0
djjt,Rest of US,1.0
bdyu,Rest of US,0.9152325614311746
9qm3,Rest of California,1.0
9vch,Rest of US,1.0
9trt,Rest of US,1.0
cb6f,Rest of US,1.0
9wd3,Rest of US,1.0
c2qx,Rest of US,1.0
cbqk,Rest of US,1.0
9yee,Rest of US,1.0
9xq6,Rest of US,1.0
bggm,Rest of US,1.0
9ruz,Rest of US,1.0
9ztk,Rest of US,1.0
9pxt,Rest of US,0.8899371471552746
b7g1,Rest of US,1.0
bd4t,Rest of US,0.9790159718316299
9v1z,Rest of US,1.0
9v41,Rest of US,1.0
9tnr,Rest of US,1.0
bkk9,Rest of US,1.0
9rwj,Rest of US,1.0
cbnk,Rest of US,1.0
9xs6,Rest of US,1.0
9zkq,Rest of US,1.0
dnqg,Rest of US,1.0
bsnx,Rest of US,1.0
9z3f,Rest of US,1.0
djbm,Rest of US,1.0
9z34,Rest of US,1.0
9r22,Rest of California,1.0
djfr,Rest of US,1.0
ben7,Rest of US,1.0
b7p2,Rest of US,1.0
dnx8,Rest of US,1.0
c8dw,Rest of US,0.7512544637975427
dntn,Rest of US,1.0
bkk7,Rest of US,1.0
9yfh,Rest of US,1.0
b7wc,Rest of US,1.0
bedv,Rest of US,1.0
bu2q,Rest of US,0.8570241163990759
9qr3,Rest of US,1.0
dnrz,Rest of US,1.0
9tus,Rest of US,1.0
c436,Rest of US,0.2886135127935539
9y0y,Rest of US,1.0
9qjj,Rest of California,1.0
c43h,Rest of US,0.38235374951836254
dnjr,Rest of US,1.0
bshn,Rest of US,1.0
bd7k,Rest of US,0.43786294758206995
9xn1,Rest of US,1.0
b7dx,Rest of US,1.0
9mze,Rest of US,1.0
bg8w,Rest of US,1.0
bfsk,Rest of US,0.973433273294956
c271,Rest of US,1.0
dn8q,Rest of US,1.0
9qyp,Rest of US,1.0
c231,Rest of US,1.0
9tzt,Rest of US,1.0
bs7p,Rest of US,1.0
b6z6,Rest of US,1.0
cbmb,Rest of US,1.0
cbs7,Rest of US,1.0
9zgj,Rest of US,1.0
9zqe,Rest of US,1.0
djbh,Rest of US,1.0
9xbw,Rest of US,1.0
bg81,Rest of US,1.0
djy6,Rest of US,1.0
dqfh,Rest of US,1.0
dpe9,Rest of US,1.0
9wuh,Rest of US,1.0
c8w2,Rest of US,1.0
bd4n,Rest of US,0.9934636942480711
9xq0,Rest of US,1.0
beqf,Rest of US,1.0
9mvr,Rest of California,1.0
dny7,Rest of US,1.0
bkhw,Rest of US,1.0
b6cv,Rest of US,0.028291160493128083
9w97,Rest of US,1.0
9z58,Rest of US,1.0
9rmn,Rest of US,1.0
bduy,Rest of US,1.0
dnbj,Rest of US,1.0
cbp9,Rest of US,1.0
9rsn,Rest of US,1.0
9r2h,Rest of California,1.0
bkk6,Rest of US,1.0
9wpn,Rest of US,1.0
9r03,Rest of California,1.0
9z16,Rest of US,1.0
c1cd,Rest of US,0.9994005265303362
dnvk,Rest of US,1.0
9z7s,Rest of US,1.0
9zj6,Rest of US,1.0
bs6n,Rest of US,1.0
9tws,Rest of US,1.0
dngu,Rest of US,1.0
9qw7,Rest of US,1.0
9tts,Rest of US,1.0
bs0b,Rest of US,1.0
9x1r,Rest of US,1.0
dj3e,Rest of US,0.010176834574761375
drve,Rest of US,1.0
b7w8,Rest of US,1.0
9tg6,Rest of US,1.0
9yh5,Rest of US,1.0
9z50,Rest of US,1.0
9rt2,Rest of US,1.0
cb7n,Rest of US,1.0
9w0c,Rest of US,1.0
9tvy,Rest of US,1.0
9qc7,Rest of California,0.8391681484739076
9rp7,Rest of US,1.0
9vdu,Rest of US,1.0
9yre,Rest of US,1.0
9wmy,Rest of US,1.0
djn7,Rest of US,1.0
9y34,Rest of US,1.0
9xde,Rest of US,1.0
c24k,Rest of US,1.0
bsh4,Rest of US,1.0
c80s,Rest of US,1.0
bdxn,Rest of US,0.17302396654742025
9qqy,Rest of US,1.0
9qxv,Rest of US,1.0
9wur,Rest of US,1.0
dr26,Rest of US,1.0
bez2,Rest of US,1.0
dnuu,Rest of US,1.0
9ywn,Rest of US,1.0
beeb,Rest of US,1.0
dp75,Rest of US,1.0
9rhy,Rest of US,1.0
9zbc,Rest of US,1.0
8e9b,Rest of US,0.04058596091799575
b75s,Rest of US,1.0
bs3z,Rest of US,1.0
bd28,Rest of US,1.0
9x51,Rest of US,1.0
9zee,Rest of US,1.0
cb84,Rest of US,1.0
bdzd,Rest of US,0.4108452388930604
9wkk,Rest of US,1.0
be4b,Rest of US,1.0
9udv,Rest of US,0.26979557570954604
9y18,Rest of US,1.0
dpfs,Rest of US,0.37336574122734284
bfdv,Rest of US,0.42217019094045216
9zmy,Rest of US,1.0
9qx6,Rest of US,1.0
b7pn,Rest of US,1.0
bs2w,Rest of US,1.0
9y2u,Rest of US,1.0
9ryw,Rest of US,1.0
9qky,Rest of California,1.0
9qn3,Rest of California,1.0
c83g,Rest of US,1.0
cbhn,Rest of US,1.0
9zvj,Rest of US,1.0
9xyh,Rest of US,1.0
9myp,Rest of California,1.0
dp0r,Rest of US,1.0
9myg,Rest of US,1.0
cbje,Rest of US,1.0
9rqb,Rest of US,1.0
9t8j,Rest of US,1.0
9rnq,Rest of US,1.0
c8ts,Rest of US,1.0
bexh,Rest of US,1.0
dq80,Rest of US,1.0
c8x8,Rest of US,1.0
cbw9,Rest of US,1.0
f2jb,Rest of US,1.0
9w0w,Rest of US,1.0
dp0y,Rest of US,1.0
cb08,Rest of US,1.0
9qsz,Rest of US,1.0
9vzs,Rest of US,1.0
ber3,Rest of US,1.0
dnks,Rest of US,1.0
bu0v,Rest of US,1.0
dnpb,Rest of US,0.9864823015126597
bf9n,Rest of US,0.49946972886045193
9xxp,Rest of US,1.0
9prw,Rest of US,0.025218589324066697
9prw,Rest of California,0.28387817895110823
bdcw,Rest of US,1.0
bdse,Rest of US,0.8483607607347435
bs8m,Rest of US,0.17016507798749037
b7j9,Rest of US,1.0
bkry,Rest of US,1.0
behh,Rest of US,1.0
f2nf,Rest of US,1.0
b3ue,Rest of US,1.0
9q5k,Rest of California,1.0
dp4p,Rest of US,1.0
dpq1,Rest of US,1.0
c21d,Rest of US,1.0
9w42,Rest of US,1.0
9ved,Rest of US,1.0
9rtk,Rest of US,1.0
dps0,Rest of US,1.0
c2wu,Rest of US,1.0
9rck,Rest of US,1.0
dpm2,Rest of US,1.0
dny3,Rest of US,1.0
9w7z,Rest of US,1.0
drv7,Rest of US,1.0
9tu3,Rest of US,1.0
b7jr,Rest of US,1.0
9rrw,Rest of US,1.0
b6up,Rest of US,1.0
c2xt,Rest of US,1.0
9qwt,Rest of US,1.0
9wd8,Rest of US,1.0
bepj,Rest of US,1.0
c8py,Rest of US,1.0
9zzh,Rest of US,1.0
9rpw,Rest of US,1.0
9wd5,Rest of US,1.0
9yhb,Rest of US,1.0
9yrk,Rest of US,1.0
dps1,Rest of US,1.0
9xpk,Rest of US,1.0
dnhe,Rest of US,1.0
f0ht,Rest of US,0.33850787937292776
c86w,Rest of US,1.0
b6w4,Rest of US,1.0
bkht,Rest of US,1.0
dr6z,Rest of US,1.0
dnme,Rest of US,1.0
c8tu,Rest of US,1.0
9tbr,Rest of US,1.0
9wrt,Rest of US,1.0
9r54,Rest of US,1.0
bsqy,Rest of US,1.0
bsqx,Rest of US,0.9830263062698342
9vuw,Rest of US,1.0
b7q4,Rest of US,1.0
9wjx,Rest of US,1.0
bfgx,Rest of US,0.9266219029629847
c2rp,Rest of US,1.0
djwr,Rest of US,1.0
9yse,Rest of US,1.0
bdts,Rest of US,0.35371698535136564
bds8,Rest of US,0.04029502432798369
9tz8,Rest of US,1.0
dpgr,Rest of US,0.9378636761531903
9zrv,Rest of US,1.0
f070,Rest of US,1.0
dj89,Rest of US,1.0
cbp7,Rest of US,1.0
9v7s,Rest of US,1.0
bs42,Rest of US,1.0
bd30,Rest of US,1.0
dnwg,Rest of US,1.0
9w39,Rest of US,1.0
bgbp,Rest of US,1.0
be3p,Rest of US,1.0
9re6,Rest of US,1.0
9rdv,Rest of US,1.0
9xtd,Rest of US,1.0
9xd7,Rest of US,1.0
9tvm,Rest of US,1.0
9tbk,Rest of US,1.0
9z3m,Rest of US,1.0
9w5s,Rest of US,1.0
dr1u,Rest of US,1.0
9rnz,Rest of US,1.0
9w6r,Rest of US,1.0
9wg4,Rest of US,1.0
dq91,Rest of US,1.0
cbk0,Rest of US,1.0
9ymp,Rest of US,1.0
dpek,Rest of US,1.0
dnq4,Rest of US,1.0
9mgv,Rest of California,0.18896310645427541
dnjg,Rest of US,1.0
dp2g,Rest of US,1.0
b7hq,Rest of US,1.0
dp6r,Rest of US,0.052433603411603864
f0hb,Rest of US,0.0406142875027072
9x2r,Rest of US,1.0
djcs,Rest of US,1.0
drfe,Rest of US,1.0
c8xs,Rest of US,1.0
bfqv,Rest of US,0.9719987679576753
dq3v,Rest of US,0.34383778066646525
c1g3,Rest of US,0.7527718052393281
dpc4,Rest of US,1.0
9wzf,Rest of US,1.0
9qph,Rest of US,1.0
bkrz,Rest of US,1.0
9yr9,Rest of US,1.0
b7sc,Rest of US,1.0
9qhz,Rest of California,1.0
f01k,Rest of US,1.0
9r8t,Rest of US,1.0
bu1r,Rest of US,1.0
drv4,Rest of US,1.0
cb2f,Rest of US,1.0
cb38,Rest of US,1.0
b3g8,Rest of US,0.9859372310554019
dnt6,Rest of US,1.0
9vws,Rest of US,1.0
be7x,Rest of US,1.0
djuz,Rest of US,1.0
9w9r,Rest of US,1.0
9twk,Rest of US,1.0
9tdw,Rest of US,1.0
bs7z,Rest of US,1.0
9w1w,Rest of US,1.0
9re3,Rest of US,1.0
cb7p,Rest of US,1.0
dngp,Rest of US,1.0
9vds,Rest of US,1.0
9xtn,Rest of US,1.0
c2q9,Rest of US,1.0
b7rx,Rest of US,1.0
djkp,Rest of US,1.0
9qqm,Rest of US,1.0
bepw,Rest of US,1.0
9w1t,Rest of US,1.0
bkqb,Rest of US,1.0
b10s,Rest of US,0.049270287462693796
9r6p,Rest of US,1.0
c2p8,Rest of US,1.0
dnwd,Rest of US,1.0
drsf,Rest of US,1.0
bevb,Rest of US,1.0
9ruf,Rest of US,1.0
9qe6,Rest of California,1.0
c8eq,Rest of US,0.7551445431819552
bebg,Rest of US,1.0
9qjf,Rest of California,1.0
besh,Rest of US,1.0
9xss,Rest of US,1.0
bft9,Rest of US,1.0
b6gj,Rest of US,1.0
beyn,Rest of US,1.0
dn6k,Rest of US,1.0
cb47,Rest of US,1.0
bk5n,Rest of US,1.0
dhmh,Rest of US,0.02502139937172668
bkqe,Rest of US,1.0
bkjk,Rest of US,1.0
djdj,Rest of US,1.0
b79q,Rest of US,1.0
c2mj,Rest of US,1.0
9zed,Rest of US,1.0
bsm2,Rest of US,1.0
b76p,Rest of US,0.8672452104268723
b7n6,Rest of US,1.0
dq97,Rest of US,0.7661494026195467
9yu3,Rest of US,1.0
9rb7,Rest of US,1.0
c261,Rest of US,1.0
bu61,Rest of US,1.0
9tvw,Rest of US,1.0
c0rb,Rest of US,0.6387307814814893
9wt0,Rest of US,1.0
c80b,Rest of US,1.0
b7nx,Rest of US,1.0
b7se,Rest of US,1.0
9v77,Rest of US,1.0
9x8j,Rest of US,1.0
9vs2,Rest of US,1.0
9y1x,Rest of US,1.0
9znt,Rest of US,1.0
bs6k,Rest of US,1.0
bkjd,Rest of US,1.0
9wph,Rest of US,1.0
djg3,Rest of US,1.0
9xvb,Rest of US,1.0
dj7p,Rest of US,1.0
9qmj,Rest of California,1.0
dr2p,Rest of US,1.0
b6rz,Rest of US,1.0
9x5x,Rest of US,1.0
bg5q,Rest of US,1.0
c281,Rest of US,0.8831234096862015
9vtj,Rest of US,1.0
9qun,Rest of US,1.0
dj6v,Rest of US,1.0
djcg,Rest of US,1.0
c40q,Rest of US,0.6862987153130329
b6rv,Rest of US,0.02505320690647654
c22u,Rest of US,0.8254779165369859
dn97,Rest of US,1.0
bkr9,Rest of US,1.0
dnsk,Rest of US,1.0
c2h3,Rest of US,1.0
b7j8,Rest of US,1.0
9trr,Rest of US,1.0
c2me,Rest of US,1.0
9v4z,Rest of US,1.0
9wvg,Rest of US,1.0
9yq0,Rest of US,1.0
9x33,Rest of US,1.0
9v9p,Rest of US,1.0
dr0x,Rest of US,1.0
dn7e,Rest of US,1.0
dp6h,Rest of US,0.9750040012934981
9z8n,Rest of US,1.0
bem0,Rest of US,1.0
dr1k,Rest of US,1.0
b6td,Rest of US,1.0
dpgm,Rest of US,1.0
b382,Rest of US,0.437288281520917
dq67,Rest of US,0.05431570956479496
b79b,Rest of US,1.0
bkp7,Rest of US,1.0
9zgp,Rest of US,1.0
9r9y,Rest of US,1.0
9r26,Rest of California,0.9999260161308959
bg8k,Rest of US,1.0
9qv2,Rest of US,1.0
9uc3,Rest of US,0.7292067073934938
9xxv,Rest of US,1.0
dru9,Rest of US,1.0
bg72,Rest of US,1.0
c8hv,Rest of US,1.0
dng9,Rest of US,1.0
dnem,Rest of US,1.0
9tce,Rest of US,1.0
dr4y,Rest of US,1.0
f2nh,Rest of US,0.9928143628895488
bgdg,Rest of US,1.0
behq,Rest of US,1.0
bece,Rest of US,1.0
be6m,Rest of US,1.0
9vue,Rest of US,1.0
djnk,Rest of US,0.9975090109886763
dnqx,Rest of US,1.0
be3c,Rest of US,1.0
b7kc,Rest of US,0.019722756442051573
bs5z,Rest of US,1.0
9r53,Rest of US,1.0
9zj4,Rest of US,1.0
9rw7,Rest of US,1.0
9y9r,Rest of US,1.0
c23v,Rest of US,1.0
9v16,Rest of US,1.0
be86,Rest of US,1.0
9xk1,Rest of US,1.0
9rqg,Rest of US,1.0
bk5r,Rest of US,1.0
dr7g,Rest of US,1.0
cb6m,Rest of US,1.0
djq2,Rest of US,0.0629925998888736
9wjz,Rest of US,1.0
9x1c,Rest of US,1.0
b7rk,Rest of US,1.0
9xyd,Rest of US,1.0
bs03,Rest of US,1.0
9yvr,Rest of US,1.0
dp6v,Rest of US,1.0
dpdr,Rest of US,0.026756558967315776
9v9w,Rest of US,1.0
cbs8,Rest of US,1.0
b1k2,Rest of US,0.37372883126243955
dhqh,Rest of US,0.6362671885373818
9y1r,Rest of US,1.0
c83r,Rest of US,1.0
b3vn,Rest of US,0.2309693843612541
9r8w,Rest of US,1.0
dnzb,Rest of US,1.0
dnj0,Rest of US,1.0
bkq4,Rest of US,1.0
b7mr,Rest of US,0.018217283642524458
9mgq,Rest of US,0.017997426223701908
djcm,Rest of US,1.0
9z3y,Rest of US,1.0
dryr,Rest of US,1.0
f2n7,Rest of US,1.0
bdvc,Rest of US,1.0
bkny,Rest of US,1.0
bddt,Rest of US,1.0
9xrr,Rest of US,1.0
b6vc,Rest of US,1.0
9yx2,Rest of US,1.0
c26q,Rest of US,1.0
c8kt,Rest of US,1.0
f2q8,Rest of US,1.0
dnv4,Rest of US,1.0
djcb,Rest of US,1.0
9udh,Rest of US,0.48166964589149824
9qr9,Rest of US,1.0
9wv1,Rest of US,1.0
bdtu,Rest of US,0.1768272884963244
9w5m,Rest of US,1.0
9rw9,Rest of US,1.0
bknd,Rest of US,1.0
be57,Rest of US,1.0
drv0,Rest of US,1.0
9q7w,Rest of California,1.0
begd,Rest of US,1.0
c431,Rest of US,0.9880794681308313
9zjc,Rest of US,1.0
9rq2,Rest of US,1.0
dn7j,Rest of US,1.0
9xey,Rest of US,1.0
9v1j,Rest of US,1.0
betu,Rest of US,1.0
c2t4,Rest of US,1.0
dnq5,Rest of US,1.0
9r7z,Rest of US,1.0
cbt6,Rest of US,1.0
9znf,Rest of US,1.0
drms,Rest of US,0.3134656047866353
9vxx,Rest of US,1.0
9vuz,Rest of US,1.0
9veg,Rest of US,1.0
cbjh,Rest of US,1.0
87zf,Rest of US,0.027029924239637716
9qq7,Rest of US,1.0
bs2v,Rest of US,1.0
b77z,Rest of US,0.7541479246069577
drz5,Rest of US,0.4977617136280538
9x3r,Rest of US,1.0
9rsp,Rest of US,1.0
9qp6,Rest of US,1.0
dp2e,Rest of US,1.0
9ry8,Rest of US,1.0
dhqr,Rest of US,0.8113694493756611
dn0w,Rest of US,1.0
9x5j,Rest of US,1.0
9zj5,Rest of US,1.0
bkjy,Rest of US,1.0
dpbx,Rest of US,1.0
9ucd,Rest of US,1.0
beey,Rest of US,1.0
bsed,Rest of US,0.6768069409863304
dr89,Rest of US,1.0
cb4n,Rest of US,1.0
dr05,Rest of US,1.0
9xew,Rest of US,1.0
c8xf,Rest of US,1.0
dnv2,Rest of US,1.0
9rc5,Rest of US,1.0
dn0j,Rest of US,1.0
9rrb,Rest of US,1.0
drku,Rest of US,1.0
cb4b,Rest of US,1.0
dp08,Rest of US,1.0
9xkb,Rest of US,1.0
bd2v,Rest of US,1.0
bddv,Rest of US,1.0
9rg2,Rest of US,1.0
9ytj,Rest of US,1.0
9z0y,Rest of US,1.0
bkmu,Rest of US,1.0
9wzq,Rest of US,1.0
dnhz,Rest of US,1.0
9ufr,Rest of US,1.0
9x73,Rest of US,1.0
bg1r,Rest of US,1.0
be91,Rest of US,1.0
c8wn,Rest of US,0.7501528595315904
9qzc,Rest of US,1.0
dnkr,Rest of US,1.0
b1m3,Rest of US,0.46305077704504005
djv2,Rest of US,1.0
9tsg,Rest of US,1.0
87ym,Rest of US,0.43617989585656813
djg5,Rest of US,1.0
9rjk,Rest of US,1.0
9ye6,Rest of US,1.0
9yfr,Rest of US,1.0
9vwb,Rest of US,1.0
bkrf,Rest of US,1.0
9v0v,Rest of US,1.0
bd34,Rest of US,1.0
9xeu,Rest of US,1.0
bs37,Rest of US,1.0
9qg7,Rest of US,1.0
9vzd,Rest of US,1.0
9vsq,Rest of US,1.0
9vvk,Rest of US,1.0
9vyp,Rest of US,1.0
bewx,Rest of US,1.0
9zrd,Rest of US,1.0
9r2f,Rest of California,1.0
dr0j,Rest of US,1.0
befv,Rest of US,1.0
9xkz,Rest of US,1.0
9td6,Rest of US,0.7473037563035064
9tfz,Rest of US,1.0
f0h3,Rest of US,1.0
9ywv,Rest of US,1.0
c2s5,Rest of US,1.0
9xcy,Rest of US,1.0
dprt,Rest of US,1.0
bu19,Rest of US,1.0
bd92,Rest of US,1.0
dndq,Rest of US,1.0
bs16,Rest of US,1.0
9tgj,Rest of US,1.0
bd7u,Rest of US,0.0356800499738643
b6qp,Rest of US,0.8668168036641483
9yqk,Rest of US,1.0
9xuw,Rest of US,1.0
bsne,Rest of US,1.0
dpsn,Rest of US,1.0
9tsw,Rest of US,1.0
djdg,Rest of US,1.0
9yuj,Rest of US,1.0
dn8y,Rest of US,1.0
dpjg,Rest of US,1.0
f059,Rest of US,1.0
9v3u,Rest of US,1.0
djyn,Rest of US,1.0
dr9f,Rest of US,1.0
dn4s,Rest of US,1.0
9yej,Rest of US,1.0
bdbf,Rest of US,1.0
9vt4,Rest of US,1.0
b7v2,Rest of US,0.7475257882017592
9xhx,Rest of US,1.0
c40m,Rest of US,0.9358054967975358
dn7y,Rest of US,1.0
9trk,Rest of US,1.0
9wj5,Rest of US,1.0
b7ec,Rest of US,1.0
bs86,Rest of US,1.0
9y8x,Rest of US,1.0
b3u0,Rest of US,0.32755582635474034
9ztu,Rest of US,1.0
dp45,Rest of US,1.0
9mye,Rest of US,0.6679605594012316
9mye,Rest of California,0.33203944059876883
9x6t,Rest of US,1.0
9vr3,Rest of US,1.0
bgb1,Rest of US,1.0
9qnv,Rest of US,1.0
c8jx,Rest of US,1.0
9qyj,Rest of US,1.0
c89d,Rest of US,1.0
cbp5,Rest of US,1.0
9v9r,Rest of US,1.0
9qn8,Rest of US,0.7367674750452253
9qn8,Rest of California,0.2632325249547747
djwm,Rest of US,0.6855698295083091
9rpf,Rest of US,1.0
9v22,Rest of US,1.0
bg9h,Rest of US,1.0
dp6c,Rest of US,1.0
bevw,Rest of US,1.0
dr94,Rest of US,1.0
c87y,Rest of US,1.0
bddz,Rest of US,1.0
bexr,Rest of US,1.0
dq0t,Rest of US,1.0
dq9m,Rest of US,1.0
bfg1,Rest of US,1.0
b6tr,Rest of US,1.0
9q9u,Rest of California,0.9999187343766893
c25k,Rest of US,1.0
9vtd,Rest of US,1.0
djd4,Rest of US,1.0
bdyx,Rest of US,1.0
9qsx,Rest of US,1.0
9wcy,Rest of US,1.0
9vgg,Rest of US,1.0
dqdn,Rest of US,0.7425146954140053
9yjw,Rest of US,1.0
djbc,Rest of US,1.0
dn7v,Rest of US,1.0
bdg2,Rest of US,1.0
djud,Rest of US,1.0
9ucm,Rest of US,1.0
b793,Rest of US,0.05393594471330364
dp35,Rest of US,1.0
9uf3,Rest of US,1.0
9tgv,Rest of US,1.0
9xnu,Rest of US,1.0
bfst,Rest of US,0.9586543602630865
8e3h,Rest of US,0.3917486220921047
dng6,Rest of US,1.0
cbsv,Rest of US,0.06467078662452566
9zy0,Rest of US,1.0
9zgh,Rest of US,1.0
9z5n,Rest of US,1.0
9qjv,Rest of California,1.0
9xvn,Rest of US,1.0
bek7,Rest of US,1.0
9mvz,Rest of California,1.0
dnq6,Rest of US,1.0
bdwh,Rest of US,0.012361668742269646
9rm1,Rest of US,1.0
9xec,Rest of US,1.0
dr7e,Rest of US,1.0
9y3c,Rest of US,1.0
c813,Rest of US,1.0
b6xw,Rest of US,1.0
9vu2,Rest of US,1.0
bshy,Rest of US,1.0
dnjd,Rest of US,1.0
dp4e,Rest of US,1.0
dpqk,Rest of US,1.0
9vgx,Rest of US,1.0
9xfk,Rest of US,1.0
dnqn,Rest of US,1.0
drtp,Rest of US,1.0
9qdz,Rest of California,1.0
cbme,Rest of US,1.0
9r76,Rest of US,1.0
bs6p,Rest of US,1.0
9vmv,Rest of US,1.0
djt7,Rest of US,1.0
c8j2,Rest of US,1.0
9r7d,Rest of US,1.0
9pzf,Rest of US,1.0
c2dh,Rest of US,1.0
9txj,Rest of US,1.0
dhvy,Rest of US,1.0
bget,Rest of US,0.9261803950508894
dnt3,Rest of US,1.0
9rmj,Rest of US,1.0
dr7r,Rest of US,1.0
bu0m,Rest of US,1.0
bktb,Rest of US,0.8414955999892298
9v6r,Rest of US,1.0
bdet,Rest of US,0.010936017211004376
9r79,Rest of US,1.0
drse,Rest of US,1.0
9yzy,Rest of US,1.0
9xvu,Rest of US,1.0
9w03,Rest of US,1.0
c8ms,Rest of US,1.0
bg07,Rest of US,1.0
c8mj,Rest of US,1.0
b7ry,Rest of US,1.0
c8hk,Rest of US,1.0
c81y,Rest of US,1.0
f02c,Rest of US,1.0
djux,Rest of US,1.0
9y5q,Rest of US,1.0
f001,Rest of US,1.0
9r9k,Rest of US,1.0
c8mb,Rest of US,1.0
c2rw,Rest of US,1.0
9xbe,Rest of US,1.0
9qxs,Rest of US,1.0
c2ey,Rest of US,0.7580029488411836
9qfv,Rest of US,0.9411422907746068
9qfv,Rest of California,0.0588577092253933
c2hb,Rest of US,1.0
dpgz,Rest of US,1.0
b6tw,Rest of US,1.0
9mgf,Rest of California,0.07904399302568968
cbjj,Rest of US,1.0
drgx,Rest of US,1.0
bsjy,Rest of US,1.0
9tt2,Rest of US,1.0
9x5k,Rest of US,1.0
9vts,Rest of US,1.0
bext,Rest of US,1.0
b6y8,Rest of US,1.0
9zby,Rest of US,1.0
cb1p,Rest of US,1.0
9x5d,Rest of US,1.0
9tx4,Rest of US,1.0
c85z,Rest of US,1.0
bepe,Rest of US,1.0
bgfr,Rest of US,1.0
cbqe,Rest of US,0.9884221317777507
bd81,Rest of US,1.0
dpun,Rest of US,1.0
bkrh,Rest of US,1.0
dnfv,Rest of US,1.0
dres,Rest of US,1.0
dn7d,Rest of US,1.0
c8sc,Rest of US,1.0
9r65,Rest of California,1.0
9x2q,Rest of US,1.0
bft4,Rest of US,1.0
djv7,Rest of US,1.0
b7jg,Rest of US,1.0
drfq,Rest of US,0.618720529121833
9x0d,Rest of US,1.0
bgbk,Rest of US,1.0
9rxj,Rest of US,1.0
9r3v,Rest of California,1.0
bse7,Rest of US,0.2569885989277586
be4y,Rest of US,1.0
c8j9,Rest of US,1.0
9r6w,Rest of US,0.3990502123760636
9r6w,Rest of California,0.6009497876239364
9vsc,Rest of US,1.0
9tyr,Rest of US,1.0
9qgn,Rest of US,1.0
c821,Rest of US,1.0
bs0k,Rest of US,1.0
9w9h,Rest of US,1.0
dnyd,Rest of US,1.0
9r63,Rest of California,1.0
c830,Rest of US,1.0
c2wj,Rest of US,1.0
bg8r,Rest of US,1.0
9quq,Rest of US,1.0
dp7t,Rest of US,1.0
9xgt,Rest of US,1.0
9tcb,Rest of US,1.0
djvm,Rest of US,1.0
djtn,Rest of US,1.0
f04h,Rest of US,0.8246615845291672
c845,Rest of US,1.0
9vtt,Rest of US,1.0
9qr4,Rest of US,1.0
djz4,Rest of US,0.8913966097599434
b747,Rest of US,0.025532192696298382
b7wg,Rest of US,1.0
b756,Rest of US,1.0
bexz,Rest of US,1.0
cbdv,Rest of US,1.0
drk5,Rest of US,1.0
b7ey,Rest of US,1.0
9wfb,Rest of US,1.0
c2pn,Rest of US,1.0
c8xk,Rest of US,1.0
cb50,Rest of US,1.0
f08b,Rest of US,0.08542179645531577
bs99,Rest of US,1.0
9uby,Rest of US,0.13546199147909854
9w9x,Rest of US,1.0
9zcj,Rest of US,1.0
9vgj,Rest of US,1.0
bu27,Rest of US,1.0
9wzu,Rest of US,1.0
9wvx,Rest of US,1.0
9ww6,Rest of US,1.0
9twu,Rest of US,1.0
be60,Rest of US,1.0
bg71,Rest of US,1.0
9r49,Rest of US,0.3384299360026941
9r49,Rest of California,0.661570063997306
9wpt,Rest of US,1.0
9xdb,Rest of US,1.0
9ruy,Rest of US,1.0
bfpu,Rest of US,1.0
dnxj,Rest of US,1.0
c2pt,Rest of US,1.0
9rz4,Rest of US,1.0
dq8x,Rest of US,1.0
9z8h,Rest of US,1.0
dpcn,Rest of US,1.0
dnx3,Rest of US,1.0
behj,Rest of US,1.0
b7rd,Rest of US,1.0
9x9h,Rest of US,1.0
druz,Rest of US,1.0
c2qd,Rest of US,1.0
9w31,Rest of US,1.0
dpkk,Rest of US,1.0
bd2k,Rest of US,1.0
c8r4,Rest of US,1.0
9vgh,Rest of US,1.0
b7yu,Rest of US,1.0
bg28,Rest of US,1.0
9ww2,Rest of US,1.0
b7s8,Rest of US,0.9974123827763984
c27f,Rest of US,1.0
bs3x,Rest of US,1.0
dnsp,Rest of US,1.0
9wy3,Rest of US,1.0
b7xe,Rest of US,1.0
bg8u,Rest of US,1.0
bduj,Rest of US,1.0
bkk0,Rest of US,1.0
9x7g,Rest of US,1.0
djbq,Rest of US,1.0
djds,Rest of US,1.0
9y1u,Rest of US,1.0
c2mm,Rest of US,1.0
9ppf,Rest of California,0.32495980760203214
bs0r,Rest of US,1.0
bej7,Rest of US,1.0
9z39,Rest of US,1.0
9x6v,Rest of US,1.0
cbq4,Rest of US,1.0
bu6j,Rest of US,1.0
9xye,Rest of US,1.0
bes6,Rest of US,1.0
c8e0,Rest of US,1.0
bd0y,Rest of US,0.31289302272723934
dn8d,Rest of US,1.0
dr62,Rest of US,1.0
cbkn,Rest of US,1.0
9z0r,Rest of US,1.0
dn15,Rest of US,1.0
9wye,Rest of US,1.0
bg6s,Rest of US,1.0
dn3s,Rest of US,1.0
c22w,Rest of US,0.9182448439219993
bepn,Rest of US,1.0
f2h2,Rest of US,0.06897899568883278
9x10,Rest of US,1.0
f04q,Rest of US,1.0
dn3t,Rest of US,1.0
bd6b,Rest of US,0.8366584201341893
cb4k,Rest of US,1.0
9zs1,Rest of US,1.0
c8p8,Rest of US,1.0
bu3k,Rest of US,1.0
bduh,Rest of US,1.0
b7p3,Rest of US,1.0
bdcg,Rest of US,1.0
dnf3,Rest of US,1.0
bu6q,Rest of US,0.6290415375429312
bdxr,Rest of US,0.20330145210976577
dry0,Rest of US,0.5861997453950275
9twg,Rest of US,1.0
9qd2,Rest of California,1.0
dpg4,Rest of US,1.0
bg37,Rest of US,1.0
be90,Rest of US,1.0
9r5x,Rest of US,1.0
bs1e,Rest of US,1.0
drmk,Rest of US,0.7286776837619382
bev2,Rest of US,1.0
9yjx,Rest of US,1.0
c8xb,Rest of US,1.0
djvp,Rest of US,1.0
9qfr,Rest of California,1.0
dnqc,Rest of US,1.0
9vut,Rest of US,1.0
9z3w,Rest of US,1.0
9wns,Rest of US,1.0
cbeb,Rest of US,1.0
dp9w,Rest of US,0.02811521673388385
bdfu,Rest of US,1.0
bffg,Rest of US,1.0
c8x5,Rest of US,1.0
dnzt,Rest of US,1.0
9tcs,Rest of US,1.0
bdzk,Rest of US,1.0
dp64,Rest of US,1.0
cbhv,Rest of US,1.0
9wnn,Rest of US,1.0
9zy4,Rest of US,1.0
dq0j,Rest of US,1.0
9qrm,Rest of US,1.0
f2ju,Rest of US,0.1988351723005707
c22z,Rest of US,0.6774814295930736
bg93,Rest of US,1.0
c8kr,Rest of US,1.0
9rc6,Rest of US,1.0
9rfk,Rest of US,1.0
9wx3,Rest of US,1.0
9qx4,Rest of US,1.0
bsq9,Rest of US,1.0
bd4d,Rest of US,0.028902030277093094
cb16,Rest of US,1.0
9vte,Rest of US,1.0
9wed,Rest of US,1.0
b6yy,Rest of US,1.0
bdg9,Rest of US,1.0
bed5,Rest of US,1.0
9qxn,Rest of US,1.0
f04x,Rest of US,1.0
b6y2,Rest of US,1.0
9yrn,Rest of US,1.0
c8ee,Rest of US,1.0
b69q,Rest of US,0.7749979134196401
9v37,Rest of US,1.0
bu2p,Rest of US,0.08543172896076454
bgds,Rest of US,1.0
bspf,Rest of US,1.0
b1kb,Rest of US,0.19145672739697575
9w7h,Rest of US,1.0
9rtg,Rest of US,1.0
c826,Rest of US,1.0
9rbj,Rest of US,1.0
bs4f,Rest of US,1.0
cbnj,Rest of US,1.0
9yke,Rest of US,1.0
9r3c,Rest of California,1.0
bs1n,Rest of US,1.0
b7n3,Rest of US,1.0
bfr5,Rest of US,0.4280264750407593
bd95,Rest of US,1.0
9zm7,Rest of US,1.0
9qch,Rest of California,0.726518611747998
9xqj,Rest of US,1.0
drsj,Rest of US,1.0
9vrt,Rest of US,1.0
bkqd,Rest of US,1.0
drkc,Rest of US,0.10230100321093501
9qy3,Rest of US,1.0
9x8b,Rest of US,1.0
9xq8,Rest of US,1.0
9yj6,Rest of US,1.0
bu0f,Rest of US,1.0
bsjx,Rest of US,1.0
9vg2,Rest of US,1.0
9vbq,Rest of US,1.0
c2sq,Rest of US,0.7590880287456933
9zx5,Rest of US,1.0
bs57,Rest of US,1.0
c82x,Rest of US,1.0
c84t,Rest of US,1.0
bfbt,Rest of US,1.0
dp8f,Rest of US,1.0
9ytg,Rest of US,1.0
9pru,Rest of California,0.973528327332277
9xkm,Rest of US,1.0
9rf1,Rest of US,1.0
bu3b,Rest of US,1.0
b3us,Rest of US,0.7272342521426144
9w2p,Rest of US,1.0
9zxv,Rest of US,1.0
9qbj,Rest of California,0.858467704646956
cb52,Rest of US,1.0
cb9f,Rest of US,1.0
9x8u,Rest of US,1.0
be6e,Rest of US,1.0
9vmz,Rest of US,1.0
c8hm,Rest of US,1.0
bfqn,Rest of US,0.9922607083774724
b7v3,Rest of US,0.6136550538013371
9mvd,Rest of California,1.0
9wjp,Rest of US,1.0
be03,Rest of US,1.0
9qpn,Rest of US,1.0
b3yy,Rest of US,0.8993202443879506
9wy5,Rest of US,1.0
b6wf,Rest of US,1.0
bezu,Rest of US,1.0
beqm,Rest of US,1.0
b14r,Rest of US,0.3961694377511192
dprh,Rest of US,1.0
9wk5,Rest of US,1.0
dnrx,Rest of US,1.0
9y5h,Rest of US,1.0
dnuz,Rest of US,1.0
b6xx,Rest of US,1.0
bfxe,Rest of US,0.9547941056880082
cbd1,Rest of US,1.0
cbmv,Rest of US,1.0
9r2d,Rest of California,1.0
dp8w,Rest of US,1.0
bdd2,Rest of US,0.45764149939294224
9z76,Rest of US,1.0
djem,Rest of US,1.0
9rjg,Rest of US,1.0
9qz2,Rest of US,1.0
f03w,Rest of US,0.022098673292143597
djd5,Rest of US,1.0
9w4u,Rest of US,1.0
9zzk,Rest of US,1.0
9zdf,Rest of US,1.0
9rj0,Rest of US,1.0
9z7t,Rest of US,1.0
b6fw,Rest of US,1.0
9wq6,Rest of US,1.0
bdtq,Rest of US,1.0
b6zh,Rest of US,1.0
9tby,Rest of US,1.0
9yn6,Rest of US,1.0
djf1,Rest of US,1.0
9mxr,Rest of US,1.0
9qyb,Rest of US,1.0
bez3,Rest of US,1.0
9z2n,Rest of US,1.0
9yc1,Rest of US,1.0
9u9w,Rest of US,0.8148555262354742
9xz1,Rest of US,1.0
9x49,Rest of US,1.0
cbh0,Rest of US,1.0
9y72,Rest of US,1.0
b3ut,Rest of US,0.0460733796879513
9rtw,Rest of US,1.0
b69g,Rest of US,0.024848001813612627
c40u,Rest of US,0.6984284720201263
be84,Rest of US,1.0
9r6m,Rest of California,1.0
bdz4,Rest of US,0.4898743196468367
bfsg,Rest of US,0.970067690988969
9xze,Rest of US,1.0
dn2t,Rest of US,1.0
9mvf,Rest of California,1.0
9mzd,Rest of US,1.0
9xsh,Rest of US,1.0
be5d,Rest of US,1.0
9r0f,Rest of California,0.9974634973620614
bdcm,Rest of US,1.0
9z2g,Rest of US,1.0
9r29,Rest of California,0.9996819462645226
cbsw,Rest of US,0.6149363147138592
9wfq,Rest of US,1.0
dn90,Rest of US,1.0
9ybg,Rest of US,1.0
bg66,Rest of US,1.0
cbn6,Rest of US,1.0
cbns,Rest of US,1.0
9rz7,Rest of US,1.0
9rv7,Rest of US,1.0
9t9h,Rest of US,1.0
9qez,Rest of US,0.786740746916364
9qez,Rest of California,0.21325925308363602
bdzm,Rest of US,1.0
9vt7,Rest of US,1.0
bfcm,Rest of US,1.0
bk46,Rest of US,0.03557190406387994
9wv8,Rest of US,1.0
dp24,Rest of US,1.0
9zku,Rest of US,1.0
bs30,Rest of US,1.0
dq62,Rest of US,0.059782172142724514
dn8u,Rest of US,1.0
9ybh,Rest of US,1.0
bdc4,Rest of US,1.0
dr65,Rest of US,1.0
9zjm,Rest of US,1.0
c87h,Rest of US,1.0
9qbm,Rest of California,0.997465248173824
c8e9,Rest of US,1.0
9tyz,Rest of US,1.0
cb1b,Rest of US,1.0
c2db,Rest of US,1.0
b6vq,Rest of US,1.0
b32z,Rest of US,0.6851537303410459
9zh6,Rest of US,1.0
9ymk,Rest of US,1.0
9wvt,Rest of US,1.0
b75n,Rest of US,1.0
9v19,Rest of US,1.0
dphs,Rest of US,1.0
dncs,Rest of US,1.0
dnhq,Rest of US,1.0
b6n3,Rest of US,0.69205933735758
9rjx,Rest of US,1.0
9q6p,Rest of California,0.9999754998091331
9vt1,Rest of US,1.0
9zs8,Rest of US,1.0
9xcz,Rest of US,1.0
c29k,Rest of US,1.0
beqg,Rest of US,1.0
9ryn,Rest of US,1.0
c80r,Rest of US,1.0
dpnw,Rest of US,1.0
dn5w,Rest of US,1.0
c262,Rest of US,1.0
9wx6,Rest of US,1.0
c426,Rest of US,0.9053505546629084
b7db,Rest of US,1.0
dj8h,Rest of US,1.0
dpkp,Rest of US,1.0
9tzq,Rest of US,1.0
djdh,Rest of US,1.0
bkpd,Rest of US,1.0
9qvf,Rest of US,1.0
9ye4,Rest of US,1.0
9v87,Rest of US,1.0
9ywd,Rest of US,1.0
dj6y,Rest of US,1.0
b7rg,Rest of US,1.0
9rwx,Rest of US,1.0
9qs3,Rest of California,1.0
9y8v,Rest of US,1.0
f083,Rest of US,0.039024136292417036
drzq,Rest of US,1.0
drmw,Rest of US,0.9768272648154385
dnyu,Rest of US,1.0
9ypv,Rest of US,1.0
9wcu,Rest of US,1.0
dpeb,Rest of US,1.0
9xxk,Rest of US,1.0
9vwg,Rest of US,1.0
dj24,Rest of US,0.580787272636202
dj20,Rest of US,0.9610086967725655
bef2,Rest of US,1.0
c25e,Rest of US,1.0
bekc,Rest of US,1.0
dph8,Rest of US,1.0
cbt3,Rest of US,1.0
besd,Rest of US,1.0
dn54,Rest of US,1.0
b6gg,Rest of US,1.0
b7rm,Rest of US,1.0
be89,Rest of US,1.0
9xg6,Rest of US,1.0
9v89,Rest of US,1.0
bkx8,Rest of US,1.0
9w8v,Rest of US,1.0
9qzt,Rest of US,1.0
cbhk,Rest of US,1.0
bd93,Rest of US,1.0
9rkc,Rest of US,1.0
9ywr,Rest of US,1.0
bfbh,Rest of US,1.0
bu50,Rest of US,1.0
9yud,Rest of US,1.0
9rn2,Rest of US,1.0
b6tx,Rest of US,1.0
9xcp,Rest of US,1.0
bkn4,Rest of US,1.0
djnj,Rest of US,1.0
be5p,Rest of US,1.0
cb75,Rest of US,1.0
djfq,Rest of US,1.0
b6tk,Rest of US,1.0
9rk6,Rest of US,1.0
9vg3,Rest of US,1.0
dn1x,Rest of US,1.0
besp,Rest of US,1.0
9y0u,Rest of US,1.0
9vd1,Rest of US,1.0
9v91,Rest of US,1.0
9ytu,Rest of US,1.0
c22s,Rest of US,0.8410480881164967
9z1z,Rest of US,1.0
9rv4,Rest of US,1.0
9rqr,Rest of US,1.0
f2h0,Rest of US,0.08800932679739062
cb40,Rest of US,1.0
b6ss,Rest of US,0.03384432373800361
dppg,Rest of US,1.0
b3de,Rest of US,0.23623429450810357
9rmz,Rest of US,1.0
be26,Rest of US,1.0
dje2,Rest of US,1.0
9rnj,Rest of US,1.0
c24t,Rest of US,1.0
9xrj,Rest of US,1.0
be2c,Rest of US,1.0
9v0x,Rest of US,1.0
dq1p,Rest of US,1.0
9wpr,Rest of US,1.0
dnun,Rest of US,1.0
9tx6,Rest of US,1.0
bkhy,Rest of US,1.0
9y84,Rest of US,1.0
bekh,Rest of US,1.0
c804,Rest of US,1.0
cb3w,Rest of US,1.0
c89c,Rest of US,1.0
9ydv,Rest of US,1.0
djdw,Rest of US,1.0
9r90,Rest of US,1.0
9wzn,Rest of US,1.0
bffk,Rest of US,1.0
9zqy,Rest of US,1.0
c80d,Rest of US,1.0
bdsg,Rest of US,0.9999270544569114
dj9j,Rest of US,1.0
dr6y,Rest of US,1.0
9x11,Rest of US,1.0
9xhq,Rest of US,1.0
djyk,Rest of US,1.0
9xk7,Rest of US,1.0
9xhn,Rest of US,1.0
9wx9,Rest of US,1.0
dj2s,Rest of US,0.33386639605672863
b3g9,Rest of US,0.13662691036721608
c240,Rest of US,1.0
dnen,Rest of US,1.0
dp5m,Rest of US,1.0
b6w1,Rest of US,1.0
c1fd,Rest of US,0.7186319540214243
9yzc,Rest of US,1.0
9y8t,Rest of US,1.0
9qds,Rest of California,1.0
dj91,Rest of US,1.0
f04p,Rest of US,1.0
f2p7,Rest of US,1.0
dru3,Rest of US,1.0
9xpp,Rest of US,1.0
9xqb,Rest of US,1.0
9y9y,Rest of US,1.0
9yfq,Rest of US,1.0
bkn0,Rest of US,1.0
9y66,Rest of US,1.0
b755,Rest of US,1.0
9r2v,Rest of California,1.0
bsnv,Rest of US,1.0
9r7e,Rest of US,1.0
b7nr,Rest of US,1.0
dr8v,Rest of US,0.9959311989620397
9v85,Rest of US,1.0
cbhq,Rest of US,1.0
9r5k,Rest of US,1.0
dju4,Rest of US,1.0
b7yz,Rest of US,1.0
bd3e,Rest of US,1.0
djt1,Rest of US,1.0
9twd,Rest of US,1.0
c2sj,Rest of US,1.0
cbdj,Rest of US,1.0
c29m,Rest of US,1.0
9qp7,Rest of US,1.0
9tc9,Rest of US,1.0
9ygg,Rest of US,1.0
9xrx,Rest of US,1.0
9qh2,Rest of California,0.9999995243519442
9qtx,Rest of US,1.0
c41q,Rest of US,1.0
9q9f,Rest of California,0.8783186410273411
b6w3,Rest of US,1.0
b7r4,Rest of US,1.0
dhwv,Rest of US,1.0
b7zd,Rest of US,1.0
9w4x,Rest of US,1.0
dq81,Rest of US,1.0
dn2w,Rest of US,1.0
bgf9,Rest of US,1.0
dpn5,Rest of US,1.0
dp44,Rest of US,1.0
9w54,Rest of US,1.0
9yxd,Rest of US,1.0
beeh,Rest of US,1.0
bgbe,Rest of US,1.0
c2h9,Rest of US,1.0
dnqu,Rest of US,1.0
dpn6,Rest of US,1.0
be1u,Rest of US,1.0
9vx5,Rest of US,1.0
bdc1,Rest of US,1.0
bdtp,Rest of US,1.0
drkz,Rest of US,1.0
9x0w,Rest of US,1.0
9xxj,Rest of US,1.0
b6xf,Rest of US,1.0
bfeu,Rest of US,0.9998475920607913
bdbj,Rest of US,1.0
b7pp,Rest of US,1.0
bst0,Rest of US,0.6856053259965827
b7j6,Rest of US,1.0
9rxc,Rest of US,1.0
dnz7,Rest of US,1.0
9z32,Rest of US,1.0
bgc3,Rest of US,1.0
bdyg,Rest of US,0.8199071611867178
bkp6,Rest of US,1.0
9q9t,Rest of California,0.6545821006664094
9rm3,Rest of US,1.0
bs9c,Rest of US,1.0
9tnn,Rest of US,0.45121131531073
9x08,Rest of US,1.0
bdbr,Rest of US,1.0
b6vt,Rest of US,1.0
dj8e,Rest of US,1.0
f2p4,Rest of US,1.0
9rms,Rest of US,1.0
bs8f,Rest of US,1.0
9xrd,Rest of US,1.0
bs0s,Rest of US,1.0
bfbs,Rest of US,1.0
9v2c,Rest of US,1.0
b6wn,Rest of US,1.0
bsre,Rest of US,1.0
c8dc,Rest of US,1.0
dnvy,Rest of US,1.0
9yjf,Rest of US,1.0
dnw4,Rest of US,1.0
b750,Rest of US,1.0
f2nn,Rest of US,0.8816667631022345
f030,Rest of US,1.0
be4x,Rest of US,1.0
bk4w,Rest of US,1.0
c0ru,Rest of US,1.0
9y87,Rest of US,1.0
b3sj,Rest of US,0.10975259357178825
cbkb,Rest of US,1.0
bffz,Rest of US,1.0
dpmf,Rest of US,1.0
9x5t,Rest of US,1.0
9vrc,Rest of US,1.0
9w4e,Rest of US,1.0
9qpv,Rest of US,1.0
bekw,Rest of US,1.0
9qv1,Rest of US,1.0
bs4r,Rest of US,1.0
dn89,Rest of US,1.0
9y2p,Rest of US,1.0
c8j3,Rest of US,1.0
c861,Rest of US,1.0
b6qq,Rest of US,0.26964871015638836
9tc0,Rest of US,1.0
b69j,Rest of US,0.5474587515866184
9xxh,Rest of US,1.0
9wnw,Rest of US,1.0
9wmz,Rest of US,1.0
c8tg,Rest of US,1.0
bs2e,Rest of US,1.0
bdgq,Rest of US,1.0
9tes,Rest of US,0.18578624152358114
9z5q,Rest of US,1.0
9yp9,Rest of US,1.0
f047,Rest of US,0.1621788532035054
c236,Rest of US,1.0
9r32,Rest of California,1.0
dpr8,Rest of US,1.0
dn1u,Rest of US,1.0
9wp2,Rest of US,1.0
9x45,Rest of US,1.0
dp8x,Rest of US,1.0
9r36,Rest of California,1.0
drkx,Rest of US,1.0
9xdg,Rest of US,1.0
9rbp,Rest of US,1.0
9z1b,Rest of US,1.0
bs80,Rest of US,1.0
x4x2,Rest of US,0.07683405169958109
bdxh,Rest of US,0.3366424563716759
9rz9,Rest of US,1.0
bk4d,Rest of US,0.6065755977030772
bek3,Rest of US,1.0
dhtg,Rest of US,0.3870768647777511
9vze,Rest of US,1.0
dhyx,Rest of US,0.9068813813453116
cb2j,Rest of US,1.0
9x9x,Rest of US,1.0
9whm,Rest of US,1.0
djy5,Rest of US,1.0
9wcm,Rest of US,1.0
bs84,Rest of US,1.0
9zyv,Rest of US,1.0
djej,Rest of US,1.0
9qtr,Rest of US,1.0
dr72,Rest of US,1.0
9y0r,Rest of US,1.0
9z9t,Rest of US,1.0
9x2m,Rest of US,1.0
cbq8,Rest of US,1.0
9wd1,Rest of US,1.0
b6ey,Rest of US,1.0
bff6,Rest of US,1.0
9q5h,Rest of California,1.0
dr6x,Rest of US,1.0
dr2k,Rest of US,1.0
9xfy,Rest of US,1.0
9xzn,Rest of US,1.0
9y5x,Rest of US,1.0
bedu,Rest of US,1.0
bs1j,Rest of US,1.0
b7q9,Rest of US,1.0
c2xy,Rest of US,0.7461473971901796
c8q3,Rest of US,1.0
cb1n,Rest of US,1.0
9wxy,Rest of US,1.0
9z3g,Rest of US,1.0
bdzp,Rest of US,1.0
9yw9,Rest of US,1.0
9tr5,Rest of US,1.0
b7ew,Rest of US,1.0
9xuh,Rest of US,1.0
b1rm,Rest of US,0.11890239093773719
9xqe,Rest of US,1.0
9tye,Rest of US,1.0
9z9s,Rest of US,1.0
dpx8,Rest of US,1.0
9vx3,Rest of US,1.0
c2kn,Rest of US,1.0
djyc,Rest of US,0.95651453594211
9y4t,Rest of US,1.0
9zuu,Rest of US,1.0
djyp,Rest of US,1.0
8e8z,Rest of US,0.055436354235934564
bfpq,Rest of US,0.4082482114563736
9xnj,Rest of US,1.0
9wu9,Rest of US,1.0
9qrw,Rest of US,1.0
dqbw,Rest of US,1.0
dj6w,Rest of US,1.0
9ttr,Rest of US,1.0
9y15,Rest of US,1.0
9z42,Rest of US,1.0
cb4t,Rest of US,1.0
9z87,Rest of US,1.0
bg5p,Rest of US,1.0
dn75,Rest of US,1.0
c8pz,Rest of US,1.0
b6t6,Rest of US,1.0
be39,Rest of US,1.0
9vv2,Rest of US,1.0
dr7u,Rest of US,1.0
9uck,Rest of US,0.9946989529042463
9y1j,Rest of US,1.0
9qjk,Rest of California,1.0
bg40,Rest of US,1.0
9tsq,Rest of US,1.0
b7qy,Rest of US,1.0
9x9d,Rest of US,1.0
dpu6,Rest of US,0.8528977556560101
9z85,Rest of US,1.0
dnc8,Rest of US,1.0
bu4v,Rest of US,1.0
bdc5,Rest of US,1.0
drdt,Rest of US,1.0
cbkc,Rest of US,1.0
9w2z,Rest of US,1.0
9qe9,Rest of California,1.0
djg4,Rest of US,1.0
bew3,Rest of US,1.0
9z9d,Rest of US,1.0
cb10,Rest of US,1.0
9r37,Rest of California,1.0
9qt8,Rest of US,1.0
beu5,Rest of US,1.0
9vrn,Rest of US,1.0
djj4,Rest of US,0.13396287338630564
9xqy,Rest of US,1.0
cbmn,Rest of US,1.0
dqc2,Rest of US,0.9755507362839722
9vz8,Rest of US,1.0
bg50,Rest of US,1.0
dn0c,Rest of US,1.0
9rry,Rest of US,1.0
b7ev,Rest of US,1.0
9vxq,Rest of US,1.0
c2tj,Rest of US,1.0
9mu9,Rest of California,0.20653814084170272
be3v,Rest of US,1.0
9z3t,Rest of US,1.0
bkjs,Rest of US,1.0
b6ty,Rest of US,1.0
9z3s,Rest of US,1.0
9wm9,Rest of US,1.0
cbjr,Rest of US,1.0
9rzy,Rest of US,1.0
c0x8,Rest of US,1.0
dp3q,Rest of US,1.0
djhx,Rest of US,0.04581488522205696
cb2n,Rest of US,1.0
djgd,Rest of US,1.0
9wwt,Rest of US,1.0
bd70,Rest of US,1.0
9vbs,Rest of US,1.0
9zt4,Rest of US,1.0
cbqg,Rest of US,0.2642317448366093
b3ud,Rest of US,1.0
bsjs,Rest of US,1.0
be2b,Rest of US,1.0
9wc3,Rest of US,1.0
dp1s,Rest of US,1.0
dnx6,Rest of US,1.0
bd24,Rest of US,0.9720848713084094
bkr6,Rest of US,1.0
cb0c,Rest of US,1.0
dr10,Rest of US,1.0
9rfy,Rest of US,1.0
8e3q,Rest of US,1.0
dr4e,Rest of US,1.0
dp56,Rest of US,1.0
9qyz,Rest of US,1.0
dp25,Rest of US,1.0
cbqy,Rest of US,1.0
9t8f,Rest of US,0.39859605829810285
9x66,Rest of US,1.0
9rvn,Rest of US,1.0
bu0t,Rest of US,1.0
dr6s,Rest of US,1.0
dpct,Rest of US,0.9481355290436848
djn1,Rest of US,1.0
9x4v,Rest of US,1.0
9v5v,Rest of US,1.0
87yk,Rest of US,0.0598527763467599
djs4,Rest of US,1.0
9rv2,Rest of US,1.0
9wvz,Rest of US,1.0
9rk9,Rest of US,1.0
djjm,Rest of US,1.0
9ry3,Rest of US,1.0
dppe,Rest of US,1.0
9wzv,Rest of US,1.0
dntu,Rest of US,1.0
9xnx,Rest of US,1.0
bg87,Rest of US,1.0
dpnz,Rest of US,1.0
9zdz,Rest of US,1.0
9qc6,Rest of California,0.15153093129212605
djk4,Rest of US,0.08963256141729813
9zff,Rest of US,1.0
9w0r,Rest of US,1.0
dnmv,Rest of US,1.0
dphx,Rest of US,1.0
9q99,Rest of California,0.9929649065344577
cb0v,Rest of US,1.0
9xky,Rest of US,1.0
dr9v,Rest of US,1.0
9r1c,Rest of California,0.9999897406584731
c42g,Rest of US,1.0
bsd2,Rest of US,1.0
bk4m,Rest of US,1.0
9rbv,Rest of US,1.0
8e3t,Rest of US,0.39101075491782644
9vtx,Rest of US,1.0
9wrb,Rest of US,1.0
bd2h,Rest of US,0.9387548630850383
b6nb,Rest of US,1.0
b5q4,Rest of US,0.047501494974800516
ber2,Rest of US,1.0
bu46,Rest of US,1.0
9yq4,Rest of US,1.0
9tvx,Rest of US,1.0
dn6t,Rest of US,1.0
djkh,Rest of US,1.0
bgfq,Rest of US,1.0
cb59,Rest of US,1.0
8e3r,Rest of US,1.0
9v0b,Rest of US,0.9263469131720024
b6tg,Rest of US,1.0
9w7s,Rest of US,1.0
9w5y,Rest of US,1.0
bg0e,Rest of US,1.0
benx,Rest of US,1.0
bd6p,Rest of US,1.0
dnfm,Rest of US,1.0
bsqf,Rest of US,1.0
9xq3,Rest of US,1.0
9zmz,Rest of US,1.0
9y41,Rest of US,1.0
cb1q,Rest of US,1.0
bedw,Rest of US,1.0
dprn,Rest of US,1.0
b7q8,Rest of US,1.0
b6sc,Rest of US,0.7648926109116947
9x0n,Rest of US,1.0
9vx2,Rest of US,1.0
b7zb,Rest of US,1.0
c8nf,Rest of US,1.0
9w07,Rest of US,1.0
dhym,Rest of US,1.0
c89v,Rest of US,1.0
9x4p,Rest of US,1.0
bex5,Rest of US,1.0
9rgq,Rest of US,1.0
bdfp,Rest of US,1.0
9z6n,Rest of US,1.0
cbmk,Rest of US,1.0
9ufs,Rest of US,1.0
bev9,Rest of US,1.0
9zws,Rest of US,1.0
bfss,Rest of US,0.4713845248749385
9rcf,Rest of US,1.0
dp7r,Rest of US,1.0
dq8z,Rest of US,1.0
dn0v,Rest of US,1.0
c2sf,Rest of US,1.0
9q3u,Rest of California,1.0
bdy9,Rest of US,0.5025518456568754
dpn9,Rest of US,1.0
9ymz,Rest of US,1.0
9wgu,Rest of US,1.0
cb2x,Rest of US,1.0
bsq2,Rest of US,1.0
dqfv,Rest of US,0.08990019791943711
bek1,Rest of US,1.0
9wr5,Rest of US,1.0
9w33,Rest of US,1.0
9rfv,Rest of US,1.0
9zyc,Rest of US,1.0
9y16,Rest of US,1.0
bfc0,Rest of US,1.0
bu2c,Rest of US,1.0
dn0z,Rest of US,1.0
b6tb,Rest of US,0.997758494527822
9vqw,Rest of US,1.0
cb2u,Rest of US,1.0
bdvq,Rest of US,1.0
9xs2,Rest of US,1.0
9xfw,Rest of US,1.0
9x8w,Rest of US,1.0
9zm5,Rest of US,1.0
bsk0,Rest of US,1.0
bfcf,Rest of US,1.0
9v59,Rest of US,0.03478874690464901
be5b,Rest of US,1.0
b7w4,Rest of US,1.0
9tf6,Rest of US,1.0
9zc7,Rest of US,1.0
9zvk,Rest of US,1.0
b7kn,Rest of US,0.2655887354185688
bekg,Rest of US,1.0
drvg,Rest of US,1.0
9zfs,Rest of US,1.0
9zfp,Rest of US,1.0
be3t,Rest of US,1.0
dp18,Rest of US,1.0
9tzj,Rest of US,1.0
c8tb,Rest of US,1.0
dr63,Rest of US,1.0
9qkg,Rest of California,0.9999437319979746
bdb2,Rest of US,1.0
dhwx,Rest of US,1.0
be3k,Rest of US,1.0
9tcg,Rest of US,1.0
9yn3,Rest of US,1.0
9yb7,Rest of US,1.0
9ygq,Rest of US,1.0
dj8d,Rest of US,1.0
9zzf,Rest of US,1.0
9xyv,Rest of US,1.0
9xzd,Rest of US,1.0
bk4r,Rest of US,0.723265576738313
c2px,Rest of US,1.0
9xv3,Rest of US,1.0
cbe4,Rest of US,1.0
b7qs,Rest of US,1.0
9v3b,Rest of US,1.0
dq2b,Rest of US,1.0
cbh5,Rest of US,1.0
c1f9,Rest of US,0.4171220411451546
9wjv,Rest of US,1.0
b69w,Rest of US,1.0
9qq3,Rest of US,1.0
dppu,Rest of US,1.0
9qyd,Rest of US,1.0
bu2r,Rest of US,0.03383811528128794
bee1,Rest of US,1.0
bkn2,Rest of US,1.0
b6t7,Rest of US,1.0
9y0s,Rest of US,1.0
9ygv,Rest of US,1.0
c842,Rest of US,1.0
c1dz,Rest of US,0.1623683992377048
cb20,Rest of US,1.0
djfe,Rest of US,1.0
be47,Rest of US,1.0
9y07,Rest of US,1.0
9vwp,Rest of US,1.0
dq01,Rest of US,1.0
dnfd,Rest of US,1.0
c2wd,Rest of US,1.0
9qt6,Rest of US,1.0
bffh,Rest of US,1.0
9qwn,Rest of US,1.0
9r9v,Rest of US,1.0
9rjs,Rest of US,1.0
9q9s,Rest of California,0.418283984337681
bftc,Rest of US,0.9378481302642417
c1c7,Rest of US,0.7268003647919661
b7mq,Rest of US,0.7799163183265988
9rvm,Rest of US,1.0
b6rt,Rest of US,0.40624490992308404
dqcv,Rest of US,0.7998118002380125
c8wb,Rest of US,1.0
9t9d,Rest of US,0.7454902553750269
beq8,Rest of US,1.0
be0w,Rest of US,1.0
9w70,Rest of US,1.0
9qbn,Rest of California,0.9081489534722517
9yx3,Rest of US,1.0
x4zs,Rest of US,0.01752597766791361
9qmw,Rest of US,1.0
9wpq,Rest of US,1.0
c8qe,Rest of US,1.0
bdf7,Rest of US,1.0
9x80,Rest of US,1.0
b6rg,Rest of US,0.08331154843424063
9zyh,Rest of US,1.0
9xfz,Rest of US,1.0
b7me,Rest of US,0.4175805259367743
b7p5,Rest of US,1.0
bkq1,Rest of US,1.0
dnby,Rest of US,1.0
9tfe,Rest of US,1.0
9qsh,Rest of California,0.995277659966757
bd6f,Rest of US,0.14917670638426492
dp11,Rest of US,1.0
bsd4,Rest of US,0.9555839941433136
9zef,Rest of US,1.0
9w6s,Rest of US,1.0
9wv0,Rest of US,1.0
9zn6,Rest of US,1.0
9yr7,Rest of US,1.0
bddd,Rest of US,0.7563842873283407
dn9x,Rest of US,1.0
cb68,Rest of US,1.0
bd3z,Rest of US,1.0
cbtf,Rest of US,1.0
c1bm,Rest of US,0.043885973974064796
9vye,Rest of US,1.0
bdfe,Rest of US,1.0
djgx,Rest of US,1.0
9rer,Rest of US,1.0
cbn2,Rest of US,1.0
bu5e,Rest of US,0.9259045293929375
dj3u,Rest of US,0.5962224853840569
bev7,Rest of US,1.0
9zx4,Rest of US,1.0
b3dv,Rest of US,0.5010047020451908
dns7,Rest of US,1.0
bg9t,Rest of US,1.0
9zbw,Rest of US,1.0
bd83,Rest of US,1.0
9r8s,Rest of US,1.0
b15z,Rest of US,0.02043298578975841
9rfe,Rest of US,1.0
c82b,Rest of US,1.0
djb9,Rest of US,1.0
drg3,Rest of US,1.0
9r25,Rest of California,0.998716596456153
9rbw,Rest of US,1.0
9yy1,Rest of US,1.0
cb7d,Rest of US,1.0
b6t5,Rest of US,1.0
9z48,Rest of US,1.0
9yfs,Rest of US,1.0
9y6y,Rest of US,1.0
9r50,Rest of US,1.0
besw,Rest of US,1.0
c424,Rest of US,0.46192398597926987
djbe,Rest of US,1.0
be5e,Rest of US,1.0
dpqv,Rest of US,1.0
9vty,Rest of US,1.0
be6z,Rest of US,1.0
be4v,Rest of US,1.0
9zw5,Rest of US,1.0
cbq6,Rest of US,1.0
b7rz,Rest of US,1.0
bebu,Rest of US,1.0
b6xs,Rest of US,1.0
9tf5,Rest of US,1.0
c81z,Rest of US,1.0
9v62,Rest of US,1.0
bgbc,Rest of US,1.0
9yu9,Rest of US,1.0
dr3j,Rest of US,1.0
djur,Rest of US,1.0
9zt9,Rest of US,1.0
9vt6,Rest of US,1.0
bs7c,Rest of US,1.0
9v8x,Rest of US,1.0
bgfm,Rest of US,1.0
9yz9,Rest of US,1.0
9qkb,Rest of California,1.0
9qvw,Rest of US,1.0
bsh8,Rest of US,1.0
9yk1,Rest of US,1.0
djmt,Rest of US,1.0
dp2j,Rest of US,1.0
9rb3,Rest of US,1.0
dr1p,Rest of US,1.0
9r0x,Rest of California,1.0
9tnp,Rest of US,1.0
f081,Rest of US,0.12283447482241733
be4p,Rest of US,1.0
9yu7,Rest of US,1.0
9x24,Rest of US,1.0
9zuq,Rest of US,1.0
c438,Rest of US,0.29646992259515725
bg3f,Rest of US,1.0
dnzn,Rest of US,1.0
9tsk,Rest of US,0.6914581791366956
9vcd,Rest of US,1.0
djeu,Rest of US,1.0
9y4m,Rest of US,1.0
bexq,Rest of US,1.0
9w5t,Rest of US,1.0
c82y,Rest of US,1.0
bd2t,Rest of US,1.0
bs9j,Rest of US,0.05024987304682027
djjd,Rest of US,1.0
bg1d,Rest of US,1.0
9rhr,Rest of US,1.0
djvz,Rest of US,1.0
b1ry,Rest of US,0.06302245465837586
9yek,Rest of US,1.0
b7d9,Rest of US,1.0
c1c5,Rest of US,0.5777989568890536
c259,Rest of US,1.0
9z4k,Rest of US,1.0
dr73,Rest of US,1.0
b3v9,Rest of US,0.04941790388929378
cb0e,Rest of US,1.0
9xg5,Rest of US,1.0
b7qx,Rest of US,1.0
bs2y,Rest of US,1.0
drvj,Rest of US,1.0
c1fm,Rest of US,0.7212323622734453
c257,Rest of US,1.0
9wdk,Rest of US,1.0
9wz1,Rest of US,1.0
9xy3,Rest of US,1.0
be0u,Rest of US,1.0
cb7j,Rest of US,1.0
9tzb,Rest of US,1.0
c8n5,Rest of US,1.0
besc,Rest of US,1.0
9v79,Rest of US,1.0
9xwr,Rest of US,1.0
bf9t,Rest of US,0.575676659242826
b6su,Rest of US,0.8894993534227525
bg6m,Rest of US,1.0
dnpm,Rest of US,1.0
9wgj,Rest of US,1.0
9w4m,Rest of US,1.0
dr5q,Rest of US,0.2668948388666017
b7k2,Rest of US,0.13724620001962884
djs8,Rest of US,1.0
9yhh,Rest of US,1.0
9zmk,Rest of US,1.0
b6ph,Rest of US,0.20922361053057878
bu0x,Rest of US,1.0
bdbe,Rest of US,1.0
9rze,Rest of US,1.0
dr9m,Rest of US,1.0
9wks,Rest of US,1.0
bs94,Rest of US,0.9733320161600397
b6fg,Rest of US,1.0
djs6,Rest of US,1.0
dpry,Rest of US,1.0
9z61,Rest of US,1.0
f00x,Rest of US,1.0
bgft,Rest of US,1.0
c42w,Rest of US,0.6039480240125681
cb87,Rest of US,1.0
cb9s,Rest of US,1.0
bddn,Rest of US,1.0
bej0,Rest of US,1.0
9y9v,Rest of US,1.0
dre7,Rest of US,1.0
bdcs,Rest of US,1.0
9z53,Rest of US,1.0
9x4f,Rest of US,1.0
bkj7,Rest of US,1.0
bd0r,Rest of US,1.0
djq4,Rest of US,0.7301989807621015
9rfh,Rest of US,1.0
c80w,Rest of US,1.0
cbt8,Rest of US,1.0
9rjj,Rest of US,1.0
bed1,Rest of US,1.0
dq8q,Rest of US,1.0
b6ft,Rest of US,1.0
9w11,Rest of US,1.0
9wqu,Rest of US,1.0
b7t8,Rest of US,0.601325258189892
f2n0,Rest of US,1.0
b7qb,Rest of US,1.0
dhvh,Rest of US,0.14891741454704865
c1cy,Rest of US,0.6870649784875739
9wq4,Rest of US,1.0
c8h7,Rest of US,1.0
9z8c,Rest of US,1.0
9qjw,Rest of California,1.0
bef5,Rest of US,1.0
9zr7,Rest of US,1.0
be92,Rest of US,1.0
c8sm,Rest of US,1.0
bd8r,Rest of US,1.0
9y9u,Rest of US,1.0
dqck,Rest of US,1.0
bskf,Rest of US,1.0
9v82,Rest of US,1.0
dnps,Rest of US,1.0
f0hn,Rest of US,0.7233001184630021
9mut,Rest of California,0.9984704248412646
dr7m,Rest of US,1.0
bkj5,Rest of US,1.0
9vq5,Rest of US,1.0
djm5,Rest of US,1.0
9qen,Rest of California,0.9999265583089664
bk51,Rest of US,0.9269122030668395
9wx0,Rest of US,1.0
9rd4,Rest of US,1.0
9qdw,Rest of California,1.0
bdbs,Rest of US,1.0
bd8x,Rest of US,1.0
f2qg,Rest of US,1.0
9vqu,Rest of US,1.0
9tgk,Rest of US,1.0
9zr6,Rest of US,1.0
bsp6,Rest of US,1.0
dnkw,Rest of US,1.0
9tf4,Rest of US,1.0
dp9k,Rest of US,0.9967269223611388
9v1f,Rest of US,1.0
9r71,Rest of US,1.0
9xjf,Rest of US,1.0
beee,Rest of US,1.0
9zbm,Rest of US,1.0
9qwp,Rest of US,1.0
cbq1,Rest of US,1.0
9qsb,Rest of US,0.11666781985673898
9qsb,Rest of California,0.883332180143261
9xst,Rest of US,1.0
9rvq,Rest of US,1.0
bd2e,Rest of US,1.0
dnsd,Rest of US,1.0
dj0t,Rest of US,0.45446708759310256
9r8u,Rest of US,1.0
bu15,Rest of US,1.0
c2kb,Rest of US,1.0
9vfz,Rest of US,1.0
b7ye,Rest of US,1.0
c874,Rest of US,1.0
f00t,Rest of US,1.0
9vq1,Rest of US,1.0
9xz6,Rest of US,1.0
c8ty,Rest of US,0.7508076508071503
9qg4,Rest of US,0.050369594652011934
9qg4,Rest of California,0.949630405347988
f04w,Rest of US,1.0
9qeg,Rest of California,1.0
drfw,Rest of US,1.0
9r8x,Rest of US,1.0
c8my,Rest of US,1.0
c2ty,Rest of US,0.755827998089343
9v93,Rest of US,1.0
cb69,Rest of US,1.0
9q61,Rest of California,0.8778401661873856
9tyb,Rest of US,1.0
c85w,Rest of US,1.0
9y20,Rest of US,1.0
8e3n,Rest of US,0.49709090894470054
9wgt,Rest of US,1.0
9zbk,Rest of US,1.0
djv1,Rest of US,1.0
9q4z,Rest of California,1.0
f2pv,Rest of US,0.20822536403273695
9tgr,Rest of US,1.0
c2e9,Rest of US,1.0
9rsb,Rest of US,1.0
9r8e,Rest of US,1.0
c27w,Rest of US,1.0
b6ux,Rest of US,1.0
9xy2,Rest of US,1.0
c267,Rest of US,1.0
b7td,Rest of US,1.0
9yy2,Rest of US,1.0
b9bw,Rest of US,0.09410857966706629
bgfh,Rest of US,1.0
9v9z,Rest of US,1.0
dp94,Rest of US,1.0
drgd,Rest of US,1.0
bfbe,Rest of US,1.0
bk5v,Rest of US,1.0
dpg6,Rest of US,1.0
9r0r,Rest of California,1.0
djfn,Rest of US,1.0
9rhz,Rest of US,1.0
dp6b,Rest of US,1.0
djgs,Rest of US,1.0
c86b,Rest of US,1.0
bs43,Rest of US,1.0
9yz0,Rest of US,1.0
dpdx,Rest of US,0.9621882829631303
9r5v,Rest of US,1.0
bkrq,Rest of US,1.0
bg64,Rest of US,1.0
9zzz,Rest of US,1.0
9qub,Rest of US,1.0
9zjz,Rest of US,1.0
9rn5,Rest of US,1.0
dnvf,Rest of US,1.0
9tg9,Rest of US,1.0
dnd2,Rest of US,1.0
9rpn,Rest of US,1.0
9r39,Rest of California,1.0
9zps,Rest of US,1.0
9yrj,Rest of US,1.0
dre6,Rest of US,1.0
c1c8,Rest of US,0.4217361912742301
9q5v,Rest of California,1.0
b3ew,Rest of US,0.20595997111770703
9qfk,Rest of California,1.0
9x7b,Rest of US,1.0
c29b,Rest of US,1.0
9x25,Rest of US,1.0
9ysf,Rest of US,1.0
9q7e,Rest of California,1.0
cbq9,Rest of US,0.693749143179298
9zfw,Rest of US,1.0
f2pt,Rest of US,1.0
9rt4,Rest of US,1.0
cb6j,Rest of US,1.0
9ybv,Rest of US,1.0
cb32,Rest of US,1.0
9yqr,Rest of US,1.0
c8m3,Rest of US,1.0
dr9s,Rest of US,1.0
bg5n,Rest of US,1.0
bg09,Rest of US,1.0
dr01,Rest of US,1.0
dp2y,Rest of US,1.0
b6sq,Rest of US,0.9455387996864091
dq8d,Rest of US,1.0
9vdm,Rest of US,1.0
dp40,Rest of US,1.0
bdzz,Rest of US,1.0
bs48,Rest of US,1.0
bfct,Rest of US,1.0
bsp7,Rest of US,1.0
cbdk,Rest of US,1.0
9w3y,Rest of US,1.0
dpqh,Rest of US,0.9347393325496837
bsh0,Rest of US,1.0
c2x4,Rest of US,1.0
9wnc,Rest of US,1.0
b7qt,Rest of US,1.0
9v7j,Rest of US,1.0
c2s6,Rest of US,1.0
f017,Rest of US,1.0
9y3t,Rest of US,1.0
9zwf,Rest of US,1.0
bk78,Rest of US,0.9467201340784592
f03b,Rest of US,0.7186647172477666
cbk2,Rest of US,1.0
dr2q,Rest of US,1.0
bs5w,Rest of US,1.0
9vbw,Rest of US,1.0
bs59,Rest of US,1.0
dn1t,Rest of US,1.0
9tm8,Rest of US,0.1724793394740226
9z9j,Rest of US,1.0
dhyj,Rest of US,1.0
9qxg,Rest of US,1.0
bsr2,Rest of US,1.0
9vzm,Rest of US,1.0
9mzw,Rest of US,1.0
djz1,Rest of US,0.3251722521664687
9rdf,Rest of US,1.0
9ppy,Rest of California,1.0
dre3,Rest of US,1.0
dnfb,Rest of US,1.0
9r9q,Rest of US,1.0
cb1m,Rest of US,1.0
dnsn,Rest of US,1.0
c8mp,Rest of US,1.0
9tu8,Rest of US,1.0
dp0c,Rest of US,1.0
b6sp,Rest of US,1.0
9tb3,Rest of US,1.0
c8jt,Rest of US,1.0
9wbg,Rest of US,1.0
9y0c,Rest of US,1.0
c8t5,Rest of US,1.0
dpng,Rest of US,1.0
c80c,Rest of US,1.0
9tdy,Rest of US,1.0
bsqt,Rest of US,1.0
dr7t,Rest of US,1.0
djn4,Rest of US,1.0
b6vh,Rest of US,1.0
dpt5,Rest of US,1.0
dnz0,Rest of US,1.0
9vm1,Rest of US,1.0
bes4,Rest of US,1.0
b7eh,Rest of US,1.0
9qj7,Rest of California,1.0
dp2k,Rest of US,1.0
c2hv,Rest of US,1.0
dq26,Rest of US,1.0
dru4,Rest of US,1.0
dhtv,Rest of US,0.7692149889429319
9rn3,Rest of US,1.0
9rb6,Rest of US,1.0
9vdf,Rest of US,1.0
9y4p,Rest of US,1.0
be41,Rest of US,1.0
dnj2,Rest of US,1.0
b6v6,Rest of US,1.0
9wce,Rest of US,1.0
dr0g,Rest of US,1.0
behn,Rest of US,1.0
f2pm,Rest of US,1.0
djw5,Rest of US,0.9782912587804276
bese,Rest of US,1.0
9z72,Rest of US,1.0
9ze9,Rest of US,1.0
be5x,Rest of US,1.0
bs5y,Rest of US,1.0
b11y,Rest of US,0.3663035901753232
9vxm,Rest of US,1.0
dj2q,Rest of US,1.0
c411,Rest of US,0.8048130295808761
dn6x,Rest of US,1.0
9y8z,Rest of US,1.0
9qfq,Rest of California,1.0
9x5s,Rest of US,1.0
bd5p,Rest of US,1.0
bg53,Rest of US,1.0
be70,Rest of US,1.0
bdut,Rest of US,1.0
9ycm,Rest of US,1.0
c2k5,Rest of US,1.0
9qqt,Rest of US,1.0
9w24,Rest of US,1.0
9wmu,Rest of US,1.0
9rx4,Rest of US,1.0
bd6k,Rest of US,0.8686426736598928
b7d8,Rest of US,1.0
9w16,Rest of US,1.0
bkwd,Rest of US,0.9453005886155382
cb3b,Rest of US,1.0
bu56,Rest of US,1.0
c2sy,Rest of US,0.7531588454150147
9y14,Rest of US,1.0
dnht,Rest of US,1.0
bg9w,Rest of US,1.0
9zje,Rest of US,1.0
9vtr,Rest of US,1.0
dr7q,Rest of US,1.0
87yj,Rest of US,0.026229330324155514
djwz,Rest of US,0.02577905775370345
dp3j,Rest of US,1.0
9r3g,Rest of California,1.0
drye,Rest of US,1.0
c298,Rest of US,1.0
9z8x,Rest of US,1.0
9r6y,Rest of US,1.0
c2hn,Rest of US,1.0
bgen,Rest of US,1.0
b6yg,Rest of US,1.0
9x6z,Rest of US,1.0
9zjs,Rest of US,1.0
be2q,Rest of US,1.0
bs1v,Rest of US,1.0
dnr9,Rest of US,1.0
9zj0,Rest of US,1.0
9vyr,Rest of US,1.0
c2d3,Rest of US,1.0
dr4u,Rest of US,1.0
dj8s,Rest of US,1.0
bsdb,Rest of US,1.0
b7d7,Rest of US,1.0
djy8,Rest of US,1.0
9q5z,Rest of California,1.0
dnj9,Rest of US,1.0
bs2j,Rest of US,1.0
9qre,Rest of US,1.0
c2pu,Rest of US,1.0
9ywb,Rest of US,1.0
bg6f,Rest of US,1.0
c1f1,Rest of US,0.4344315980129801
bg6b,Rest of US,1.0
c2w0,Rest of US,1.0
dp2u,Rest of US,1.0
9xhm,Rest of US,1.0
9rd6,Rest of US,1.0
9yjp,Rest of US,1.0
9ybm,Rest of US,1.0
bddj,Rest of US,1.0
dney,Rest of US,1.0
f2n3,Rest of US,1.0
9xp8,Rest of US,1.0
djmn,Rest of US,1.0
cb3y,Rest of US,1.0
9vrm,Rest of US,1.0
9yqz,Rest of US,1.0
bsrw,Rest of US,1.0
dpp5,Rest of US,1.0
bkpn,Rest of US,1.0
dpby,Rest of US,1.0
9yp8,Rest of US,1.0
drd7,Rest of US,1.0
bfxc,Rest of US,0.9723191196459979
9t8m,Rest of US,1.0
djgh,Rest of US,1.0
djjh,Rest of US,0.2882821333566398
9yux,Rest of US,1.0
bk7g,Rest of US,0.06399980101546068
9rwk,Rest of US,1.0
9zuf,Rest of US,1.0
bge3,Rest of US,1.0
cb7v,Rest of US,1.0
dr4b,Rest of US,1.0
dhqx,Rest of US,0.7359675683848883
9x21,Rest of US,1.0
bs0q,Rest of US,1.0
9qpu,Rest of US,1.0
bkhk,Rest of US,1.0
9x6n,Rest of US,1.0
dp86,Rest of US,1.0
dp96,Rest of US,1.0
djvx,Rest of US,1.0
b7p1,Rest of US,1.0
f2j9,Rest of US,0.8038641853251867
b6tm,Rest of US,1.0
9qzz,Rest of US,1.0
9y9d,Rest of US,1.0
9rwq,Rest of US,1.0
bge9,Rest of US,0.926259213810287
9wkh,Rest of US,1.0
c2pw,Rest of US,1.0
bebf,Rest of US,1.0
bs8u,Rest of US,1.0
9y6f,Rest of US,1.0
f01w,Rest of US,1.0
beny,Rest of US,1.0
b6vj,Rest of US,1.0
9qd7,Rest of California,0.9999967929413441
9rxv,Rest of US,1.0
dr1x,Rest of US,1.0
f029,Rest of US,1.0
9wvv,Rest of US,1.0
9wqk,Rest of US,1.0
dpju,Rest of US,1.0
bd6x,Rest of US,0.9698417477901984
9qb8,Rest of US,0.01802622898164033
9rnb,Rest of US,1.0
9rd3,Rest of US,1.0
9tf0,Rest of US,1.0
c42q,Rest of US,1.0
b6gw,Rest of US,1.0
dn8c,Rest of US,1.0
x5pw,Rest of US,0.029237014621780907
bu4m,Rest of US,1.0
9x8c,Rest of US,1.0
c204,Rest of US,1.0
9qyh,Rest of US,1.0
9r1s,Rest of California,0.999935477176166
dj79,Rest of US,0.772339836830567
bu77,Rest of US,1.0
9vxd,Rest of US,1.0
9wcz,Rest of US,1.0
cbhr,Rest of US,1.0
dre0,Rest of US,1.0
9wd7,Rest of US,1.0
dr1z,Rest of US,1.0
cb39,Rest of US,1.0
9xfh,Rest of US,1.0
drk1,Rest of US,0.0550182172272056
9ygd,Rest of US,1.0
dn2q,Rest of US,1.0
dn4g,Rest of US,1.0
bu73,Rest of US,1.0
9xuf,Rest of US,1.0
dnyt,Rest of US,1.0
dppc,Rest of US,1.0
9yeh,Rest of US,1.0
bg4e,Rest of US,1.0
dn30,Rest of US,1.0
b3yv,Rest of US,0.046959788523779175
9qcf,Rest of California,1.0
cb3s,Rest of US,1.0
dreh,Rest of US,1.0
bd9h,Rest of US,1.0
dp7f,Rest of US,1.0
c2rx,Rest of US,1.0
b6uw,Rest of US,1.0
9tgw,Rest of US,1.0
dn95,Rest of US,1.0
dqfy,Rest of US,0.47790636477347254
9x53,Rest of US,1.0
9rfp,Rest of US,1.0
9z73,Rest of US,1.0
9yqt,Rest of US,1.0
9v2y,Rest of US,1.0
c23y,Rest of US,1.0
9r0z,Rest of California,1.0
bdk5,Rest of US,0.09152152068884839
c2sn,Rest of US,0.7591934866969394
b7uk,Rest of US,0.3438430904661163
9y6x,Rest of US,1.0
9vvc,Rest of US,1.0
9r6x,Rest of US,1.0
9vyw,Rest of US,1.0
bkj2,Rest of US,1.0
cb90,Rest of US,1.0
dru6,Rest of US,1.0
b1rv,Rest of US,0.28957147601784716
cbk8,Rest of US,1.0
9vx8,Rest of US,1.0
9qnd,Rest of US,0.09395586424189478
9qnd,Rest of California,0.906044135758105
bfpx,Rest of US,0.6175179526533823
9qmp,Rest of US,0.4043475381858419
9qmp,Rest of California,0.5956524618141581
bg1f,Rest of US,1.0
b7y0,Rest of US,1.0
9xuc,Rest of US,1.0
9ynv,Rest of US,1.0
dhwq,Rest of US,1.0
djun,Rest of US,1.0
dpsx,Rest of US,1.0
9v7m,Rest of US,1.0
9mzr,Rest of US,1.0
9y24,Rest of US,1.0
dq8n,Rest of US,1.0
9yj4,Rest of US,1.0
c86r,Rest of US,1.0
cbd6,Rest of US,1.0
dnfk,Rest of US,1.0
c87c,Rest of US,1.0
9rje,Rest of US,1.0
9r2b,Rest of California,1.0
be9j,Rest of US,1.0
cbj9,Rest of US,1.0
dpum,Rest of US,1.0
9r11,Rest of California,1.0
9x7y,Rest of US,1.0
9qg9,Rest of US,0.984060886581968
9qg9,Rest of California,0.015939113418031985
9qrz,Rest of US,1.0
b6dj,Rest of US,0.8102445837132322
9rz5,Rest of US,1.0
dhwf,Rest of US,0.9051204525331417
9qq0,Rest of US,0.04530833075837654
9qq0,Rest of California,0.9546916692416234
dj9x,Rest of US,1.0
djs9,Rest of US,1.0
bu5q,Rest of US,1.0
djkm,Rest of US,1.0
9y3u,Rest of US,1.0
9z02,Rest of US,1.0
9wx2,Rest of US,1.0
b32q,Rest of US,0.17192558913366332
dnv9,Rest of US,1.0
9wz5,Rest of US,1.0
9y5z,Rest of US,1.0
9tw6,Rest of US,1.0
9y6p,Rest of US,1.0
b75x,Rest of US,0.35826989799259845
be66,Rest of US,1.0
9q6n,Rest of California,0.9997513022982193
bfpe,Rest of US,0.37319374448909715
9vdv,Rest of US,1.0
9xf1,Rest of US,1.0
dprr,Rest of US,1.0
b6p8,Rest of US,0.019516200967301254
9xtg,Rest of US,1.0
9v2q,Rest of US,1.0
djgg,Rest of US,1.0
9wj0,Rest of US,1.0
9wwc,Rest of US,1.0
b15p,Rest of US,0.10182527781652176
9z2b,Rest of US,1.0
f2j2,Rest of US,1.0
bezj,Rest of US,1.0
9rup,Rest of US,1.0
9q5s,Rest of California,0.9997616878437434
drdd,Rest of US,1.0
9yvp,Rest of US,1.0
9z0b,Rest of US,1.0
zc7j,Rest of US,0.3371128793737957
9xwd,Rest of US,1.0
9zu6,Rest of US,1.0
bdvw,Rest of US,1.0
9y2c,Rest of US,1.0
bef9,Rest of US,1.0
9tgg,Rest of US,1.0
9q6d,Rest of California,1.0
9zz9,Rest of US,1.0
dq86,Rest of US,1.0
dnny,Rest of US,1.0
cbmc,Rest of US,1.0
bfg8,Rest of US,0.9316435532137499
9tc4,Rest of US,1.0
dpqw,Rest of US,0.5456259802684378
bedn,Rest of US,1.0
9y9z,Rest of US,1.0
9tet,Rest of US,1.0
beu7,Rest of US,1.0
bg43,Rest of US,1.0
cb5k,Rest of US,1.0
c86x,Rest of US,1.0
c2kh,Rest of US,1.0
bs3y,Rest of US,1.0
b6ys,Rest of US,1.0
dr7x,Rest of US,1.0
9xv6,Rest of US,1.0
9zcs,Rest of US,1.0
9w96,Rest of US,1.0
9qq2,Rest of US,0.8807401239678088
9qq2,Rest of California,0.11925987603219121
bd0x,Rest of US,1.0
9wf7,Rest of US,1.0
9zcd,Rest of US,1.0
9r0n,Rest of California,1.0
9mzc,Rest of US,1.0
9qpg,Rest of US,1.0
djmm,Rest of US,1.0
bd8g,Rest of US,1.0
9pps,Rest of California,0.3513609954035464
bu6w,Rest of US,0.17745558493872238
9w6v,Rest of US,1.0
9xjc,Rest of US,1.0
9wvq,Rest of US,1.0
dnk4,Rest of US,1.0
b7dg,Rest of US,1.0
dpj9,Rest of US,1.0
9xgb,Rest of US,1.0
beuv,Rest of US,1.0
dhy4,Rest of US,1.0
bdb3,Rest of US,1.0
c84n,Rest of US,1.0
c2t8,Rest of US,1.0
9v3n,Rest of US,1.0
b7xp,Rest of US,1.0
c8hn,Rest of US,1.0
cbs2,Rest of US,1.0
bu76,Rest of US,1.0
9xhg,Rest of US,1.0
bg88,Rest of US,1.0
b6cy,Rest of US,0.433642018223315
be7r,Rest of US,1.0
dpem,Rest of US,1.0
dn58,Rest of US,1.0
dntr,Rest of US,1.0
dp1j,Rest of US,1.0
9wm5,Rest of US,1.0
9wg8,Rest of US,1.0
c2s7,Rest of US,1.0
9z41,Rest of US,1.0
dnfz,Rest of US,1.0
9ycf,Rest of US,1.0
9w6k,Rest of US,1.0
9x5f,Rest of US,1.0
cbdh,Rest of US,1.0
bfsd,Rest of US,0.4343181336900133
bet1,Rest of US,1.0
bd9f,Rest of US,1.0
9my6,Rest of US,0.07197856906079635
9my6,Rest of California,0.872114454556522
9rd0,Rest of US,1.0
bs56,Rest of US,1.0
9tcq,Rest of US,1.0
bdvd,Rest of US,0.7167575310567158
9ry7,Rest of US,1.0
9tm9,Rest of US,0.4988512370198537
bd0w,Rest of US,0.9467478803678736
9qnb,Rest of US,1.0
b7s9,Rest of US,1.0
bfbb,Rest of US,1.0
cbn4,Rest of US,1.0
9x7c,Rest of US,1.0
9xs4,Rest of US,1.0
bkr5,Rest of US,1.0
dn4x,Rest of US,1.0
9vcy,Rest of US,1.0
9ywu,Rest of US,1.0
9q4e,Rest of California,0.033946245741998546
9v27,Rest of US,1.0
cbr7,Rest of US,0.13428687572342582
bd4s,Rest of US,0.8215342006359113
bew4,Rest of US,1.0
9twc,Rest of US,1.0
f003,Rest of US,1.0
9xu0,Rest of US,1.0
9w5b,Rest of US,1.0
9x7d,Rest of US,1.0
bg9g,Rest of US,1.0
c2wf,Rest of US,1.0
9z33,Rest of US,1.0
9wwj,Rest of US,1.0
9xpj,Rest of US,1.0
bdfw,Rest of US,1.0
9x3t,Rest of US,1.0
9rcx,Rest of US,1.0
9ydn,Rest of US,1.0
b7g0,Rest of US,1.0
dpjp,Rest of US,1.0
c87n,Rest of US,1.0
9zy3,Rest of US,1.0
dqbv,Rest of US,1.0
9yuy,Rest of US,1.0
beh8,Rest of US,1.0
9x7p,Rest of US,1.0
djy7,Rest of US,1.0
dne8,Rest of US,1.0
bedx,Rest of US,1.0
dpn0,Rest of US,1.0
9my9,Rest of US,1.0
9r9w,Rest of US,1.0
becq,Rest of US,1.0
bgdn,Rest of US,1.0
dhwj,Rest of US,1.0
dn7r,Rest of US,1.0
9xfm,Rest of US,1.0
dq30,Rest of US,1.0
9y0v,Rest of US,1.0
bs6d,Rest of US,1.0
dpsw,Rest of US,1.0
bsht,Rest of US,1.0
b7he,Rest of US,1.0
dpuf,Rest of US,0.28728958617919065
9rv8,Rest of US,1.0
be6w,Rest of US,1.0
9r0t,Rest of California,0.9999928637150438
dr8j,Rest of US,1.0
9z95,Rest of US,1.0
9qm1,Rest of California,1.0
9r1h,Rest of California,1.0
c8hb,Rest of US,1.0
9qwy,Rest of US,1.0
9yjg,Rest of US,1.0
dn6j,Rest of US,1.0
9rss,Rest of US,1.0
9qrd,Rest of US,1.0
9tfp,Rest of US,1.0
c2x5,Rest of US,1.0
bu71,Rest of US,1.0
bg1h,Rest of US,1.0
c2q0,Rest of US,1.0
9xpu,Rest of US,1.0
9q7k,Rest of California,1.0
been,Rest of US,1.0
9zms,Rest of US,1.0
bgdx,Rest of US,1.0
9rrh,Rest of US,1.0
9ucn,Rest of US,0.9998266557291446
9qzs,Rest of US,1.0
9wm3,Rest of US,1.0
bk5u,Rest of US,1.0
dqce,Rest of US,0.3591537911499298
dp29,Rest of US,1.0
dpgj,Rest of US,1.0
9yx0,Rest of US,1.0
djsx,Rest of US,1.0
c892,Rest of US,1.0
dnh3,Rest of US,1.0
dr86,Rest of US,1.0
c2e0,Rest of US,1.0
9xjy,Rest of US,1.0
dq99,Rest of US,0.9612332628120644
9zyb,Rest of US,1.0
9z9v,Rest of US,1.0
b798,Rest of US,0.4702130766864753
c20p,Rest of US,0.8595383547998104
bs7m,Rest of US,1.0
dnj3,Rest of US,1.0
bu3q,Rest of US,0.4896373008871278
9vbt,Rest of US,1.0
dnb5,Rest of US,1.0
9x4s,Rest of US,1.0
9y3b,Rest of US,1.0
b7tx,Rest of US,1.0
bknw,Rest of US,1.0
bgd5,Rest of US,1.0
9we6,Rest of US,1.0
9y8e,Rest of US,1.0
9tcu,Rest of US,1.0
9wfh,Rest of US,1.0
9x9j,Rest of US,1.0
c2nx,Rest of US,1.0
dpb4,Rest of US,1.0
dncy,Rest of US,1.0
9qww,Rest of US,1.0
9yqe,Rest of US,1.0
8e9d,Rest of US,0.014193802196329503
bgck,Rest of US,1.0
b6v2,Rest of US,1.0
bu6f,Rest of US,1.0
9zvy,Rest of US,1.0
dr4k,Rest of US,1.0
9wtx,Rest of US,1.0
b7dt,Rest of US,1.0
dj78,Rest of US,0.1306337512843469
b6wt,Rest of US,1.0
b7hv,Rest of US,1.0
9yhn,Rest of US,1.0
9t95,Rest of US,1.0
b7n2,Rest of US,1.0
dr9d,Rest of US,1.0
9rgj,Rest of US,1.0
c86d,Rest of US,1.0
bfqg,Rest of US,0.5264104998661295
9x75,Rest of US,1.0
9rep,Rest of US,1.0
9rdw,Rest of US,1.0
9xdt,Rest of US,1.0
bgfj,Rest of US,1.0
dpcd,Rest of US,0.619052767594554
bf9m,Rest of US,0.20628037052893353
c40j,Rest of US,0.47733047820359975
c422,Rest of US,1.0
bd3q,Rest of US,1.0
f03c,Rest of US,0.11572263647256945
c22n,Rest of US,1.0
bdeb,Rest of US,0.012331608239791257
dq3q,Rest of US,0.9700779306304756
c8td,Rest of US,1.0
c8qh,Rest of US,1.0
bs47,Rest of US,1.0
dnqs,Rest of US,1.0
9pzv,Rest of US,0.9203370756052343
9xzs,Rest of US,1.0
9qrq,Rest of US,1.0
dpbd,Rest of US,1.0
9tzd,Rest of US,1.0
bkkm,Rest of US,0.9906766455336531
9wy7,Rest of US,1.0
9y55,Rest of US,1.0
drs8,Rest of US,1.0
9qmc,Rest of California,1.0
bg7h,Rest of US,1.0
djeh,Rest of US,1.0
bfdt,Rest of US,0.19231632608086988
9v1b,Rest of US,1.0
9z6w,Rest of US,1.0
9vcb,Rest of US,1.0
9x2p,Rest of US,1.0
dp9h,Rest of US,1.0
9wkw,Rest of US,1.0
9z03,Rest of US,1.0
9qpy,Rest of US,1.0
bshw,Rest of US,1.0
bg9b,Rest of US,1.0
9qjt,Rest of California,1.0
c2j7,Rest of US,1.0
c42s,Rest of US,0.9680294121099855
dr20,Rest of US,1.0
c89b,Rest of US,1.0
9rds,Rest of US,1.0
9rz0,Rest of US,1.0
c8kf,Rest of US,1.0
9veh,Rest of US,1.0
drc9,Rest of US,0.04828924996352526
c2d2,Rest of US,1.0
9zsq,Rest of US,1.0
9y2e,Rest of US,1.0
9mzn,Rest of US,1.0
9qeq,Rest of California,1.0
bg4q,Rest of US,1.0
c482,Rest of US,0.24910770884477892
c806,Rest of US,1.0
9r3e,Rest of California,1.0
bdzv,Rest of US,1.0
9rwt,Rest of US,1.0
bg00,Rest of US,1.0
9vyh,Rest of US,1.0
bg9c,Rest of US,1.0
c8n7,Rest of US,1.0
dpgq,Rest of US,1.0
b6rb,Rest of US,0.5291901043872024
dns2,Rest of US,1.0
b7tj,Rest of US,1.0
9wsp,Rest of US,1.0
cbm1,Rest of US,1.0
c42v,Rest of US,0.6672581628755687
c8np,Rest of US,1.0
9qm7,Rest of California,0.9968199846485546
bdu7,Rest of US,0.8507335649869628
9vyj,Rest of US,1.0
b7gt,Rest of US,0.21928312321926424
9ywe,Rest of US,1.0
c8tv,Rest of US,1.0
c21v,Rest of US,1.0
bg11,Rest of US,1.0
bsnj,Rest of US,1.0
c8w6,Rest of US,1.0
b7ed,Rest of US,1.0
c24w,Rest of US,1.0
9yz8,Rest of US,1.0
9v33,Rest of US,1.0
9wz7,Rest of US,1.0
9zqp,Rest of US,1.0
bs7y,Rest of US,1.0
9yvd,Rest of US,1.0
c2jw,Rest of US,1.0
dptq,Rest of US,0.24030408411078008
c83y,Rest of US,1.0
dq0p,Rest of US,1.0
c26k,Rest of US,1.0
dj3n,Rest of US,1.0
bsjh,Rest of US,1.0
9wm2,Rest of US,1.0
9vm3,Rest of US,0.8147491810241555
djhz,Rest of US,0.8437922888313402
9z9m,Rest of US,1.0
9zm9,Rest of US,1.0
b7wb,Rest of US,1.0
9xjx,Rest of US,1.0
9wt7,Rest of US,1.0
9r9d,Rest of US,1.0
9r46,Rest of California,1.0
9wzt,Rest of US,1.0
bfbm,Rest of US,1.0
9xp9,Rest of US,1.0
9y09,Rest of US,1.0
9qgu,Rest of US,1.0
9vvu,Rest of US,1.0
c8hw,Rest of US,1.0
bfek,Rest of US,0.11802385868249321
9zbq,Rest of US,1.0
bkm2,Rest of US,1.0
9tuf,Rest of US,1.0
9wwz,Rest of US,1.0
bg98,Rest of US,1.0
cb9n,Rest of US,0.753028910463844
bkm7,Rest of US,1.0
9ywy,Rest of US,1.0
bg4f,Rest of US,1.0
bk4j,Rest of US,1.0
bem3,Rest of US,1.0
c26z,Rest of US,1.0
9xys,Rest of US,1.0
dpe1,Rest of US,1.0
9mz9,Rest of US,1.0
9r5y,Rest of US,1.0
9r01,Rest of California,1.0
9xrk,Rest of US,1.0
b7y5,Rest of US,1.0
dn24,Rest of US,1.0
9wmx,Rest of US,1.0
dp0d,Rest of US,1.0
9xbd,Rest of US,1.0
dncb,Rest of US,1.0
9rg5,Rest of US,1.0
cbt1,Rest of US,1.0
9xd6,Rest of US,1.0
9tuw,Rest of US,1.0
9wqb,Rest of US,1.0
f2pd,Rest of US,1.0
9yd0,Rest of US,1.0
b7eq,Rest of US,1.0
dn4p,Rest of US,1.0
begv,Rest of US,1.0
bsq3,Rest of US,1.0
dq3d,Rest of US,0.9351981558689151
9xvw,Rest of US,1.0
dq28,Rest of US,1.0
9tmz,Rest of US,1.0
dq3c,Rest of US,0.6944945327508992
bfey,Rest of US,0.8528264245894496
9zmp,Rest of US,1.0
9yb8,Rest of US,1.0
bgfg,Rest of US,1.0
9xyg,Rest of US,1.0
c2m2,Rest of US,1.0
dq2r,Rest of US,1.0
c879,Rest of US,1.0
bs77,Rest of US,1.0
9zjw,Rest of US,1.0
9r7y,Rest of US,1.0
9rht,Rest of US,1.0
9qy0,Rest of US,1.0
9ze0,Rest of US,1.0
bsj8,Rest of US,1.0
c1bf,Rest of US,0.12881276808998054
9v3k,Rest of US,1.0
9ze1,Rest of US,1.0
bg9x,Rest of US,1.0
bdv4,Rest of US,0.7797391741828146
9rxn,Rest of US,1.0
b33p,Rest of US,0.2129459130298487
9rtm,Rest of US,1.0
9xd4,Rest of US,1.0
9znu,Rest of US,1.0
9v8e,Rest of US,1.0
bdv2,Rest of US,1.0
bd0h,Rest of US,1.0
b3vm,Rest of US,1.0
9zre,Rest of US,1.0
9mvh,Rest of California,1.0
bsrk,Rest of US,1.0
bsru,Rest of US,1.0
c8kn,Rest of US,1.0
9xeq,Rest of US,1.0
drk4,Rest of US,0.4266075734770194
bedt,Rest of US,1.0
drtx,Rest of US,1.0
bged,Rest of US,0.9262395091204477
b7j0,Rest of US,1.0
9qbw,Rest of California,1.0
bftn,Rest of US,0.2387341316446206
9twf,Rest of US,1.0
9x2c,Rest of US,1.0
dn1e,Rest of US,1.0
dnjx,Rest of US,1.0
bfb6,Rest of US,1.0
b39u,Rest of US,0.15860128493508277
9w95,Rest of US,1.0
dnm4,Rest of US,1.0
9zyn,Rest of US,1.0
dp68,Rest of US,1.0
drdf,Rest of US,1.0
9rk5,Rest of US,1.0
9zy6,Rest of US,1.0
djd9,Rest of US,1.0
9ttm,Rest of US,1.0
9xkp,Rest of US,1.0
9q96,Rest of California,0.6718265453732856
b7qh,Rest of US,1.0
dpbc,Rest of US,1.0
c8j7,Rest of US,1.0
9qn6,Rest of California,1.0
c450,Rest of US,0.18011316379787798
beuf,Rest of US,1.0
bd23,Rest of US,1.0
9ryb,Rest of US,1.0
9z2e,Rest of US,1.0
c2t0,Rest of US,1.0
9qcz,Rest of California,0.9999030421015612
drdj,Rest of US,1.0
f05u,Rest of US,0.3035109125595001
9tqr,Rest of US,1.0
dnkm,Rest of US,1.0
9ve7,Rest of US,1.0
9r6r,Rest of US,1.0
djuq,Rest of US,1.0
9y0x,Rest of US,1.0
9zgt,Rest of US,1.0
dnwt,Rest of US,1.0
9wdw,Rest of US,1.0
bu5p,Rest of US,1.0
dnqv,Rest of US,1.0
9rc0,Rest of US,1.0
bs3c,Rest of US,1.0
drtt,Rest of US,0.9985028812390784
dpmh,Rest of US,0.274711746500524
dngb,Rest of US,1.0
dnz1,Rest of US,1.0
9ttb,Rest of US,1.0
9qgw,Rest of US,1.0
9qwe,Rest of US,1.0
9v60,Rest of US,1.0
9wy8,Rest of US,1.0
cb2p,Rest of US,1.0
dnt1,Rest of US,1.0
djyz,Rest of US,1.0
bex7,Rest of US,1.0
dnkf,Rest of US,1.0
benu,Rest of US,1.0
bg0h,Rest of US,1.0
c85d,Rest of US,1.0
dhyd,Rest of US,1.0
b6nd,Rest of US,0.3712248261071445
bsq8,Rest of US,1.0
9rdc,Rest of US,1.0
bdfs,Rest of US,1.0
dq0k,Rest of US,1.0
be1y,Rest of US,1.0
f2pf,Rest of US,0.9996588806720619
b6n2,Rest of US,1.0
dhys,Rest of US,1.0
cb6h,Rest of US,1.0
cb24,Rest of US,1.0
bsmc,Rest of US,1.0
be5t,Rest of US,1.0
dpcg,Rest of US,0.04162028175318655
c2ew,Rest of US,0.7568124109854276
bfqx,Rest of US,0.8652524404956212
bkp3,Rest of US,1.0
dpey,Rest of US,1.0
9v6j,Rest of US,1.0
bkp1,Rest of US,1.0
dnvm,Rest of US,1.0
f019,Rest of US,0.9932423719625401
c24j,Rest of US,1.0
c2h0,Rest of US,1.0
c1gr,Rest of US,0.23899914038867834
djcd,Rest of US,1.0
dp59,Rest of US,1.0
c40f,Rest of US,1.0
9rgr,Rest of US,1.0
b7v1,Rest of US,0.2964678955924642
bekn,Rest of US,1.0
drzu,Rest of US,0.02509548764146161
9xqk,Rest of US,1.0
b6zr,Rest of US,1.0
bg13,Rest of US,1.0
b6t2,Rest of US,1.0
dhyt,Rest of US,1.0
bfqj,Rest of US,0.486482402437619
9xyk,Rest of US,1.0
9yr0,Rest of US,1.0
be9s,Rest of US,1.0
9tnq,Rest of US,0.9997307030158262
9vy4,Rest of US,1.0
8eb2,Rest of US,0.5073760217989616
cb46,Rest of US,1.0
9wcf,Rest of US,1.0
f2n9,Rest of US,1.0
9rqz,Rest of US,1.0
c29c,Rest of US,1.0
9z9f,Rest of US,1.0
berv,Rest of US,1.0
9zbr,Rest of US,1.0
dp0m,Rest of US,1.0
9ys8,Rest of US,1.0
9xtq,Rest of US,1.0
bfqw,Rest of US,0.9832384640461371
9px9,Rest of US,0.9114733053768749
9x7j,Rest of US,1.0
9yum,Rest of US,1.0
dr6c,Rest of US,1.0
bsk9,Rest of US,1.0
9xht,Rest of US,1.0
c1fh,Rest of US,0.8313440595642947
9wp7,Rest of US,1.0
9xdm,Rest of US,1.0
beg1,Rest of US,1.0
9zh1,Rest of US,1.0
bfev,Rest of US,1.0
dn7g,Rest of US,1.0
dpj5,Rest of US,1.0
9xv2,Rest of US,1.0
9ruc,Rest of US,1.0
9ttw,Rest of US,1.0
bdyq,Rest of US,1.0
b11q,Rest of US,0.4487822753258203
bg05,Rest of US,1.0
bddg,Rest of US,0.6324761534857993
9y3p,Rest of US,1.0
9vf8,Rest of US,1.0
9w9w,Rest of US,1.0
9xhc,Rest of US,1.0
c8q9,Rest of US,1.0
9yrw,Rest of US,1.0
9qn4,Rest of California,1.0
dptj,Rest of US,1.0
b3ve,Rest of US,0.39911089557588214
9nzz,Rest of California,0.13468413778255306
bsqd,Rest of US,1.0
9v4q,Rest of US,1.0
bsrq,Rest of US,1.0
bg44,Rest of US,1.0
9xh0,Rest of US,1.0
b73z,Rest of US,0.6699109134992957
9rtz,Rest of US,1.0
b7h3,Rest of US,1.0
cb5c,Rest of US,1.0
9r4w,Rest of US,0.3229086952229813
9r4w,Rest of California,0.6770913047770187
bdbw,Rest of US,1.0
bkh8,Rest of US,1.0
bu79,Rest of US,0.9257863012537807
bu2f,Rest of US,1.0
9xru,Rest of US,1.0
9zf0,Rest of US,1.0
bewy,Rest of US,1.0
f014,Rest of US,1.0
9ztv,Rest of US,1.0
9vme,Rest of US,1.0
dqfp,Rest of US,1.0
9rgw,Rest of US,1.0
9y4q,Rest of US,1.0
9z6m,Rest of US,1.0
9y47,Rest of US,1.0
dq0v,Rest of US,1.0
9xbn,Rest of US,1.0
9x7f,Rest of US,1.0
dj8u,Rest of US,1.0
9z31,Rest of US,1.0
c1cj,Rest of US,0.6670056595905062
9qpk,Rest of US,1.0
c83w,Rest of US,1.0
bs1z,Rest of US,1.0
c22v,Rest of US,0.6563585725140121
f04j,Rest of US,1.0
be3q,Rest of US,1.0
bdu2,Rest of US,0.3835129635835465
cb45,Rest of US,1.0
f2pe,Rest of US,1.0
9x62,Rest of US,1.0
dns6,Rest of US,1.0
bskk,Rest of US,1.0
cb81,Rest of US,1.0
dnrg,Rest of US,1.0
be0k,Rest of US,1.0
de29,Rest of US,0.1410709509457674
dpbw,Rest of US,1.0
9zn2,Rest of US,1.0
b11m,Rest of US,0.11593830207022142
9ryu,Rest of US,1.0
bd98,Rest of US,1.0
c415,Rest of US,1.0
9q7v,Rest of California,1.0
9xfq,Rest of US,1.0
9vq6,Rest of US,1.0
9x82,Rest of US,1.0
bs1w,Rest of US,1.0
bggx,Rest of US,0.9259833481523351
9tgf,Rest of US,1.0
c87u,Rest of US,1.0
9yq1,Rest of US,1.0
c23d,Rest of US,1.0
dn5u,Rest of US,1.0
dq9g,Rest of US,0.16053429646492157
9r7n,Rest of US,1.0
9zd5,Rest of US,1.0
9ymq,Rest of US,1.0
9tvs,Rest of US,1.0
9z7y,Rest of US,1.0
cb7h,Rest of US,1.0
9zhs,Rest of US,1.0
9my8,Rest of US,0.789672900901368
bu0d,Rest of US,1.0
9z38,Rest of US,1.0
9vhz,Rest of US,0.050688503548047825
dr53,Rest of US,0.04413247441776284
c85y,Rest of US,1.0
b7wk,Rest of US,1.0
drky,Rest of US,1.0
b3y9,Rest of US,0.3009071769507347
9z0d,Rest of US,1.0
bdek,Rest of US,0.1919514451308393
dnm1,Rest of US,1.0
f058,Rest of US,1.0
9tgt,Rest of US,1.0
c87j,Rest of US,1.0
9x56,Rest of US,1.0
bkpp,Rest of US,1.0
dn09,Rest of US,1.0
9yfu,Rest of US,1.0
c8wq,Rest of US,0.7494980682560506
bkm1,Rest of US,1.0
c2q7,Rest of US,1.0
9w0s,Rest of US,1.0
drud,Rest of US,1.0
9tms,Rest of US,0.9754892452276195
9z7u,Rest of US,1.0
dnux,Rest of US,1.0
9zk1,Rest of US,1.0
dp3g,Rest of US,1.0
9r1w,Rest of California,1.0
b6yt,Rest of US,1.0
cb0b,Rest of US,1.0
bd8n,Rest of US,1.0
9yq2,Rest of US,1.0
dns5,Rest of US,1.0
9rus,Rest of US,1.0
9tw8,Rest of US,1.0
9zk2,Rest of US,1.0
dpb6,Rest of US,1.0
dq0y,Rest of US,1.0
9vsn,Rest of US,1.0
dnqd,Rest of US,1.0
b7t2,Rest of US,0.05393851275391305
dj29,Rest of US,0.03152625178202303
bs4w,Rest of US,1.0
be3d,Rest of US,1.0
bddk,Rest of US,1.0
9vpm,Rest of US,0.3130074088421361
c8qf,Rest of US,1.0
bex6,Rest of US,1.0
be0c,Rest of US,1.0
9v8s,Rest of US,1.0
drme,Rest of US,0.21437534952463713
b7hh,Rest of US,1.0
f002,Rest of US,1.0
c85v,Rest of US,1.0
9wq3,Rest of US,1.0
c8et,Rest of US,1.0
9qxu,Rest of US,1.0
be4f,Rest of US,1.0
b7pj,Rest of US,1.0
bdbu,Rest of US,1.0
c81v,Rest of US,1.0
dpr6,Rest of US,1.0
9x87,Rest of US,1.0
9qhr,Rest of California,1.0
bk5e,Rest of US,1.0
dpf8,Rest of US,0.9843077431875116
9tfn,Rest of US,1.0
dp5j,Rest of US,1.0
bu5d,Rest of US,0.9259242340827768
9yk4,Rest of US,1.0
9ttz,Rest of US,1.0
b6t0,Rest of US,1.0
b7hw,Rest of US,1.0
bs55,Rest of US,1.0
bgf5,Rest of US,1.0
be3b,Rest of US,1.0
9xke,Rest of US,1.0
dnhu,Rest of US,1.0
9y2n,Rest of US,1.0
9w6e,Rest of US,1.0
c2xg,Rest of US,1.0
bexn,Rest of US,1.0
9rqw,Rest of US,1.0
c2hp,Rest of US,1.0
9qu1,Rest of US,1.0
bg02,Rest of US,1.0
beb3,Rest of US,1.0
dj9n,Rest of US,1.0
9xej,Rest of US,1.0
bgd6,Rest of US,1.0
bsnc,Rest of US,1.0
cb1u,Rest of US,1.0
9yp1,Rest of US,1.0
bsj9,Rest of US,1.0
9x99,Rest of US,1.0
bffj,Rest of US,1.0
9xxn,Rest of US,1.0
9ybj,Rest of US,1.0
9ttk,Rest of US,1.0
dn0r,Rest of US,1.0
9wyn,Rest of US,1.0
b3u3,Rest of US,0.6290003378089306
9y36,Rest of US,1.0
9vs6,Rest of US,1.0
9rrv,Rest of US,1.0
bsqu,Rest of US,1.0
bew7,Rest of US,1.0
djjy,Rest of US,1.0
c88y,Rest of US,0.7396011297006326
9r73,Rest of US,1.0
c853,Rest of US,1.0
c88u,Rest of US,1.0
drdm,Rest of US,1.0
bsw2,Rest of US,0.36483616080560893
b7rj,Rest of US,1.0
dr1d,Rest of US,1.0
dnd1,Rest of US,1.0
9zp3,Rest of US,1.0
9v7v,Rest of US,1.0
c8e4,Rest of US,1.0
c8w3,Rest of US,1.0
bsrm,Rest of US,1.0
cbd5,Rest of US,1.0
c8r7,Rest of US,1.0
9tv9,Rest of US,1.0
9rez,Rest of US,1.0
bd1r,Rest of US,0.03737128150905003
cbde,Rest of US,1.0
c2mq,Rest of US,1.0
9yv3,Rest of US,1.0
c894,Rest of US,1.0
c2j6,Rest of US,1.0
bgfy,Rest of US,1.0
f2p0,Rest of US,1.0
c84s,Rest of US,1.0
c24s,Rest of US,1.0
cb0n,Rest of US,1.0
9rvy,Rest of US,1.0
c2hf,Rest of US,1.0
9xgm,Rest of US,1.0
c245,Rest of US,1.0
9z7c,Rest of US,1.0
dnu8,Rest of US,1.0
9wrq,Rest of US,1.0
c824,Rest of US,1.0
drz4,Rest of US,0.26551098071746126
9xtp,Rest of US,1.0
cb0q,Rest of US,1.0
dpn2,Rest of US,1.0
9xpf,Rest of US,1.0
djth,Rest of US,1.0
bkk4,Rest of US,1.0
dq95,Rest of US,1.0
dnzf,Rest of US,1.0
bknt,Rest of US,1.0
9vtz,Rest of US,1.0
9wvr,Rest of US,1.0
bft3,Rest of US,1.0
bfc8,Rest of US,1.0
9yr8,Rest of US,1.0
9xsm,Rest of US,1.0
dpgy,Rest of US,1.0
b6p9,Rest of US,0.5000762268957571
9wdq,Rest of US,1.0
c8ny,Rest of US,1.0
9rmk,Rest of US,1.0
9yft,Rest of US,1.0
dn2f,Rest of US,1.0
9xz0,Rest of US,1.0
bkk1,Rest of US,1.0
djs5,Rest of US,1.0
bff4,Rest of US,1.0
9z5h,Rest of US,1.0
dryw,Rest of US,1.0
be9b,Rest of US,1.0
c2rb,Rest of US,1.0
b7tt,Rest of US,1.0
cb8u,Rest of US,1.0
c8xw,Rest of US,0.7480791685033991
dr1e,Rest of US,1.0
9xs5,Rest of US,1.0
cbt5,Rest of US,1.0
dqb6,Rest of US,1.0
9v1d,Rest of US,1.0
dhyg,Rest of US,0.7873131603055583
b7kp,Rest of US,0.8235800810354974
9v6u,Rest of US,1.0
bu1p,Rest of US,1.0
dpd9,Rest of US,0.37167104093430586
9zsj,Rest of US,1.0
bkqc,Rest of US,1.0
b7w6,Rest of US,1.0
bu5x,Rest of US,0.92582571063354
9zw4,Rest of US,1.0
9r10,Rest of California,1.0
9xv0,Rest of US,1.0
dj8k,Rest of US,1.0
dpeq,Rest of US,1.0
9rvb,Rest of US,1.0
9rx1,Rest of US,1.0
9qrf,Rest of US,1.0
c25u,Rest of US,1.0
dn3g,Rest of US,1.0
c8r3,Rest of US,1.0
bu1h,Rest of US,1.0
9vth,Rest of US,1.0
djhv,Rest of US,0.03890727079738937
cbms,Rest of US,1.0
9wkt,Rest of US,1.0
bs4k,Rest of US,1.0
9ycw,Rest of US,1.0
9qqf,Rest of US,1.0
bedc,Rest of US,1.0
9zs3,Rest of US,1.0
bspc,Rest of US,1.0
9mz1,Rest of US,1.0
9r1e,Rest of California,1.0
f016,Rest of US,1.0
9y0m,Rest of US,1.0
bkp8,Rest of US,1.0
9xrz,Rest of US,1.0
dn4t,Rest of US,1.0
b6f7,Rest of US,0.3337830851966201
dnt0,Rest of US,1.0
9xm0,Rest of US,1.0
dnsb,Rest of US,1.0
dj9c,Rest of US,1.0
9tbu,Rest of US,1.0
dn5f,Rest of US,1.0
9xqt,Rest of US,1.0
9tr6,Rest of US,1.0
b6tu,Rest of US,1.0
9z91,Rest of US,1.0
9zkn,Rest of US,1.0
b6gr,Rest of US,1.0
c88c,Rest of US,1.0
bg3z,Rest of US,1.0
f00e,Rest of US,1.0
9z2z,Rest of US,1.0
9z22,Rest of US,1.0
c1by,Rest of US,0.4887233926859627
djy2,Rest of US,1.0
b7jp,Rest of US,1.0
c8wv,Rest of US,1.0
bevd,Rest of US,1.0
b7q6,Rest of US,1.0
bg9n,Rest of US,1.0
benr,Rest of US,1.0
9xm2,Rest of US,1.0
9vev,Rest of US,1.0
9zxq,Rest of US,1.0
9tsj,Rest of US,1.0
djmf,Rest of US,1.0
dr3q,Rest of US,1.0
9vmh,Rest of US,1.0
bknk,Rest of US,1.0
beys,Rest of US,1.0
dngq,Rest of US,1.0
bexe,Rest of US,1.0
dnkx,Rest of US,1.0
dp5k,Rest of US,1.0
c1bz,Rest of US,0.15805524780921412
bdsk,Rest of US,1.0
drer,Rest of US,1.0
9tnm,Rest of US,0.36803544582160824
9ws0,Rest of US,1.0
cbse,Rest of US,1.0
b6xt,Rest of US,1.0
9y4f,Rest of US,1.0
9q7j,Rest of California,1.0
9mvj,Rest of California,1.0
bete,Rest of US,1.0
b7ep,Rest of US,1.0
8e3w,Rest of US,1.0
beyg,Rest of US,1.0
b6p4,Rest of US,1.0
9qh3,Rest of California,0.999999413570111
be8d,Rest of US,1.0
c0pz,Rest of US,0.6400431913754304
dn04,Rest of US,1.0
beze,Rest of US,1.0
bep2,Rest of US,1.0
bem1,Rest of US,1.0
9vs5,Rest of US,1.0
9tfg,Rest of US,1.0
x4xw,Rest of US,0.17996666982942472
9wbu,Rest of US,1.0
c272,Rest of US,1.0
9w71,Rest of US,1.0
bdvb,Rest of US,1.0
9q43,Rest of California,0.061658239053126805
c26n,Rest of US,1.0
9wgf,Rest of US,1.0
c28f,Rest of US,0.5353038693224328
b7hs,Rest of US,1.0
9w0g,Rest of US,1.0
dphd,Rest of US,1.0
c42n,Rest of US,0.8927427646043016
9v4e,Rest of US,1.0
bezp,Rest of US,1.0
9myq,Rest of US,0.04322781632241468
9myq,Rest of California,0.9567721836775855
c81r,Rest of US,1.0
9wnm,Rest of US,1.0
dpgb,Rest of US,1.0
bs6h,Rest of US,1.0
dpfz,Rest of US,0.5208780642182096
9wtr,Rest of US,1.0
bdex,Rest of US,0.7028827329715432
be78,Rest of US,1.0
b6zd,Rest of US,1.0
b3y5,Rest of US,0.18481557512156874
b6z9,Rest of US,1.0
b7hy,Rest of US,1.0
dnf5,Rest of US,1.0
9xj1,Rest of US,1.0
9wh7,Rest of US,1.0
bu5s,Rest of US,0.9258848247030983
9xc9,Rest of US,1.0
bd4r,Rest of US,0.9751149074084722
b7nu,Rest of US,1.0
cben,Rest of US,0.7570550264210194
c40z,Rest of US,0.20412182577041052
9yvg,Rest of US,1.0
c2kq,Rest of US,1.0
f2rt,Rest of US,0.044389583020900625
dp4q,Rest of US,1.0
drk7,Rest of US,1.0
drey,Rest of US,1.0
be48,Rest of US,1.0
9q48,Rest of California,0.036842082651648796
9w8n,Rest of US,1.0
bdt1,Rest of US,0.07784389470374105
b6wc,Rest of US,1.0
9wpy,Rest of US,1.0
drum,Rest of US,1.0
c8ky,Rest of US,1.0
bdd3,Rest of US,0.7239723798097232
b6wq,Rest of US,1.0
cbsk,Rest of US,1.0
c2jh,Rest of US,1.0
dngz,Rest of US,1.0
9rf3,Rest of US,1.0
bd73,Rest of US,0.4486334168377322
c42u,Rest of US,1.0
9mun,Rest of California,0.025564252909820617
9zft,Rest of US,1.0
dpje,Rest of US,1.0
9xnk,Rest of US,1.0
9v9t,Rest of US,1.0
dn57,Rest of US,1.0
9yxn,Rest of US,1.0
dn71,Rest of US,1.0
dreg,Rest of US,1.0
bs0j,Rest of US,1.0
9wjk,Rest of US,1.0
c2pf,Rest of US,1.0
9qzx,Rest of US,1.0
dncm,Rest of US,1.0
9xpg,Rest of US,1.0
c1ce,Rest of US,0.9675834703644782
9wnh,Rest of US,1.0
dhqw,Rest of US,0.04021461232362282
9w8b,Rest of US,1.0
9yjs,Rest of US,1.0
9q7c,Rest of California,1.0
9z8s,Rest of US,1.0
dr5p,Rest of US,1.0
bfdw,Rest of US,1.0
9qq8,Rest of US,1.0
dr1s,Rest of US,1.0
9td4,Rest of US,0.7445795648533728
c20u,Rest of US,1.0
9yzd,Rest of US,1.0
dhy7,Rest of US,1.0
9y5c,Rest of US,1.0
9xfj,Rest of US,1.0
8e91,Rest of US,0.3653287469201265
djvr,Rest of US,1.0
9rm0,Rest of US,1.0
c2q4,Rest of US,1.0
bs64,Rest of US,1.0
9yzh,Rest of US,1.0
zcpz,Rest of US,0.1967154140861403
9qsj,Rest of US,0.4223222355425418
9qsj,Rest of California,0.5776777644574582
9wcg,Rest of US,1.0
9qvn,Rest of US,1.0
9w4v,Rest of US,1.0
dq2d,Rest of US,1.0
dq2z,Rest of US,1.0
c2k0,Rest of US,1.0
dnh2,Rest of US,1.0
beb2,Rest of US,1.0
c1fp,Rest of US,0.8146756605993906
besx,Rest of US,1.0
9ytd,Rest of US,1.0
9r1d,Rest of California,1.0
9yf6,Rest of US,1.0
b3d7,Rest of US,0.1580576376252915
9rxt,Rest of US,1.0
9zwh,Rest of US,1.0
9zc0,Rest of US,1.0
bdye,Rest of US,0.8886736051525836
9x9f,Rest of US,1.0
djez,Rest of US,1.0
f0hm,Rest of US,0.4347011582673989
dr56,Rest of US,0.24983683425528092
cbp6,Rest of US,1.0
dpcy,Rest of US,0.5714330736430293
9qbh,Rest of California,0.23207762872904308
9wxp,Rest of US,1.0
9xw6,Rest of US,1.0
9qdp,Rest of California,1.0
9ydc,Rest of US,1.0
9mxu,Rest of US,0.030356168122867427
dn2y,Rest of US,1.0
b6ky,Rest of US,0.1833565569487672
dpjd,Rest of US,1.0
dne7,Rest of US,1.0
dr1q,Rest of US,1.0
9yqb,Rest of US,1.0
bems,Rest of US,1.0
9xpe,Rest of US,1.0
b6st,Rest of US,0.4018274308866309
djjj,Rest of US,0.5348799287096236
9zsu,Rest of US,1.0
dnhj,Rest of US,1.0
c2kd,Rest of US,1.0
dr4r,Rest of US,1.0
bg83,Rest of US,1.0
9qqp,Rest of US,1.0
be9p,Rest of US,1.0
bkqx,Rest of US,1.0
9xr5,Rest of US,1.0
c250,Rest of US,1.0
bfb4,Rest of US,0.9569882036546313
b7tz,Rest of US,1.0
drgz,Rest of US,1.0
b6fy,Rest of US,1.0
9zhm,Rest of US,1.0
9qup,Rest of US,1.0
c2sv,Rest of US,1.0
9wf1,Rest of US,1.0
dpbe,Rest of US,1.0
9xxd,Rest of US,1.0
dphq,Rest of US,1.0
9r2w,Rest of US,0.04569642233987499
9r2w,Rest of California,0.954303577660125
b1k3,Rest of US,0.036327168965433046
9xk0,Rest of US,1.0
bej6,Rest of US,1.0
9zcg,Rest of US,1.0
bepp,Rest of US,1.0
f2r1,Rest of US,1.0
bebc,Rest of US,1.0
b5mf,Rest of US,0.2997568079084748
9w6d,Rest of US,1.0
djjn,Rest of US,1.0
dprk,Rest of US,1.0
9rc3,Rest of US,1.0
bspx,Rest of US,1.0
9wcq,Rest of US,1.0
9z78,Rest of US,1.0
9wvk,Rest of US,1.0
9wdc,Rest of US,1.0
9rps,Rest of US,1.0
dp8z,Rest of US,1.0
bff7,Rest of US,1.0
bdus,Rest of US,0.8900697294173702
9v5r,Rest of US,1.0
9xzk,Rest of US,1.0
9zec,Rest of US,1.0
bdgk,Rest of US,1.0
9w4s,Rest of US,1.0
9y1z,Rest of US,1.0
9xdp,Rest of US,1.0
9z0e,Rest of US,1.0
dpee,Rest of US,1.0
9x2n,Rest of US,1.0
9xcc,Rest of US,1.0
9zcp,Rest of US,1.0
be1m,Rest of US,1.0
9zvm,Rest of US,1.0
dp55,Rest of US,1.0
9z4m,Rest of US,1.0
b7ht,Rest of US,1.0
9v0c,Rest of US,1.0
f00r,Rest of US,1.0
bk5k,Rest of US,1.0
c23s,Rest of US,1.0
bejc,Rest of US,1.0
9rju,Rest of US,1.0
bgeh,Rest of US,1.0
9vt5,Rest of US,1.0
be34,Rest of US,1.0
cb0u,Rest of US,1.0
b6u9,Rest of US,1.0
9xvt,Rest of US,1.0
c28b,Rest of US,0.3681909376054734
9trs,Rest of US,1.0
9v8j,Rest of US,1.0
dnp2,Rest of US,1.0
bd78,Rest of US,0.5194955048942389
bd7d,Rest of US,0.3045264989230958
bge4,Rest of US,1.0
bknf,Rest of US,1.0
9xz8,Rest of US,1.0
dnnz,Rest of US,1.0
9qdh,Rest of California,1.0
c8jf,Rest of US,1.0
b7n7,Rest of US,1.0
djf8,Rest of US,1.0
9yzr,Rest of US,1.0
dprw,Rest of US,1.0
9y9w,Rest of US,1.0
b6zy,Rest of US,1.0
c41d,Rest of US,0.665807369676894
bu67,Rest of US,1.0
djns,Rest of US,0.12971367095103997
8e8r,Rest of US,0.13258027047226706
bu22,Rest of US,1.0
dn5h,Rest of US,1.0
dn0q,Rest of US,1.0
f05j,Rest of US,0.23260114517426825
bsqk,Rest of US,1.0
djex,Rest of US,1.0
9z7f,Rest of US,1.0
bg76,Rest of US,1.0
dq6n,Rest of US,0.20739937423938243
bu18,Rest of US,1.0
9z43,Rest of US,1.0
9ztc,Rest of US,1.0
dpbv,Rest of US,1.0
9vqy,Rest of US,1.0
c26j,Rest of US,1.0
cbds,Rest of US,1.0
9pxy,Rest of US,1.0
c82h,Rest of US,1.0
b6vb,Rest of US,1.0
9xg7,Rest of US,1.0
9t96,Rest of US,0.749030538355358
9xt7,Rest of US,1.0
9q7y,Rest of California,1.0
dn8t,Rest of US,1.0
9ttx,Rest of US,1.0
drun,Rest of US,1.0
9zfq,Rest of US,1.0
bkjh,Rest of US,1.0
9z7n,Rest of US,1.0
cb2e,Rest of US,1.0
dp5z,Rest of US,1.0
b6qz,Rest of US,1.0
9vs7,Rest of US,1.0
bg2u,Rest of US,1.0
9v18,Rest of US,1.0
dnfr,Rest of US,1.0
dr5n,Rest of US,0.9260640498212614
cbsc,Rest of US,1.0
9rqx,Rest of US,1.0
9zuz,Rest of US,1.0
djff,Rest of US,1.0
9wqy,Rest of US,1.0
c81k,Rest of US,1.0
9vup,Rest of US,1.0
9qce,Rest of California,0.9994935657233233
cbm8,Rest of US,1.0
9q60,Rest of California,0.7525173517939159
9vex,Rest of US,1.0
9xmj,Rest of US,1.0
c85e,Rest of US,1.0
bsjg,Rest of US,1.0
cbhj,Rest of US,1.0
bgfu,Rest of US,1.0
dn2p,Rest of US,1.0
dq0x,Rest of US,1.0
9vfh,Rest of US,1.0
dq8j,Rest of US,1.0
dhxj,Rest of US,0.21548061381889047
bee5,Rest of US,1.0
9whs,Rest of US,1.0
b6xv,Rest of US,1.0
9ypm,Rest of US,1.0
dr2w,Rest of US,1.0
bfth,Rest of US,1.0
9y2r,Rest of US,1.0
9v9k,Rest of US,1.0
bdgw,Rest of US,1.0
dp5w,Rest of US,1.0
9tw3,Rest of US,1.0
9xtz,Rest of US,1.0
dnds,Rest of US,1.0
c86q,Rest of US,1.0
9qvd,Rest of US,1.0
b3zx,Rest of US,0.02876360022657006
9yz3,Rest of US,1.0
9rn9,Rest of US,1.0
9y4x,Rest of US,1.0
c8j5,Rest of US,1.0
c428,Rest of US,0.7071884833979689
9x1b,Rest of US,1.0
b3u1,Rest of US,0.7299009340400898
dnub,Rest of US,1.0
berk,Rest of US,1.0
djkb,Rest of US,1.0
dp6d,Rest of US,1.0
bg6g,Rest of US,1.0
9wg6,Rest of US,1.0
bfxg,Rest of US,0.34592599828316
dj7n,Rest of US,1.0
drgr,Rest of US,0.9791310284057991
c40s,Rest of US,0.11772153346009402
bfft,Rest of US,1.0
b14m,Rest of US,0.10424346122489522
bu2h,Rest of US,1.0
bg2y,Rest of US,1.0
bfxf,Rest of US,0.8664011858478885
bu1v,Rest of US,1.0
c2pg,Rest of US,1.0
9zk8,Rest of US,1.0
cbkk,Rest of US,1.0
9yt4,Rest of US,1.0
dnu6,Rest of US,1.0
9qs6,Rest of California,1.0
9x3f,Rest of US,1.0
9qtj,Rest of US,1.0
9vck,Rest of US,1.0
dn44,Rest of US,1.0
c1g7,Rest of US,0.980799687945843
b69x,Rest of US,0.3842091832553968
9myy,Rest of US,1.0
be0y,Rest of US,1.0
drde,Rest of US,1.0
9vzu,Rest of US,1.0
bg2g,Rest of US,1.0
9y91,Rest of US,1.0
9udk,Rest of US,0.7814871418551127
9xfb,Rest of US,1.0
9y1n,Rest of US,1.0
9qbp,Rest of California,1.0
b6x8,Rest of US,1.0
9y7s,Rest of US,1.0
cb5v,Rest of US,1.0
be6b,Rest of US,1.0
bew1,Rest of US,1.0
dpq3,Rest of US,1.0
c87v,Rest of US,1.0
9zsn,Rest of US,1.0
dpks,Rest of US,1.0
9qh6,Rest of California,1.0
9w02,Rest of US,1.0
9x05,Rest of US,1.0
bs1b,Rest of US,1.0
9v39,Rest of US,1.0
b7ds,Rest of US,1.0
9w1v,Rest of US,1.0
9qpd,Rest of US,1.0
dnj7,Rest of US,1.0
dpbq,Rest of US,1.0
bep5,Rest of US,1.0
9xx5,Rest of US,1.0
bfep,Rest of US,1.0
beqw,Rest of US,1.0
dnvv,Rest of US,1.0
be4z,Rest of US,1.0
cbdn,Rest of US,0.7563287384374335
9vbe,Rest of US,1.0
djfy,Rest of US,1.0
bshz,Rest of US,1.0
9rtx,Rest of US,1.0
cb4c,Rest of US,1.0
djf5,Rest of US,1.0
djd6,Rest of US,1.0
b77x,Rest of US,0.7056466022880975
bd6y,Rest of US,0.7587170862272062
dhx4,Rest of US,0.052119632305715306
9zpw,Rest of US,1.0
9v53,Rest of US,0.667199756844392
dnqh,Rest of US,1.0
9ykm,Rest of US,1.0
9wsy,Rest of US,1.0
9xsy,Rest of US,1.0
bkrb,Rest of US,1.0
cb29,Rest of US,1.0
c8jd,Rest of US,1.0
9r2z,Rest of US,1.0
cb8n,Rest of US,0.7497290824902141
b70p,Rest of US,0.027002898333467435
c2j2,Rest of US,1.0
c88d,Rest of US,1.0
9vcs,Rest of US,1.0
drfu,Rest of US,1.0
9rre,Rest of US,1.0
bu4k,Rest of US,1.0
c448,Rest of US,1.0
9v52,Rest of US,0.1110388591583993
9wnv,Rest of US,1.0
9rwp,Rest of US,1.0
c8w5,Rest of US,1.0
9y02,Rest of US,1.0
c8ey,Rest of US,0.7560459810115491
9qvj,Rest of US,1.0
djtf,Rest of US,1.0
9ucp,Rest of US,1.0
be54,Rest of US,1.0
9zpn,Rest of US,1.0
bspg,Rest of US,1.0
bfbz,Rest of US,1.0
9qtp,Rest of US,1.0
9w8x,Rest of US,1.0
9ryy,Rest of US,1.0
9xvd,Rest of US,1.0
druh,Rest of US,1.0
9ufg,Rest of US,0.10285190119304104
dnyp,Rest of US,1.0
9w5j,Rest of US,1.0
9que,Rest of US,1.0
dp49,Rest of US,1.0
9tmy,Rest of US,1.0
cb22,Rest of US,1.0
cbke,Rest of US,1.0
b783,Rest of US,0.013451777583785483
9r1f,Rest of California,1.0
cbkx,Rest of US,1.0
9ypf,Rest of US,1.0
9wq1,Rest of US,1.0
9yw7,Rest of US,1.0
9tu0,Rest of US,1.0
bg9j,Rest of US,1.0
9w6g,Rest of US,1.0
bd5x,Rest of US,0.826143864846804
9q7b,Rest of California,1.0
c2qv,Rest of US,1.0
9yue,Rest of US,1.0
becu,Rest of US,1.0
bsn0,Rest of US,1.0
c8x7,Rest of US,1.0
drqp,Rest of US,0.09026543091136885
dq1z,Rest of US,0.0861036308510869
bg8m,Rest of US,1.0
c25f,Rest of US,1.0
c81e,Rest of US,1.0
bdgz,Rest of US,1.0
9qcj,Rest of California,0.9997327036804882
bdzb,Rest of US,0.11057042989527968
9rbb,Rest of US,1.0
bkpc,Rest of US,1.0
bkkh,Rest of US,0.908306263796011
9x04,Rest of US,1.0
f2r5,Rest of US,1.0
be7u,Rest of US,1.0
b7yg,Rest of US,1.0
9pr9,Rest of California,0.10083940220786364
c8we,Rest of US,1.0
bse1,Rest of US,1.0
dqbp,Rest of US,1.0
dpk1,Rest of US,1.0
dnj6,Rest of US,1.0
dr9t,Rest of US,1.0
9yfw,Rest of US,1.0
9rkk,Rest of US,1.0
bety,Rest of US,1.0
c8s2,Rest of US,1.0
de32,Rest of US,0.1926460861076621
9zne,Rest of US,1.0
b7r6,Rest of US,1.0
b6uu,Rest of US,1.0
c41w,Rest of US,1.0
bs74,Rest of US,1.0
9we0,Rest of US,1.0
9wg1,Rest of US,1.0
9tmg,Rest of US,1.0
beyr,Rest of US,1.0
dpxf,Rest of US,0.9263502185518152
9r5j,Rest of US,1.0
9yhe,Rest of US,1.0
bk4g,Rest of US,1.0
c2kg,Rest of US,1.0
b79c,Rest of US,1.0
9vm0,Rest of US,0.24590741955001347
dp5y,Rest of US,1.0
dr9j,Rest of US,1.0
bskg,Rest of US,1.0
9xmb,Rest of US,1.0
9qjx,Rest of California,1.0
dqf0,Rest of US,0.7892747667524794
9xpn,Rest of US,1.0
dn2m,Rest of US,1.0
dq38,Rest of US,0.40952842728729666
9wyp,Rest of US,1.0
dpqj,Rest of US,0.276067269120201
c2nk,Rest of US,1.0
9wwq,Rest of US,1.0
9xyn,Rest of US,1.0
bkpf,Rest of US,1.0
b7jb,Rest of US,1.0
djgc,Rest of US,1.0
bkk8,Rest of US,1.0
9zn7,Rest of US,1.0
bdvp,Rest of US,1.0
9wun,Rest of US,1.0
9qm0,Rest of California,1.0
dhwz,Rest of US,1.0
9w9u,Rest of US,1.0
cbn5,Rest of US,1.0
9wqn,Rest of US,1.0
dnkj,Rest of US,1.0
bdbh,Rest of US,1.0
bksb,Rest of US,0.03253023754176561
bsk1,Rest of US,1.0
9q5y,Rest of California,1.0
9xvh,Rest of US,1.0
b79r,Rest of US,0.7613356806654015
9zev,Rest of US,1.0
8e94,Rest of US,0.4025976968238962
cbkg,Rest of US,1.0
dp03,Rest of US,1.0
9r42,Rest of California,1.0
c2kt,Rest of US,1.0
9tu4,Rest of US,1.0
9zeh,Rest of US,1.0
f2n6,Rest of US,1.0
dr2e,Rest of US,1.0
9wj7,Rest of US,1.0
cbdf,Rest of US,1.0
dne6,Rest of US,1.0
9wxm,Rest of US,1.0
bs95,Rest of US,0.5195604751940538
djcy,Rest of US,1.0
9zdt,Rest of US,1.0
9wcp,Rest of US,1.0
9r9s,Rest of US,1.0
9zjt,Rest of US,1.0
9qnk,Rest of California,1.0
bfbv,Rest of US,1.0
cbq3,Rest of US,1.0
9z89,Rest of US,1.0
9ygs,Rest of US,1.0
f055,Rest of US,0.23045827746444356
b78s,Rest of US,0.1701433995113484
9x84,Rest of US,1.0
bfpz,Rest of US,0.8242995007667799
dpu2,Rest of US,0.45100445907674114
bu1k,Rest of US,1.0
c2xw,Rest of US,0.7453774705256971
9rbu,Rest of US,1.0
f2rh,Rest of US,0.6847946245781945
be1r,Rest of US,1.0
djgw,Rest of US,1.0
9ry0,Rest of US,1.0
cb74,Rest of US,1.0
c8ek,Rest of US,1.0
9zrc,Rest of US,1.0
c42m,Rest of US,1.0
9xp6,Rest of US,1.0
9v4f,Rest of US,1.0
9xwm,Rest of US,1.0
bk4c,Rest of US,0.3361806226952653
9z20,Rest of US,1.0
9r83,Rest of US,1.0
dqcd,Rest of US,0.6349383870932787
9v4p,Rest of US,1.0
9xg1,Rest of US,1.0
cb0f,Rest of US,1.0
b1q7,Rest of US,0.01857518918932319
9v9v,Rest of US,1.0
f05m,Rest of US,0.0246765398539985
b7zw,Rest of US,1.0
9rr8,Rest of US,1.0
9te5,Rest of US,0.20697374945993943
bd9n,Rest of US,1.0
bu0p,Rest of US,1.0
dr5m,Rest of US,0.5611949380014224
9tue,Rest of US,1.0
djuv,Rest of US,1.0
9tsr,Rest of US,1.0
9z8m,Rest of US,1.0
9wxh,Rest of US,1.0
9q54,Rest of California,0.16263854762172195
bg59,Rest of US,0.9265744888479579
bg30,Rest of US,1.0
9rny,Rest of US,1.0
9ycj,Rest of US,1.0
bsns,Rest of US,1.0
9ryt,Rest of US,1.0
dnq7,Rest of US,1.0
9vbr,Rest of US,1.0
dnu1,Rest of US,1.0
dqct,Rest of US,0.6317358058670163
b5qf,Rest of US,0.2510218738738384
be12,Rest of US,1.0
9v3h,Rest of US,1.0
b3u8,Rest of US,0.35397677034741154
9tq6,Rest of US,1.0
b3sp,Rest of US,0.044966190762446054
f2nx,Rest of US,1.0
c8xh,Rest of US,1.0
cb1j,Rest of US,1.0
9zrs,Rest of US,1.0
9wbm,Rest of US,1.0
dr0u,Rest of US,1.0
9vd3,Rest of US,1.0
cbsn,Rest of US,0.7506589157498335
9w72,Rest of US,1.0
9y0h,Rest of US,1.0
drv9,Rest of US,1.0
c8qg,Rest of US,1.0
9r4y,Rest of US,1.0
9w36,Rest of US,1.0
dr78,Rest of US,0.6848748865374664
c8se,Rest of US,1.0
dp1n,Rest of US,1.0
cbee,Rest of US,1.0
9w3g,Rest of US,1.0
dhye,Rest of US,1.0
9zq5,Rest of US,1.0
9vg8,Rest of US,1.0
dje4,Rest of US,1.0
bfr3,Rest of US,1.0
bfb2,Rest of US,0.8508424804243783
9v84,Rest of US,1.0
bfgp,Rest of US,1.0
bed0,Rest of US,1.0
9xkh,Rest of US,1.0
9qhu,Rest of California,1.0
b3yq,Rest of US,1.0
9rx3,Rest of US,1.0
9rc9,Rest of US,1.0
9r5c,Rest of US,1.0
dpnd,Rest of US,1.0
c20z,Rest of US,1.0
c2mu,Rest of US,1.0
dr31,Rest of US,1.0
9qqk,Rest of US,1.0
9xgp,Rest of US,1.0
dq9x,Rest of US,0.9475306002813414
c8km,Rest of US,1.0
9y4w,Rest of US,1.0
9z6f,Rest of US,1.0
begx,Rest of US,1.0
dqgp,Rest of US,0.07335602090550404
dpqq,Rest of US,0.07702241019153064
9wuw,Rest of US,1.0
9tru,Rest of US,1.0
f01v,Rest of US,1.0
9w9t,Rest of US,1.0
dr99,Rest of US,1.0
9rw1,Rest of US,1.0
dr8n,Rest of US,0.6758990275644238
9xyc,Rest of US,1.0
9q7t,Rest of California,1.0
9yr3,Rest of US,1.0
b6p3,Rest of US,0.8405297751211053
9xwn,Rest of US,1.0
9v3t,Rest of US,1.0
c0pu,Rest of US,0.6009241220792266
9ztp,Rest of US,1.0
dnq1,Rest of US,1.0
9rdq,Rest of US,1.0
c22j,Rest of US,1.0
djks,Rest of US,1.0
9mz6,Rest of US,1.0
9yjb,Rest of US,1.0
9v7e,Rest of US,1.0
9z84,Rest of US,1.0
9vpx,Rest of US,1.0
beb1,Rest of US,1.0
beuh,Rest of US,1.0
9tw0,Rest of US,1.0
bge1,Rest of US,1.0
dp3x,Rest of US,0.49801528920751903
dnbz,Rest of US,1.0
bsh9,Rest of US,1.0
dpk0,Rest of US,1.0
b7v8,Rest of US,0.9911722037424454
9v5y,Rest of US,1.0
dnug,Rest of US,1.0
9wkm,Rest of US,1.0
dn7p,Rest of US,1.0
bsmv,Rest of US,1.0
9yfn,Rest of US,1.0
bg4h,Rest of US,1.0
9rnm,Rest of US,1.0
bk1z,Rest of US,0.613770090811208
c238,Rest of US,1.0
b68y,Rest of US,0.07462003124194475
9q7x,Rest of California,1.0
9wb0,Rest of US,1.0
9xtw,Rest of US,1.0
bu11,Rest of US,1.0
dnxy,Rest of US,1.0
9qhx,Rest of California,1.0
9zx2,Rest of US,1.0
9rxw,Rest of US,1.0
9zh8,Rest of US,1.0
dp90,Rest of US,1.0
9zb6,Rest of US,1.0
bsh7,Rest of US,1.0
bg1q,Rest of US,1.0
dre4,Rest of US,1.0
bdf3,Rest of US,1.0
9qw0,Rest of US,1.0
c8dv,Rest of US,1.0
bu23,Rest of US,1.0
djww,Rest of US,0.10542829171984665
bdv5,Rest of US,0.11631965115494874
bspv,Rest of US,1.0
9tf1,Rest of US,1.0
b6u5,Rest of US,1.0
drdv,Rest of US,1.0
9y9p,Rest of US,1.0
9z8t,Rest of US,1.0
9w83,Rest of US,1.0
betv,Rest of US,1.0
9zx9,Rest of US,1.0
9tbg,Rest of US,1.0
dn02,Rest of US,1.0
9yb6,Rest of US,1.0
bdb1,Rest of US,1.0
9r07,Rest of California,1.0
c22f,Rest of US,1.0
djcj,Rest of US,1.0
dnkg,Rest of US,1.0
9w40,Rest of US,1.0
cbkz,Rest of US,1.0
9rhj,Rest of US,1.0
9rnp,Rest of US,1.0
9vgk,Rest of US,1.0
b39g,Rest of US,0.2632224690410476
9v6k,Rest of US,1.0
bu0y,Rest of US,1.0
9zg6,Rest of US,1.0
9qnr,Rest of US,0.30651537853215477
9qnr,Rest of California,0.6934846214678451
bex1,Rest of US,1.0
bkn3,Rest of US,1.0
bffm,Rest of US,1.0
bern,Rest of US,1.0
dpfb,Rest of US,1.0
9reg,Rest of US,1.0
b77r,Rest of US,0.71473829688329
f05d,Rest of US,0.840333470877858
c8jg,Rest of US,1.0
bg67,Rest of US,1.0
dn78,Rest of US,1.0
9ygm,Rest of US,1.0
9qte,Rest of US,1.0
9q4c,Rest of California,0.3775857940008573
bkkv,Rest of US,1.0
b7rw,Rest of US,1.0
f05b,Rest of US,1.0
9vw0,Rest of US,1.0
dp0x,Rest of US,1.0
9vt9,Rest of US,1.0
bgfd,Rest of US,1.0
9qc2,Rest of US,0.06249655363520299
9qc2,Rest of California,0.17350371577167184
9yx8,Rest of US,1.0
9mxv,Rest of US,0.8549943740943178
c2xq,Rest of US,0.7446075438612145
dr50,Rest of US,0.6008967935912561
9rfb,Rest of US,1.0
b7fb,Rest of US,1.0
bst9,Rest of US,0.08834490656021451
9vrv,Rest of US,1.0
bsnr,Rest of US,1.0
c263,Rest of US,1.0
9qh1,Rest of California,0.9999992476644124
9x8d,Rest of US,1.0
cb8g,Rest of US,1.0
9w0z,Rest of US,1.0
9v43,Rest of US,1.0
bg1y,Rest of US,1.0
9qu9,Rest of US,1.0
9rn4,Rest of US,1.0
dpjc,Rest of US,1.0
c2t2,Rest of US,1.0
9x1x,Rest of US,1.0
cb86,Rest of US,1.0
9y4g,Rest of US,1.0
dj23,Rest of US,0.7834699507832459
beej,Rest of US,1.0
dngv,Rest of US,1.0
c41b,Rest of US,0.8169110049865348
9yf3,Rest of US,1.0
bu69,Rest of US,1.0
bfsm,Rest of US,1.0
bdvk,Rest of US,0.6610130462097924
9vvz,Rest of US,1.0
9ydz,Rest of US,1.0
bs5u,Rest of US,1.0
bdsu,Rest of US,1.0
bs6m,Rest of US,1.0
bgby,Rest of US,1.0
9yhu,Rest of US,1.0
9w81,Rest of US,1.0
djvv,Rest of US,1.0
dpj1,Rest of US,1.0
cbw4,Rest of US,1.0
bsqj,Rest of US,1.0
c808,Rest of US,1.0
bet7,Rest of US,1.0
9yqp,Rest of US,1.0
c41s,Rest of US,0.9267697044100214
9wx4,Rest of US,1.0
9zsh,Rest of US,1.0
c1f5,Rest of US,0.11443774704951479
bse0,Rest of US,1.0
be80,Rest of US,1.0
djtb,Rest of US,1.0
dn36,Rest of US,1.0
b6ex,Rest of US,1.0
dr4h,Rest of US,1.0
cb2g,Rest of US,1.0
djw7,Rest of US,0.10282005051651494
b7rs,Rest of US,1.0
be87,Rest of US,1.0
9z4v,Rest of US,1.0
9tst,Rest of US,1.0
9v12,Rest of US,1.0
dhyk,Rest of US,1.0
b7gr,Rest of US,0.15412817754977864
9wes,Rest of US,1.0
dncu,Rest of US,1.0
9zrq,Rest of US,1.0
dqc1,Rest of US,0.9816444415399113
c2qb,Rest of US,1.0
bg0f,Rest of US,1.0
9r3n,Rest of US,0.028109143732904664
9r3n,Rest of California,0.9718908562670954
dr3u,Rest of US,1.0
bsmk,Rest of US,1.0
bs3d,Rest of US,1.0
c1gh,Rest of US,1.0
c814,Rest of US,1.0
c8qx,Rest of US,1.0
9xch,Rest of US,1.0
9vcx,Rest of US,1.0
dncf,Rest of US,1.0
bsqg,Rest of US,1.0
djc8,Rest of US,1.0
bs63,Rest of US,1.0
bgb4,Rest of US,1.0
djue,Rest of US,1.0
bdgt,Rest of US,1.0
bu2e,Rest of US,1.0
be8q,Rest of US,1.0
9v50,Rest of US,0.6466158008829376
dp8t,Rest of US,1.0
9yw3,Rest of US,1.0
cbq5,Rest of US,1.0
9yyt,Rest of US,1.0
b7fc,Rest of US,1.0
9w8j,Rest of US,1.0
c210,Rest of US,1.0
dr6u,Rest of US,1.0
becc,Rest of US,1.0
c8pm,Rest of US,1.0
dhwu,Rest of US,1.0
9v2d,Rest of US,1.0
c8pd,Rest of US,1.0
bg20,Rest of US,1.0
bs12,Rest of US,1.0
9wde,Rest of US,1.0
9xxz,Rest of US,1.0
bdbv,Rest of US,1.0
dq1x,Rest of US,0.2804319613114639
bsnh,Rest of US,1.0
dng5,Rest of US,1.0
bd8p,Rest of US,1.0
9w6z,Rest of US,1.0
dnmn,Rest of US,1.0
dpjx,Rest of US,1.0
beke,Rest of US,1.0
cbx1,Rest of US,0.6787157406813985
9y6g,Rest of US,1.0
9wve,Rest of US,1.0
9z3u,Rest of US,1.0
cb1w,Rest of US,1.0
bkkc,Rest of US,1.0
cbjm,Rest of US,1.0
bedj,Rest of US,1.0
bshe,Rest of US,1.0
bebw,Rest of US,1.0
9yc8,Rest of US,1.0
9mgy,Rest of California,0.04696091838367699
bg9q,Rest of US,1.0
9rdt,Rest of US,1.0
be8c,Rest of US,1.0
9tfy,Rest of US,1.0
dnrt,Rest of US,1.0
9wpm,Rest of US,1.0
bfpg,Rest of US,0.9999741139607173
9xh5,Rest of US,1.0
bgfp,Rest of US,1.0
9rwd,Rest of US,1.0
9qx7,Rest of US,1.0
de1v,Rest of US,0.05468769341876494
9vtm,Rest of US,1.0
bu1b,Rest of US,1.0
bg5d,Rest of US,0.9265547841581186
f2jd,Rest of US,0.19259831258338847
be5s,Rest of US,1.0
djc7,Rest of US,1.0
b7z0,Rest of US,1.0
9zhx,Rest of US,1.0
9zh9,Rest of US,1.0
dnpg,Rest of US,1.0
bk1t,Rest of US,0.19775916897717874
c8rs,Rest of US,1.0
8e3x,Rest of US,1.0
9rrd,Rest of US,1.0
b6g9,Rest of US,1.0
dprq,Rest of US,1.0
c2pm,Rest of US,1.0
dju7,Rest of US,1.0
9we1,Rest of US,1.0
bgew,Rest of US,0.9261606903610098
dn5y,Rest of US,1.0
bu5j,Rest of US,1.0
cbeu,Rest of US,1.0
djmw,Rest of US,1.0
dph4,Rest of US,1.0
drg5,Rest of US,1.0
dhqt,Rest of US,0.09036944190613364
9q9j,Rest of US,0.021137873990209402
bd3w,Rest of US,1.0
bs7k,Rest of US,1.0
bdbn,Rest of US,1.0
dq9h,Rest of US,1.0
dq8v,Rest of US,1.0
c2n1,Rest of US,1.0
cbk9,Rest of US,1.0
9yxf,Rest of US,1.0
dp8p,Rest of US,1.0
c8d2,Rest of US,1.0
bs31,Rest of US,1.0
c8r5,Rest of US,1.0
c8j0,Rest of US,1.0
cb3q,Rest of US,1.0
9wq7,Rest of US,1.0
benk,Rest of US,1.0
bs1h,Rest of US,1.0
9q5b,Rest of California,0.7997470178237809
c25z,Rest of US,1.0
dpsb,Rest of US,0.6808190426921533
f0hp,Rest of US,0.7161425164739968
bdgd,Rest of US,1.0
berg,Rest of US,1.0
dhyv,Rest of US,0.4019150204065721
cb3h,Rest of US,1.0
9zv9,Rest of US,1.0
be7w,Rest of US,1.0
9z28,Rest of US,1.0
9ves,Rest of US,1.0
9xzj,Rest of US,1.0
9wgm,Rest of US,1.0
9vmp,Rest of US,1.0
c1ct,Rest of US,0.9634286006752524
b3dh,Rest of US,0.2778881999542928
bgbq,Rest of US,1.0
bg6h,Rest of US,1.0
bkx3,Rest of US,1.0
c2n9,Rest of US,1.0
9ynn,Rest of US,1.0
bd66,Rest of US,0.10379284954052968
9y2d,Rest of US,1.0
9x1z,Rest of US,1.0
cb4x,Rest of US,1.0
cbwb,Rest of US,1.0
cb1y,Rest of US,1.0
dp1h,Rest of US,1.0
b7qr,Rest of US,1.0
dpbm,Rest of US,1.0
bfr7,Rest of US,0.36187687407838215
9tc7,Rest of US,1.0
c2hq,Rest of US,1.0
9ruw,Rest of US,1.0
9w2y,Rest of US,1.0
9v5w,Rest of US,1.0
9vm9,Rest of US,0.6401287286474724
drfd,Rest of US,1.0
dn0f,Rest of US,1.0
9qr0,Rest of US,1.0
9yw2,Rest of US,1.0
dj6j,Rest of US,1.0
9rku,Rest of US,1.0
bd3m,Rest of US,1.0
b7zk,Rest of US,1.0
c28k,Rest of US,0.2369606980951475
9qx5,Rest of US,1.0
djep,Rest of US,1.0
9z66,Rest of US,1.0
dryp,Rest of US,1.0
dp5p,Rest of US,1.0
9vbg,Rest of US,1.0
9xsw,Rest of US,1.0
dpfv,Rest of US,1.0
9qzk,Rest of US,1.0
bkrn,Rest of US,1.0
bfgr,Rest of US,1.0
be9z,Rest of US,1.0
9yus,Rest of US,1.0
f2n1,Rest of US,1.0
9vhq,Rest of US,0.8617662065208999
djsh,Rest of US,1.0
9z5f,Rest of US,1.0
9xu6,Rest of US,1.0
dr4x,Rest of US,1.0
9vdg,Rest of US,1.0
9tct,Rest of US,1.0
dpq0,Rest of US,1.0
cbhz,Rest of US,1.0
9ypp,Rest of US,1.0
9txu,Rest of US,1.0
9rxr,Rest of US,1.0
bsnz,Rest of US,1.0
bknj,Rest of US,1.0
c89s,Rest of US,1.0
9rrn,Rest of US,1.0
b6fv,Rest of US,1.0
9rb2,Rest of US,1.0
bdbk,Rest of US,1.0
bskr,Rest of US,1.0
bgc6,Rest of US,1.0
dnpw,Rest of US,1.0
c2qj,Rest of US,1.0
9yvm,Rest of US,1.0
9z2m,Rest of US,1.0
bkre,Rest of US,1.0
9w7w,Rest of US,1.0
c2t9,Rest of US,1.0
9x0e,Rest of US,1.0
9wbd,Rest of US,1.0
9q3t,Rest of California,0.9545074880169568
berd,Rest of US,1.0
dqch,Rest of US,1.0
c2p2,Rest of US,1.0
dq07,Rest of US,1.0
9wuv,Rest of US,1.0
9tch,Rest of US,1.0
bgdr,Rest of US,1.0
dr34,Rest of US,1.0
9v2x,Rest of US,1.0
9ypg,Rest of US,1.0
bk4e,Rest of US,1.0
djd2,Rest of US,1.0
9y0f,Rest of US,1.0
dqfd,Rest of US,0.49383947848961185
9rkf,Rest of US,1.0
9vrp,Rest of US,1.0
9u9t,Rest of US,0.010596176560713004
dn7u,Rest of US,1.0
befx,Rest of US,1.0
f03m,Rest of US,0.8236911654839066
bfdp,Rest of US,1.0
9ws9,Rest of US,1.0
c8mg,Rest of US,1.0
bd31,Rest of US,1.0
c1f0,Rest of US,0.5366363339854711
bg4c,Rest of US,1.0
b7d4,Rest of US,1.0
b10e,Rest of US,0.07894430976236944
bu3w,Rest of US,0.7863046548906789
9wfw,Rest of US,1.0
9yr1,Rest of US,1.0
cb5e,Rest of US,1.0
drvq,Rest of US,1.0
bsnm,Rest of US,1.0
drt4,Rest of US,1.0
9tcz,Rest of US,1.0
9xy4,Rest of US,1.0
9zc5,Rest of US,1.0
c2sb,Rest of US,1.0
dhxh,Rest of US,0.1429317295072941
c27t,Rest of US,1.0
9qss,Rest of US,1.0
9wp6,Rest of US,1.0
c1gp,Rest of US,0.9619713978197424
9zrr,Rest of US,1.0
dj77,Rest of US,1.0
dnu0,Rest of US,1.0
dhmg,Rest of US,0.175836115902485
bfsj,Rest of US,1.0
dqfs,Rest of US,0.32938721158365164
b3sx,Rest of US,0.012598012642235281
9y1k,Rest of US,1.0
dr7n,Rest of US,1.0
dr80,Rest of US,1.0
dju3,Rest of US,1.0
djb3,Rest of US,1.0
dndu,Rest of US,1.0
c836,Rest of US,1.0
9r3b,Rest of California,1.0
9rmv,Rest of US,1.0
dp71,Rest of US,1.0
9qd3,Rest of California,0.9998099051159262
bez5,Rest of US,1.0
cbp0,Rest of US,1.0
be2h,Rest of US,1.0
de0r,Rest of US,1.0
begc,Rest of US,1.0
dn91,Rest of US,1.0
c28d,Rest of US,0.08909218463372753
9rue,Rest of US,1.0
9mup,Rest of California,0.6415195104107793
dr8w,Rest of US,0.6109014779816377
dnz9,Rest of US,1.0
b7x5,Rest of US,1.0
bdzq,Rest of US,1.0
9wbh,Rest of US,1.0
9xs7,Rest of US,1.0
9r5p,Rest of US,1.0
begt,Rest of US,1.0
9rr2,Rest of US,1.0
c8x3,Rest of US,1.0
9qkh,Rest of California,1.0
9xw4,Rest of US,1.0
9qn9,Rest of US,0.5927667149435373
9qn9,Rest of California,0.4072332850564628
b6n8,Rest of US,1.0
f2r3,Rest of US,1.0
c2sc,Rest of US,1.0
9tub,Rest of US,1.0
bevh,Rest of US,1.0
b5mc,Rest of US,0.7647528588545989
9t8e,Rest of US,0.754350868819861
dnvq,Rest of US,1.0
9zhq,Rest of US,1.0
9wub,Rest of US,1.0
c2hx,Rest of US,1.0
9qqg,Rest of US,1.0
9pxe,Rest of US,1.0
djvj,Rest of US,1.0
9wxx,Rest of US,1.0
b7hk,Rest of US,1.0
bg0u,Rest of US,1.0
9x3k,Rest of US,1.0
bsnb,Rest of US,1.0
b7dq,Rest of US,1.0
bg2e,Rest of US,1.0
betk,Rest of US,1.0
bg39,Rest of US,1.0
dj7s,Rest of US,1.0
9qt0,Rest of US,0.9448937883100336
9qt0,Rest of California,0.055106211689966475
bed7,Rest of US,1.0
bkqk,Rest of US,1.0
bk7c,Rest of US,0.9102981074469404
9vhk,Rest of US,0.018960536789353184
9zkk,Rest of US,1.0
dp9p,Rest of US,1.0
9vbk,Rest of US,1.0
be19,Rest of US,1.0
djev,Rest of US,1.0
djvu,Rest of US,1.0
djyg,Rest of US,1.0
9zqv,Rest of US,1.0
9vuq,Rest of US,1.0
b3yj,Rest of US,0.8359839159534763
9zek,Rest of US,1.0
dqd5,Rest of US,0.24946586651311242
bg7e,Rest of US,0.9263774419494439
ben1,Rest of US,1.0
c2ev,Rest of US,1.0
b6zu,Rest of US,1.0
berp,Rest of US,1.0
dpcp,Rest of US,1.0
cbsj,Rest of US,1.0
9w9n,Rest of US,1.0
b6g7,Rest of US,1.0
bkqv,Rest of US,1.0
9v5j,Rest of US,1.0
c8jb,Rest of US,1.0
bdd4,Rest of US,1.0
9y7h,Rest of US,1.0
dn2d,Rest of US,1.0
befe,Rest of US,1.0
9rnc,Rest of US,1.0
b39c,Rest of US,0.17972802326968834
c8pr,Rest of US,1.0
9w4f,Rest of US,1.0
9qd1,Rest of California,0.9999825212050341
9rft,Rest of US,1.0
9zkh,Rest of US,1.0
9quv,Rest of US,1.0
b11r,Rest of US,0.27466584375568115
9ytc,Rest of US,1.0
9xmc,Rest of US,1.0
9zjk,Rest of US,1.0
dn1c,Rest of US,1.0
9vtg,Rest of US,1.0
djuj,Rest of US,1.0
bd4m,Rest of US,1.0
9x1k,Rest of US,1.0
cbjy,Rest of US,1.0
bevx,Rest of US,1.0
b6x2,Rest of US,1.0
dnut,Rest of US,1.0
djuf,Rest of US,1.0
bd2j,Rest of US,0.260099267168478
9wec,Rest of US,1.0
9qt5,Rest of US,1.0
9yf1,Rest of US,1.0
9rh9,Rest of US,1.0
9ucg,Rest of US,1.0
9uf5,Rest of US,1.0
9yf2,Rest of US,1.0
djvy,Rest of US,1.0
9vy7,Rest of US,1.0
c23z,Rest of US,1.0
9tcd,Rest of US,1.0
c2kx,Rest of US,1.0
9twb,Rest of US,1.0
9zz3,Rest of US,1.0
9r3m,Rest of California,1.0
f2nw,Rest of US,1.0
9qnt,Rest of US,0.6827609543720625
9qnt,Rest of California,0.31723904562793737
c8d9,Rest of US,1.0
bgf2,Rest of US,1.0
bd03,Rest of US,0.06579842412383269
9w6p,Rest of US,1.0
9wbb,Rest of US,1.0
djzz,Rest of US,0.5471756028719523
9zy7,Rest of US,1.0
9znj,Rest of US,1.0
9wv7,Rest of US,1.0
begs,Rest of US,1.0
9zrx,Rest of US,1.0
9w9m,Rest of US,1.0
bfcd,Rest of US,1.0
9y8c,Rest of US,1.0
djm4,Rest of US,1.0
dp3r,Rest of US,1.0
dj9d,Rest of US,1.0
9qef,Rest of California,0.9999992762930676
9yd8,Rest of US,1.0
beju,Rest of US,1.0
b7qf,Rest of US,1.0
cb43,Rest of US,1.0
9twm,Rest of US,1.0
b7z9,Rest of US,1.0
dqcj,Rest of US,1.0
b3du,Rest of US,0.05640703327744626
9wwb,Rest of US,1.0
bd7f,Rest of US,0.05871787312560715
c8p4,Rest of US,1.0
9qfn,Rest of California,1.0
bd9r,Rest of US,1.0
dn16,Rest of US,1.0
9y42,Rest of US,1.0
9wq5,Rest of US,1.0
djfv,Rest of US,1.0
9x4x,Rest of US,1.0
djss,Rest of US,1.0
9qr2,Rest of US,1.0
bepc,Rest of US,1.0
bkxc,Rest of US,1.0
de0n,Rest of US,0.12679983430227723
9r6e,Rest of US,0.33245686886008724
9r6e,Rest of California,0.6675431311399128
9qgk,Rest of US,1.0
djvg,Rest of US,1.0
dhw3,Rest of US,0.9948078795806148
9wtf,Rest of US,1.0
dpdc,Rest of US,1.0
9z14,Rest of US,1.0
9qcs,Rest of California,0.9995899957315415
drkf,Rest of US,0.026759049909076585
9qu3,Rest of US,1.0
9vub,Rest of US,1.0
c0rc,Rest of US,0.5851563901498785
dp4u,Rest of US,1.0
dje6,Rest of US,1.0
9rum,Rest of US,1.0
dps7,Rest of US,1.0
9wwr,Rest of US,1.0
dpsj,Rest of US,1.0
be9d,Rest of US,1.0
9y8d,Rest of US,1.0
c87m,Rest of US,1.0
9zq8,Rest of US,1.0
c8q7,Rest of US,1.0
dp7z,Rest of US,1.0
9v42,Rest of US,1.0
dnxf,Rest of US,1.0
cbmx,Rest of US,1.0
cb11,Rest of US,1.0
bsms,Rest of US,1.0
bduu,Rest of US,0.4873390354068786
beb4,Rest of US,1.0
9wex,Rest of US,1.0
dqbf,Rest of US,1.0
dq8f,Rest of US,1.0
bsp5,Rest of US,1.0
9zv2,Rest of US,1.0
bgct,Rest of US,1.0
9y1y,Rest of US,1.0
dr48,Rest of US,1.0
dnbx,Rest of US,1.0
9v9n,Rest of US,1.0
9rbt,Rest of US,1.0
9tze,Rest of US,1.0
9qnz,Rest of US,1.0
bskc,Rest of US,1.0
9vkc,Rest of US,1.0
9rvr,Rest of US,1.0
9z3b,Rest of US,1.0
c2qw,Rest of US,1.0
c8kk,Rest of US,1.0
9yhj,Rest of US,1.0
dpkw,Rest of US,0.9439983088163446
dq65,Rest of US,0.627612353009651
9vgw,Rest of US,1.0
9tbd,Rest of US,1.0
b6yk,Rest of US,1.0
c21c,Rest of US,1.0
c1cr,Rest of US,0.7744421233588349
b3yn,Rest of US,1.0
9rej,Rest of US,1.0
dpeh,Rest of US,1.0
dnnx,Rest of US,1.0
dpqt,Rest of US,1.0
9r95,Rest of US,1.0
9vv8,Rest of US,1.0
9v8h,Rest of US,1.0
b6x7,Rest of US,1.0
9vfc,Rest of US,1.0
9mvk,Rest of California,1.0
9zht,Rest of US,1.0
dncc,Rest of US,1.0
9vxk,Rest of US,1.0
b69z,Rest of US,0.4056700087450432
b79p,Rest of US,0.1454847445966644
dnpt,Rest of US,1.0
9x70,Rest of US,1.0
9qgv,Rest of US,1.0
dq27,Rest of US,1.0
b7x6,Rest of US,1.0
b6vg,Rest of US,1.0
dpm6,Rest of US,1.0
9xgv,Rest of US,1.0
f0hw,Rest of US,0.0695225524204018
bdy6,Rest of US,0.9987642236877512
9wek,Rest of US,1.0
b7dh,Rest of US,1.0
9v7c,Rest of US,1.0
dq84,Rest of US,1.0
drd2,Rest of US,1.0
bkjz,Rest of US,1.0
bek8,Rest of US,1.0
9tq0,Rest of US,1.0
9w15,Rest of US,1.0
cb4v,Rest of US,1.0
9vdw,Rest of US,1.0
9qp3,Rest of US,1.0
b7et,Rest of US,1.0
bef1,Rest of US,1.0
9vyt,Rest of US,1.0
bk7b,Rest of US,1.0
dn0s,Rest of US,1.0
bd4v,Rest of US,0.9235711816195404
c2e2,Rest of US,1.0
dn9s,Rest of US,1.0
c2jr,Rest of US,1.0
9xjk,Rest of US,1.0
9z0t,Rest of US,1.0
dngg,Rest of US,1.0
dqbe,Rest of US,1.0
c26y,Rest of US,1.0
9rpe,Rest of US,1.0
drks,Rest of US,1.0
dnvj,Rest of US,1.0
9x3n,Rest of US,1.0
9rw0,Rest of US,1.0
9wdz,Rest of US,1.0
f2nd,Rest of US,1.0
x4qv,Rest of US,0.027840186781335933
9q5t,Rest of California,0.9998947269479134
9xkt,Rest of US,1.0
9v4m,Rest of US,1.0
bduv,Rest of US,1.0
9rw2,Rest of US,1.0
9tg2,Rest of US,1.0
b7w7,Rest of US,1.0
dpnv,Rest of US,1.0
9vve,Rest of US,1.0
bft2,Rest of US,0.44124751205506124
c1gq,Rest of US,1.0
9wc9,Rest of US,1.0
bgch,Rest of US,1.0
b7kq,Rest of US,0.3934531944791856
be6r,Rest of US,1.0
9rfz,Rest of US,1.0
benz,Rest of US,1.0
9qxc,Rest of US,1.0
dryd,Rest of US,0.9867000093098407
9wwk,Rest of US,1.0
bgcv,Rest of US,1.0
9zd2,Rest of US,1.0
cbw6,Rest of US,0.7883351665669934
9zf3,Rest of US,1.0
9xw7,Rest of US,1.0
9my7,Rest of US,0.011137590666490681
9my7,Rest of California,0.9888624093335094
bdwp,Rest of US,1.0
c8wm,Rest of US,1.0
b6z5,Rest of US,1.0
9wuc,Rest of US,1.0
b7nb,Rest of US,1.0
f015,Rest of US,1.0
dph3,Rest of US,1.0
9wfv,Rest of US,1.0
bs4z,Rest of US,1.0
9w2r,Rest of US,1.0
9w9y,Rest of US,1.0
dnvz,Rest of US,1.0
9qju,Rest of California,1.0
dn13,Rest of US,1.0
b7dw,Rest of US,1.0
9vf1,Rest of US,1.0
dn9k,Rest of US,1.0
drg8,Rest of US,1.0
c225,Rest of US,1.0
bfb9,Rest of US,1.0
9ytx,Rest of US,1.0
dnyc,Rest of US,1.0
bexm,Rest of US,1.0
9qg0,Rest of California,0.9998587272053495
9x3d,Rest of US,1.0
9wuf,Rest of US,1.0
9vr5,Rest of US,1.0
cb1g,Rest of US,1.0
dj0q,Rest of US,0.8007101405285665
9rby,Rest of US,1.0
dpp3,Rest of US,1.0
9t8n,Rest of US,1.0
9tqg,Rest of US,1.0
becz,Rest of US,1.0
c2pv,Rest of US,1.0
b7q2,Rest of US,1.0
bed2,Rest of US,1.0
b3uu,Rest of US,1.0
c2rv,Rest of US,1.0
bdgy,Rest of US,1.0
9vtn,Rest of US,1.0
drd9,Rest of US,1.0
dq24,Rest of US,1.0
9mvp,Rest of California,1.0
9qvx,Rest of US,1.0
9zyr,Rest of US,1.0
b6u3,Rest of US,1.0
9rhn,Rest of US,1.0
9vdy,Rest of US,1.0
bdg8,Rest of US,0.9066546754606003
be1j,Rest of US,1.0
b7mf,Rest of US,1.0
drm7,Rest of US,0.03754978555142258
9yd3,Rest of US,1.0
beue,Rest of US,1.0
dnqp,Rest of US,1.0
9qfb,Rest of California,1.0
9x50,Rest of US,1.0
f037,Rest of US,0.023943890242496303
be6s,Rest of US,1.0
bgbw,Rest of US,1.0
dprs,Rest of US,1.0
9yc9,Rest of US,1.0
9w59,Rest of US,1.0
9vbn,Rest of US,1.0
drvn,Rest of US,1.0
bu12,Rest of US,1.0
9v1k,Rest of US,1.0
9yv6,Rest of US,1.0
c846,Rest of US,1.0
dp21,Rest of US,1.0
bs9e,Rest of US,0.9264417313434912
c269,Rest of US,1.0
9ve3,Rest of US,1.0
9y37,Rest of US,1.0
bd9g,Rest of US,1.0
9r8d,Rest of US,1.0
9myj,Rest of California,1.0
dn9j,Rest of US,1.0
9wwy,Rest of US,1.0
c2s2,Rest of US,1.0
9wg2,Rest of US,1.0
bg0w,Rest of US,1.0
9vyk,Rest of US,1.0
begb,Rest of US,1.0
c29d,Rest of US,1.0
9ykb,Rest of US,1.0
9yvb,Rest of US,1.0
9xqp,Rest of US,1.0
dn83,Rest of US,1.0
djfh,Rest of US,1.0
c29s,Rest of US,1.0
c8r2,Rest of US,1.0
bek9,Rest of US,1.0
cb7w,Rest of US,1.0
9zxz,Rest of US,1.0
9xkk,Rest of US,1.0
9zmx,Rest of US,1.0
dp3d,Rest of US,1.0
f01b,Rest of US,0.25794917719253324
9r7m,Rest of US,1.0
9vu4,Rest of US,1.0
f805,Rest of US,0.08452466554375282
9vef,Rest of US,1.0
bd3d,Rest of US,1.0
begg,Rest of US,1.0
c42h,Rest of US,0.5337233422617094
bs39,Rest of US,1.0
9rqn,Rest of US,1.0
dq3p,Rest of US,1.0
9txq,Rest of US,1.0
b6wb,Rest of US,1.0
drs5,Rest of US,1.0
9ws2,Rest of US,1.0
bgdm,Rest of US,1.0
9xk6,Rest of US,1.0
b6rj,Rest of US,0.24813136419362206
f2ny,Rest of US,1.0
dnr7,Rest of US,1.0
9r4d,Rest of US,0.3334219406162649
9r4d,Rest of California,0.6665780593837352
dr90,Rest of US,1.0
bgc7,Rest of US,1.0
f2r0,Rest of US,1.0
9wr9,Rest of US,1.0
9zdv,Rest of US,1.0
bds3,Rest of US,0.9668138792014545
9z6z,Rest of US,1.0
c2k3,Rest of US,1.0
b6sg,Rest of US,0.45471371517420545
dhv7,Rest of US,0.9253422634726921
bex0,Rest of US,1.0
dph7,Rest of US,1.0
9xun,Rest of US,1.0
dq8t,Rest of US,1.0
djzr,Rest of US,1.0
c0x7,Rest of US,0.10590168853978417
9zd4,Rest of US,1.0
9zhr,Rest of US,1.0
9tey,Rest of US,1.0
bfx4,Rest of US,0.6985576046467812
9ybr,Rest of US,1.0
9yry,Rest of US,1.0
b6fk,Rest of US,0.9947547659306604
9udx,Rest of US,0.8224552434716751
drt0,Rest of US,1.0
9xbh,Rest of US,1.0
bs5t,Rest of US,1.0
djys,Rest of US,1.0
djne,Rest of US,0.46808285051681775
dnwj,Rest of US,1.0
djcv,Rest of US,1.0
dpdz,Rest of US,1.0
cb0j,Rest of US,1.0
9zxd,Rest of US,1.0
9xwg,Rest of US,1.0
dr6j,Rest of US,1.0
9rpx,Rest of US,1.0
9y7p,Rest of US,1.0
c8k8,Rest of US,1.0
f08c,Rest of US,0.4760060386003367
dr7y,Rest of US,1.0
b3eq,Rest of US,0.2502304229295247
9xh7,Rest of US,1.0
9ww5,Rest of US,1.0
9w6h,Rest of US,1.0
9q6g,Rest of California,0.9989485559304848
9xrt,Rest of US,1.0
dnrh,Rest of US,1.0
beh0,Rest of US,1.0
9xx6,Rest of US,1.0
9zf2,Rest of US,1.0
dq4p,Rest of US,0.02941641652017929
9xhr,Rest of US,1.0
bs32,Rest of US,1.0
dn1p,Rest of US,1.0
b7r7,Rest of US,1.0
b6w0,Rest of US,0.9999868811134901
bkn1,Rest of US,1.0
bkjn,Rest of US,1.0
bkq9,Rest of US,1.0
9ucj,Rest of US,0.6243577793724451
c8x9,Rest of US,1.0
be1e,Rest of US,1.0
b7y9,Rest of US,1.0
c2t7,Rest of US,1.0
9txh,Rest of US,1.0
bfcu,Rest of US,1.0
9w8u,Rest of US,1.0
9wz6,Rest of US,1.0
bsrv,Rest of US,1.0
b7ns,Rest of US,1.0
9xhd,Rest of US,1.0
beh1,Rest of US,1.0
dhvm,Rest of US,0.719572729998249
dpg8,Rest of US,1.0
dns8,Rest of US,1.0
9mxp,Rest of US,0.9357701921664432
f051,Rest of US,0.023779073112923228
c22m,Rest of US,0.9269167090303206
bess,Rest of US,1.0
bkrg,Rest of US,1.0
9v98,Rest of US,1.0
9rn1,Rest of US,1.0
9vx1,Rest of US,1.0
b6x6,Rest of US,1.0
c8xq,Rest of US,0.747299120569705
djk5,Rest of US,0.8744538987804652
9uc6,Rest of US,0.8366226315717334
9rud,Rest of US,1.0
9vcz,Rest of US,1.0
9wmn,Rest of US,1.0
beym,Rest of US,1.0
c8nb,Rest of US,1.0
9v45,Rest of US,1.0
dru7,Rest of US,1.0
9qys,Rest of US,1.0
c83m,Rest of US,1.0
dn5m,Rest of US,1.0
9x8r,Rest of US,1.0
c8ev,Rest of US,1.0
9q6r,Rest of California,1.0
9rzj,Rest of US,1.0
dnc2,Rest of US,1.0
cb8c,Rest of US,1.0
9zju,Rest of US,1.0
9w8w,Rest of US,1.0
dp9q,Rest of US,0.9865198245084814
bsk2,Rest of US,1.0
bdcc,Rest of US,1.0
drcb,Rest of US,0.755391788342882
9xep,Rest of US,1.0
9quc,Rest of US,1.0
9z69,Rest of US,1.0
bddc,Rest of US,0.25399370892946094
dj7d,Rest of US,1.0
9vfd,Rest of US,1.0
be7s,Rest of US,1.0
c847,Rest of US,1.0
9ts9,Rest of US,0.023986919780468217
9vc5,Rest of US,1.0
9zej,Rest of US,1.0
cb8t,Rest of US,1.0
de2c,Rest of US,0.1032790040584487
bspu,Rest of US,1.0
djkr,Rest of US,1.0
dphz,Rest of US,1.0
b7z5,Rest of US,1.0
9yvq,Rest of US,1.0
dnkn,Rest of US,1.0
bg24,Rest of US,1.0
dq3s,Rest of US,0.5892241411780109
c2ec,Rest of US,1.0
9v4r,Rest of US,1.0
9vqt,Rest of US,1.0
cbe8,Rest of US,1.0
b7sw,Rest of US,1.0
9v1h,Rest of US,1.0
9yge,Rest of US,1.0
9y1t,Rest of US,1.0
c85g,Rest of US,1.0
bec7,Rest of US,1.0
9yj3,Rest of US,1.0
9rmt,Rest of US,1.0
drds,Rest of US,1.0
dq1s,Rest of US,0.014203455166890366
b7eb,Rest of US,1.0
dnmq,Rest of US,1.0
bk4k,Rest of US,1.0
9w8r,Rest of US,1.0
9xfv,Rest of US,1.0
9zz7,Rest of US,1.0
9rmh,Rest of US,1.0
b749,Rest of US,1.0
bggd,Rest of US,0.9260818716016123
9v4w,Rest of US,1.0
bfpt,Rest of US,0.7994287664688454
dj9g,Rest of US,1.0
9zt6,Rest of US,1.0
9xmy,Rest of US,1.0
9yj7,Rest of US,1.0
b7zm,Rest of US,1.0
9xg0,Rest of US,1.0
9zzg,Rest of US,1.0
9yu5,Rest of US,1.0
9xkg,Rest of US,1.0
dny4,Rest of US,1.0
9q5n,Rest of California,0.9999863682824658
9vcu,Rest of US,1.0
9znv,Rest of US,1.0
9w08,Rest of US,1.0
c40k,Rest of US,0.3320903699829426
be46,Rest of US,1.0
c82g,Rest of US,1.0
9wb9,Rest of US,1.0
9v7y,Rest of US,1.0
9xx0,Rest of US,1.0
9rt9,Rest of US,1.0
dns1,Rest of US,1.0
drdn,Rest of US,1.0
dp5d,Rest of US,1.0
bsmu,Rest of US,1.0
bfgk,Rest of US,1.0
cb5r,Rest of US,1.0
c88g,Rest of US,1.0
9whk,Rest of US,1.0
9wdb,Rest of US,1.0
dr7p,Rest of US,1.0
c8k3,Rest of US,1.0
bet2,Rest of US,1.0
9vyv,Rest of US,1.0
dj8y,Rest of US,1.0
9tuy,Rest of US,1.0
dpk2,Rest of US,1.0
bdsc,Rest of US,0.22143515580748427
9r2n,Rest of US,0.0725463832925176
9r2n,Rest of California,0.9274536167074824
drkh,Rest of US,1.0
bkr0,Rest of US,1.0
dr2z,Rest of US,1.0
9w18,Rest of US,1.0
f01p,Rest of US,1.0
9we3,Rest of US,1.0
9zu3,Rest of US,1.0
bu01,Rest of US,1.0
9mud,Rest of California,0.543077044609169
9zh0,Rest of US,1.0
9tgm,Rest of US,1.0
c1cu,Rest of US,0.4764976778456558
9vxt,Rest of US,1.0
c849,Rest of US,1.0
9vqh,Rest of US,1.0
9prx,Rest of US,0.6343883349497318
dp88,Rest of US,1.0
c80h,Rest of US,1.0
bej5,Rest of US,1.0
c8rb,Rest of US,1.0
9zve,Rest of US,1.0
9xfu,Rest of US,1.0
bs0u,Rest of US,1.0
c2xd,Rest of US,1.0
b7d5,Rest of US,1.0
9vud,Rest of US,1.0
b391,Rest of US,0.1445322872217212
dry3,Rest of US,0.902555251215175
9y9s,Rest of US,1.0
bs0g,Rest of US,1.0
drst,Rest of US,1.0
bdws,Rest of US,0.01314265437254569
9qqs,Rest of US,1.0
9qs4,Rest of California,1.0
9zx7,Rest of US,1.0
dnfs,Rest of US,1.0
bdb5,Rest of US,1.0
9vbf,Rest of US,1.0
9ybu,Rest of US,1.0
dr16,Rest of US,1.0
c8qk,Rest of US,1.0
9w66,Rest of US,1.0
c8h2,Rest of US,1.0
c83s,Rest of US,1.0
c2p4,Rest of US,1.0
djnh,Rest of US,1.0
9xuz,Rest of US,1.0
9qy8,Rest of US,1.0
9pxz,Rest of US,1.0
bdz5,Rest of US,0.91183287170868
cbrr,Rest of US,0.9999971545913976
9qu4,Rest of US,1.0
bu6c,Rest of US,1.0
9xsn,Rest of US,1.0
dnr0,Rest of US,1.0
b6fe,Rest of US,0.6300098515287446
besb,Rest of US,1.0
b7z3,Rest of US,1.0
9rgm,Rest of US,1.0
dju0,Rest of US,1.0
bepz,Rest of US,1.0
dq85,Rest of US,1.0
bemx,Rest of US,1.0
bs4j,Rest of US,1.0
dqfw,Rest of US,0.09521915106257108
bs09,Rest of US,1.0
bg8s,Rest of US,1.0
f2ns,Rest of US,1.0
c21p,Rest of US,1.0
9xr6,Rest of US,1.0
b6xj,Rest of US,1.0
9xu9,Rest of US,1.0
be6j,Rest of US,1.0
bef0,Rest of US,1.0
b6ry,Rest of US,0.866134942773684
9w28,Rest of US,1.0
9x9p,Rest of US,1.0
9uds,Rest of US,0.9854325270650026
dhqk,Rest of US,0.10456088851088836
bsdd,Rest of US,0.9985034365462067
9zf7,Rest of US,1.0
dnx9,Rest of US,1.0
c2j8,Rest of US,1.0
cb5m,Rest of US,1.0
djqn,Rest of US,0.34373254590749347
dnfp,Rest of US,1.0
9x4z,Rest of US,1.0
c1ep,Rest of US,0.3050087100855802
9qq6,Rest of US,1.0
bs69,Rest of US,1.0
9ydb,Rest of US,1.0
9y1b,Rest of US,1.0
dr8b,Rest of US,1.0
bg1p,Rest of US,1.0
bdfz,Rest of US,1.0
9wcj,Rest of US,1.0
9wrx,Rest of US,1.0
c2rr,Rest of US,1.0
dnk6,Rest of US,1.0
9x6g,Rest of US,1.0
9vvh,Rest of US,1.0
dpex,Rest of US,1.0
9ve1,Rest of US,1.0
c8mz,Rest of US,1.0
dnn8,Rest of US,1.0
b76w,Rest of US,0.3657993985689999
b7e2,Rest of US,1.0
9vz7,Rest of US,1.0
9re2,Rest of US,1.0
9qsn,Rest of US,0.960157402125702
9qsn,Rest of California,0.039842597874297996
9v4v,Rest of US,1.0
cb95,Rest of US,1.0
bfrj,Rest of US,0.4936174956575419
9udn,Rest of US,1.0
bg2r,Rest of US,1.0
c83d,Rest of US,1.0
djgt,Rest of US,1.0
dnxr,Rest of US,1.0
9whn,Rest of US,1.0
b75q,Rest of US,1.0
9zu5,Rest of US,1.0
c2qh,Rest of US,1.0
9xw3,Rest of US,1.0
dnvc,Rest of US,1.0
bgfk,Rest of US,1.0
dr9q,Rest of US,0.41121931347217766
dn26,Rest of US,1.0
cb4q,Rest of US,1.0
be9y,Rest of US,1.0
b757,Rest of US,1.0
9z0u,Rest of US,1.0
dpf6,Rest of US,0.026187053663844516
dp6y,Rest of US,1.0
9wuk,Rest of US,1.0
9rdd,Rest of US,1.0
9ww0,Rest of US,1.0
9xjv,Rest of US,1.0
9vun,Rest of US,1.0
9qz1,Rest of US,1.0
bers,Rest of US,1.0
bkt2,Rest of US,0.030817127278034064
dp69,Rest of US,1.0
bfcn,Rest of US,1.0
c8js,Rest of US,1.0
begf,Rest of US,1.0
cb1v,Rest of US,1.0
9myt,Rest of US,1.0
9zrg,Rest of US,1.0
b6um,Rest of US,1.0
9zkz,Rest of US,1.0
9qtu,Rest of US,1.0
9rgs,Rest of US,1.0
dpxd,Rest of US,0.04748249409920885
b7es,Rest of US,1.0
dhv9,Rest of US,0.9273155003575211
9uc2,Rest of US,0.34587268098217044
dj7r,Rest of US,1.0
c8w0,Rest of US,1.0
9zgq,Rest of US,1.0
9ucc,Rest of US,1.0
9wpc,Rest of US,1.0
c20x,Rest of US,1.0
djkw,Rest of US,1.0
c2w9,Rest of US,1.0
dph1,Rest of US,1.0
b7mv,Rest of US,1.0
9tek,Rest of US,0.18615721648992703
bg0j,Rest of US,1.0
djyx,Rest of US,1.0
9re9,Rest of US,1.0
drkj,Rest of US,1.0
dp58,Rest of US,1.0
dp46,Rest of US,1.0
9qrj,Rest of US,1.0
bg0d,Rest of US,1.0
drke,Rest of US,0.9889992677129334
dnmw,Rest of US,1.0
becr,Rest of US,1.0
dre2,Rest of US,1.0
9rsh,Rest of US,1.0
c212,Rest of US,1.0
9vym,Rest of US,1.0
b7e5,Rest of US,1.0
djg6,Rest of US,1.0
dqbd,Rest of US,1.0
9yzj,Rest of US,1.0
9xe7,Rest of US,1.0
b7mc,Rest of US,1.0
bs81,Rest of US,1.0
b6em,Rest of US,0.9643725012209982
drg9,Rest of US,1.0
cbet,Rest of US,1.0
9zbv,Rest of US,1.0
b6ez,Rest of US,1.0
bed4,Rest of US,1.0
9qv5,Rest of US,1.0
9qyq,Rest of US,1.0
9r09,Rest of California,0.9996796430204475
9q92,Rest of California,0.6366923377138249
9w57,Rest of US,1.0
9ufq,Rest of US,1.0
dnnw,Rest of US,1.0
9qg3,Rest of US,0.21908015251557186
9qg3,Rest of California,0.7809198474844281
djd8,Rest of US,1.0
9zn1,Rest of US,1.0
bs6j,Rest of US,1.0
c8xu,Rest of US,1.0
c23r,Rest of US,1.0
b6ye,Rest of US,1.0
dr1t,Rest of US,1.0
b7t1,Rest of US,1.0
f2h8,Rest of US,0.02977186258296398
bec6,Rest of US,1.0
9ruv,Rest of US,1.0
9t9k,Rest of US,1.0
9xgy,Rest of US,1.0
f023,Rest of US,1.0
c25n,Rest of US,1.0
9tb9,Rest of US,1.0
dnmk,Rest of US,1.0
bs8g,Rest of US,1.0
dp47,Rest of US,1.0
cbpb,Rest of US,1.0
be3f,Rest of US,1.0
be2s,Rest of US,1.0
dpse,Rest of US,1.0
9tck,Rest of US,1.0
9yqm,Rest of US,1.0
9mv1,Rest of California,0.6426383754859974
c8rj,Rest of US,1.0
9tb2,Rest of US,1.0
bfsq,Rest of US,0.5663963490310865
b7xf,Rest of US,1.0
9yxt,Rest of US,1.0
dr46,Rest of US,1.0
drcu,Rest of US,0.09888167738337296
b7dc,Rest of US,1.0
dpuj,Rest of US,1.0
f2q7,Rest of US,0.18073431773545082
9yr5,Rest of US,1.0
9trf,Rest of US,1.0
berh,Rest of US,1.0
bshm,Rest of US,1.0
b6y7,Rest of US,1.0
bkxb,Rest of US,1.0
bevj,Rest of US,1.0
bskh,Rest of US,1.0
dn96,Rest of US,1.0
bsp8,Rest of US,1.0
9zdc,Rest of US,1.0
beuj,Rest of US,1.0
9xwb,Rest of US,1.0
9yun,Rest of US,1.0
f2r8,Rest of US,1.0
de3b,Rest of US,0.2678042847176296
dn1s,Rest of US,1.0
beu4,Rest of US,1.0
9q7u,Rest of California,1.0
dpfy,Rest of US,0.9147832174917413
be5y,Rest of US,1.0
b75b,Rest of US,1.0
be07,Rest of US,1.0
9tme,Rest of US,0.7964096879373654
bdv6,Rest of US,0.5628164924481983
begj,Rest of US,1.0
cbkm,Rest of US,1.0
b6pu,Rest of US,1.0
9z7e,Rest of US,1.0
dnck,Rest of US,1.0
9tyj,Rest of US,1.0
c2mn,Rest of US,1.0
9zfx,Rest of US,1.0
cb4m,Rest of US,1.0
c2wk,Rest of US,1.0
dr93,Rest of US,1.0
9tf3,Rest of US,1.0
9zc1,Rest of US,1.0
b6n1,Rest of US,0.022884343804453748
9x2v,Rest of US,1.0
bggw,Rest of US,0.9260030528422147
9ve8,Rest of US,1.0
9z4r,Rest of US,1.0
b388,Rest of US,0.3768254878311363
9run,Rest of US,1.0
bs54,Rest of US,1.0
dnw7,Rest of US,1.0
dpbk,Rest of US,1.0
9vxn,Rest of US,1.0
9xwj,Rest of US,1.0
bfwf,Rest of US,0.05314617524802077
dr6k,Rest of US,1.0
bsj2,Rest of US,1.0
9tq3,Rest of US,1.0
be4n,Rest of US,1.0
dp20,Rest of US,1.0
c888,Rest of US,1.0
bdu9,Rest of US,0.9127097992248303
c2th,Rest of US,1.0
dnyz,Rest of US,1.0
9w9v,Rest of US,1.0
9xc2,Rest of US,1.0
de0p,Rest of US,0.07272643554676637
9rqu,Rest of US,1.0
9yhr,Rest of US,1.0
b7vs,Rest of US,1.0
9y3x,Rest of US,1.0
bkmg,Rest of US,1.0
dnbm,Rest of US,1.0
c8ne,Rest of US,1.0
bspm,Rest of US,1.0
b7uv,Rest of US,0.6154121793530428
bse3,Rest of US,1.0
9ygf,Rest of US,1.0
9r4b,Rest of US,1.0
be7d,Rest of US,1.0
dr5z,Rest of US,0.8883841150911201
bg56,Rest of US,1.0
dnky,Rest of US,1.0
9wmr,Rest of US,1.0
9z8f,Rest of US,1.0
9ryh,Rest of US,1.0
9ucy,Rest of US,1.0
bfps,Rest of US,0.3956122533688443
djyb,Rest of US,0.2244449903755267
9x7n,Rest of US,1.0
9w7x,Rest of US,1.0
c81f,Rest of US,1.0
9qty,Rest of US,1.0
c8p1,Rest of US,1.0
bu6n,Rest of US,0.9587740370526401
9x3q,Rest of US,1.0
cbx4,Rest of US,0.012428895769111709
9yr2,Rest of US,1.0
djb0,Rest of US,1.0
9zuc,Rest of US,1.0
9zzc,Rest of US,1.0
bd3k,Rest of US,1.0
9vv6,Rest of US,1.0
f026,Rest of US,0.48852003463150667
9yjy,Rest of US,1.0
9qdv,Rest of California,1.0
dhtu,Rest of US,0.6710392530825507
9x3j,Rest of US,1.0
9vuj,Rest of US,1.0
9wdh,Rest of US,1.0
9q5g,Rest of California,1.0
dryf,Rest of US,0.4953821296078183
9vgz,Rest of US,1.0
9rkn,Rest of US,1.0
djvd,Rest of US,1.0
c2h5,Rest of US,1.0
bkrx,Rest of US,1.0
bfg7,Rest of US,1.0
djm6,Rest of US,1.0
dnyy,Rest of US,1.0
9y7j,Rest of US,1.0
bgcn,Rest of US,1.0
drge,Rest of US,1.0
c208,Rest of US,1.0
bg68,Rest of US,1.0
9yj1,Rest of US,1.0
bewj,Rest of US,1.0
9xpz,Rest of US,1.0
9xjm,Rest of US,1.0
9xnt,Rest of US,1.0
9xut,Rest of US,1.0
bddy,Rest of US,1.0
9pxs,Rest of US,0.9933435211574092
dr68,Rest of US,1.0
dnbu,Rest of US,1.0
9rh5,Rest of US,1.0
9ynm,Rest of US,1.0
c2jb,Rest of US,1.0
c852,Rest of US,1.0
9qh0,Rest of California,1.0
9tqp,Rest of US,1.0
bdc9,Rest of US,1.0
9q95,Rest of California,0.601766970870404
zcnn,Rest of US,0.016791713258863066
9y9b,Rest of US,1.0
9ysd,Rest of US,1.0
9r94,Rest of US,1.0
dq6h,Rest of US,0.44744131076406957
b3vq,Rest of US,0.5737047275101356
bs0p,Rest of US,1.0
bs1m,Rest of US,1.0
9v81,Rest of US,1.0
9qv9,Rest of US,1.0
dj8c,Rest of US,1.0
9v4k,Rest of US,1.0
bej4,Rest of US,1.0
be4j,Rest of US,1.0
9wy1,Rest of US,1.0
dpg9,Rest of US,1.0
9r33,Rest of California,1.0
9rgy,Rest of US,1.0
9re0,Rest of US,1.0
9zzs,Rest of US,1.0
bdbb,Rest of US,1.0
9wsf,Rest of US,1.0
bg3q,Rest of US,1.0
c8pf,Rest of US,1.0
f2rk,Rest of US,0.9983862087872456
bs6b,Rest of US,1.0
c2em,Rest of US,1.0
9mv7,Rest of California,1.0
9vus,Rest of US,1.0
dpmu,Rest of US,0.16101706796142998
bss8,Rest of US,0.6801082393922865
9vvy,Rest of US,1.0
bdbg,Rest of US,1.0
b7xu,Rest of US,1.0
drup,Rest of US,1.0
c823,Rest of US,1.0
c82w,Rest of US,1.0
9wuj,Rest of US,1.0
9x2t,Rest of US,1.0
bdgs,Rest of US,1.0
bkhz,Rest of US,1.0
beqt,Rest of US,1.0
9ycb,Rest of US,1.0
c8re,Rest of US,1.0
b3vk,Rest of US,0.99581252228911
9wvm,Rest of US,1.0
9z7g,Rest of US,1.0
9x3b,Rest of US,1.0
dxbr,Rest of US,0.3875971409922821
c890,Rest of US,1.0
c20k,Rest of US,1.0
f04n,Rest of US,1.0
b6yz,Rest of US,1.0
9v3e,Rest of US,1.0
dndy,Rest of US,1.0
9qz7,Rest of US,1.0
bg19,Rest of US,1.0
bk45,Rest of US,0.5978493185662734
dn4e,Rest of US,1.0
9zpb,Rest of US,1.0
9tyf,Rest of US,1.0
b7r8,Rest of US,1.0
9w51,Rest of US,1.0
dnsm,Rest of US,1.0
9vgv,Rest of US,1.0
bu2y,Rest of US,0.10171117278524236
bs7u,Rest of US,1.0
9v6n,Rest of US,1.0
dn9g,Rest of US,1.0
bdd9,Rest of US,0.019433006107027567
9yc2,Rest of US,1.0
9tz6,Rest of US,1.0
dnzz,Rest of US,1.0
cbs6,Rest of US,1.0
9rm5,Rest of US,1.0
bejb,Rest of US,1.0
f05g,Rest of US,0.8996421900968979
9wmq,Rest of US,1.0
cb72,Rest of US,1.0
9r02,Rest of California,1.0
9xnz,Rest of US,1.0
dq3j,Rest of US,1.0
bse8,Rest of US,1.0
9qdn,Rest of California,0.9999987773473774
c2q3,Rest of US,1.0
bdzj,Rest of US,1.0
b79j,Rest of US,1.0
bk7f,Rest of US,0.25243465629836387
bek5,Rest of US,1.0
beeu,Rest of US,1.0
bft1,Rest of US,0.7647800691654705
9zy5,Rest of US,1.0
9tvh,Rest of US,1.0
bg90,Rest of US,1.0
9qrp,Rest of US,1.0
dn7s,Rest of US,1.0
b7us,Rest of US,0.4546354227139909
9vgs,Rest of US,1.0
c40e,Rest of US,0.7621596230527845
dnw3,Rest of US,1.0
bem5,Rest of US,1.0
djm3,Rest of US,1.0
b6xg,Rest of US,1.0
9z6k,Rest of US,1.0
bet5,Rest of US,1.0
dr6h,Rest of US,1.0
dp4b,Rest of US,1.0
9vqx,Rest of US,1.0
drsq,Rest of US,1.0
c8ph,Rest of US,1.0
9rpv,Rest of US,1.0
dp42,Rest of US,1.0
cbhm,Rest of US,1.0
dnpr,Rest of US,1.0
beqb,Rest of US,1.0
9x06,Rest of US,1.0
9rvp,Rest of US,1.0
bu1z,Rest of US,1.0
b6g2,Rest of US,1.0
cbtb,Rest of US,1.0
c41j,Rest of US,0.7036010483001992
9q3m,Rest of California,0.0653515764108868
9ve5,Rest of US,1.0
9y3y,Rest of US,1.0
b7sn,Rest of US,1.0
bdb8,Rest of US,1.0
dpqg,Rest of US,1.0
drm5,Rest of US,0.5404660793003874
befs,Rest of US,1.0
cbht,Rest of US,1.0
bd2u,Rest of US,1.0
bdd8,Rest of US,0.01675854841143221
9ybx,Rest of US,1.0
dhve,Rest of US,1.0
9ruj,Rest of US,1.0
c8d1,Rest of US,1.0
9ycn,Rest of US,1.0
x4rh,Rest of US,0.05751912580738086
dnmb,Rest of US,1.0
9x2s,Rest of US,1.0
bd1c,Rest of US,0.11573268150405572
b6pm,Rest of US,0.6052155221751702
9yw1,Rest of US,1.0
c2wb,Rest of US,1.0
djvs,Rest of US,1.0
bev5,Rest of US,1.0
9wc6,Rest of US,1.0
c84p,Rest of US,1.0
bg0x,Rest of US,1.0
bs6x,Rest of US,1.0
9v64,Rest of US,1.0
dnnr,Rest of US,1.0
bgf8,Rest of US,1.0
bfg2,Rest of US,1.0
9vdc,Rest of US,1.0
dqb3,Rest of US,1.0
9v15,Rest of US,1.0
beuy,Rest of US,1.0
9w3f,Rest of US,1.0
9q70,Rest of California,1.0
bk5d,Rest of US,1.0
b14x,Rest of US,0.11841402770313782
9wrp,Rest of US,1.0
9rzs,Rest of US,1.0
9vmw,Rest of US,1.0
djyu,Rest of US,1.0
dnnu,Rest of US,1.0
9r3s,Rest of California,1.0
dpxv,Rest of US,0.8658310859373093
9z5p,Rest of US,1.0
dhwe,Rest of US,1.0
9vd9,Rest of US,1.0
9r2m,Rest of California,1.0
dn5c,Rest of US,1.0
dr3m,Rest of US,1.0
c899,Rest of US,1.0
9rkj,Rest of US,1.0
c2es,Rest of US,1.0
c848,Rest of US,1.0
9z98,Rest of US,1.0
9z13,Rest of US,1.0
drgg,Rest of US,1.0
9y4u,Rest of US,1.0
9xf4,Rest of US,1.0
9qbs,Rest of California,0.10300507896358482
9r72,Rest of US,1.0
9qg1,Rest of California,1.0
9wyt,Rest of US,1.0
9x9e,Rest of US,1.0
9v67,Rest of US,1.0
bejw,Rest of US,1.0
bfg4,Rest of US,1.0
dnkq,Rest of US,1.0
dnup,Rest of US,1.0
9qe1,Rest of California,1.0
9rgh,Rest of US,1.0
betp,Rest of US,1.0
9q5x,Rest of California,1.0
b6rp,Rest of US,0.9292090944826545
bfxs,Rest of US,0.046376897821478746
bg4d,Rest of US,1.0
dn42,Rest of US,1.0
dnz6,Rest of US,1.0
c401,Rest of US,0.9721435276096894
b759,Rest of US,1.0
dn66,Rest of US,1.0
zcpj,Rest of US,0.25041754830981755
dnn4,Rest of US,1.0
b75v,Rest of US,1.0
dphm,Rest of US,1.0
b7rb,Rest of US,1.0
9ysx,Rest of US,1.0
besf,Rest of US,1.0
bs40,Rest of US,1.0
f062,Rest of US,0.4816813191862202
b74s,Rest of US,0.20164962084054003
9zhy,Rest of US,1.0
dn67,Rest of US,1.0
9y6s,Rest of US,1.0
c85f,Rest of US,1.0
cb54,Rest of US,1.0
9yz1,Rest of US,1.0
bdyt,Rest of US,1.0
bejv,Rest of US,1.0
bu7e,Rest of US,0.9257468918741021
bdvz,Rest of US,1.0
druq,Rest of US,1.0
9x8e,Rest of US,1.0
dr3w,Rest of US,1.0
9xf9,Rest of US,1.0
9rq6,Rest of US,1.0
9qy9,Rest of US,1.0
9w63,Rest of US,1.0
9qx1,Rest of US,1.0
9yhy,Rest of US,1.0
c8jw,Rest of US,1.0
bsee,Rest of US,0.08682785409471737
bs1u,Rest of US,1.0
9z0c,Rest of US,1.0
bg4u,Rest of US,1.0
9z80,Rest of US,1.0
b75u,Rest of US,1.0
dppj,Rest of US,1.0
b6vn,Rest of US,1.0
dq2j,Rest of US,1.0
9x27,Rest of US,1.0
9wv9,Rest of US,1.0
9tcr,Rest of US,1.0
9wdr,Rest of US,1.0
9rcq,Rest of US,1.0
beud,Rest of US,1.0
9yqc,Rest of US,1.0
9rbd,Rest of US,1.0
b7zu,Rest of US,1.0
zcq8,Rest of US,0.019410822287025217
bs23,Rest of US,1.0
b6xk,Rest of US,1.0
dr6g,Rest of US,1.0
b7hf,Rest of US,1.0
bec2,Rest of US,1.0
9x57,Rest of US,1.0
9tr3,Rest of US,0.3538662599200773
9zks,Rest of US,1.0
bfx5,Rest of US,0.20259518906557109
9q3x,Rest of California,1.0
b7jv,Rest of US,1.0
beew,Rest of US,1.0
dj0k,Rest of US,0.04337842723848467
9rtp,Rest of US,1.0
cb36,Rest of US,1.0
dnct,Rest of US,1.0
9wys,Rest of US,1.0
8e8w,Rest of US,0.4309343336020531
9z70,Rest of US,1.0
9qd6,Rest of California,0.9996044474047707
bffq,Rest of US,1.0
djb6,Rest of US,1.0
cbnz,Rest of US,1.0
9v1t,Rest of US,1.0
9z1q,Rest of US,1.0
c2r9,Rest of US,1.0
bee2,Rest of US,1.0
b3zn,Rest of US,0.41865972094913184
9tmv,Rest of US,1.0
dreq,Rest of US,1.0
bd9p,Rest of US,1.0
9xyq,Rest of US,1.0
dj2g,Rest of US,0.03242938161930092
9rqq,Rest of US,1.0
9wjy,Rest of US,1.0
9quj,Rest of US,1.0
9qsc,Rest of US,0.7235127970404848
9qsc,Rest of California,0.2764872029595153
cb96,Rest of US,1.0
bsr3,Rest of US,1.0
9w25,Rest of US,1.0
bs4e,Rest of US,1.0
9r1z,Rest of California,1.0
b6cz,Rest of US,0.21110436784749134
9qgf,Rest of US,1.0
bg3w,Rest of US,1.0
bkms,Rest of US,1.0
bff1,Rest of US,1.0
b3y3,Rest of US,0.37211502811179314
9xrw,Rest of US,1.0
dj35,Rest of US,0.04533835726705522
9vb0,Rest of US,1.0
9mz4,Rest of US,1.0
dpqs,Rest of US,1.0
bett,Rest of US,1.0
c2mp,Rest of US,1.0
bdfn,Rest of US,1.0
9t8q,Rest of US,1.0
befy,Rest of US,1.0
bs15,Rest of US,1.0
9xjz,Rest of US,1.0
9y6j,Rest of US,1.0
dp2d,Rest of US,1.0
9vbz,Rest of US,1.0
dr3e,Rest of US,1.0
bg4w,Rest of US,1.0
dr79,Rest of US,0.8150010851243503
druv,Rest of US,1.0
dn23,Rest of US,1.0
bdwy,Rest of US,0.4296497079325454
9v36,Rest of US,1.0
9ty0,Rest of US,1.0
9xdq,Rest of US,1.0
be8b,Rest of US,1.0
dq92,Rest of US,1.0
9yn2,Rest of US,1.0
c8th,Rest of US,1.0
b7qu,Rest of US,1.0
b6ze,Rest of US,1.0
9rqt,Rest of US,1.0
b5q3,Rest of US,0.7230659143879853
9z01,Rest of US,1.0
cbs0,Rest of US,1.0
dq2n,Rest of US,1.0
9z1u,Rest of US,1.0
bfcj,Rest of US,1.0
9qqn,Rest of US,1.0
9tgc,Rest of US,1.0
9qxf,Rest of US,1.0
9qs1,Rest of California,1.0
9qd0,Rest of California,0.9997475157667901
dr1w,Rest of US,1.0
9rwh,Rest of US,1.0
9q4q,Rest of California,0.999691312116944
9w61,Rest of US,1.0
de23,Rest of US,0.23895835760029926
9xge,Rest of US,1.0
bs6c,Rest of US,1.0
9w35,Rest of US,1.0
9rvf,Rest of US,1.0
9rw6,Rest of US,1.0
9tdn,Rest of US,1.0
9wpg,Rest of US,1.0
dng8,Rest of US,1.0
c84m,Rest of US,1.0
c8q4,Rest of US,1.0
dnyw,Rest of US,1.0
cb60,Rest of US,1.0
9qng,Rest of US,0.8527409254671365
9qng,Rest of California,0.14725907453286335
9tbe,Rest of US,1.0
bkhu,Rest of US,1.0
9xd5,Rest of US,1.0
dj6t,Rest of US,1.0
9y08,Rest of US,1.0
bggj,Rest of US,1.0
bg6x,Rest of US,1.0
9y01,Rest of US,1.0
dnsy,Rest of US,1.0
djbs,Rest of US,1.0
bg3b,Rest of US,1.0
b7n1,Rest of US,1.0
cbm3,Rest of US,1.0
dnpf,Rest of US,1.0
dp51,Rest of US,1.0
87ze,Rest of US,0.16350446974196023
bfqr,Rest of US,0.566557380639231
9zys,Rest of US,1.0
9x65,Rest of US,1.0
9r7r,Rest of US,1.0
bg97,Rest of US,1.0
dpg3,Rest of US,1.0
9wrz,Rest of US,1.0
cbnb,Rest of US,1.0
cbqq,Rest of US,1.0
9wjt,Rest of US,1.0
c26h,Rest of US,1.0
9yk2,Rest of US,1.0
bfpd,Rest of US,0.01147722588432312
befp,Rest of US,1.0
bg4j,Rest of US,1.0
c24e,Rest of US,1.0
dnxh,Rest of US,1.0
c8qb,Rest of US,1.0
9zpu,Rest of US,1.0
b79z,Rest of US,1.0
c8hy,Rest of US,1.0
b7w9,Rest of US,1.0
bdyk,Rest of US,1.0
be9r,Rest of US,1.0
bsqq,Rest of US,1.0
9v56,Rest of US,1.0
dp3b,Rest of US,1.0
9v2g,Rest of US,1.0
b720,Rest of US,0.021888863173190137
9ye5,Rest of US,1.0
9r0q,Rest of California,1.0
c2nn,Rest of US,1.0
9zxr,Rest of US,1.0
dpup,Rest of US,1.0
9vvf,Rest of US,1.0
c28v,Rest of US,0.7955978011167519
9q6m,Rest of California,1.0
bsd8,Rest of US,1.0
dn98,Rest of US,1.0
bg7d,Rest of US,0.9263971466392832
b6tp,Rest of US,1.0
bsj0,Rest of US,1.0
f082,Rest of US,0.025362774659184607
dhw2,Rest of US,0.8262162771763477
9y4b,Rest of US,1.0
dn0d,Rest of US,1.0
9zr4,Rest of US,1.0
cb82,Rest of US,1.0
9yyk,Rest of US,1.0
9y12,Rest of US,1.0
9ysm,Rest of US,1.0
bs10,Rest of US,1.0
dn39,Rest of US,1.0
bk59,Rest of US,1.0
9v46,Rest of US,1.0
be8y,Rest of US,1.0
b7p9,Rest of US,1.0
dq05,Rest of US,1.0
9qze,Rest of US,1.0
dpg1,Rest of US,1.0
b7nz,Rest of US,1.0
b6xd,Rest of US,1.0
dnsw,Rest of US,1.0
de1r,Rest of US,0.2932618698724909
9v7x,Rest of US,1.0
9w99,Rest of US,1.0
c19r,Rest of US,0.09156954716775502
9xff,Rest of US,1.0
9z7m,Rest of US,1.0
9w45,Rest of US,1.0
c27g,Rest of US,1.0
bdt5,Rest of US,0.9903068386223458
b3vf,Rest of US,0.5658509838345079
9vwf,Rest of US,1.0
9xmv,Rest of US,1.0
9y5s,Rest of US,1.0
9v7n,Rest of US,1.0
9rrc,Rest of US,1.0
9zgy,Rest of US,1.0
9v6q,Rest of US,1.0
9rb9,Rest of US,1.0
bsr4,Rest of US,1.0
dnvn,Rest of US,1.0
dntj,Rest of US,1.0
dp53,Rest of US,1.0
bev8,Rest of US,1.0
c8e2,Rest of US,1.0
dnez,Rest of US,1.0
cbsm,Rest of US,1.0
9t9y,Rest of US,1.0
bkjj,Rest of US,1.0
b796,Rest of US,0.22375483074030977
c282,Rest of US,1.0
best,Rest of US,1.0
bg26,Rest of US,1.0
bsmb,Rest of US,1.0
dn6c,Rest of US,1.0
9xx2,Rest of US,1.0
djje,Rest of US,1.0
9wbe,Rest of US,1.0
9w6m,Rest of US,1.0
bf8y,Rest of US,0.03862691569444493
bg60,Rest of US,1.0
9vb9,Rest of US,1.0
dpsr,Rest of US,0.9996715737099495
cbsu,Rest of US,0.9784586575532913
9rnn,Rest of US,1.0
c2xn,Rest of US,0.7446041854107585
dnym,Rest of US,1.0
de1q,Rest of US,0.04098148702970908
9qw1,Rest of US,1.0
9ru4,Rest of US,1.0
beex,Rest of US,1.0
cb18,Rest of US,1.0
b6qv,Rest of US,0.9273306891713431
9tym,Rest of US,1.0
bu7k,Rest of US,0.6715829760572143
bd65,Rest of US,1.0
c2h6,Rest of US,1.0
be1x,Rest of US,1.0
dpgs,Rest of US,1.0
dj0r,Rest of US,0.380465232246249
9yme,Rest of US,1.0
c1c0,Rest of US,0.014276091773204371
djmk,Rest of US,1.0
bemu,Rest of US,1.0
9q53,Rest of California,0.19107335257848623
bes2,Rest of US,1.0
besv,Rest of US,1.0
b6er,Rest of US,1.0
cb4s,Rest of US,1.0
dpr5,Rest of US,1.0
9xp0,Rest of US,1.0
9r7w,Rest of US,1.0
9ykz,Rest of US,1.0
djuw,Rest of US,1.0
9v54,Rest of US,1.0
c27r,Rest of US,1.0
dr02,Rest of US,1.0
c1f6,Rest of US,0.7188691845543373
bu30,Rest of US,1.0
b6kv,Rest of US,0.40693849697048134
dp9j,Rest of US,1.0
be7n,Rest of US,1.0
c213,Rest of US,1.0
dju2,Rest of US,1.0
bk1y,Rest of US,0.7924384249104196
c1fx,Rest of US,1.0
9xef,Rest of US,1.0
c2e8,Rest of US,1.0
9zyj,Rest of US,1.0
bsn5,Rest of US,1.0
9ybf,Rest of US,1.0
9x2x,Rest of US,1.0
9yvt,Rest of US,1.0
cbsd,Rest of US,1.0
9vv3,Rest of US,1.0
dnk8,Rest of US,1.0
cb01,Rest of US,1.0
bkkf,Rest of US,1.0
9v26,Rest of US,1.0
zcnx,Rest of US,0.0549556844443862
9vd5,Rest of US,1.0
bs51,Rest of US,1.0
c2ek,Rest of US,1.0
dr2n,Rest of US,1.0
dqbh,Rest of US,1.0
bs2g,Rest of US,1.0
9qfh,Rest of California,1.0
9y8y,Rest of US,1.0
9q7g,Rest of California,1.0
dnnc,Rest of US,1.0
bepy,Rest of US,1.0
9yg7,Rest of US,1.0
bkw9,Rest of US,1.0
9v8z,Rest of US,1.0
dn3h,Rest of US,1.0
drtq,Rest of US,1.0
dr4z,Rest of US,1.0
be9v,Rest of US,1.0
9ydj,Rest of US,1.0
9z4t,Rest of US,1.0
dp43,Rest of US,1.0
9yuk,Rest of US,1.0
9qhn,Rest of California,1.0
bkqn,Rest of US,1.0
9z2c,Rest of US,1.0
b7hm,Rest of US,1.0
9tu7,Rest of US,1.0
djet,Rest of US,1.0
bez7,Rest of US,1.0
9x22,Rest of US,1.0
9rym,Rest of US,1.0
9qkz,Rest of California,1.0
f020,Rest of US,1.0
9wx8,Rest of US,1.0
bf9y,Rest of US,1.0
9ru7,Rest of US,1.0
beg5,Rest of US,1.0
9vyy,Rest of US,1.0
c2je,Rest of US,1.0
bddw,Rest of US,1.0
9tvc,Rest of US,1.0
c81p,Rest of US,1.0
dnpp,Rest of US,1.0
9xgs,Rest of US,1.0
be0t,Rest of US,1.0
9y26,Rest of US,1.0
dr12,Rest of US,1.0
c2d4,Rest of US,1.0
9x4t,Rest of US,1.0
9xwq,Rest of US,1.0
9wjr,Rest of US,1.0
bkmd,Rest of US,1.0
9wxq,Rest of US,1.0
9r0p,Rest of California,1.0
c8ef,Rest of US,1.0
drg6,Rest of US,1.0
9wcr,Rest of US,1.0
drus,Rest of US,1.0
drvh,Rest of US,1.0
bsqc,Rest of US,1.0
9zet,Rest of US,1.0
cbh7,Rest of US,1.0
b6vz,Rest of US,1.0
9rh4,Rest of US,1.0
9v7b,Rest of US,1.0
dnzg,Rest of US,1.0
c2t6,Rest of US,1.0
dnjn,Rest of US,1.0
c86t,Rest of US,1.0
9y7b,Rest of US,1.0
djg0,Rest of US,1.0
9xbu,Rest of US,1.0
djw1,Rest of US,0.6800222130324469
c1fu,Rest of US,0.8222244656127811
9wsw,Rest of US,1.0
9qcx,Rest of California,0.9999119938407642
8e98,Rest of US,0.8894721185804847
c403,Rest of US,0.04079539370826543
f2qb,Rest of US,1.0
dppq,Rest of US,1.0
bd69,Rest of US,0.1694600912991686
9xry,Rest of US,1.0
bgbb,Rest of US,1.0
dnxe,Rest of US,1.0
9y8k,Rest of US,1.0
9ztd,Rest of US,1.0
bfw1,Rest of US,0.19599509491331962
dru8,Rest of US,1.0
9zpd,Rest of US,1.0
drmu,Rest of US,0.4557955060712599
9zwx,Rest of US,1.0
9qrv,Rest of US,1.0
9zfb,Rest of US,1.0
9qc8,Rest of California,0.8619725040144861
drqj,Rest of US,0.5837122500561122
bd88,Rest of US,1.0
dq8w,Rest of US,1.0
dr6t,Rest of US,1.0
dnph,Rest of US,1.0
f05y,Rest of US,1.0
befc,Rest of US,1.0
9q6z,Rest of California,0.999996142624225
bg1b,Rest of US,1.0
9wet,Rest of US,1.0
dq9c,Rest of US,0.9112791189904588
9x98,Rest of US,1.0
b6ve,Rest of US,1.0
dnmx,Rest of US,1.0
bsd9,Rest of US,1.0
dpdd,Rest of US,0.2588541005923181
betj,Rest of US,1.0
9vh5,Rest of US,0.062554026776322
9wtc,Rest of US,1.0
drk0,Rest of US,1.0
de1u,Rest of US,0.21019844258127793
djeq,Rest of US,1.0
be25,Rest of US,1.0
b7w1,Rest of US,1.0
dn05,Rest of US,1.0
9qdk,Rest of California,1.0
dr0t,Rest of US,1.0
dn1f,Rest of US,1.0
b6fn,Rest of US,0.9026873389699958
drs4,Rest of US,1.0
9twq,Rest of US,1.0
9rwz,Rest of US,1.0
bew6,Rest of US,1.0
9tum,Rest of US,1.0
c84h,Rest of US,1.0
dnq0,Rest of US,1.0
9mug,Rest of California,1.0
9ty6,Rest of US,1.0
b6z3,Rest of US,1.0
9rhx,Rest of US,1.0
dnh4,Rest of US,1.0
b1rk,Rest of US,0.19390796358466114
bfs7,Rest of US,0.11360978717583028
9ym1,Rest of US,1.0
f2q0,Rest of US,0.22734678398190267
cb2r,Rest of US,1.0
dnd3,Rest of US,1.0
9tfq,Rest of US,1.0
9xwp,Rest of US,1.0
bu1u,Rest of US,1.0
bfs5,Rest of US,0.36102542974125745
9txy,Rest of US,1.0
9v6s,Rest of US,1.0
b6zp,Rest of US,1.0
bdv1,Rest of US,1.0
f06b,Rest of US,1.0
9z8u,Rest of US,1.0
9rjn,Rest of US,1.0
b6gu,Rest of US,1.0
9w68,Rest of US,1.0
9rv9,Rest of US,1.0
dpjy,Rest of US,1.0
c2dc,Rest of US,1.0
9x3m,Rest of US,1.0
9wnf,Rest of US,1.0
9ybz,Rest of US,1.0
9x0x,Rest of US,1.0
dp1f,Rest of US,1.0
9we2,Rest of US,1.0
9zmq,Rest of US,1.0
9vdn,Rest of US,1.0
dpbn,Rest of US,1.0
9qer,Rest of California,1.0
9qyg,Rest of US,1.0
9ugp,Rest of US,0.21507340935808397
djmj,Rest of US,1.0
dn8r,Rest of US,1.0
dp39,Rest of US,1.0
b6v3,Rest of US,1.0
drsb,Rest of US,1.0
9xe0,Rest of US,1.0
dnhv,Rest of US,1.0
c8w7,Rest of US,1.0
bdyr,Rest of US,1.0
dr64,Rest of US,1.0
9xtv,Rest of US,1.0
b6ur,Rest of US,1.0
dndp,Rest of US,1.0
c8ng,Rest of US,1.0
drzr,Rest of US,1.0
f2je,Rest of US,0.0206938388415768
9myb,Rest of US,1.0
9wyb,Rest of US,1.0
dntd,Rest of US,1.0
9mz5,Rest of US,1.0
9qw5,Rest of US,1.0
bu17,Rest of US,1.0
dr3p,Rest of US,1.0
b7xs,Rest of US,1.0
b7vq,Rest of US,1.0
bkxf,Rest of US,1.0
dpsg,Rest of US,1.0
bg47,Rest of US,1.0
beeg,Rest of US,1.0
9zn0,Rest of US,1.0
9x9s,Rest of US,1.0
bsr5,Rest of US,1.0
c2w2,Rest of US,1.0
9vv0,Rest of US,1.0
9vbj,Rest of US,1.0
9zep,Rest of US,1.0
9wr7,Rest of US,1.0
b751,Rest of US,1.0
9r4p,Rest of California,1.0
dhvv,Rest of US,1.0
9rye,Rest of US,1.0
f06c,Rest of US,0.5319090721674107
bdz1,Rest of US,0.22168095562136114
cb4d,Rest of US,1.0
f2rd,Rest of US,1.0
bd6s,Rest of US,0.04609325129807489
cbsh,Rest of US,1.0
9zc6,Rest of US,1.0
9ywj,Rest of US,1.0
9xfd,Rest of US,1.0
bs5j,Rest of US,1.0
cbpp,Rest of US,1.0
djst,Rest of US,1.0
c2x1,Rest of US,1.0
bs7x,Rest of US,1.0
bg77,Rest of US,1.0
9zk7,Rest of US,1.0
djub,Rest of US,1.0
b7v6,Rest of US,0.9478395444110085
be0d,Rest of US,1.0
9zwk,Rest of US,1.0
9r7h,Rest of US,1.0
bkr3,Rest of US,1.0
9qw8,Rest of US,1.0
9ucr,Rest of US,1.0
bs3k,Rest of US,1.0
9vqn,Rest of US,1.0
dnsj,Rest of US,1.0
dnpc,Rest of US,1.0
c433,Rest of US,0.7639614799138534
9xb1,Rest of US,1.0
9ybq,Rest of US,1.0
b6ek,Rest of US,0.68531220888515
bg99,Rest of US,1.0
9tv0,Rest of US,1.0
9xzb,Rest of US,1.0
9rpk,Rest of US,1.0
9y4y,Rest of US,1.0
dpns,Rest of US,1.0
9zs0,Rest of US,1.0
dr7z,Rest of US,1.0
bsjj,Rest of US,1.0
c1cm,Rest of US,1.0
9xh1,Rest of US,1.0
dnpk,Rest of US,1.0
djbt,Rest of US,1.0
9ten,Rest of US,1.0
f041,Rest of US,0.2475680772654045
9xve,Rest of US,1.0
be6h,Rest of US,1.0
c41u,Rest of US,0.8633931984406878
dnsh,Rest of US,1.0
f2nm,Rest of US,1.0
9xx3,Rest of US,1.0
dnrc,Rest of US,1.0
be55,Rest of US,1.0
9y7n,Rest of US,1.0
dpj7,Rest of US,1.0
9r96,Rest of US,1.0
9rjr,Rest of US,1.0
9xu4,Rest of US,1.0
9xk5,Rest of US,1.0
9mv6,Rest of California,1.0
dqb9,Rest of US,1.0
dn0n,Rest of US,1.0
b7yt,Rest of US,1.0
9xug,Rest of US,1.0
9ykn,Rest of US,1.0
dnvb,Rest of US,1.0
bg2t,Rest of US,1.0
9tvn,Rest of US,1.0
b69v,Rest of US,1.0
dnqm,Rest of US,1.0
dpkh,Rest of US,1.0
bu4t,Rest of US,1.0
bs8d,Rest of US,1.0
9v20,Rest of US,0.9981299207744598
c86y,Rest of US,1.0
cb3v,Rest of US,1.0
b7j5,Rest of US,1.0
9wxj,Rest of US,1.0
9yv2,Rest of US,1.0
djm2,Rest of US,1.0
cbpe,Rest of US,1.0
9qz0,Rest of US,1.0
bejn,Rest of US,1.0
9tbh,Rest of US,1.0
c8e3,Rest of US,1.0
c2dt,Rest of US,1.0
b6zs,Rest of US,1.0
9vg6,Rest of US,1.0
cb12,Rest of US,1.0
9zzb,Rest of US,1.0
bgdf,Rest of US,1.0
djn5,Rest of US,1.0
bg3y,Rest of US,1.0
9rz6,Rest of US,1.0
bepg,Rest of US,1.0
9trh,Rest of US,1.0
9y22,Rest of US,1.0
dp8m,Rest of US,1.0
c8k0,Rest of US,1.0
dj3s,Rest of US,0.7110893541279093
dput,Rest of US,0.9999974798963753
b6pw,Rest of US,0.5705172783594157
9y0d,Rest of US,1.0
9rks,Rest of US,1.0
9zpr,Rest of US,1.0
bd4q,Rest of US,1.0
9vcg,Rest of US,1.0
9ytf,Rest of US,1.0
9zb2,Rest of US,1.0
djwj,Rest of US,1.0
dnb9,Rest of US,1.0
djb2,Rest of US,1.0
c2m7,Rest of US,1.0
9tqb,Rest of US,0.7630820562496688
x5px,Rest of US,0.04643619818181132
c22p,Rest of US,1.0
bs4y,Rest of US,1.0
dq03,Rest of US,1.0
b7v9,Rest of US,1.0
bggr,Rest of US,1.0
9rhd,Rest of US,1.0
9y7g,Rest of US,1.0
dp91,Rest of US,1.0
9mvc,Rest of California,0.17114463660673948
bf9h,Rest of US,0.07260409631354359
zc7d,Rest of US,0.0955244336741515
dn1h,Rest of US,1.0
9tu9,Rest of US,1.0
bs3p,Rest of US,1.0
bg2n,Rest of US,1.0
9r6h,Rest of California,1.0
be50,Rest of US,1.0
9vsz,Rest of US,1.0
b6uk,Rest of US,1.0
dr60,Rest of US,1.0
9rkm,Rest of US,1.0
be6x,Rest of US,1.0
cb1r,Rest of US,1.0
9z81,Rest of US,1.0
9y2k,Rest of US,1.0
c434,Rest of US,1.0
cb3g,Rest of US,1.0
dq25,Rest of US,1.0
9vq8,Rest of US,0.36003804169427045
djs0,Rest of US,1.0
9yrh,Rest of US,1.0
dr2j,Rest of US,1.0
9veu,Rest of US,1.0
9tzg,Rest of US,1.0
dnhx,Rest of US,1.0
9qyx,Rest of US,1.0
dr7s,Rest of US,1.0
dnzc,Rest of US,1.0
9rpy,Rest of US,1.0
bu54,Rest of US,1.0
dp93,Rest of US,1.0
9z4h,Rest of US,1.0
9qxe,Rest of US,1.0
c8ss,Rest of US,1.0
djsk,Rest of US,1.0
cb2b,Rest of US,1.0
9v5z,Rest of US,1.0
djup,Rest of US,1.0
9w1r,Rest of US,1.0
b7yh,Rest of US,1.0
bds7,Rest of US,0.4813463386447159
9y7d,Rest of US,1.0
9ym0,Rest of US,1.0
9rex,Rest of US,1.0
9rjw,Rest of US,1.0
c418,Rest of US,0.708577489967875
9r5s,Rest of US,1.0
9yku,Rest of US,1.0
9we9,Rest of US,1.0
b6n0,Rest of US,0.7644500191875051
bew2,Rest of US,1.0
9vkf,Rest of US,1.0
b6mp,Rest of US,1.0
dr2t,Rest of US,1.0
9x7m,Rest of US,1.0
9zrw,Rest of US,1.0
9ztx,Rest of US,1.0
9ybc,Rest of US,1.0
b7sp,Rest of US,0.9063975915909968
djbz,Rest of US,1.0
9vrb,Rest of US,1.0
9v6m,Rest of US,1.0
b6pt,Rest of US,1.0
bs2s,Rest of US,1.0
c2xb,Rest of US,1.0
9xy0,Rest of US,1.0
9r2t,Rest of California,1.0
9y70,Rest of US,1.0
bfx8,Rest of US,0.8028401669883827
f2n5,Rest of US,1.0
dhqj,Rest of US,0.029927254416563034
9wvs,Rest of US,1.0
9vr9,Rest of US,1.0
dp2s,Rest of US,1.0
bd5q,Rest of US,0.7465411991782926
b7ny,Rest of US,1.0
be0h,Rest of US,1.0
9xb9,Rest of US,1.0
9qtg,Rest of US,1.0
djve,Rest of US,1.0
9zf4,Rest of US,1.0
dnfh,Rest of US,1.0
9vwc,Rest of US,1.0
9re4,Rest of US,1.0
9ufu,Rest of US,0.2410818030014221
bg8c,Rest of US,1.0
bdy0,Rest of US,1.0
bder,Rest of US,1.0
dpsq,Rest of US,1.0
9yyc,Rest of US,1.0
bsdc,Rest of US,1.0
9z4w,Rest of US,1.0
dqfx,Rest of US,0.9180354472891943
9r4q,Rest of California,1.0
9yq7,Rest of US,1.0
dpch,Rest of US,1.0
bdtn,Rest of US,1.0
9xhb,Rest of US,1.0
beu1,Rest of US,1.0
djf3,Rest of US,1.0
c8k2,Rest of US,1.0
c8dn,Rest of US,0.7562101505406301
c21u,Rest of US,1.0
9z5r,Rest of US,1.0
dp4v,Rest of US,1.0
9rhm,Rest of US,1.0
dp22,Rest of US,1.0
b6ep,Rest of US,1.0
9y13,Rest of US,1.0
9xh4,Rest of US,1.0
9wqw,Rest of US,1.0
dj8f,Rest of US,1.0
bg1v,Rest of US,1.0
9w9b,Rest of US,1.0
dpr2,Rest of US,1.0
bdy3,Rest of US,0.9255440180512952
dnnj,Rest of US,1.0
dp2z,Rest of US,1.0
9ufn,Rest of US,1.0
c2s8,Rest of US,1.0
bg63,Rest of US,1.0
9qkk,Rest of California,1.0
dp7d,Rest of US,1.0
9wn1,Rest of US,1.0
bse2,Rest of US,1.0
9vbh,Rest of US,1.0
9wjs,Rest of US,1.0
befn,Rest of US,1.0
c8hc,Rest of US,1.0
dr5x,Rest of US,1.0
9vt2,Rest of US,1.0
c20e,Rest of US,1.0
dpur,Rest of US,1.0
bu40,Rest of US,1.0
f05w,Rest of US,1.0
bkru,Rest of US,1.0
dp10,Rest of US,1.0
9x37,Rest of US,1.0
9rjf,Rest of US,1.0
9zjr,Rest of US,1.0
dp5q,Rest of US,1.0
9te4,Rest of US,0.15471726624644244
dr8k,Rest of US,1.0
djj7,Rest of US,1.0
cb99,Rest of US,1.0
9zny,Rest of US,1.0
djfs,Rest of US,1.0
9vrz,Rest of US,1.0
9qv6,Rest of US,1.0
9rmd,Rest of US,1.0
9xf7,Rest of US,1.0
9rs6,Rest of US,1.0
dnzj,Rest of US,1.0
dnyn,Rest of US,1.0
9qur,Rest of US,1.0
c839,Rest of US,1.0
9ye3,Rest of US,1.0
bkwb,Rest of US,1.0
9ze5,Rest of US,1.0
9qzm,Rest of US,1.0
dpce,Rest of US,0.9754762863911333
9vbv,Rest of US,1.0
9rsx,Rest of US,1.0
cb6p,Rest of US,1.0
9tvq,Rest of US,1.0
9r8g,Rest of US,1.0
9rhg,Rest of US,1.0
9wv6,Rest of US,1.0
f02e,Rest of US,0.2213179174934382
drmr,Rest of US,1.0
bfch,Rest of US,1.0
9yrs,Rest of US,1.0
c29v,Rest of US,1.0
bd9d,Rest of US,1.0
9y1f,Rest of US,1.0
9zc4,Rest of US,1.0
dpj2,Rest of US,1.0
9q72,Rest of California,1.0
ber7,Rest of US,1.0
c855,Rest of US,1.0
dhx5,Rest of US,0.10733339517937834
dqc0,Rest of US,1.0
bs27,Rest of US,1.0
dppn,Rest of US,1.0
9xwf,Rest of US,1.0
9wzh,Rest of US,1.0
9tdq,Rest of US,1.0
dpjw,Rest of US,1.0
9ydg,Rest of US,1.0
b7yx,Rest of US,1.0
bdeh,Rest of US,0.6837590234130707
bsr8,Rest of US,1.0
9wpv,Rest of US,1.0
bgbv,Rest of US,1.0
9ww3,Rest of US,1.0
drmm,Rest of US,0.8965237174984921
9z5m,Rest of US,1.0
dr6e,Rest of US,1.0
dr87,Rest of US,1.0
9x7x,Rest of US,1.0
bsjz,Rest of US,1.0
9rm8,Rest of US,1.0
bep1,Rest of US,1.0
bu2d,Rest of US,1.0
9rd8,Rest of US,1.0
bebq,Rest of US,1.0
f02u,Rest of US,0.31949703196093365
c8kj,Rest of US,1.0
9yec,Rest of US,1.0
c8s0,Rest of US,1.0
9qwr,Rest of US,1.0
c218,Rest of US,1.0
bdsw,Rest of US,1.0
9xc4,Rest of US,1.0
bex2,Rest of US,1.0
9vkt,Rest of US,1.0
bd85,Rest of US,1.0
9rjt,Rest of US,1.0
bu4y,Rest of US,1.0
c8t7,Rest of US,1.0
bgd4,Rest of US,1.0
c8kp,Rest of US,1.0
bs3s,Rest of US,1.0
cb3k,Rest of US,1.0
9trm,Rest of US,1.0
b32n,Rest of US,0.90037410160566
dr30,Rest of US,1.0
be3s,Rest of US,1.0
9qku,Rest of California,1.0
bsj5,Rest of US,1.0
9vby,Rest of US,1.0
9qbt,Rest of California,0.9877339582708101
c2n6,Rest of US,1.0
beky,Rest of US,1.0
dq3r,Rest of US,1.0
9yxm,Rest of US,1.0
drkk,Rest of US,1.0
c8pt,Rest of US,1.0
bg27,Rest of US,1.0
9xwv,Rest of US,1.0
bkh5,Rest of US,1.0
dnsx,Rest of US,1.0
dn2j,Rest of US,1.0
9zpf,Rest of US,1.0
c8mh,Rest of US,1.0
c87s,Rest of US,1.0
c2dn,Rest of US,0.759912845546488
9zq6,Rest of US,1.0
c801,Rest of US,1.0
9z0k,Rest of US,1.0
cb06,Rest of US,1.0
befu,Rest of US,1.0
c2ts,Rest of US,1.0
bsn9,Rest of US,1.0
9tzf,Rest of US,1.0
b7vk,Rest of US,1.0
bsqs,Rest of US,1.0
dj7t,Rest of US,1.0
bg9p,Rest of US,1.0
dp4y,Rest of US,1.0
c8mn,Rest of US,1.0
9ypn,Rest of US,1.0
9xsb,Rest of US,1.0
bfgn,Rest of US,1.0
dq2x,Rest of US,1.0
c21g,Rest of US,1.0
9qvv,Rest of US,1.0
9wr0,Rest of US,1.0
bfx3,Rest of US,1.0
bftk,Rest of US,0.4849039065227496
b7gy,Rest of US,1.0
c8m5,Rest of US,1.0
9xm7,Rest of US,1.0
c8x0,Rest of US,1.0
9w5e,Rest of US,1.0
9ty2,Rest of US,1.0
drt8,Rest of US,0.41670013943358336
9rzc,Rest of US,1.0
dhw1,Rest of US,0.08036826152317407
9xz4,Rest of US,1.0
9xww,Rest of US,1.0
9qwq,Rest of US,1.0
9tz1,Rest of US,1.0
b7w5,Rest of US,1.0
drsh,Rest of US,1.0
9qk2,Rest of California,1.0
c8h8,Rest of US,1.0
9y64,Rest of US,1.0
beu0,Rest of US,1.0
c2kj,Rest of US,1.0
9vfm,Rest of US,1.0
dnr5,Rest of US,1.0
9yn8,Rest of US,1.0
c89m,Rest of US,1.0
dr3s,Rest of US,1.0
9xnf,Rest of US,1.0
be6p,Rest of US,1.0
dp1x,Rest of US,1.0
9qed,Rest of California,1.0
dr15,Rest of US,1.0
9xvf,Rest of US,1.0
dnb7,Rest of US,1.0
9wux,Rest of US,1.0
cbs9,Rest of US,1.0
be9f,Rest of US,1.0
bfre,Rest of US,0.21390285309017623
dngn,Rest of US,1.0
dpgu,Rest of US,1.0
9twx,Rest of US,1.0
c81w,Rest of US,1.0
bebv,Rest of US,1.0
drsc,Rest of US,1.0
c8pq,Rest of US,1.0
9tf2,Rest of US,1.0
dp2r,Rest of US,1.0
c278,Rest of US,1.0
dp3e,Rest of US,1.0
9zkp,Rest of US,1.0
cbq7,Rest of US,1.0
bg96,Rest of US,1.0
9zqq,Rest of US,1.0
9zhj,Rest of US,1.0
beg9,Rest of US,1.0
c8s6,Rest of US,1.0
9qp2,Rest of US,1.0
9xdr,Rest of US,1.0
9vfg,Rest of US,1.0
9w0q,Rest of US,1.0
9rfj,Rest of US,1.0
dn9q,Rest of US,1.0
djmv,Rest of US,1.0
bgfc,Rest of US,1.0
9znk,Rest of US,1.0
c206,Rest of US,1.0
bfwc,Rest of US,0.20815111330572833
9qt2,Rest of US,1.0
dqdp,Rest of US,0.4230551791833249
b7z7,Rest of US,1.0
dnjt,Rest of US,1.0
9qe2,Rest of California,1.0
dr6n,Rest of US,1.0
b7wz,Rest of US,1.0
dn0p,Rest of US,1.0
dr0c,Rest of US,1.0
b3ej,Rest of US,0.18530850303678897
bg2c,Rest of US,1.0
dpft,Rest of US,0.2872046931879043
bs73,Rest of US,1.0
b6mj,Rest of US,0.5205513749210186
9xn7,Rest of US,1.0
dry4,Rest of US,1.0
bu3y,Rest of US,0.9745561410270919
dp07,Rest of US,1.0
9xmz,Rest of US,1.0
bddq,Rest of US,1.0
dj6g,Rest of US,0.07780724950917302
bd0z,Rest of US,0.9997765524984803
bejj,Rest of US,1.0
bsm7,Rest of US,1.0
9tw9,Rest of US,1.0
9yhk,Rest of US,1.0
9zem,Rest of US,1.0
bfex,Rest of US,0.9333611871143018
9ztb,Rest of US,1.0
9v6t,Rest of US,1.0
9r6d,Rest of US,0.33263516594812514
9r6d,Rest of California,0.667364834051875
9w7v,Rest of US,1.0
9zmh,Rest of US,1.0
dq3g,Rest of US,0.8363484838892936
9xmf,Rest of US,1.0
9wwu,Rest of US,1.0
djuc,Rest of US,1.0
c2t1,Rest of US,1.0
c2ed,Rest of US,1.0
9vkd,Rest of US,1.0
be7y,Rest of US,1.0
bewv,Rest of US,1.0
9z44,Rest of US,1.0
dp5c,Rest of US,1.0
9x26,Rest of US,1.0
9rs0,Rest of US,1.0
bssb,Rest of US,0.8918652391340615
bgdd,Rest of US,1.0
be30,Rest of US,1.0
c8pn,Rest of US,1.0
dre5,Rest of US,1.0
9ybt,Rest of US,1.0
b7sr,Rest of US,0.7843461122596724
bs88,Rest of US,1.0
9qem,Rest of California,0.9999701011830919
9rnx,Rest of US,1.0
9vw7,Rest of US,1.0
bkq6,Rest of US,1.0
9zz0,Rest of US,1.0
9pxd,Rest of US,0.8883652420401124
dnm3,Rest of US,1.0
9xw9,Rest of US,1.0
bkqp,Rest of US,1.0
9mzp,Rest of US,1.0
9q65,Rest of California,0.9970394148337719
9qqh,Rest of US,1.0
dphh,Rest of US,1.0
c8tq,Rest of US,0.7521172333582298
bs6s,Rest of US,1.0
9yvn,Rest of US,1.0
9r6v,Rest of US,1.0
9rpu,Rest of US,1.0
bf9k,Rest of US,0.10196520052104675
bd6n,Rest of US,1.0
dhvp,Rest of US,0.4882946047909806
bd6m,Rest of US,1.0
cb5h,Rest of US,1.0
b7yq,Rest of US,1.0
bkmq,Rest of US,1.0
be7e,Rest of US,1.0
be2r,Rest of US,1.0
be1n,Rest of US,1.0
dn1q,Rest of US,1.0
dn2v,Rest of US,1.0
dncq,Rest of US,1.0
b6nf,Rest of US,0.9413817024964825
be96,Rest of US,1.0
9r3r,Rest of US,1.0
8e93,Rest of US,1.0
9z15,Rest of US,1.0
9rnw,Rest of US,1.0
bd25,Rest of US,0.9080376751293542
bu3n,Rest of US,0.10464053236089
c20j,Rest of US,1.0
c408,Rest of US,0.949665189442934
9xjw,Rest of US,1.0
9uf8,Rest of US,0.7819177337351775
bg9v,Rest of US,1.0
9r4c,Rest of US,1.0
dn61,Rest of US,1.0
bejd,Rest of US,1.0
9txr,Rest of US,1.0
dnbw,Rest of US,1.0
b799,Rest of US,0.7584960807325405
9reb,Rest of US,1.0
bg3t,Rest of US,1.0
dp2x,Rest of US,1.0
b5q9,Rest of US,0.9584755274430689
be5k,Rest of US,1.0
9zyt,Rest of US,1.0
dn35,Rest of US,1.0
9wvj,Rest of US,1.0
b75r,Rest of US,0.8052429118501873
9qfx,Rest of US,0.3484145705886949
9qfx,Rest of California,0.6515854294113052
bduz,Rest of US,1.0
c887,Rest of US,1.0
c8dj,Rest of US,1.0
bgcu,Rest of US,1.0
b75y,Rest of US,0.7197691663303155
beqk,Rest of US,1.0
bet9,Rest of US,1.0
bed6,Rest of US,1.0
bd8c,Rest of US,1.0
dnc9,Rest of US,1.0
djvn,Rest of US,1.0
9tsp,Rest of US,1.0
9tg3,Rest of US,1.0
9vkb,Rest of US,0.8250770119484658
b6dz,Rest of US,0.9845153380583183
bknz,Rest of US,1.0
9xgc,Rest of US,1.0
b7m9,Rest of US,0.9765323372638067
djzm,Rest of US,1.0
c81s,Rest of US,1.0
9z1x,Rest of US,1.0
bfbp,Rest of US,1.0
bd71,Rest of US,0.660942286501729
dndb,Rest of US,1.0
cbw8,Rest of US,1.0
be77,Rest of US,1.0
9zg9,Rest of US,1.0
9zr8,Rest of US,1.0
9tuv,Rest of US,1.0
9xn4,Rest of US,1.0
9yt2,Rest of US,1.0
bs67,Rest of US,1.0
drfy,Rest of US,1.0
c23j,Rest of US,0.9812951192158978
bskt,Rest of US,1.0
dn77,Rest of US,1.0
9y06,Rest of US,1.0
drzh,Rest of US,0.7705395124111558
b6zz,Rest of US,1.0
9q94,Rest of California,0.4655066352899276
dj6q,Rest of US,1.0
9rr7,Rest of US,1.0
b6w5,Rest of US,1.0
c40v,Rest of US,0.04392272504988594
9r3q,Rest of US,0.05420662549941982
9r3q,Rest of California,0.9457933745005802
dncv,Rest of US,1.0
djvw,Rest of US,1.0
bs6w,Rest of US,1.0
c8je,Rest of US,1.0
bewg,Rest of US,1.0
f01f,Rest of US,0.5868783189945749
dngs,Rest of US,1.0
bkrs,Rest of US,1.0
bkq0,Rest of US,1.0
dpxy,Rest of US,0.2877917662613597
f0h0,Rest of US,1.0
c1ge,Rest of US,0.06793312501769813
b6fs,Rest of US,1.0
9qvs,Rest of US,1.0
dq88,Rest of US,1.0
9zcq,Rest of US,1.0
dnzm,Rest of US,1.0
9prz,Rest of US,1.0
befz,Rest of US,1.0
dnmm,Rest of US,1.0
9qvg,Rest of US,1.0
drk8,Rest of US,0.2162016916569078
9qm6,Rest of California,1.0
bejq,Rest of US,1.0
9yf8,Rest of US,1.0
c22t,Rest of US,0.8654374476161609
9yxk,Rest of US,1.0
dnuc,Rest of US,1.0
c2jk,Rest of US,1.0
bg1w,Rest of US,1.0
f07d,Rest of US,0.015173158351604443
b5pr,Rest of US,0.9999759876055442
dq2u,Rest of US,1.0
9vxz,Rest of US,1.0
dpc2,Rest of US,1.0
9ymu,Rest of US,1.0
dp1w,Rest of US,1.0
cb48,Rest of US,1.0
b5rb,Rest of US,0.2630925268402075
9qzy,Rest of US,1.0
9wej,Rest of US,1.0
9zh2,Rest of US,1.0
djfp,Rest of US,1.0
9vgp,Rest of US,1.0
9wzm,Rest of US,1.0
bkt8,Rest of US,0.3428542683467961
bed3,Rest of US,1.0
c26m,Rest of US,1.0
9rq8,Rest of US,1.0
c215,Rest of US,1.0
bs0f,Rest of US,1.0
b7h6,Rest of US,1.0
bsny,Rest of US,1.0
bu7d,Rest of US,0.9257665965639413
8e8x,Rest of US,0.2711872446044865
dnwx,Rest of US,1.0
dnq8,Rest of US,1.0
bev4,Rest of US,1.0
9r7g,Rest of US,1.0
dqbz,Rest of US,1.0
bkrj,Rest of US,1.0
c41c,Rest of US,0.5227332729418378
djcz,Rest of US,1.0
c26d,Rest of US,1.0
bg6c,Rest of US,1.0
b6mv,Rest of US,0.016766234666991054
9zhe,Rest of US,1.0
dpb8,Rest of US,1.0
b7rf,Rest of US,1.0
c0rt,Rest of US,0.5933389323526204
b1qe,Rest of US,0.3895769943847598
9vqk,Rest of US,1.0
bg3x,Rest of US,1.0
c85n,Rest of US,1.0
bu0u,Rest of US,1.0
c2jj,Rest of US,1.0
be9n,Rest of US,1.0
c2dm,Rest of US,1.0
f2jg,Rest of US,0.8273558126276755
9vzw,Rest of US,1.0
c8nd,Rest of US,1.0
9w58,Rest of US,1.0
b7d6,Rest of US,1.0
c8wh,Rest of US,1.0
b797,Rest of US,0.25576384495260357
c2dd,Rest of US,1.0
9qu8,Rest of US,1.0
9qpc,Rest of US,1.0
9qkf,Rest of California,1.0
bgbm,Rest of US,1.0
9y19,Rest of US,1.0
bfpf,Rest of US,0.6220717977876603
9wpw,Rest of US,1.0
b7zh,Rest of US,1.0
dq31,Rest of US,0.9834408626926783
9x0u,Rest of US,1.0
cb02,Rest of US,1.0
9rx7,Rest of US,1.0
9wnb,Rest of US,1.0
cb0w,Rest of US,1.0
9wjb,Rest of US,1.0
9wxe,Rest of US,1.0
9vsh,Rest of US,1.0
cb8d,Rest of US,1.0
cbqw,Rest of US,1.0
c2r7,Rest of US,1.0
dr0d,Rest of US,1.0
9rrf,Rest of US,1.0
drte,Rest of US,0.5987179228693739
9x5y,Rest of US,1.0
dnp0,Rest of US,1.0
dp1k,Rest of US,1.0
cb3e,Rest of US,1.0
befd,Rest of US,1.0
9x0b,Rest of US,1.0
be0f,Rest of US,1.0
9ynw,Rest of US,1.0
c2dq,Rest of US,0.7563680858444058
9w0j,Rest of US,1.0
cbst,Rest of US,0.7524626075962464
c87z,Rest of US,1.0
bs4b,Rest of US,1.0
cbts,Rest of US,0.5411266695594372
b7h9,Rest of US,1.0
c2x6,Rest of US,1.0
bgdq,Rest of US,1.0
dp6f,Rest of US,1.0
9rmu,Rest of US,1.0
9yqd,Rest of US,1.0
f02b,Rest of US,1.0
dny8,Rest of US,1.0
dn1g,Rest of US,1.0
9xdc,Rest of US,1.0
cbjn,Rest of US,1.0
b7xy,Rest of US,1.0
c2hh,Rest of US,1.0
9zmc,Rest of US,1.0
9tyn,Rest of US,1.0
9r78,Rest of US,1.0
9xph,Rest of US,1.0
9vfj,Rest of US,1.0
dp00,Rest of US,1.0
9zg8,Rest of US,1.0
bff5,Rest of US,1.0
9wt6,Rest of US,1.0
dnz4,Rest of US,1.0
dpxu,Rest of US,0.6254435889475419
c40y,Rest of US,0.15006779414543736
9ysk,Rest of US,1.0
b7uw,Rest of US,1.0
b7mg,Rest of US,1.0
dnhd,Rest of US,1.0
9xvs,Rest of US,1.0
cbd7,Rest of US,1.0
bd8s,Rest of US,1.0
9xbm,Rest of US,1.0
c86e,Rest of US,1.0
9zdp,Rest of US,1.0
9vgb,Rest of US,1.0
drgc,Rest of US,1.0
9v9m,Rest of US,1.0
cbrj,Rest of US,0.7190039825592688
c87d,Rest of US,1.0
9wfr,Rest of US,1.0
9y2s,Rest of US,1.0
9vuk,Rest of US,1.0
b6wz,Rest of US,1.0
b6xh,Rest of US,1.0
dhy2,Rest of US,1.0
c205,Rest of US,1.0
9zw2,Rest of US,1.0
9y7w,Rest of US,1.0
b7pv,Rest of US,1.0
bdyn,Rest of US,1.0
9x28,Rest of US,1.0
djsw,Rest of US,1.0
f05c,Rest of US,1.0
cbpr,Rest of US,1.0
cbkf,Rest of US,1.0
bdzy,Rest of US,1.0
9zux,Rest of US,1.0
b75c,Rest of US,1.0
djc5,Rest of US,1.0
9r38,Rest of California,1.0
9zzd,Rest of US,1.0
bs2k,Rest of US,1.0
9tte,Rest of US,1.0
9wct,Rest of US,1.0
dj2p,Rest of US,1.0
bs11,Rest of US,1.0
bg0b,Rest of US,1.0
bdge,Rest of US,1.0
9tw2,Rest of US,1.0
b7ms,Rest of US,0.773539812673415
bdfh,Rest of US,1.0
9ymt,Rest of US,1.0
bdds,Rest of US,1.0
c2tq,Rest of US,0.7608146076708888
9zvr,Rest of US,1.0
be35,Rest of US,1.0
9xp4,Rest of US,1.0
9xbv,Rest of US,1.0
dq1r,Rest of US,0.8378037039994198
bkqm,Rest of US,1.0
9reh,Rest of US,1.0
9rcr,Rest of US,1.0
bs45,Rest of US,1.0
djy3,Rest of US,1.0
c8eu,Rest of US,1.0
bkhn,Rest of US,1.0
9ykr,Rest of US,1.0
dj2y,Rest of US,1.0
bgb6,Rest of US,1.0
dnmj,Rest of US,1.0
9zyx,Rest of US,1.0
f013,Rest of US,1.0
9yb3,Rest of US,1.0
dj3r,Rest of US,1.0
dj6p,Rest of US,1.0
dqc7,Rest of US,1.0
b3fb,Rest of US,0.023423853474736467
drug,Rest of US,1.0
9pxu,Rest of US,1.0
9x4u,Rest of US,1.0
djwq,Rest of US,0.9706195942099107
bd2q,Rest of US,0.6822323733385368
9w92,Rest of US,1.0
9v08,Rest of US,0.10285339364813768
bfsz,Rest of US,0.28784952074567827
dq29,Rest of US,1.0
bgb0,Rest of US,1.0
b7pe,Rest of US,1.0
9zfj,Rest of US,1.0
9xv4,Rest of US,1.0
9qj3,Rest of California,1.0
bfse,Rest of US,0.10986050021241557
dn6d,Rest of US,1.0
be2x,Rest of US,1.0
9vpw,Rest of US,0.4946531063792244
bs7d,Rest of US,1.0
b3ep,Rest of US,1.0
9tsc,Rest of US,0.8707177290761644
9vu1,Rest of US,1.0
bs18,Rest of US,1.0
djdk,Rest of US,1.0
9yuu,Rest of US,1.0
c265,Rest of US,1.0
bdfm,Rest of US,1.0
f01u,Rest of US,1.0
bdwv,Rest of US,0.42177429813373346
bgde,Rest of US,1.0
9rk2,Rest of US,1.0
9wm7,Rest of US,1.0
dq1h,Rest of US,0.15038829157413122
9qrs,Rest of US,1.0
9wdn,Rest of US,1.0
bfrq,Rest of US,0.9546415002687455
9vt8,Rest of US,1.0
bebd,Rest of US,1.0
bd7g,Rest of US,0.600351417409649
bg3r,Rest of US,1.0
9yy9,Rest of US,1.0
9yzm,Rest of US,1.0
9zb5,Rest of US,1.0
b75k,Rest of US,1.0
dp3n,Rest of US,1.0
bkmx,Rest of US,1.0
b7de,Rest of US,1.0
b1rj,Rest of US,0.015961057796583928
bknh,Rest of US,1.0
bs08,Rest of US,1.0
9wmw,Rest of US,1.0
dp80,Rest of US,1.0
9pxg,Rest of US,1.0
bebp,Rest of US,1.0
9tmd,Rest of US,0.7674479426850693
b6p7,Rest of US,1.0
9zs6,Rest of US,1.0
9r0g,Rest of California,1.0
9w6u,Rest of US,1.0
9zx6,Rest of US,1.0
9y40,Rest of US,1.0
bsm1,Rest of US,1.0
dn4k,Rest of US,1.0
9zdk,Rest of US,1.0
bdv0,Rest of US,1.0
becm,Rest of US,1.0
bkr2,Rest of US,1.0
9qpt,Rest of US,1.0
9xd0,Rest of US,1.0
9zm6,Rest of US,1.0
9qv3,Rest of US,1.0
bes1,Rest of US,1.0
9ydd,Rest of US,1.0
9vkn,Rest of US,1.0
9ydr,Rest of US,1.0
9tmc,Rest of US,1.0
9x4r,Rest of US,1.0
9vpv,Rest of US,0.20224983902288898
bd8e,Rest of US,1.0
9uf6,Rest of US,1.0
djtj,Rest of US,1.0
dnc3,Rest of US,1.0
dpk3,Rest of US,1.0
c2kf,Rest of US,1.0
bkmp,Rest of US,0.9390538243614829
bs97,Rest of US,0.2109345125832407
begq,Rest of US,1.0
9y6d,Rest of US,1.0
dhqz,Rest of US,0.4469635173347569
9tfc,Rest of US,1.0
9rg6,Rest of US,1.0
9zvh,Rest of US,1.0
bec0,Rest of US,1.0
drtk,Rest of US,1.0
bdb9,Rest of US,1.0
9y0n,Rest of US,1.0
8e9j,Rest of US,0.11879294726806125
dnc5,Rest of US,1.0
bs2n,Rest of US,1.0
9wqm,Rest of US,1.0
9xcg,Rest of US,1.0
dq3k,Rest of US,0.9170511576972082
9qm8,Rest of California,1.0
bd77,Rest of US,0.9268027445085543
9x69,Rest of US,1.0
9q59,Rest of California,0.41856251748056955
b740,Rest of US,0.4088408212631006
djjp,Rest of US,1.0
9vf4,Rest of US,1.0
9w09,Rest of US,1.0
9yt6,Rest of US,1.0
c2p5,Rest of US,1.0
9v6e,Rest of US,1.0
b1rh,Rest of US,0.3485632749775756
c2qr,Rest of US,1.0
9wz8,Rest of US,1.0
bg5m,Rest of US,1.0
djvb,Rest of US,1.0
9vfb,Rest of US,1.0
9xjj,Rest of US,1.0
9wkc,Rest of US,1.0
9ttu,Rest of US,1.0
9z8v,Rest of US,1.0
dpf9,Rest of US,0.8745947859768952
9qzf,Rest of US,1.0
9q4m,Rest of California,1.0
9yx6,Rest of US,1.0
dj7j,Rest of US,1.0
bu24,Rest of US,1.0
c2r4,Rest of US,1.0
9v76,Rest of US,1.0
9w2k,Rest of US,1.0
dncj,Rest of US,1.0
9yj2,Rest of US,1.0
9ufx,Rest of US,1.0
9zes,Rest of US,1.0
b7v0,Rest of US,0.6555683157801314
bg5s,Rest of US,0.9265153747783996
9vc7,Rest of US,1.0
dn0t,Rest of US,1.0
dhwb,Rest of US,0.584267052782948
djzy,Rest of US,0.09566921798284611
bsr9,Rest of US,1.0
druw,Rest of US,1.0
cbeg,Rest of US,1.0
bg7x,Rest of US,0.926298623190006
dp9s,Rest of US,0.07367045394057796
c2w4,Rest of US,1.0
dhxn,Rest of US,0.2802969211849544
f0h4,Rest of US,0.9509139551079399
8e8v,Rest of US,0.7674732174224523
b6z8,Rest of US,1.0
9ysj,Rest of US,1.0
9z68,Rest of US,1.0
9tyd,Rest of US,1.0
dq02,Rest of US,0.09783911184805826
beyu,Rest of US,1.0
dq37,Rest of US,1.0
9q7m,Rest of California,1.0
c8w9,Rest of US,1.0
c2pc,Rest of US,1.0
c850,Rest of US,1.0
9v11,Rest of US,1.0
9zv0,Rest of US,1.0
dpq9,Rest of US,1.0
b6ge,Rest of US,1.0
bdun,Rest of US,1.0
9qek,Rest of California,1.0
9wvp,Rest of US,1.0
bezx,Rest of US,1.0
9xed,Rest of US,1.0
c2j4,Rest of US,1.0
bepq,Rest of US,1.0
cbm2,Rest of US,1.0
9qj8,Rest of California,1.0
dn3z,Rest of US,1.0
bg0n,Rest of US,1.0
dq3f,Rest of US,0.9776518952312182
dpv2,Rest of US,0.028363412197062336
b7r1,Rest of US,1.0
9x8z,Rest of US,1.0
c8nr,Rest of US,1.0
9x3u,Rest of US,1.0
bs65,Rest of US,1.0
9qwm,Rest of US,1.0
dj80,Rest of US,1.0
c86m,Rest of US,1.0
be4c,Rest of US,1.0
9q4t,Rest of California,1.0
bs4s,Rest of US,1.0
djj0,Rest of US,0.46778211053974733
dqf1,Rest of US,0.9015789670464508
9yz2,Rest of US,1.0
dj7x,Rest of US,1.0
dpxg,Rest of US,0.381229693939046
b6w9,Rest of US,1.0
c8jr,Rest of US,1.0
drt6,Rest of US,1.0
bekz,Rest of US,1.0
9x2z,Rest of US,1.0
f2pu,Rest of US,0.16275182680092504
c827,Rest of US,1.0
9yw5,Rest of US,1.0
dns3,Rest of US,1.0
dptm,Rest of US,0.3395639976347023
dpcr,Rest of US,0.9989792976708277
9qdr,Rest of California,1.0
c86f,Rest of US,1.0
9r8h,Rest of US,1.0
c42r,Rest of US,0.8220756487604982
9v23,Rest of US,1.0
djdd,Rest of US,1.0
9xnh,Rest of US,1.0
9xmn,Rest of US,1.0
9red,Rest of US,1.0
c23p,Rest of US,1.0
bg82,Rest of US,1.0
c2w5,Rest of US,1.0
cb89,Rest of US,1.0
9vf6,Rest of US,1.0
9ymm,Rest of US,1.0
dnte,Rest of US,1.0
bent,Rest of US,1.0
9z12,Rest of US,1.0
9xm4,Rest of US,1.0
9vc4,Rest of US,1.0
9wdp,Rest of US,1.0
9xxt,Rest of US,1.0
dqbq,Rest of US,1.0
dp0g,Rest of US,1.0
dp7u,Rest of US,1.0
b7t9,Rest of US,1.0
9qrh,Rest of US,1.0
bu4d,Rest of US,1.0
c21h,Rest of US,1.0
c87g,Rest of US,1.0
bezw,Rest of US,1.0
9r4u,Rest of US,1.0
bex9,Rest of US,1.0
9rs7,Rest of US,1.0
9x1e,Rest of US,1.0
bd0s,Rest of US,0.6811465980926212
9xsv,Rest of US,1.0
bf9p,Rest of US,0.9984506809086408
9qny,Rest of US,1.0
dnnv,Rest of US,1.0
9xbg,Rest of US,1.0
9xrh,Rest of US,1.0
dncn,Rest of US,1.0
f008,Rest of US,1.0
9y0t,Rest of US,1.0
dr1v,Rest of US,1.0
be4d,Rest of US,1.0
9td7,Rest of US,1.0
c24m,Rest of US,1.0
9xfg,Rest of US,1.0
9rp2,Rest of US,1.0
9xxu,Rest of US,1.0
bsmj,Rest of US,1.0
f04b,Rest of US,0.13445291550621077
9wvh,Rest of US,1.0
9tzy,Rest of US,1.0
9rj7,Rest of US,1.0
9t9x,Rest of US,1.0
9xvk,Rest of US,1.0
cb53,Rest of US,1.0
9wzw,Rest of US,1.0
9qyw,Rest of US,1.0
dp77,Rest of US,1.0
bk4p,Rest of US,0.7418805279664051
cbqb,Rest of US,1.0
9rke,Rest of US,1.0
9wru,Rest of US,1.0
9r14,Rest of California,0.999726085253553
f2j0,Rest of US,0.32546054650554695
b7pw,Rest of US,1.0
9wkb,Rest of US,1.0
9x9r,Rest of US,1.0
c0rx,Rest of US,0.916768070552465
9q9b,Rest of California,1.0
9zf5,Rest of US,1.0
9yyv,Rest of US,1.0
dn6p,Rest of US,1.0
9txw,Rest of US,1.0
djdy,Rest of US,1.0
c8p5,Rest of US,1.0
c2tb,Rest of US,1.0
9xk3,Rest of US,1.0
c2et,Rest of US,1.0
9yzk,Rest of US,1.0
bkqt,Rest of US,1.0
9yh1,Rest of US,1.0
9xs8,Rest of US,1.0
9tew,Rest of US,1.0
9zwj,Rest of US,1.0
bd6r,Rest of US,0.9438249382195264
bs24,Rest of US,1.0
cbhs,Rest of US,1.0
9xtt,Rest of US,1.0
b6u1,Rest of US,1.0
bs1p,Rest of US,1.0
9qzv,Rest of US,1.0
c88s,Rest of US,1.0
be2g,Rest of US,1.0
9wrj,Rest of US,1.0
9r2s,Rest of California,1.0
9qwg,Rest of US,1.0
djmz,Rest of US,1.0
bkje,Rest of US,1.0
bezf,Rest of US,1.0
9myf,Rest of US,1.0
9r8b,Rest of US,1.0
dr6r,Rest of US,1.0
b6tj,Rest of US,1.0
9ydt,Rest of US,1.0
bedy,Rest of US,1.0
b74d,Rest of US,1.0
c867,Rest of US,1.0
9y5g,Rest of US,1.0
9r00,Rest of California,1.0
c8h0,Rest of US,1.0
bdst,Rest of US,1.0
dps9,Rest of US,1.0
9yyb,Rest of US,1.0
dr81,Rest of US,1.0
djgz,Rest of US,1.0
9xs9,Rest of US,1.0
9xhk,Rest of US,1.0
c8m1,Rest of US,1.0
bge0,Rest of US,1.0
9x0z,Rest of US,1.0
dncd,Rest of US,1.0
dneg,Rest of US,1.0
9ven,Rest of US,1.0
bkhq,Rest of US,1.0
9wng,Rest of US,1.0
cb3p,Rest of US,1.0
cbs3,Rest of US,1.0
9r40,Rest of California,0.9999825018608082
dr75,Rest of US,1.0
cbmz,Rest of US,1.0
9vxb,Rest of US,1.0
c8rz,Rest of US,1.0
9q9g,Rest of California,0.9261972434961339
9zxw,Rest of US,1.0
b6pg,Rest of US,1.0
dpc5,Rest of US,1.0
cbnu,Rest of US,1.0
9r3j,Rest of California,1.0
9rcw,Rest of US,1.0
9ru6,Rest of US,1.0
b74b,Rest of US,1.0
bg8f,Rest of US,1.0
c220,Rest of US,1.0
9tq7,Rest of US,1.0
9x9m,Rest of US,1.0
beb5,Rest of US,1.0
dpgh,Rest of US,1.0
9zup,Rest of US,1.0
9x3e,Rest of US,1.0
9ygw,Rest of US,1.0
b6qj,Rest of US,0.04866872364773009
9xwy,Rest of US,1.0
9wc7,Rest of US,1.0
9mvq,Rest of California,1.0
b6dx,Rest of US,0.3988905520771871
b7t6,Rest of US,1.0
cbq0,Rest of US,1.0
b7z4,Rest of US,1.0
dr0e,Rest of US,1.0
9wg0,Rest of US,1.0
9vmj,Rest of US,1.0
9teu,Rest of US,0.18541526655723525
c1dp,Rest of US,0.48981224918875127
c273,Rest of US,1.0
bg33,Rest of US,1.0
dnmz,Rest of US,1.0
9z4u,Rest of US,1.0
9z4j,Rest of US,1.0
c2r2,Rest of US,1.0
9r3u,Rest of California,1.0
bfsy,Rest of US,1.0
bg5r,Rest of US,1.0
9vry,Rest of US,1.0
c82q,Rest of US,1.0
benv,Rest of US,1.0
9ufw,Rest of US,0.8936153005428835
dn1y,Rest of US,1.0
9yn9,Rest of US,1.0
9y8h,Rest of US,1.0
c2nh,Rest of US,1.0
de1x,Rest of US,0.051365100638943804
bgdb,Rest of US,1.0
9rw8,Rest of US,1.0
dp98,Rest of US,0.19931696223834644
9w2g,Rest of US,1.0
9wcx,Rest of US,1.0
9yq3,Rest of US,1.0
9qt1,Rest of US,1.0
9yth,Rest of US,1.0
9qxb,Rest of US,1.0
9qr1,Rest of US,1.0
9znn,Rest of US,1.0
9rqk,Rest of US,1.0
cb78,Rest of US,1.0
dndr,Rest of US,1.0
9zv8,Rest of US,1.0
becj,Rest of US,1.0
9zm1,Rest of US,1.0
9rq1,Rest of US,1.0
9rg7,Rest of US,1.0
bden,Rest of US,1.0
9v75,Rest of US,1.0
f00d,Rest of US,1.0
9ycs,Rest of US,1.0
9ryq,Rest of US,1.0
9xe3,Rest of US,1.0
b7qq,Rest of US,1.0
dnnb,Rest of US,1.0
bg2k,Rest of US,1.0
drg1,Rest of US,1.0
c8tc,Rest of US,1.0
dpcz,Rest of US,0.6000592528189801
bg5j,Rest of US,1.0
bs5h,Rest of US,1.0
beh9,Rest of US,1.0
9yp0,Rest of US,1.0
cbt2,Rest of US,1.0
9w1c,Rest of US,1.0
dp3s,Rest of US,1.0
djd7,Rest of US,1.0
dnrw,Rest of US,1.0
9xn2,Rest of US,1.0
b7yp,Rest of US,1.0
9reu,Rest of US,1.0
be8x,Rest of US,1.0
9wbt,Rest of US,1.0
c2x0,Rest of US,1.0
bfw8,Rest of US,0.2971398181495471
bdzf,Rest of US,0.9582001118733563
c1cp,Rest of US,0.9652913302646567
9vr1,Rest of US,1.0
9qeb,Rest of California,0.9999325538734183
bd7e,Rest of US,0.9235636454926934
9zvc,Rest of US,1.0
cbp8,Rest of US,1.0
9vqe,Rest of US,1.0
9ygz,Rest of US,1.0
c82n,Rest of US,1.0
9zk5,Rest of US,1.0
9rj2,Rest of US,1.0
drtf,Rest of US,0.0749969987721907
9xv1,Rest of US,1.0
9wj3,Rest of US,1.0
dp99,Rest of US,0.2446317932131549
f00f,Rest of US,1.0
9wbs,Rest of US,1.0
bg1c,Rest of US,1.0
b7vf,Rest of US,1.0
be52,Rest of US,1.0
bdgf,Rest of US,1.0
cbhx,Rest of US,1.0
9yuh,Rest of US,1.0
9whe,Rest of US,1.0
c8d8,Rest of US,1.0
bdfk,Rest of US,1.0
cb88,Rest of US,1.0
drf0,Rest of US,1.0
c40p,Rest of US,0.45251030914857954
dr03,Rest of US,1.0
drgf,Rest of US,1.0
9wqf,Rest of US,1.0
beyv,Rest of US,1.0
9wyd,Rest of US,1.0
bdv3,Rest of US,1.0
ben4,Rest of US,1.0
9wqx,Rest of US,1.0
f094,Rest of US,0.028631700852592746
9wxz,Rest of US,1.0
djjq,Rest of US,1.0
9wuy,Rest of US,1.0
9ykk,Rest of US,1.0
dq9j,Rest of US,1.0
beyb,Rest of US,1.0
9v2e,Rest of US,1.0
9ys2,Rest of US,1.0
djf0,Rest of US,1.0
c1c4,Rest of US,0.4580862926944312
bshh,Rest of US,1.0
9xq5,Rest of US,1.0
9vxr,Rest of US,1.0
9tu5,Rest of US,1.0
bg7k,Rest of US,1.0
bd0k,Rest of US,0.9915511850454951
c275,Rest of US,1.0
djfc,Rest of US,1.0
dp6t,Rest of US,1.0
9zm3,Rest of US,1.0
dqf6,Rest of US,1.0
9z0g,Rest of US,1.0
9rs5,Rest of US,1.0
b6yq,Rest of US,1.0
dnb2,Rest of US,1.0
9tx3,Rest of US,1.0
c26v,Rest of US,1.0
9qmn,Rest of California,0.9953054870367483
bdcp,Rest of US,1.0
9x9q,Rest of US,1.0
9tbc,Rest of US,1.0
9z1s,Rest of US,1.0
9vcr,Rest of US,1.0
dnhg,Rest of US,1.0
8e90,Rest of US,0.8126506153405615
b7dd,Rest of US,1.0
bs3j,Rest of US,1.0
9yw4,Rest of US,1.0
dryy,Rest of US,1.0
dph6,Rest of US,1.0
bfc5,Rest of US,1.0
dj97,Rest of US,1.0
drd3,Rest of US,1.0
b7y7,Rest of US,1.0
dn6f,Rest of US,1.0
dpgf,Rest of US,1.0
bst2,Rest of US,0.9065274503190568
dpt6,Rest of US,0.244636217625101
9rt5,Rest of US,1.0
9v10,Rest of US,1.0
c871,Rest of US,1.0
bkj8,Rest of US,1.0
9q4g,Rest of California,0.24086727984832648
djqj,Rest of US,0.3897273517943509
bsky,Rest of US,1.0
be8f,Rest of US,1.0
9qeu,Rest of California,1.0
b3dw,Rest of US,0.09934510162103323
c89k,Rest of US,1.0
dp4x,Rest of US,1.0
9wyw,Rest of US,1.0
djn8,Rest of US,0.7526011659605315
9tgp,Rest of US,1.0
dq64,Rest of US,0.3487359691292972
9wt4,Rest of US,1.0
9w4n,Rest of US,1.0
bk4s,Rest of US,1.0
9z8g,Rest of US,1.0
c237,Rest of US,1.0
9rwb,Rest of US,1.0
b3u2,Rest of US,0.15392597956232046
9w64,Rest of US,1.0
9xk8,Rest of US,1.0
9vv1,Rest of US,1.0
c40x,Rest of US,0.9824600509838349
9vw8,Rest of US,1.0
bfqq,Rest of US,1.0
9ww1,Rest of US,1.0
9zz4,Rest of US,1.0
dje3,Rest of US,1.0
9zzq,Rest of US,1.0
9xf3,Rest of US,1.0
cbp2,Rest of US,1.0
c41m,Rest of US,0.9969284713434654
9zgs,Rest of US,1.0
c2k9,Rest of US,1.0
9wn8,Rest of US,1.0
f800,Rest of US,0.923615406207597
dpjq,Rest of US,1.0
be2d,Rest of US,1.0
bsn4,Rest of US,1.0
9whp,Rest of US,1.0
9qx2,Rest of US,1.0
bfce,Rest of US,1.0
9xqw,Rest of US,1.0
9wy4,Rest of US,1.0
9v2s,Rest of US,1.0
9xtf,Rest of US,1.0
9x15,Rest of US,1.0
bfgw,Rest of US,0.9270133659599702
dpqc,Rest of US,1.0
c25c,Rest of US,1.0
cbrc,Rest of US,0.3282077366086556
bfcz,Rest of US,1.0
9we7,Rest of US,1.0
c8ht,Rest of US,1.0
c8mk,Rest of US,1.0
drk9,Rest of US,0.5976167202536138
c8xg,Rest of US,1.0
9t8w,Rest of US,1.0
b76r,Rest of US,0.9984625842412707
9ysb,Rest of US,1.0
bg3u,Rest of US,1.0
bduw,Rest of US,1.0
bu75,Rest of US,1.0
9xyj,Rest of US,1.0
c1ff,Rest of US,0.7129404774178256
beh5,Rest of US,1.0
bu3s,Rest of US,1.0
b3y1,Rest of US,0.41398385684939093
9z3h,Rest of US,1.0
9rws,Rest of US,1.0
cbn1,Rest of US,1.0
c0ry,Rest of US,1.0
9rey,Rest of US,1.0
9rc2,Rest of US,1.0
9txn,Rest of US,1.0
9q4s,Rest of California,0.9493946451398035
b5pn,Rest of US,0.025918675531325704
c2jn,Rest of US,1.0
9wvy,Rest of US,1.0
9x7w,Rest of US,1.0
drkq,Rest of US,1.0
dp6z,Rest of US,1.0
9r43,Rest of California,1.0
b69u,Rest of US,0.7041514092788766
9rnh,Rest of US,1.0
djqp,Rest of US,0.3808621454074655
bgcr,Rest of US,1.0
bsmy,Rest of US,1.0
c8d6,Rest of US,1.0
9zjq,Rest of US,1.0
cbm9,Rest of US,1.0
c1fj,Rest of US,0.8404561152624893
cb3n,Rest of US,1.0
bf8r,Rest of US,0.24339173844428227
9w9e,Rest of US,1.0
9rs1,Rest of US,1.0
9qsr,Rest of US,1.0
dnuy,Rest of US,1.0
bkks,Rest of US,1.0
9trg,Rest of US,1.0
8e3z,Rest of US,0.33797580555503787
9yyz,Rest of US,1.0
c833,Rest of US,1.0
dhyf,Rest of US,0.9817931996173411
dnng,Rest of US,1.0
9myd,Rest of US,0.7867144551986887
9myd,Rest of California,0.2132855448013114
bd6z,Rest of US,0.43341604767869935
c481,Rest of US,0.15316188647023063
bkrc,Rest of US,1.0
bdby,Rest of US,1.0
djm0,Rest of US,1.0
dnjf,Rest of US,1.0
9wwe,Rest of US,1.0
9yyp,Rest of US,1.0
b7n0,Rest of US,1.0
bepm,Rest of US,1.0
dnbp,Rest of US,1.0
9qpq,Rest of US,1.0
dq1j,Rest of US,0.945694109310115
bg17,Rest of US,1.0
9wh4,Rest of US,1.0
f2r2,Rest of US,1.0
9qyk,Rest of US,1.0
bejr,Rest of US,1.0
f050,Rest of US,0.3095781692573514
9x2e,Rest of US,1.0
d7px,Rest of US,0.014600862864254287
b7t4,Rest of US,1.0
dpm7,Rest of US,0.5694739711353698
bk4f,Rest of US,0.9987959628815907
bej9,Rest of US,1.0
be5c,Rest of US,1.0
9r64,Rest of California,1.0
9x6m,Rest of US,1.0
9rwm,Rest of US,1.0
dr7h,Rest of US,1.0
9zb3,Rest of US,1.0
bebz,Rest of US,1.0
djbk,Rest of US,1.0
c2hy,Rest of US,1.0
9vs4,Rest of US,1.0
9wew,Rest of US,1.0
9ref,Rest of US,1.0
bepu,Rest of US,1.0
9vww,Rest of US,1.0
djuh,Rest of US,1.0
c84w,Rest of US,1.0
cb93,Rest of US,1.0
c87x,Rest of US,1.0
9zm4,Rest of US,1.0
c24f,Rest of US,1.0
9zvv,Rest of US,1.0
9mvv,Rest of California,1.0
dp01,Rest of US,1.0
dq9w,Rest of US,0.7335765608588091
9trc,Rest of US,0.7948557594618143
cb4z,Rest of US,1.0
dn9b,Rest of US,1.0
9wku,Rest of US,1.0
9zbb,Rest of US,1.0
c895,Rest of US,1.0
b7hd,Rest of US,1.0
9w2d,Rest of US,1.0
b6wj,Rest of US,1.0
9yug,Rest of US,1.0
9vgc,Rest of US,1.0
bs0z,Rest of US,1.0
dp7s,Rest of US,1.0
9ygk,Rest of US,1.0
dp1c,Rest of US,1.0
9v4b,Rest of US,0.9288536647843295
9z6h,Rest of US,1.0
bdfy,Rest of US,1.0
f2p8,Rest of US,1.0
b6xc,Rest of US,1.0
9zex,Rest of US,1.0
dr32,Rest of US,1.0
9qv8,Rest of US,1.0
c81d,Rest of US,1.0
dp1d,Rest of US,1.0
bk70,Rest of US,0.11461668340712841
f00k,Rest of US,1.0
dr9g,Rest of US,1.0
dnuh,Rest of US,1.0
be2z,Rest of US,1.0
9wsz,Rest of US,1.0
9qw6,Rest of US,1.0
9zu9,Rest of US,1.0
9qbu,Rest of California,0.6996220010645026
dr33,Rest of US,1.0
9tc5,Rest of US,1.0
c8r9,Rest of US,1.0
b7h4,Rest of US,1.0
bsj1,Rest of US,1.0
c8s9,Rest of US,1.0
9w5r,Rest of US,1.0
dphf,Rest of US,1.0
djfg,Rest of US,1.0
9rz1,Rest of US,1.0
cbdc,Rest of US,1.0
9yt7,Rest of US,1.0
djmy,Rest of US,1.0
djbp,Rest of US,1.0
drce,Rest of US,0.06248816906299236
c299,Rest of US,1.0
9qdt,Rest of California,1.0
be99,Rest of US,1.0
bu34,Rest of US,1.0
beyq,Rest of US,1.0
bdze,Rest of US,0.8266689544459762
djkd,Rest of US,0.9920532988393839
9v8t,Rest of US,1.0
9wdf,Rest of US,1.0
9zjd,Rest of US,1.0
b7qm,Rest of US,1.0
9ren,Rest of US,1.0
bdtk,Rest of US,0.9768652646298883
9y4h,Rest of US,1.0
dp6j,Rest of US,0.17247104324290347
bg29,Rest of US,1.0
bsmg,Rest of US,1.0
bd97,Rest of US,1.0
dhy3,Rest of US,1.0
cbx8,Rest of US,1.0
9vsd,Rest of US,1.0
9wr3,Rest of US,1.0
cbj1,Rest of US,1.0
9wjn,Rest of US,1.0
bey3,Rest of US,1.0
9r23,Rest of California,1.0
9zjp,Rest of US,1.0
9q5m,Rest of California,0.999711329840998
b7rn,Rest of US,1.0
djkv,Rest of US,1.0
9w2t,Rest of US,1.0
dn06,Rest of US,1.0
bss0,Rest of US,0.7096400245273151
9y50,Rest of US,1.0
9wvf,Rest of US,1.0
dp1m,Rest of US,1.0
dnrj,Rest of US,1.0
c444,Rest of US,0.9203727522288745
bk4z,Rest of US,0.9715181208612337
9ych,Rest of US,1.0
9xtj,Rest of US,1.0
bds2,Rest of US,0.10509662728241424
b3y6,Rest of US,0.07482269079962507
9x35,Rest of US,1.0
9rvd,Rest of US,1.0
bs5x,Rest of US,1.0
dp62,Rest of US,1.0
bdf2,Rest of US,1.0
b7ee,Rest of US,1.0
bep3,Rest of US,1.0
9q9n,Rest of US,0.010963588726466961
9zcf,Rest of US,1.0
bu13,Rest of US,1.0
drss,Rest of US,1.0
9vvm,Rest of US,1.0
9rm2,Rest of US,1.0
f0h1,Rest of US,1.0
cb9e,Rest of US,1.0
be05,Rest of US,1.0
9r58,Rest of US,1.0
9tqv,Rest of US,1.0
b79e,Rest of US,0.5583010305711212
9w3h,Rest of US,1.0
bg03,Rest of US,1.0
9rbr,Rest of US,1.0
b7pm,Rest of US,1.0
9y6w,Rest of US,1.0
dje1,Rest of US,1.0
bu3h,Rest of US,1.0
djch,Rest of US,1.0
dnf8,Rest of US,1.0
bgc9,Rest of US,1.0
c8sn,Rest of US,0.7553911897359892
dnd4,Rest of US,1.0
c8d7,Rest of US,1.0
djsv,Rest of US,1.0
c8mc,Rest of US,1.0
9zy1,Rest of US,1.0
9wxk,Rest of US,1.0
dhqy,Rest of US,0.08060182373534625
9qth,Rest of US,1.0
c2w1,Rest of US,1.0
c0rr,Rest of US,0.02076437886643526
b3yd,Rest of US,0.048491106339213115
b6uh,Rest of US,1.0
be43,Rest of US,1.0
9qj4,Rest of California,1.0
bg1t,Rest of US,1.0
9x1q,Rest of US,1.0
c81t,Rest of US,1.0
9vxj,Rest of US,1.0
bfsu,Rest of US,0.9924285411902665
9rzp,Rest of US,1.0
dr4q,Rest of US,1.0
9r88,Rest of US,1.0
bu1c,Rest of US,1.0
djcf,Rest of US,1.0
9tnx,Rest of US,1.0
9yd6,Rest of US,1.0
bdem,Rest of US,0.8831053768313615
c1ft,Rest of US,0.9970728851242224
9xyr,Rest of US,1.0
bedp,Rest of US,1.0
b4v0,Rest of US,0.15880928483344228
bgcb,Rest of US,1.0
bkn5,Rest of US,1.0
c8hz,Rest of US,1.0
9x48,Rest of US,1.0
bkjm,Rest of US,1.0
dn29,Rest of US,1.0
dnww,Rest of US,1.0
bs02,Rest of US,1.0
9x3x,Rest of US,1.0
cb1x,Rest of US,1.0
dn5p,Rest of US,1.0
9zb4,Rest of US,1.0
b7x2,Rest of US,1.0
9rxk,Rest of US,1.0
9vxf,Rest of US,1.0
dppm,Rest of US,1.0
9r1g,Rest of California,1.0
9zjx,Rest of US,1.0
dpky,Rest of US,0.09684363539686976
9xzy,Rest of US,1.0
cbrd,Rest of US,0.13916439042498113
c1fk,Rest of US,0.626472593021292
bfgq,Rest of US,1.0
9xuj,Rest of US,1.0
9ztq,Rest of US,1.0
c85j,Rest of US,1.0
c404,Rest of US,0.9870938028946782
9z09,Rest of US,1.0
9r9c,Rest of US,1.0
bfx7,Rest of US,0.5482273922576599
9zkw,Rest of US,1.0
9xmk,Rest of US,1.0
9qk5,Rest of California,0.9999667196345701
begp,Rest of US,1.0
9u9y,Rest of US,1.0
9qbk,Rest of California,0.19091575782469278
bskd,Rest of US,1.0
c0re,Rest of US,0.13485833025298208
bu0h,Rest of US,1.0
9yw8,Rest of US,1.0
9xcs,Rest of US,1.0
9ywq,Rest of US,1.0
9z04,Rest of US,1.0
c42j,Rest of US,0.79233830552215
b79u,Rest of US,1.0
9ycv,Rest of US,1.0
9ttv,Rest of US,1.0
9x5p,Rest of US,1.0
9z93,Rest of US,1.0
9vrr,Rest of US,1.0
9xnv,Rest of US,1.0
bdyy,Rest of US,1.0
bs60,Rest of US,1.0
dn6v,Rest of US,1.0
9z6j,Rest of US,1.0
9w88,Rest of US,1.0
9y8s,Rest of US,1.0
b7jy,Rest of US,1.0
9tt7,Rest of US,1.0
dqbb,Rest of US,1.0
djkz,Rest of US,1.0
9t9j,Rest of US,1.0
9q4n,Rest of California,0.1497046530041519
9yh9,Rest of US,1.0
bsn2,Rest of US,1.0
djtc,Rest of US,1.0
b7hp,Rest of US,0.15395509366473512
dp57,Rest of US,1.0
9qyv,Rest of US,1.0
bg84,Rest of US,1.0
9v1s,Rest of US,1.0
9ppu,Rest of California,0.99836268608836
9yfj,Rest of US,1.0
9ync,Rest of US,1.0
dnpv,Rest of US,1.0
9qqr,Rest of US,1.0
bedg,Rest of US,1.0
zcpm,Rest of US,0.06130611919110353
f2jc,Rest of US,1.0
9z6p,Rest of US,1.0
bds5,Rest of US,0.5104741807018188
c8t3,Rest of US,1.0
bexu,Rest of US,1.0
bep6,Rest of US,1.0
dp5u,Rest of US,1.0
cbdt,Rest of US,1.0
9z99,Rest of US,1.0
drur,Rest of US,1.0
bg9y,Rest of US,1.0
9qrc,Rest of US,1.0
9qf1,Rest of California,1.0
9yzs,Rest of US,1.0
9vw1,Rest of US,1.0
9rh8,Rest of US,1.0
9ydf,Rest of US,1.0
bep0,Rest of US,1.0
be04,Rest of US,1.0
9tzm,Rest of US,1.0
djfd,Rest of US,1.0
bfrr,Rest of US,0.997539405804794
bs70,Rest of US,1.0
9zyk,Rest of US,1.0
9r35,Rest of California,1.0
cb7s,Rest of US,1.0
behx,Rest of US,1.0
b6gt,Rest of US,1.0
b1k1,Rest of US,0.7498979212645732
dnyq,Rest of US,1.0
djsz,Rest of US,1.0
becf,Rest of US,1.0
bu26,Rest of US,1.0
benc,Rest of US,1.0
9v4y,Rest of US,1.0
bfcp,Rest of US,1.0
9wx7,Rest of US,1.0
dn9m,Rest of US,1.0
9yne,Rest of US,1.0
9vbm,Rest of US,1.0
9yzf,Rest of US,1.0
9vb1,Rest of US,1.0
c22y,Rest of US,0.6591804120411019
bef3,Rest of US,1.0
9ynf,Rest of US,1.0
bfqp,Rest of US,0.8699506514497383
dpph,Rest of US,1.0
9xnn,Rest of US,1.0
cb71,Rest of US,1.0
9vk3,Rest of US,1.0
9v63,Rest of US,1.0
9zz1,Rest of US,1.0
9wv3,Rest of US,1.0
c25y,Rest of US,1.0
9uc7,Rest of US,0.9840480958432342
9yy0,Rest of US,1.0
9wug,Rest of US,1.0
9ypx,Rest of US,1.0
9w8z,Rest of US,1.0
bft8,Rest of US,0.9367246083703921
bdyd,Rest of US,0.49056391329514026
9x41,Rest of US,1.0
bkkg,Rest of US,1.0
dn14,Rest of US,1.0
9x6k,Rest of US,1.0
bsh3,Rest of US,1.0
9zg3,Rest of US,1.0
bdvf,Rest of US,0.7554297876670854
9wrh,Rest of US,1.0
9qmq,Rest of US,0.7474626724955378
9qmq,Rest of California,0.2525373275044623
bgbf,Rest of US,1.0
9r1t,Rest of California,0.9999793754769795
9xes,Rest of US,1.0
bs14,Rest of US,1.0
c22e,Rest of US,0.996632853230003
9zun,Rest of US,1.0
c8k1,Rest of US,1.0
9zmu,Rest of US,1.0
9rdm,Rest of US,1.0
bggs,Rest of US,0.9260424622218933
c8px,Rest of US,1.0
9qvt,Rest of US,1.0
c21t,Rest of US,1.0
9xr3,Rest of US,1.0
9qcv,Rest of California,0.9998744406724824
9zwu,Rest of US,1.0
be61,Rest of US,1.0
9vsk,Rest of US,1.0
bd43,Rest of US,0.49180423875287194
be4w,Rest of US,1.0
9qmx,Rest of US,1.0
c27s,Rest of US,1.0
9q5d,Rest of California,1.0
bkpe,Rest of US,1.0
c2qf,Rest of US,1.0
9w6b,Rest of US,1.0
9xe1,Rest of US,1.0
c8p7,Rest of US,1.0
9zdn,Rest of US,1.0
9qf3,Rest of California,1.0
9z2t,Rest of US,1.0
bs8h,Rest of US,0.1328336613593709
bdc8,Rest of US,1.0
9zj3,Rest of US,1.0
dnyk,Rest of US,1.0
9qj2,Rest of California,1.0
bsjr,Rest of US,1.0
9pz9,Rest of US,0.16724311472204637
9zp7,Rest of US,1.0
dpt4,Rest of US,0.6870415273177979
bg0s,Rest of US,1.0
cb0r,Rest of US,1.0
9xqv,Rest of US,1.0
bs91,Rest of US,1.0
9v5m,Rest of US,1.0
9z6q,Rest of US,1.0
9tmr,Rest of US,1.0
b1k0,Rest of US,0.40620033282005646
9tq5,Rest of US,1.0
9zhb,Rest of US,1.0
9xpx,Rest of US,1.0
9rzm,Rest of US,1.0
8e3j,Rest of US,0.45115754504691685
9wfj,Rest of US,1.0
bkm5,Rest of US,1.0
dp83,Rest of US,1.0
9tf8,Rest of US,1.0
drsm,Rest of US,1.0
c8dm,Rest of US,1.0
9qk1,Rest of California,1.0
9ydq,Rest of US,1.0
djgu,Rest of US,1.0
b5mb,Rest of US,0.38266514077272
dneh,Rest of US,1.0
c2jy,Rest of US,1.0
dnm2,Rest of US,1.0
9zh7,Rest of US,1.0
bd2r,Rest of US,0.8936554966216689
dns9,Rest of US,1.0
djyt,Rest of US,1.0
bkke,Rest of US,1.0
9z2w,Rest of US,1.0
dntx,Rest of US,1.0
f2ng,Rest of US,1.0
9v17,Rest of US,1.0
9wmj,Rest of US,1.0
bee8,Rest of US,1.0
c812,Rest of US,1.0
b7sf,Rest of US,1.0
bet4,Rest of US,1.0
dn73,Rest of US,1.0
dpjs,Rest of US,1.0
dref,Rest of US,1.0
9z55,Rest of US,1.0
bd5j,Rest of US,0.7676119272344892
c429,Rest of US,0.7047220273012167
b3yh,Rest of US,0.22468956030972964
9zph,Rest of US,1.0
dhwp,Rest of US,1.0
dr74,Rest of US,1.0
9w6x,Rest of US,1.0
9zqd,Rest of US,1.0
bs2q,Rest of US,1.0
9xcm,Rest of US,1.0
bs4d,Rest of US,1.0
c8nk,Rest of US,1.0
f00n,Rest of US,1.0
9mzu,Rest of US,1.0
c2nr,Rest of US,1.0
9vbc,Rest of US,1.0
9xtr,Rest of US,1.0
9xth,Rest of US,1.0
djs1,Rest of US,1.0
9quk,Rest of US,1.0
dq6j,Rest of US,0.20381817431923951
9ty9,Rest of US,1.0
9y0w,Rest of US,1.0
dp4g,Rest of US,1.0
cbth,Rest of US,0.7144590253358892
dp97,Rest of US,1.0
9w5w,Rest of US,1.0
9zg7,Rest of US,1.0
9rqs,Rest of US,1.0
dje0,Rest of US,1.0
9q7p,Rest of California,0.9999999847976133
9w0y,Rest of US,1.0
bu5t,Rest of US,0.9258651200132186
cb9w,Rest of US,0.7546788244506388
dpth,Rest of US,1.0
9w1d,Rest of US,1.0
bsqr,Rest of US,0.9868886974457706
9y5v,Rest of US,1.0
9y3d,Rest of US,1.0
c8ry,Rest of US,1.0
dp23,Rest of US,1.0
cbpn,Rest of US,1.0
b3u4,Rest of US,0.143452945634045
bgcy,Rest of US,1.0
dnkd,Rest of US,1.0
bfb7,Rest of US,1.0
bdyv,Rest of US,1.0
9wsb,Rest of US,1.0
b3uf,Rest of US,0.6174046260464572
bd64,Rest of US,0.6360098586303335
bs3n,Rest of US,1.0
9v30,Rest of US,1.0
9y3r,Rest of US,1.0
b7ue,Rest of US,0.5574124158750628
djsj,Rest of US,1.0
9w30,Rest of US,1.0
9rsc,Rest of US,1.0
bey8,Rest of US,1.0
c8j4,Rest of US,1.0
9y1g,Rest of US,1.0
dnk2,Rest of US,1.0
cbe1,Rest of US,1.0
dnr6,Rest of US,1.0
9rq0,Rest of US,1.0
9tr7,Rest of US,1.0
bgdj,Rest of US,1.0
be5j,Rest of US,1.0
bexk,Rest of US,1.0
bu4g,Rest of US,1.0
c2mf,Rest of US,1.0
b7qk,Rest of US,1.0
9x5m,Rest of US,1.0
be4k,Rest of US,1.0
bg6v,Rest of US,1.0
bfbf,Rest of US,1.0
cb14,Rest of US,1.0
9vsb,Rest of US,1.0
9rn0,Rest of US,1.0
ben2,Rest of US,1.0
9yk6,Rest of US,1.0
bs4x,Rest of US,1.0
b6mz,Rest of US,0.2561943909862112
9rch,Rest of US,1.0
9ttq,Rest of US,1.0
9tz5,Rest of US,1.0
c8jm,Rest of US,1.0
bu4h,Rest of US,1.0
bu2m,Rest of US,1.0
b3zr,Rest of US,0.6313220269916583
c42d,Rest of US,0.633729334289771
9qt4,Rest of US,1.0
bkpv,Rest of US,1.0
bs1r,Rest of US,1.0
b74y,Rest of US,0.4506784300177224
c0rd,Rest of US,0.027755912755403084
djv4,Rest of US,1.0
9v6c,Rest of US,1.0
bst8,Rest of US,1.0
bkqf,Rest of US,1.0
bu03,Rest of US,1.0
dnp9,Rest of US,1.0
cbx9,Rest of US,0.6565068348240145
bg8p,Rest of US,1.0
dnsf,Rest of US,1.0
c1fr,Rest of US,1.0
c2jp,Rest of US,1.0
9wby,Rest of US,1.0
9yg3,Rest of US,1.0
9xr4,Rest of US,1.0
dn18,Rest of US,1.0
9zsx,Rest of US,1.0
dnse,Rest of US,1.0
9yxe,Rest of US,1.0
b6sr,Rest of US,1.0
behb,Rest of US,1.0
cbpy,Rest of US,1.0
9wh9,Rest of US,1.0
bs3e,Rest of US,1.0
c8jk,Rest of US,1.0
9y54,Rest of US,1.0
dnec,Rest of US,1.0
c279,Rest of US,1.0
9wmm,Rest of US,1.0
9w1h,Rest of US,1.0
bs6r,Rest of US,1.0
bdfj,Rest of US,1.0
9wu7,Rest of US,1.0
9wyh,Rest of US,1.0
9ufh,Rest of US,1.0
dnqq,Rest of US,1.0
9z4y,Rest of US,1.0
bshg,Rest of US,1.0
c270,Rest of US,1.0
9yex,Rest of US,1.0
djec,Rest of US,1.0
c88h,Rest of US,1.0
bs1f,Rest of US,1.0
dr28,Rest of US,1.0
9vg7,Rest of US,1.0
beds,Rest of US,1.0
9mxy,Rest of US,1.0
9rbs,Rest of US,1.0
c1fg,Rest of US,0.736606474721315
bfdn,Rest of US,1.0
bg01,Rest of US,1.0
9r7v,Rest of US,1.0
bg4x,Rest of US,1.0
dn45,Rest of US,1.0
c22g,Rest of US,0.9981941413251624
c8qs,Rest of US,1.0
beb9,Rest of US,1.0
bgc4,Rest of US,1.0
c82t,Rest of US,1.0
9q6y,Rest of California,1.0
c802,Rest of US,1.0
c26x,Rest of US,1.0
bfrn,Rest of US,0.5444583348531998
9y49,Rest of US,1.0
bkkw,Rest of US,1.0
dnxu,Rest of US,1.0
9xse,Rest of US,1.0
c81x,Rest of US,1.0
9r6c,Rest of US,1.0
9q5w,Rest of California,1.0
9zb0,Rest of US,1.0
9mz2,Rest of US,1.0
bkpb,Rest of US,1.0
drkv,Rest of US,1.0
c40d,Rest of US,1.0
9z5b,Rest of US,1.0
bd1y,Rest of US,0.10113679702443615
dphn,Rest of US,1.0
9z6s,Rest of US,1.0
9z3r,Rest of US,1.0
9xe4,Rest of US,1.0
9x4y,Rest of US,1.0
9xkn,Rest of US,1.0
9wx5,Rest of US,1.0
b6sj,Rest of US,0.999487072433569
bgbz,Rest of US,1.0
bekd,Rest of US,1.0
bd68,Rest of US,0.6949575984185946
dr97,Rest of US,1.0
9wc4,Rest of US,1.0
9rgk,Rest of US,1.0
cbe7,Rest of US,1.0
cbnv,Rest of US,1.0
c26s,Rest of US,1.0
9r68,Rest of US,0.3309296675564146
9r68,Rest of California,0.6690703324435854
dp4h,Rest of US,1.0
bfg0,Rest of US,1.0
dhyw,Rest of US,1.0
c1gw,Rest of US,0.1696412268344284
bs3q,Rest of US,1.0
c84x,Rest of US,1.0
dp8s,Rest of US,1.0
9qqd,Rest of US,1.0
djm8,Rest of US,1.0
9vsm,Rest of US,1.0
bds4,Rest of US,0.25920163518551775
9qnf,Rest of US,0.8904923473233046
9qnf,Rest of California,0.10950765267669538
c2nu,Rest of US,1.0
9y8r,Rest of US,1.0
dj8j,Rest of US,1.0
dn3x,Rest of US,1.0
bd6q,Rest of US,1.0
bs2p,Rest of US,1.0
dn47,Rest of US,1.0
9xp3,Rest of US,1.0
dj26,Rest of US,0.5235276669778474
dn25,Rest of US,1.0
bu2s,Rest of US,1.0
dj3m,Rest of US,0.49562852001312807
9tq9,Rest of US,1.0
dp7b,Rest of US,1.0
betw,Rest of US,1.0
9zxb,Rest of US,1.0
x4qu,Rest of US,0.35288113256897613
9q5p,Rest of California,1.0
dr14,Rest of US,1.0
bs83,Rest of US,1.0
bu51,Rest of US,1.0
dn6n,Rest of US,1.0
djn9,Rest of US,0.7852682235681461
dj8g,Rest of US,1.0
9vrw,Rest of US,1.0
9vfp,Rest of US,1.0
cb64,Rest of US,1.0
8e3k,Rest of US,0.5590638250821093
9zu2,Rest of US,1.0
bdfq,Rest of US,1.0
bdy5,Rest of US,1.0
f2nz,Rest of US,1.0
9vvg,Rest of US,1.0
djzw,Rest of US,0.9813394415688163
9rvk,Rest of US,1.0
9vk5,Rest of US,1.0
bewf,Rest of US,1.0
9tqk,Rest of US,1.0
dnpu,Rest of US,1.0
c2wt,Rest of US,1.0
9rrx,Rest of US,1.0
9tzx,Rest of US,1.0
dq2c,Rest of US,1.0
dr2u,Rest of US,1.0
dpev,Rest of US,1.0
9pzg,Rest of US,1.0
bsnq,Rest of US,1.0
9ycd,Rest of US,1.0
9rw5,Rest of US,1.0
9qe8,Rest of California,1.0
c27v,Rest of US,1.0
dnw0,Rest of US,1.0
9w3w,Rest of US,1.0
f2p5,Rest of US,1.0
b7y2,Rest of US,1.0
9tmk,Rest of US,0.09365020742276307
dxbp,Rest of US,1.0
b5nz,Rest of US,0.2417480036228892
9xqz,Rest of US,1.0
9zhh,Rest of US,1.0
9r5n,Rest of US,1.0
9xnc,Rest of US,1.0
c1bx,Rest of US,0.8515069421721769
9vyq,Rest of US,1.0
bs07,Rest of US,1.0
drmj,Rest of US,0.9594871741186347
c1cq,Rest of US,0.9625935952839384
9rcj,Rest of US,1.0
dqfm,Rest of US,0.8161050964368691
cbwf,Rest of US,0.026140173287885884
dnb6,Rest of US,1.0
bs00,Rest of US,1.0
9vcq,Rest of US,1.0
bfrb,Rest of US,0.9463941704921818
bknm,Rest of US,1.0
dj86,Rest of US,1.0
9ykv,Rest of US,1.0
c8ww,Rest of US,0.7488432769805109
9tex,Rest of US,1.0
9qe3,Rest of California,1.0
djdp,Rest of US,1.0
b7r3,Rest of US,1.0
c8rx,Rest of US,1.0
9yd2,Rest of US,1.0
9y8b,Rest of US,1.0
bfbg,Rest of US,1.0
9zgw,Rest of US,1.0
9x4w,Rest of US,1.0
djt5,Rest of US,1.0
dpjm,Rest of US,1.0
cb2h,Rest of US,1.0
dpsy,Rest of US,1.0
9v6x,Rest of US,1.0
9zb7,Rest of US,1.0
beb0,Rest of US,1.0
9xm6,Rest of US,1.0
c0x6,Rest of US,0.6566560335855294
bs89,Rest of US,1.0
9qmf,Rest of US,0.1989438190308748
9qmf,Rest of California,0.8010561809691252
cb0y,Rest of US,1.0
bs38,Rest of US,1.0
djd1,Rest of US,1.0
benj,Rest of US,1.0
c276,Rest of US,1.0
9tft,Rest of US,1.0
c20w,Rest of US,1.0
bfff,Rest of US,1.0
9q51,Rest of US,0.030542189593249433
9vd8,Rest of US,1.0
c28s,Rest of US,0.7086401554761713
9wvu,Rest of US,1.0
cb1s,Rest of US,1.0
9xwc,Rest of US,1.0
c239,Rest of US,1.0
djc9,Rest of US,1.0
bdf8,Rest of US,1.0
9ydw,Rest of US,1.0
9xs3,Rest of US,1.0
9yvk,Rest of US,1.0
9z7v,Rest of US,1.0
bs7w,Rest of US,1.0
dq0n,Rest of US,1.0
c1g2,Rest of US,0.2728837912546942
bek6,Rest of US,1.0
b7pu,Rest of US,1.0
dr7k,Rest of US,1.0
9x8v,Rest of US,1.0
cb28,Rest of US,1.0
9tgh,Rest of US,1.0
dq34,Rest of US,0.9991006920532126
beh3,Rest of US,1.0
9tcc,Rest of US,1.0
9rzb,Rest of US,1.0
c2tm,Rest of US,1.0
bs4p,Rest of US,1.0
9qux,Rest of US,1.0
9wtm,Rest of US,1.0
dnp7,Rest of US,1.0
9v6b,Rest of US,1.0
bffn,Rest of US,1.0
dnuf,Rest of US,1.0
bd2b,Rest of US,1.0
drdg,Rest of US,1.0
9q67,Rest of California,0.9990571753882159
berc,Rest of US,1.0
bk5f,Rest of US,1.0
9x7u,Rest of US,1.0
b6v8,Rest of US,1.0
bkrm,Rest of US,1.0
bkp5,Rest of US,1.0
c8mu,Rest of US,1.0
9y0j,Rest of US,1.0
9vgf,Rest of US,1.0
9x61,Rest of US,1.0
drg7,Rest of US,1.0
f25b,Rest of US,0.0659185295467813
9v3w,Rest of US,1.0
9v8p,Rest of US,1.0
9z7x,Rest of US,1.0
dhwd,Rest of US,1.0
9xe5,Rest of US,1.0
9qhg,Rest of California,1.0
c2ef,Rest of US,1.0
bs5n,Rest of US,1.0
9v1e,Rest of US,1.0
bgbj,Rest of US,1.0
bsku,Rest of US,1.0
f05v,Rest of US,0.34642484612926155
c89w,Rest of US,0.7500385436962662
dry9,Rest of US,0.317840905181734
c417,Rest of US,0.8419810878115802
dj2v,Rest of US,1.0
c2r3,Rest of US,1.0
djn2,Rest of US,1.0
b7mz,Rest of US,1.0
9rcg,Rest of US,1.0
bejy,Rest of US,1.0
drub,Rest of US,1.0
cbn9,Rest of US,1.0
bsh5,Rest of US,1.0
9txb,Rest of US,1.0
9tb5,Rest of US,1.0
9req,Rest of US,1.0
9ze8,Rest of US,1.0
dnf2,Rest of US,1.0
9vug,Rest of US,1.0
bfpm,Rest of US,0.34015943069889654
dpms,Rest of US,0.05939517403155069
c2kz,Rest of US,1.0
b7j4,Rest of US,1.0
cb9h,Rest of US,1.0
c28w,Rest of US,0.19268131561356808
c8h3,Rest of US,1.0
c40r,Rest of US,0.9222113848683442
9wnx,Rest of US,1.0
bfrx,Rest of US,0.9237503258356976
9r6t,Rest of US,0.3320195588219374
9r6t,Rest of California,0.6679804411780625
bu2g,Rest of US,1.0
djmu,Rest of US,1.0
drex,Rest of US,1.0
c2dy,Rest of US,0.7532407974181398
9x4j,Rest of US,1.0
dju6,Rest of US,1.0
bu53,Rest of US,1.0
9zy9,Rest of US,1.0
b6zt,Rest of US,1.0
bu3f,Rest of US,1.0
bu60,Rest of US,1.0
f2hb,Rest of US,0.052218074031216734
bd0p,Rest of US,1.0
9wkj,Rest of US,1.0
bemr,Rest of US,1.0
bkmf,Rest of US,1.0
c8x1,Rest of US,1.0
9w4k,Rest of US,1.0
9zry,Rest of US,1.0
9y5y,Rest of US,1.0
9yup,Rest of US,1.0
9x5c,Rest of US,1.0
9tv6,Rest of US,1.0
bs52,Rest of US,1.0
be8v,Rest of US,1.0
dj3y,Rest of US,1.0
9wre,Rest of US,1.0
9zfy,Rest of US,1.0
cb5s,Rest of US,1.0
c8rq,Rest of US,1.0
bu29,Rest of US,1.0
c83c,Rest of US,1.0
bgcj,Rest of US,1.0
cbxc,Rest of US,0.6411551650648519
9tv8,Rest of US,1.0
9mz0,Rest of US,1.0
9qwx,Rest of US,1.0
beqj,Rest of US,1.0
9qcq,Rest of California,0.9997528446815596
9tcn,Rest of US,1.0
9wj9,Rest of US,1.0
bd2w,Rest of US,1.0
9w3z,Rest of US,1.0
9ybk,Rest of US,1.0
9w5p,Rest of US,1.0
dqcy,Rest of US,0.8385078406955163
9ygc,Rest of US,1.0
9tcy,Rest of US,1.0
9r4r,Rest of California,1.0
b10v,Rest of US,0.07219311046423148
dnv6,Rest of US,1.0
dr2g,Rest of US,1.0
cbne,Rest of US,1.0
bgbx,Rest of US,1.0
be8z,Rest of US,1.0
9v1y,Rest of US,1.0
c2mb,Rest of US,1.0
dpeg,Rest of US,1.0
9ysg,Rest of US,1.0
9xpv,Rest of US,1.0
9vke,Rest of US,1.0
cb3c,Rest of US,1.0
djut,Rest of US,1.0
9ree,Rest of US,1.0
b7wj,Rest of US,1.0
bemv,Rest of US,1.0
9wp5,Rest of US,1.0
9r3h,Rest of California,1.0
9z3c,Rest of US,1.0
bkh2,Rest of US,1.0
c8h9,Rest of US,1.0
9wsu,Rest of US,1.0
b7xq,Rest of US,1.0
c1cg,Rest of US,0.5985975447450028
c8dy,Rest of US,0.7525511569256802
9ws4,Rest of US,1.0
9y7u,Rest of US,1.0
9rnf,Rest of US,1.0
dnxx,Rest of US,1.0
9zmr,Rest of US,1.0
drf8,Rest of US,1.0
9v8d,Rest of US,1.0
bsjd,Rest of US,1.0
bkh6,Rest of US,1.0
9xpb,Rest of US,1.0
9qn5,Rest of California,1.0
c2te,Rest of US,1.0
bk5z,Rest of US,1.0
bg6t,Rest of US,1.0
9vc9,Rest of US,1.0
f01d,Rest of US,1.0
cb8j,Rest of US,1.0
bg3j,Rest of US,1.0
c84z,Rest of US,1.0
bd2c,Rest of US,1.0
9rxg,Rest of US,1.0
9xrf,Rest of US,1.0
9yzt,Rest of US,1.0
dp8d,Rest of US,1.0
9rgf,Rest of US,1.0
bfr8,Rest of US,0.9760401970987639
b7ej,Rest of US,1.0
9vu7,Rest of US,1.0
be4u,Rest of US,1.0
9y2v,Rest of US,1.0
bkj0,Rest of US,1.0
9tgn,Rest of US,1.0
c2xs,Rest of US,1.0
dhy9,Rest of US,1.0
bg49,Rest of US,1.0
c8t8,Rest of US,1.0
dn7c,Rest of US,1.0
cb62,Rest of US,1.0
9xwe,Rest of US,1.0
9xtx,Rest of US,1.0
9tww,Rest of US,1.0
9zbh,Rest of US,1.0
c8n9,Rest of US,1.0
c235,Rest of US,1.0
dnhf,Rest of US,1.0
dhvu,Rest of US,1.0
b79d,Rest of US,0.80432655744973
9vdz,Rest of US,1.0
dpgx,Rest of US,1.0
dn0b,Rest of US,1.0
9yqj,Rest of US,1.0
9zyw,Rest of US,1.0
9zr5,Rest of US,1.0
c211,Rest of US,1.0
c2r0,Rest of US,1.0
cbqu,Rest of US,0.9424851320837667
drt9,Rest of US,0.27834432350376737
9mz8,Rest of US,1.0
bg18,Rest of US,1.0
bedk,Rest of US,1.0
9r2k,Rest of California,1.0
dhz1,Rest of US,0.20535900616457656
9rj1,Rest of US,1.0
9rvz,Rest of US,1.0
bd4z,Rest of US,1.0
bg0q,Rest of US,1.0
9x9y,Rest of US,1.0
bdvx,Rest of US,1.0
djf4,Rest of US,1.0
9zkb,Rest of US,1.0
dr27,Rest of US,1.0
9tv4,Rest of US,1.0
9ryk,Rest of US,1.0
c8wj,Rest of US,1.0
beyp,Rest of US,1.0
c8p9,Rest of US,1.0
9qvy,Rest of US,1.0
9x78,Rest of US,1.0
bfw0,Rest of US,0.7076945680964691
b7nw,Rest of US,1.0
bkrw,Rest of US,1.0
bu4s,Rest of US,1.0
djgp,Rest of US,1.0
f2qs,Rest of US,0.6677335430189223
drz1,Rest of US,0.032196322261813674
b6gx,Rest of US,1.0
dre1,Rest of US,1.0
be3r,Rest of US,1.0
bewn,Rest of US,1.0
cb2d,Rest of US,1.0
dnvs,Rest of US,1.0
cbm7,Rest of US,1.0
9wxf,Rest of US,1.0
c1cn,Rest of US,0.8696416945102844
9myu,Rest of US,1.0
bspq,Rest of US,1.0
dpxb,Rest of US,1.0
c8t4,Rest of US,1.0
bgcz,Rest of US,1.0
c2nz,Rest of US,1.0
cb92,Rest of US,1.0
9y5r,Rest of US,1.0
9my5,Rest of California,1.0
beh2,Rest of US,1.0
dq0e,Rest of US,0.9893319947592283
drfr,Rest of US,0.03427792268723652
dphb,Rest of US,1.0
bu1d,Rest of US,1.0
bs2d,Rest of US,1.0
c8sw,Rest of US,0.7540816071848895
9vpt,Rest of US,0.07815586691720068
b6sy,Rest of US,1.0
9wf3,Rest of US,1.0
9zdh,Rest of US,1.0
djsd,Rest of US,1.0
dnu7,Rest of US,1.0
dn65,Rest of US,1.0
bfcc,Rest of US,1.0
be8u,Rest of US,1.0
dr08,Rest of US,1.0
dp27,Rest of US,1.0
bs36,Rest of US,1.0
9rbm,Rest of US,1.0
djy0,Rest of US,1.0
dpnk,Rest of US,1.0
9z27,Rest of US,1.0
bdbq,Rest of US,1.0
9zp4,Rest of US,1.0
dhyu,Rest of US,0.5885111663942647
drdb,Rest of US,1.0
9zc8,Rest of US,1.0
c2sh,Rest of US,1.0
befr,Rest of US,1.0
9rse,Rest of US,1.0
c803,Rest of US,1.0
f068,Rest of US,0.947185728806378
c8k5,Rest of US,1.0
djed,Rest of US,1.0
b7sh,Rest of US,1.0
9ufz,Rest of US,0.8187878728903042
beq4,Rest of US,1.0
9y4r,Rest of US,1.0
bk4v,Rest of US,1.0
b7e8,Rest of US,1.0
9y51,Rest of US,1.0
dndm,Rest of US,1.0
dnbc,Rest of US,1.0
9z25,Rest of US,1.0
c2xu,Rest of US,1.0
9xj7,Rest of US,1.0
drkt,Rest of US,1.0
9yky,Rest of US,1.0
c8rt,Rest of US,1.0
dqf7,Rest of US,1.0
bevk,Rest of US,1.0
9qqc,Rest of US,1.0
9vqp,Rest of US,1.0
bd9b,Rest of US,1.0
9qjh,Rest of California,1.0
be0s,Rest of US,1.0
9q8z,Rest of US,0.0209328722686308
dp9d,Rest of US,0.2334460119814292
9r4g,Rest of US,1.0
dreu,Rest of US,1.0
bg45,Rest of US,1.0
bu6p,Rest of US,0.017753287086459017
c29y,Rest of US,0.7617002089683247
bfrd,Rest of US,0.7340300678665534
9ry4,Rest of US,1.0
c2ps,Rest of US,1.0
bkkj,Rest of US,0.34662981471827
9wth,Rest of US,1.0
9zwy,Rest of US,1.0
9vep,Rest of US,1.0
cb8m,Rest of US,1.0
dn64,Rest of US,1.0
drdx,Rest of US,1.0
dnh1,Rest of US,1.0
c25h,Rest of US,1.0
djf2,Rest of US,1.0
bu5k,Rest of US,1.0
djfj,Rest of US,1.0
9r5g,Rest of US,1.0
cbmt,Rest of US,1.0
9w1e,Rest of US,1.0
dp7v,Rest of US,1.0
9rxp,Rest of US,1.0
9vk6,Rest of US,1.0
drym,Rest of US,1.0
c26e,Rest of US,1.0
bejm,Rest of US,1.0
bdgr,Rest of US,1.0
bsmh,Rest of US,1.0
drzk,Rest of US,0.7757745283394719
cbjp,Rest of US,1.0
c83p,Rest of US,1.0
c2kw,Rest of US,1.0
9wd4,Rest of US,1.0
b7yv,Rest of US,1.0
f2qt,Rest of US,0.16635759330083572
dppv,Rest of US,1.0
9mxq,Rest of US,0.6577820548857745
9zb1,Rest of US,1.0
b7zp,Rest of US,1.0
bdud,Rest of US,0.08623532533941815
9mzm,Rest of US,1.0
9r6j,Rest of California,1.0
bffe,Rest of US,1.0
behs,Rest of US,1.0
9tcv,Rest of US,1.0
drfb,Rest of US,1.0
c25r,Rest of US,1.0
9w0v,Rest of US,1.0
9vpr,Rest of US,1.0
c8jh,Rest of US,1.0
9w8q,Rest of US,1.0
bevq,Rest of US,1.0
9xcv,Rest of US,1.0
cb8q,Rest of US,0.7505540394836215
9wfs,Rest of US,1.0
bk55,Rest of US,1.0
9qmb,Rest of California,1.0
b7ve,Rest of US,1.0
9tu6,Rest of US,1.0
9rd7,Rest of US,1.0
bkw1,Rest of US,0.6132625535145179
9rr3,Rest of US,1.0
9udw,Rest of US,0.9691798500055396
c8xe,Rest of US,1.0
dnx7,Rest of US,1.0
9wb8,Rest of US,1.0
f035,Rest of US,0.6103783287212228
c0rf,Rest of US,0.9086106938971236
b6mq,Rest of US,0.5662398264424998
bshs,Rest of US,1.0
b7y4,Rest of US,1.0
9v3z,Rest of US,1.0
b75m,Rest of US,1.0
9r3d,Rest of California,1.0
dp0h,Rest of US,1.0
dnyx,Rest of US,1.0
dnpd,Rest of US,1.0
c2m0,Rest of US,1.0
9vr8,Rest of US,1.0
9qpj,Rest of US,1.0
9w5k,Rest of US,1.0
be5q,Rest of US,1.0
cb9t,Rest of US,1.0
b6zc,Rest of US,1.0
drkn,Rest of US,1.0
9yzu,Rest of US,1.0
dqcx,Rest of US,0.7404619311005409
9qnu,Rest of US,1.0
djzp,Rest of US,1.0
cb5p,Rest of US,1.0
9yjt,Rest of US,1.0
djnr,Rest of US,0.28787331108111
cbtd,Rest of US,1.0
9xwh,Rest of US,1.0
9xbc,Rest of US,1.0
c23k,Rest of US,1.0
c1cz,Rest of US,0.9997593899206106
bk58,Rest of US,1.0
9qgy,Rest of US,1.0
cbmr,Rest of US,1.0
c1c2,Rest of US,0.5493874141018572
dhwn,Rest of US,1.0
9xwx,Rest of US,1.0
9rtu,Rest of US,1.0
djew,Rest of US,1.0
bs6f,Rest of US,1.0
djf7,Rest of US,1.0
b7mn,Rest of US,0.18177174366852736
9q9x,Rest of California,0.7742862443026084
9yk8,Rest of US,1.0
dj9f,Rest of US,1.0
b6dp,Rest of US,0.13217771317417373
c8nc,Rest of US,1.0
be20,Rest of US,1.0
c0pg,Rest of US,0.5574456276000194
b7jj,Rest of US,1.0
9xn5,Rest of US,1.0
bejz,Rest of US,1.0
besu,Rest of US,1.0
drfx,Rest of US,0.6437948577835886
c258,Rest of US,1.0
9w32,Rest of US,1.0
b7wt,Rest of US,1.0
9zm0,Rest of US,1.0
drd8,Rest of US,1.0
9tq2,Rest of US,1.0
9rhc,Rest of US,1.0
9w1n,Rest of US,1.0
dnh6,Rest of US,1.0
9rgn,Rest of US,1.0
9wum,Rest of US,1.0
bff8,Rest of US,1.0
bdgh,Rest of US,1.0
9rff,Rest of US,1.0
9wws,Rest of US,1.0
9wnd,Rest of US,1.0
9zcz,Rest of US,1.0
dn4v,Rest of US,1.0
dq0g,Rest of US,0.21046412709551207
9vfr,Rest of US,1.0
cbj8,Rest of US,1.0
9vre,Rest of US,1.0
9wwm,Rest of US,1.0
dp9n,Rest of US,1.0
dpdy,Rest of US,1.0
9tb8,Rest of US,1.0
dny1,Rest of US,1.0
9xkj,Rest of US,1.0
c87b,Rest of US,1.0
be9c,Rest of US,1.0
9rpq,Rest of US,1.0
b7r0,Rest of US,1.0
9w27,Rest of US,1.0
9x14,Rest of US,1.0
dpg2,Rest of US,1.0
djbx,Rest of US,1.0
9ze7,Rest of US,1.0
dq3n,Rest of US,1.0
9rnv,Rest of US,1.0
dr11,Rest of US,1.0
betc,Rest of US,1.0
9z0w,Rest of US,1.0
dj2z,Rest of US,1.0
9vms,Rest of US,1.0
be6f,Rest of US,1.0
bkqh,Rest of US,1.0
dpkn,Rest of US,1.0
9z9p,Rest of US,1.0
b7mx,Rest of US,0.5682571201154779
bgfw,Rest of US,1.0
9zt1,Rest of US,1.0
be23,Rest of US,1.0
9z6b,Rest of US,1.0
9ygy,Rest of US,1.0
dqbt,Rest of US,1.0
drzs,Rest of US,0.5001601509160202
cb2w,Rest of US,1.0
bgc5,Rest of US,1.0
9z8d,Rest of US,1.0
dqb4,Rest of US,1.0
dn8w,Rest of US,1.0
b7er,Rest of US,1.0
dphy,Rest of US,1.0
f005,Rest of US,1.0
c230,Rest of US,1.0
9tmu,Rest of US,1.0
dnty,Rest of US,1.0
c8kh,Rest of US,1.0
9yjh,Rest of US,1.0
9zpt,Rest of US,1.0
dqb5,Rest of US,1.0
cbn8,Rest of US,1.0
9ver,Rest of US,1.0
9v97,Rest of US,1.0
bd8f,Rest of US,1.0
cbnf,Rest of US,1.0
9x8s,Rest of US,1.0
bu08,Rest of US,1.0
9yqx,Rest of US,1.0
9qbx,Rest of California,1.0
9v4t,Rest of US,1.0
c413,Rest of US,0.6314439899757414
c2qn,Rest of US,1.0
b6xm,Rest of US,1.0
9vtf,Rest of US,1.0
dru2,Rest of US,1.0
dn5b,Rest of US,1.0
dn48,Rest of US,1.0
9yc3,Rest of US,1.0
9wms,Rest of US,1.0
9w74,Rest of US,1.0
9r84,Rest of US,1.0
b4uc,Rest of US,0.03828317625314222
bds6,Rest of US,0.8461550273595777
9xfx,Rest of US,1.0
cbw0,Rest of US,1.0
f009,Rest of US,1.0
dr21,Rest of US,1.0
dnp4,Rest of US,1.0
9xz7,Rest of US,1.0
bsr1,Rest of US,1.0
9w0e,Rest of US,1.0
9vz0,Rest of US,1.0
9zjn,Rest of US,1.0
dr18,Rest of US,0.9882944409049448
9wdm,Rest of US,1.0
9vhh,Rest of US,0.8001563864243326
9z06,Rest of US,1.0
9v5f,Rest of US,0.06219194343077622
9xtu,Rest of US,1.0
9x6c,Rest of US,1.0
9r9n,Rest of US,1.0
9yg4,Rest of US,1.0
dndw,Rest of US,1.0
bez0,Rest of US,1.0
b7tb,Rest of US,1.0
9wy0,Rest of US,1.0
9wn3,Rest of US,1.0
9rzq,Rest of US,1.0
9yb2,Rest of US,1.0
9wtu,Rest of US,1.0
bs33,Rest of US,1.0
dq2v,Rest of US,1.0
dq9n,Rest of US,1.0
9rg0,Rest of US,1.0
9zgu,Rest of US,1.0
9qj0,Rest of California,1.0
9ru9,Rest of US,1.0
c8rw,Rest of US,1.0
c227,Rest of US,1.0
9xd8,Rest of US,1.0
9tc2,Rest of US,1.0
b3yr,Rest of US,1.0
b6rq,Rest of US,0.7801284725714727
b3vg,Rest of US,0.14586610807567502
9rdk,Rest of US,1.0
cbh4,Rest of US,1.0
9z10,Rest of US,1.0
9rq3,Rest of US,1.0
dr8e,Rest of US,1.0
b6fp,Rest of US,0.7945105827244263
9z0z,Rest of US,1.0
cbr0,Rest of US,1.0
9yn5,Rest of US,1.0
9qx3,Rest of US,1.0
9ygt,Rest of US,1.0
9re8,Rest of US,1.0
c202,Rest of US,1.0
bg9m,Rest of US,1.0
b7j2,Rest of US,1.0
9v3s,Rest of US,1.0
c2wh,Rest of US,1.0
9wch,Rest of US,1.0
9vwy,Rest of US,1.0
9yrq,Rest of US,1.0
b7ym,Rest of US,1.0
bs58,Rest of US,1.0
9vfy,Rest of US,1.0
9ykg,Rest of US,1.0
bsjm,Rest of US,1.0
9qvu,Rest of US,1.0
cbmj,Rest of US,1.0
9xkq,Rest of US,1.0
dpj6,Rest of US,1.0
djvk,Rest of US,1.0
9ynh,Rest of US,1.0
c1gm,Rest of US,0.9034357899068395
beu9,Rest of US,1.0
dp7j,Rest of US,1.0
c82z,Rest of US,1.0
9rmf,Rest of US,1.0
9xfr,Rest of US,1.0
9tdf,Rest of US,0.7502039306814671
9tg5,Rest of US,1.0
bffy,Rest of US,1.0
bs7r,Rest of US,1.0
bkx0,Rest of US,1.0
9r57,Rest of US,1.0
bu6t,Rest of US,0.9703376657917648
9xnm,Rest of US,1.0
9y30,Rest of US,1.0
9xwz,Rest of US,1.0
f2pj,Rest of US,1.0
9vhx,Rest of US,0.17839727598900834
drkd,Rest of US,0.1515627491255946
9zx1,Rest of US,1.0
dr6m,Rest of US,1.0
9qw3,Rest of US,1.0
9xsd,Rest of US,1.0
c29f,Rest of US,1.0
9vr4,Rest of US,1.0
b6wr,Rest of US,1.0
dn50,Rest of US,1.0
9wtv,Rest of US,1.0
dnq2,Rest of US,1.0
9r0v,Rest of California,1.0
dnf4,Rest of US,1.0
9vk8,Rest of US,0.43358713462865495
9tdh,Rest of US,1.0
drv6,Rest of US,1.0
bu70,Rest of US,1.0
9vvx,Rest of US,1.0
f0h2,Rest of US,1.0
bg9s,Rest of US,1.0
bebn,Rest of US,1.0
c85t,Rest of US,1.0
9ztt,Rest of US,1.0
bdfb,Rest of US,1.0
9qyn,Rest of US,1.0
9tmt,Rest of US,1.0
dp1e,Rest of US,1.0
9zjf,Rest of US,1.0
9xj5,Rest of US,1.0
9ypb,Rest of US,1.0
dphv,Rest of US,1.0
dpn4,Rest of US,1.0
9ykq,Rest of US,1.0
9zs2,Rest of US,1.0
c8hd,Rest of US,1.0
djde,Rest of US,1.0
9vzj,Rest of US,1.0
b78v,Rest of US,1.0
9y04,Rest of US,1.0
bd9y,Rest of US,1.0
dryj,Rest of US,1.0
9x31,Rest of US,1.0
bgcs,Rest of US,1.0
9tyu,Rest of US,1.0
be88,Rest of US,1.0
drgq,Rest of US,1.0
9w0p,Rest of US,1.0
9qjb,Rest of California,1.0
b69y,Rest of US,1.0
dnf1,Rest of US,1.0
9ykp,Rest of US,1.0
9wn2,Rest of US,1.0
9yb0,Rest of US,1.0
9xq4,Rest of US,1.0
bdgj,Rest of US,1.0
bspd,Rest of US,1.0
bdg6,Rest of US,1.0
cbey,Rest of US,0.7522579434176199
c8rd,Rest of US,1.0
b6w7,Rest of US,1.0
9qjr,Rest of California,1.0
9zgr,Rest of US,1.0
9vm4,Rest of US,1.0
9rr9,Rest of US,1.0
beyj,Rest of US,1.0
9xe2,Rest of US,1.0
dr5h,Rest of US,1.0
bdyz,Rest of US,1.0
9wk6,Rest of US,1.0
9w4c,Rest of US,1.0
bg0c,Rest of US,1.0
dpjt,Rest of US,1.0
9w2u,Rest of US,1.0
bet3,Rest of US,1.0
bsd6,Rest of US,0.7606618703646667
b3u7,Rest of US,0.2627306173257575
b3v7,Rest of US,0.9052011366490685
dpef,Rest of US,1.0
c2xe,Rest of US,1.0
dnr1,Rest of US,1.0
c2my,Rest of US,1.0
befh,Rest of US,1.0
dj8r,Rest of US,1.0
dnur,Rest of US,1.0
bg52,Rest of US,1.0
c248,Rest of US,1.0
c2td,Rest of US,1.0
djg7,Rest of US,1.0
dp95,Rest of US,1.0
drmq,Rest of US,1.0
b5r8,Rest of US,0.3802502700779856
bffu,Rest of US,1.0
9y3n,Rest of US,1.0
dr1b,Rest of US,0.6473944562846528
9qmk,Rest of California,1.0
cbqt,Rest of US,1.0
9pxf,Rest of US,1.0
9tz4,Rest of US,1.0
bg8x,Rest of US,1.0
9yuq,Rest of US,1.0
dn9y,Rest of US,1.0
be22,Rest of US,1.0
b172,Rest of US,0.055290852194379146
bsde,Rest of US,0.23148940381816138
9tmf,Rest of US,1.0
b6uq,Rest of US,1.0
9znc,Rest of US,1.0
f05q,Rest of US,0.9074943018149232
c2ws,Rest of US,1.0
dnkp,Rest of US,1.0
bdc2,Rest of US,1.0
dhy5,Rest of US,1.0
c87k,Rest of US,1.0
9tve,Rest of US,1.0
9vgd,Rest of US,1.0
b6rm,Rest of US,0.1628638979506538
9vy6,Rest of US,1.0
9wsj,Rest of US,1.0
9ru0,Rest of US,1.0
9wcd,Rest of US,1.0
be72,Rest of US,1.0
dq90,Rest of US,1.0
9ytm,Rest of US,1.0
9rpd,Rest of US,1.0
bkhp,Rest of US,1.0
c8sk,Rest of US,1.0
bgg3,Rest of US,1.0
9qqu,Rest of US,1.0
dp5e,Rest of US,1.0
c8w1,Rest of US,1.0
c1bt,Rest of US,0.08202673960259098
b1q6,Rest of US,0.010141263865060033
bfeg,Rest of US,0.1886736242343901
dq60,Rest of US,0.08527316382235992
9vvn,Rest of US,1.0
9pzz,Rest of US,0.8047287774864611
f01g,Rest of US,0.9091190293623036
9z52,Rest of US,1.0
9y31,Rest of US,1.0
9zwg,Rest of US,1.0
bgbn,Rest of US,1.0
9r0d,Rest of California,0.999725936795191
9tvr,Rest of US,1.0
c84u,Rest of US,1.0
9rrr,Rest of US,1.0
djt6,Rest of US,1.0
bsmp,Rest of US,1.0
bgf1,Rest of US,1.0
9qdy,Rest of California,0.9999747166431383
c2ju,Rest of US,1.0
dnd8,Rest of US,1.0
bkhc,Rest of US,1.0
c2py,Rest of US,1.0
9ruq,Rest of US,1.0
b7x0,Rest of US,1.0
c40b,Rest of US,0.37669213588808514
9yk3,Rest of US,1.0
9yvv,Rest of US,1.0
bsk4,Rest of US,1.0
9ryr,Rest of US,1.0
befw,Rest of US,1.0
dr8q,Rest of US,0.7441214429560915
9yf4,Rest of US,1.0
bk4n,Rest of US,1.0
djw0,Rest of US,0.3885148309112537
b7j1,Rest of US,1.0
9t9q,Rest of US,1.0
dn5r,Rest of US,1.0
b69m,Rest of US,0.9568776868889468
bgb9,Rest of US,1.0
dpu9,Rest of US,0.2518538535725675
9tfv,Rest of US,1.0
9tbz,Rest of US,1.0
f2py,Rest of US,0.19872129933719407
9vb8,Rest of US,1.0
9xmw,Rest of US,1.0
9ucx,Rest of US,1.0
9qxq,Rest of US,1.0
b6n9,Rest of US,1.0
9td5,Rest of US,1.0
dnn1,Rest of US,1.0
bskj,Rest of US,1.0
djgk,Rest of US,1.0
9ttt,Rest of US,1.0
b7f1,Rest of US,0.4063527614222079
bexd,Rest of US,1.0
9v6p,Rest of US,1.0
9tbx,Rest of US,1.0
dqbr,Rest of US,1.0
bshk,Rest of US,1.0
dnhh,Rest of US,1.0
9vm5,Rest of US,1.0
9vpp,Rest of US,0.7058812042380863
dn17,Rest of US,1.0
9tfx,Rest of US,1.0
cb8s,Rest of US,1.0
c8pj,Rest of US,1.0
drek,Rest of US,1.0
9w8k,Rest of US,1.0
dr9u,Rest of US,1.0
dpdg,Rest of US,1.0
b7un,Rest of US,1.0
9rtn,Rest of US,1.0
9qwc,Rest of US,1.0
cb4j,Rest of US,1.0
9zf6,Rest of US,1.0
b6yv,Rest of US,1.0
be2t,Rest of US,1.0
bu0w,Rest of US,1.0
drtm,Rest of US,1.0
dhw9,Rest of US,1.0
f012,Rest of US,1.0
c897,Rest of US,1.0
9wpp,Rest of US,1.0
dp7k,Rest of US,1.0
9wmd,Rest of US,1.0
9rew,Rest of US,1.0
9yg6,Rest of US,1.0
djdu,Rest of US,1.0
dn5t,Rest of US,1.0
9x5q,Rest of US,1.0
9qws,Rest of US,1.0
9rgd,Rest of US,1.0
dpux,Rest of US,0.8056762147061111
drkw,Rest of US,1.0
bewr,Rest of US,1.0
9yfc,Rest of US,1.0
c2ms,Rest of US,1.0
b6mr,Rest of US,1.0
9mgw,Rest of California,0.062270074453507004
9z0v,Rest of US,1.0
bsmq,Rest of US,1.0
9zq4,Rest of US,1.0
dr8c,Rest of US,1.0
c2en,Rest of US,0.7544313352738956
dr3t,Rest of US,1.0
b6tn,Rest of US,1.0
9rz8,Rest of US,1.0
c80p,Rest of US,1.0
9r27,Rest of California,1.0
dpsc,Rest of US,1.0
de28,Rest of US,1.0
f2q1,Rest of US,0.09886298576048984
9x7z,Rest of US,1.0
bg54,Rest of US,1.0
9xn3,Rest of US,1.0
9y1q,Rest of US,1.0
dpuv,Rest of US,0.021364432642266135
9r1k,Rest of California,1.0
b6zj,Rest of US,1.0
9wp3,Rest of US,1.0
c294,Rest of US,1.0
c89t,Rest of US,1.0
9tc8,Rest of US,1.0
b14z,Rest of US,0.40612069452586197
9ze2,Rest of US,1.0
cbx2,Rest of US,1.0
b7du,Rest of US,1.0
bdyp,Rest of US,1.0
b7ef,Rest of US,1.0
9tdr,Rest of US,1.0
bepv,Rest of US,1.0
bg8q,Rest of US,1.0
9vky,Rest of US,1.0
9vd4,Rest of US,1.0
9zs7,Rest of US,1.0
f2p3,Rest of US,1.0
dp0v,Rest of US,1.0
beuc,Rest of US,1.0
dne5,Rest of US,1.0
9wmc,Rest of US,1.0
b7e1,Rest of US,1.0
bdsv,Rest of US,1.0
c2d8,Rest of US,1.0
9xvg,Rest of US,1.0
cbpt,Rest of US,1.0
dp1p,Rest of US,1.0
9x8p,Rest of US,1.0
cb0t,Rest of US,1.0
dju9,Rest of US,1.0
dj8p,Rest of US,1.0
bejp,Rest of US,1.0
djge,Rest of US,1.0
9x5h,Rest of US,1.0
cb1z,Rest of US,1.0
cbhp,Rest of US,1.0
9x54,Rest of US,1.0
9x9u,Rest of US,1.0
b6g1,Rest of US,1.0
dnje,Rest of US,1.0
dn5v,Rest of US,1.0
9qhm,Rest of California,1.0
9mgg,Rest of California,0.024450750675223776
9xrc,Rest of US,1.0
dnq9,Rest of US,1.0
b7np,Rest of US,1.0
c8kv,Rest of US,1.0
9rhq,Rest of US,1.0
bdf5,Rest of US,1.0
c8kg,Rest of US,1.0
cbre,Rest of US,0.24944118303483398
9xev,Rest of US,1.0
9r3f,Rest of California,1.0
9tbs,Rest of US,1.0
9yrm,Rest of US,1.0
9ztm,Rest of US,1.0
9rdr,Rest of US,1.0
dpcm,Rest of US,0.7826892709749601
9r5e,Rest of US,1.0
9xcq,Rest of US,1.0
dpu0,Rest of US,1.0
9trw,Rest of US,1.0
c2rh,Rest of US,1.0
9rqy,Rest of US,1.0
c8pe,Rest of US,1.0
dpsz,Rest of US,1.0
9z37,Rest of US,1.0
9wxb,Rest of US,1.0
bkqy,Rest of US,1.0
dhwm,Rest of US,1.0
dj9q,Rest of US,1.0
dnfy,Rest of US,1.0
9qb9,Rest of US,0.03332407832439495
c289,Rest of US,0.5580751204585487
c884,Rest of US,1.0
9yzw,Rest of US,1.0
bu5h,Rest of US,1.0
drdw,Rest of US,1.0
cb61,Rest of US,1.0
bg86,Rest of US,1.0
dn2x,Rest of US,1.0
c8pw,Rest of US,1.0
drkp,Rest of US,1.0
9qzr,Rest of US,1.0
9xdd,Rest of US,1.0
9v8y,Rest of US,1.0
bkq8,Rest of US,1.0
9tdg,Rest of US,1.0
9qqz,Rest of US,1.0
bepx,Rest of US,1.0
bs5f,Rest of US,1.0
dpbz,Rest of US,1.0
9v09,Rest of US,0.37879901392209797
dr57,Rest of US,0.338690323660026
bg3k,Rest of US,1.0
dq8c,Rest of US,1.0
c80f,Rest of US,1.0
dq89,Rest of US,1.0
bkmc,Rest of US,1.0
9xvm,Rest of US,1.0
b79x,Rest of US,1.0
drt1,Rest of US,1.0
djdt,Rest of US,1.0
9zrm,Rest of US,1.0
9wqc,Rest of US,1.0
dpne,Rest of US,1.0
dpnh,Rest of US,1.0
bs7j,Rest of US,1.0
dnhr,Rest of US,1.0
bg8v,Rest of US,1.0
9yg1,Rest of US,1.0
b6wk,Rest of US,1.0
9vqv,Rest of US,1.0
9y0p,Rest of US,1.0
cbrh,Rest of US,0.12914178767613543
9tfs,Rest of US,1.0
9tdv,Rest of US,1.0
9wt8,Rest of US,1.0
cb97,Rest of US,1.0
c223,Rest of US,1.0
bktc,Rest of US,0.030730140202337816
bd89,Rest of US,1.0
9w0t,Rest of US,1.0
9ys7,Rest of US,1.0
9x6r,Rest of US,1.0
9w4t,Rest of US,1.0
9yyh,Rest of US,1.0
9r4x,Rest of US,0.3271089377896917
9r4x,Rest of California,0.6728910622103084
dhmu,Rest of US,0.3052960086373103
bekm,Rest of US,1.0
b11t,Rest of US,0.013416859420094079
dnvu,Rest of US,1.0
bkx2,Rest of US,1.0
f007,Rest of US,1.0
drcd,Rest of US,0.1207990773290351
dryv,Rest of US,1.0
9qv0,Rest of US,1.0
djn6,Rest of US,1.0
9qbq,Rest of California,0.9998882517403136
b7jd,Rest of US,1.0
c8r0,Rest of US,1.0
9rjq,Rest of US,1.0
9qdq,Rest of California,0.9998921299372872
c1cc,Rest of US,1.0
b75h,Rest of US,1.0
9xeg,Rest of US,1.0
bddf,Rest of US,0.039680599547695365
bs9f,Rest of US,1.0
de2b,Rest of US,0.9993104389638578
9vku,Rest of US,1.0
9tf7,Rest of US,1.0
9q3w,Rest of California,1.0
9rgp,Rest of US,1.0
9yfz,Rest of US,1.0
b6vw,Rest of US,1.0
bf9w,Rest of US,1.0
bknp,Rest of US,1.0
f2pw,Rest of US,1.0
c832,Rest of US,1.0
bkpg,Rest of US,1.0
9wg5,Rest of US,1.0
cb4e,Rest of US,1.0
drd1,Rest of US,1.0
9y4s,Rest of US,1.0
dnsv,Rest of US,1.0
djse,Rest of US,1.0
9wj1,Rest of US,1.0
9v2v,Rest of US,1.0
9x7r,Rest of US,1.0
b3er,Rest of US,1.0
c26t,Rest of US,1.0
be4q,Rest of US,1.0
9ygh,Rest of US,1.0
9v0t,Rest of US,1.0
c86v,Rest of US,1.0
cbps,Rest of US,1.0
c2k2,Rest of US,1.0
bk4y,Rest of US,1.0
9vff,Rest of US,1.0
c2de,Rest of US,1.0
c24c,Rest of US,1.0
9y81,Rest of US,1.0
9zfc,Rest of US,1.0
c2q1,Rest of US,1.0
9qjg,Rest of California,1.0
9wk1,Rest of US,1.0
drgy,Rest of US,1.0
bkpt,Rest of US,1.0
9xt5,Rest of US,1.0
b7r9,Rest of US,1.0
dhvx,Rest of US,1.0
bsm5,Rest of US,1.0
9v2j,Rest of US,1.0
c2d5,Rest of US,1.0
cbj7,Rest of US,1.0
bkn7,Rest of US,1.0
dneu,Rest of US,1.0
9w9z,Rest of US,1.0
bkh0,Rest of US,1.0
9tt0,Rest of US,1.0
dq93,Rest of US,1.0
9zkt,Rest of US,1.0
b7uf,Rest of US,0.28332107685072655
bse9,Rest of US,0.7789850397410465
9xzp,Rest of US,1.0
9ytw,Rest of US,1.0
dp7n,Rest of US,1.0
9tqx,Rest of US,1.0
dq87,Rest of US,1.0
dr0w,Rest of US,1.0
b32p,Rest of US,0.02076054574960398
b6tc,Rest of US,1.0
9x4n,Rest of US,1.0
b7st,Rest of US,1.0
b7w2,Rest of US,1.0
be14,Rest of US,1.0
dnu5,Rest of US,1.0
9yep,Rest of US,1.0
9rxs,Rest of US,1.0
9ym8,Rest of US,1.0
9r8c,Rest of US,1.0
c8qw,Rest of US,1.0
9vz4,Rest of US,1.0
9zvq,Rest of US,1.0
becw,Rest of US,1.0
cb15,Rest of US,1.0
b7vb,Rest of US,1.0
djt2,Rest of US,1.0
bg2s,Rest of US,1.0
9vdb,Rest of US,1.0
b7jz,Rest of US,1.0
9ryd,Rest of US,1.0
9vbu,Rest of US,1.0
9z90,Rest of US,1.0
9z6v,Rest of US,1.0
dp6x,Rest of US,0.9593143034970247
bu4w,Rest of US,1.0
9y60,Rest of US,1.0
bs76,Rest of US,1.0
dr4w,Rest of US,1.0
9zuh,Rest of US,1.0
9zew,Rest of US,1.0
cb4p,Rest of US,1.0
f000,Rest of US,1.0
cb98,Rest of US,1.0
9qtv,Rest of US,1.0
dj0w,Rest of US,0.44703376277168083
b7vp,Rest of US,1.0
9pzc,Rest of US,1.0
9qzb,Rest of US,1.0
dpkg,Rest of US,1.0
dpgn,Rest of US,0.87153848911323
djcr,Rest of US,1.0
9z1f,Rest of US,1.0
bef7,Rest of US,1.0
9zqj,Rest of US,1.0
dper,Rest of US,1.0
dnd5,Rest of US,1.0
dj7m,Rest of US,1.0
beg7,Rest of US,1.0
9rdg,Rest of US,1.0
9tqu,Rest of US,1.0
b6u6,Rest of US,1.0
9x8x,Rest of US,1.0
9y53,Rest of US,1.0
9qv7,Rest of US,1.0
9yh8,Rest of US,1.0
9vr6,Rest of US,1.0
dhy1,Rest of US,1.0
9wkf,Rest of US,1.0
b6gn,Rest of US,1.0
9tqw,Rest of US,1.0
9zrp,Rest of US,1.0
9zqf,Rest of US,1.0
be36,Rest of US,1.0
c8jy,Rest of US,1.0
dp7q,Rest of US,1.0
bu09,Rest of US,1.0
cb8b,Rest of US,1.0
bek4,Rest of US,1.0
dq00,Rest of US,0.46169075937479337
9zqt,Rest of US,1.0
bstb,Rest of US,0.9704018850601311
drsg,Rest of US,1.0
dpp1,Rest of US,1.0
9ufj,Rest of US,1.0
9qpw,Rest of US,1.0
9ret,Rest of US,1.0
9w4j,Rest of US,1.0
bdu4,Rest of US,0.502623651043968
9qtq,Rest of US,1.0
bey1,Rest of US,1.0
9w6w,Rest of US,1.0
b6p2,Rest of US,0.5227438189633221
c228,Rest of US,1.0
9xmq,Rest of US,1.0
f0hj,Rest of US,0.5219272840586935
dpnn,Rest of US,1.0
9vvr,Rest of US,1.0
c1bv,Rest of US,0.22499313843647115
dn5q,Rest of US,1.0
dnx1,Rest of US,1.0
bg3s,Rest of US,1.0
9txg,Rest of US,1.0
bgf6,Rest of US,1.0
9r13,Rest of California,0.9999657504433619
dngt,Rest of US,1.0
begr,Rest of US,1.0
bg3c,Rest of US,1.0
9z6y,Rest of US,1.0
9r8v,Rest of US,1.0
cb5w,Rest of US,1.0
f2jf,Rest of US,0.9705744243529799
9rpr,Rest of US,1.0
dpc8,Rest of US,0.4840990602429025
9v1r,Rest of US,1.0
dqdh,Rest of US,0.580554549916397
8e99,Rest of US,0.5649217893246286
c2xj,Rest of US,1.0
c0rw,Rest of US,0.7339791814190347
c2d0,Rest of US,1.0
bs8c,Rest of US,1.0
bsnf,Rest of US,1.0
de0y,Rest of US,0.8865547089590278
9vqc,Rest of US,0.9177701272491327
9q93,Rest of California,0.48217066834781885
9y44,Rest of US,1.0
9t8y,Rest of US,1.0
c81b,Rest of US,1.0
dnjp,Rest of US,1.0
9zhn,Rest of US,1.0
dnxp,Rest of US,1.0
bdwn,Rest of US,1.0
9w3n,Rest of US,1.0
c828,Rest of US,1.0
b7nd,Rest of US,1.0
9yjc,Rest of US,1.0
b7s3,Rest of US,1.0
beff,Rest of US,1.0
b742,Rest of US,1.0
dp0k,Rest of US,1.0
dhw8,Rest of US,1.0
c85k,Rest of US,1.0
9rjd,Rest of US,1.0
9qhh,Rest of California,1.0
9zk6,Rest of US,1.0
9vrd,Rest of US,1.0
dpe4,Rest of US,1.0
dnjy,Rest of US,1.0
9ypw,Rest of US,1.0
b3vy,Rest of US,0.5888264586748548
c8qj,Rest of US,1.0
bg55,Rest of US,1.0
bknr,Rest of US,1.0
djce,Rest of US,1.0
9x4e,Rest of US,1.0
b7tr,Rest of US,1.0
c20r,Rest of US,1.0
9xd3,Rest of US,1.0
bs44,Rest of US,1.0
dnms,Rest of US,1.0
be1d,Rest of US,1.0
c268,Rest of US,1.0
djb5,Rest of US,1.0
9tt5,Rest of US,1.0
9q77,Rest of California,1.0
bd7t,Rest of US,0.30622606183772455
9zzu,Rest of US,1.0
dnbe,Rest of US,1.0
c2xk,Rest of US,1.0
bg9e,Rest of US,1.0
dpc9,Rest of US,0.4719908619746742
djgj,Rest of US,1.0
de1p,Rest of US,0.971297835664255
b7x3,Rest of US,1.0
beqz,Rest of US,1.0
c27c,Rest of US,1.0
drvb,Rest of US,1.0
bekr,Rest of US,1.0
bskw,Rest of US,1.0
dr2d,Rest of US,1.0
bkhv,Rest of US,1.0
9r8q,Rest of US,1.0
9zqs,Rest of US,1.0
9y5w,Rest of US,1.0
c1f7,Rest of US,0.943839327243373
f2rg,Rest of US,0.1485370386803253
bsmz,Rest of US,1.0
9vmq,Rest of US,1.0
drg4,Rest of US,1.0
bdsx,Rest of US,1.0
9qsu,Rest of US,1.0
9wtp,Rest of US,1.0
bkp9,Rest of US,1.0
c291,Rest of US,0.8703713987419937
9x30,Rest of US,1.0
9txx,Rest of US,1.0
9yh6,Rest of US,1.0
9wmg,Rest of US,1.0
bs2c,Rest of US,1.0
c2kp,Rest of US,1.0
9zww,Rest of US,1.0
bg12,Rest of US,1.0
9zug,Rest of US,1.0
b7xr,Rest of US,1.0
9wp9,Rest of US,1.0
9rt8,Rest of US,1.0
9zzr,Rest of US,1.0
c8xc,Rest of US,1.0
9rr4,Rest of US,1.0
9yuf,Rest of US,1.0
dqdq,Rest of US,0.050602955790427034
9x95,Rest of US,1.0
9yyj,Rest of US,1.0
9y0z,Rest of US,1.0
be0g,Rest of US,1.0
9rs9,Rest of US,1.0
bd27,Rest of US,1.0
9xjp,Rest of US,1.0
bg5w,Rest of US,0.9264759653986807
9v38,Rest of US,1.0
djg2,Rest of US,1.0
dj2e,Rest of US,0.13492910473016123
begz,Rest of US,1.0
b6y9,Rest of US,1.0
dp6w,Rest of US,1.0
9ztz,Rest of US,1.0
9x94,Rest of US,1.0
9w76,Rest of US,1.0
9x97,Rest of US,1.0
c0pf,Rest of US,0.6140306229856424
beyf,Rest of US,1.0
9mwz,Rest of US,0.40934687133831316
b7e6,Rest of US,1.0
9rkw,Rest of US,1.0
c41r,Rest of US,0.965305778461183
dp65,Rest of US,1.0
dn79,Rest of US,1.0
9yce,Rest of US,1.0
9rcd,Rest of US,1.0
dj7g,Rest of US,1.0
9vu8,Rest of US,1.0
dnxg,Rest of US,1.0
c2nt,Rest of US,1.0
9y9f,Rest of US,1.0
9qf7,Rest of California,0.9998931364529084
9ye1,Rest of US,1.0
9wrs,Rest of US,1.0
be00,Rest of US,1.0
beg6,Rest of US,1.0
dj3t,Rest of US,1.0
dq21,Rest of US,1.0
dps6,Rest of US,1.0
9rru,Rest of US,1.0
9vb7,Rest of US,1.0
c22b,Rest of US,1.0
9ys6,Rest of US,1.0
c8nj,Rest of US,1.0
9rfq,Rest of US,1.0
dp0t,Rest of US,1.0
drgv,Rest of US,1.0
dppt,Rest of US,1.0
bkkk,Rest of US,1.0
dr19,Rest of US,1.0
bd4x,Rest of US,0.6898598595544551
9vvp,Rest of US,1.0
dnnd,Rest of US,1.0
bknx,Rest of US,1.0
bkhd,Rest of US,1.0
9x34,Rest of US,1.0
9ynz,Rest of US,1.0
dpf2,Rest of US,0.08828567396625771
9whh,Rest of US,1.0
bgcd,Rest of US,1.0
9rj9,Rest of US,1.0
bkhg,Rest of US,1.0
9yp7,Rest of US,1.0
9z2f,Rest of US,1.0
bd9k,Rest of US,1.0
9rhp,Rest of US,1.0
9ypd,Rest of US,1.0
bgg5,Rest of US,1.0
9r3w,Rest of US,0.07772295761322859
9r3w,Rest of California,0.9222770423867713
be4h,Rest of US,1.0
9yxw,Rest of US,1.0
9z5v,Rest of US,1.0
9rmw,Rest of US,1.0
9r4t,Rest of US,0.3219513322640474
9r4t,Rest of California,0.6780486677359526
dr7j,Rest of US,1.0
9qqv,Rest of US,1.0
bsmf,Rest of US,1.0
9yet,Rest of US,1.0
c8jj,Rest of US,1.0
c2pr,Rest of US,1.0
9w4r,Rest of US,1.0
c2pp,Rest of US,1.0
cb73,Rest of US,1.0
b7yj,Rest of US,1.0
dng3,Rest of US,1.0
dr44,Rest of US,1.0
bsq5,Rest of US,1.0
9v3p,Rest of US,1.0
9prv,Rest of California,1.0
9yq8,Rest of US,1.0
cbkr,Rest of US,1.0
dnz5,Rest of US,1.0
b6gz,Rest of US,1.0
9wqd,Rest of US,1.0
bkmk,Rest of US,1.0
dp7e,Rest of US,1.0
9v2u,Rest of US,1.0
drt7,Rest of US,1.0
dr3c,Rest of US,1.0
9rt7,Rest of US,1.0
9vb2,Rest of US,1.0
c87e,Rest of US,1.0
9wne,Rest of US,1.0
dnxc,Rest of US,1.0
9y7f,Rest of US,1.0
dr3z,Rest of US,1.0
c8nw,Rest of US,1.0
x4xt,Rest of US,0.15666653171125436
9xz2,Rest of US,1.0
9zt0,Rest of US,1.0
bgbd,Rest of US,1.0
f04m,Rest of US,0.983918782404785
c2hz,Rest of US,1.0
bg58,Rest of US,0.9265941935377972
9xkc,Rest of US,1.0
9vq4,Rest of US,1.0
9ydx,Rest of US,1.0
dp7m,Rest of US,1.0
9q5q,Rest of California,0.9999918739892014
djdm,Rest of US,1.0
djsg,Rest of US,1.0
9yrf,Rest of US,1.0
9xtc,Rest of US,1.0
c8hq,Rest of US,1.0
9ryz,Rest of US,1.0
dn4m,Rest of US,1.0
c875,Rest of US,1.0
c85h,Rest of US,1.0
9xre,Rest of US,1.0
bgbs,Rest of US,1.0
dn62,Rest of US,1.0
cbd9,Rest of US,1.0
c2ss,Rest of US,1.0
9rrp,Rest of US,1.0
9quz,Rest of US,1.0
b3u6,Rest of US,0.6069430337945236
9zky,Rest of US,1.0
9zgg,Rest of US,1.0
9r3x,Rest of US,1.0
djq1,Rest of US,0.877134811149943
dj7e,Rest of US,1.0
bk5j,Rest of US,1.0
9r1b,Rest of California,0.9999499767904706
dpm8,Rest of US,1.0
b7gd,Rest of US,0.2446946220687373
9yzx,Rest of US,1.0
dr40,Rest of US,0.9970270000256166
dn84,Rest of US,1.0
c2ky,Rest of US,1.0
bg1e,Rest of US,1.0
9zye,Rest of US,1.0
djum,Rest of US,1.0
dpp0,Rest of US,1.0
drs7,Rest of US,1.0
9xr0,Rest of US,1.0
be83,Rest of US,1.0
b7uy,Rest of US,1.0
bepb,Rest of US,1.0
9xgh,Rest of US,1.0
dpq7,Rest of US,1.0
9zrz,Rest of US,1.0
dp0j,Rest of US,1.0
9qtf,Rest of US,1.0
b7jt,Rest of US,1.0
cb7f,Rest of US,1.0
cb6w,Rest of US,1.0
bg32,Rest of US,1.0
9wnt,Rest of US,1.0
9r30,Rest of California,1.0
c2se,Rest of US,1.0
bg5e,Rest of US,0.9265350794682389
bkpq,Rest of US,1.0
9v1c,Rest of US,1.0
c27e,Rest of US,1.0
beub,Rest of US,1.0
9zst,Rest of US,1.0
bfck,Rest of US,1.0
be7g,Rest of US,1.0
9zeg,Rest of US,1.0
9tqs,Rest of US,1.0
dnb1,Rest of US,1.0
dp52,Rest of US,1.0
b6pz,Rest of US,0.5279573797273815
9r6k,Rest of California,1.0
bsq1,Rest of US,1.0
9mxt,Rest of US,0.27775988263424506
cb0x,Rest of US,1.0
cbm0,Rest of US,1.0
9rx2,Rest of US,1.0
9zvx,Rest of US,1.0
c2h4,Rest of US,1.0
berq,Rest of US,1.0
bgg6,Rest of US,1.0
c24z,Rest of US,1.0
9tsy,Rest of US,1.0
9r24,Rest of California,0.9999638182590606
f2rs,Rest of US,0.6442287528285033
dphk,Rest of US,1.0
9w14,Rest of US,1.0
9x1f,Rest of US,1.0
b6dy,Rest of US,0.14438987698843686
9wcw,Rest of US,1.0
f2qe,Rest of US,0.9940658063766147
9qtc,Rest of US,1.0
b75j,Rest of US,1.0
dpcu,Rest of US,0.055491033277831836
9ye8,Rest of US,1.0
bedr,Rest of US,1.0
9wep,Rest of US,1.0
9vy1,Rest of US,1.0
9xb3,Rest of US,1.0
c2ry,Rest of US,1.0
b178,Rest of US,0.2992442654764262
dn69,Rest of US,1.0
9xh3,Rest of US,1.0
9xpd,Rest of US,1.0
c2q6,Rest of US,1.0
bd6w,Rest of US,1.0
bec4,Rest of US,1.0
9qjd,Rest of California,1.0
9tds,Rest of US,1.0
bfgt,Rest of US,0.9282663096853057
9tqy,Rest of US,1.0
bfgh,Rest of US,1.0
c19x,Rest of US,0.5365071342031849
bfmy,Rest of US,0.25769711461845296
dq0z,Rest of US,1.0
9qye,Rest of US,1.0
dpdb,Rest of US,1.0
9w21,Rest of US,1.0
drut,Rest of US,1.0
dn4r,Rest of US,1.0
dr8t,Rest of US,1.0
djke,Rest of US,1.0
9yrz,Rest of US,1.0
9vmc,Rest of US,0.8824226771341379
bg2q,Rest of US,1.0
9x1h,Rest of US,1.0
bkrr,Rest of US,1.0
9y93,Rest of US,1.0
bs5e,Rest of US,1.0
bdcd,Rest of US,1.0
drg0,Rest of US,1.0
b6dn,Rest of US,0.6951315057107679
bey0,Rest of US,1.0
b7z1,Rest of US,1.0
b7sg,Rest of US,1.0
9ysc,Rest of US,1.0
9yrr,Rest of US,1.0
bsjt,Rest of US,1.0
9ru3,Rest of US,1.0
b17b,Rest of US,0.6432159161233715
c24d,Rest of US,1.0
cbju,Rest of US,1.0
9zb8,Rest of US,1.0
9w04,Rest of US,1.0
9xdn,Rest of US,1.0
c2jm,Rest of US,1.0
dntm,Rest of US,1.0
c423,Rest of US,1.0
dje7,Rest of US,1.0
c83q,Rest of US,1.0
c2ny,Rest of US,1.0
bes5,Rest of US,1.0
9y9m,Rest of US,1.0
c2qs,Rest of US,1.0
dj72,Rest of US,0.20304932078988955
bepd,Rest of US,1.0
9w1q,Rest of US,1.0
9mvn,Rest of California,1.0
dp9e,Rest of US,0.2540158235832893
9xgg,Rest of US,1.0
9yjm,Rest of US,1.0
cbsq,Rest of US,0.9147043668097051
c81c,Rest of US,1.0
dn3k,Rest of US,1.0
dp9x,Rest of US,0.25560901433579
9qfy,Rest of US,1.0
bd0n,Rest of US,1.0
9z4z,Rest of US,1.0
dr35,Rest of US,1.0
dnr3,Rest of US,1.0
b7my,Rest of US,1.0
bep4,Rest of US,1.0
bu35,Rest of US,1.0
b7rv,Rest of US,1.0
dp5r,Rest of US,1.0
bsrs,Rest of US,1.0
9rz3,Rest of US,1.0
9y75,Rest of US,1.0
9v7h,Rest of US,1.0
9xsj,Rest of US,1.0
9xyt,Rest of US,1.0
dj7h,Rest of US,1.0
9r2c,Rest of California,1.0
dj3v,Rest of US,1.0
9yvy,Rest of US,1.0
bej3,Rest of US,1.0
dprm,Rest of US,1.0
bu4c,Rest of US,1.0
9v25,Rest of US,1.0
bd3v,Rest of US,1.0
9ymx,Rest of US,1.0
be6t,Rest of US,1.0
c8p3,Rest of US,1.0
dpdv,Rest of US,1.0
9ys5,Rest of US,1.0
zc7k,Rest of US,0.08619436844256312
9rwc,Rest of US,1.0
c44h,Rest of US,0.2039463920054436
9wd0,Rest of US,1.0
dn9w,Rest of US,1.0
b7w3,Rest of US,1.0
9w75,Rest of US,1.0
9vy2,Rest of US,1.0
dp16,Rest of US,1.0
9xuk,Rest of US,1.0
9wbc,Rest of US,1.0
b79w,Rest of US,1.0
bshp,Rest of US,1.0
be17,Rest of US,1.0
bspt,Rest of US,1.0
bfdq,Rest of US,1.0
9rk3,Rest of US,1.0
dn53,Rest of US,1.0
dnue,Rest of US,1.0
bfcr,Rest of US,1.0
9xee,Rest of US,1.0
9r7f,Rest of US,1.0
b7ys,Rest of US,1.0
dr8g,Rest of US,1.0
c24v,Rest of US,1.0
dnhw,Rest of US,1.0
cbt0,Rest of US,1.0
9ttd,Rest of US,1.0
c29w,Rest of US,0.7512202512158991
9tmb,Rest of US,0.9789121536306438
dq96,Rest of US,0.9789905631964169
bfeq,Rest of US,0.9063942260570167
9zwz,Rest of US,1.0
9x0f,Rest of US,1.0
9qmh,Rest of California,1.0
9yx7,Rest of US,1.0
c8p2,Rest of US,1.0
drvd,Rest of US,1.0
dp66,Rest of US,1.0
bdz7,Rest of US,0.7764656841010706
b7j7,Rest of US,1.0
dn40,Rest of US,1.0
be3y,Rest of US,1.0
bg80,Rest of US,1.0
dryk,Rest of US,1.0
bd75,Rest of US,0.28493603746584895
9wsm,Rest of US,1.0
bezv,Rest of US,1.0
c85x,Rest of US,1.0
9y5k,Rest of US,1.0
9z8j,Rest of US,1.0
be06,Rest of US,1.0
b6zf,Rest of US,1.0
dp73,Rest of US,1.0
9vkg,Rest of US,1.0
dnbd,Rest of US,1.0
c8e8,Rest of US,1.0
cb9u,Rest of US,1.0
drys,Rest of US,1.0
c430,Rest of US,0.7423661082280812
9tzw,Rest of US,1.0
9wrv,Rest of US,1.0
bs05,Rest of US,1.0
cb1f,Rest of US,1.0
beru,Rest of US,1.0
9vwr,Rest of US,1.0
9x8h,Rest of US,1.0
b7v5,Rest of US,0.997624231794585
bkmw,Rest of US,1.0
b6y3,Rest of US,1.0
c2x3,Rest of US,1.0
c2ej,Rest of US,1.0
bsjp,Rest of US,1.0
b7mb,Rest of US,1.0
f05r,Rest of US,1.0
c2k1,Rest of US,1.0
c81m,Rest of US,1.0
9v6h,Rest of US,1.0
9rbf,Rest of US,1.0
c865,Rest of US,1.0
9xcb,Rest of US,1.0
9x0m,Rest of US,1.0
c8q1,Rest of US,1.0
9wuu,Rest of US,1.0
be0n,Rest of US,1.0
9x8f,Rest of US,1.0
bk5h,Rest of US,1.0
be0x,Rest of US,1.0
bezn,Rest of US,1.0
9vgn,Rest of US,1.0
dn9u,Rest of US,1.0
9vru,Rest of US,1.0
drfg,Rest of US,1.0
b7g4,Rest of US,0.7646471352984977
9wjg,Rest of US,1.0
bkqw,Rest of US,1.0
c20m,Rest of US,1.0
bk1g,Rest of US,0.07537725991000813
cb41,Rest of US,1.0
c80v,Rest of US,1.0
f2qc,Rest of US,1.0
dqfz,Rest of US,0.8824896213309098
bfcg,Rest of US,1.0
9y71,Rest of US,1.0
9vd2,Rest of US,1.0
9v70,Rest of US,1.0
9xbx,Rest of US,1.0
bg3e,Rest of US,1.0
b6yj,Rest of US,1.0
cbtg,Rest of US,1.0
9r0e,Rest of California,0.9999901087948544
9xu7,Rest of US,1.0
9rm7,Rest of US,1.0
dnfw,Rest of US,1.0
9rxe,Rest of US,1.0
9y61,Rest of US,1.0
cb63,Rest of US,1.0
c41e,Rest of US,0.7232006136551109
9v8k,Rest of US,1.0
9rv3,Rest of US,1.0
9vcp,Rest of US,1.0
c81u,Rest of US,1.0
9tge,Rest of US,1.0
9v4h,Rest of US,1.0
dhyq,Rest of US,1.0
bdwt,Rest of US,0.7460663870615074
bs1s,Rest of US,1.0
djb1,Rest of US,1.0
dp2n,Rest of US,1.0
bg0g,Rest of US,1.0
9y2y,Rest of US,1.0
bemd,Rest of US,1.0
9tvp,Rest of US,1.0
beng,Rest of US,1.0
cb9c,Rest of US,1.0
9rkx,Rest of US,1.0
9yny,Rest of US,1.0
9xt2,Rest of US,1.0
betd,Rest of US,1.0
b7ts,Rest of US,1.0
c8t9,Rest of US,1.0
b6gh,Rest of US,1.0
dn3r,Rest of US,1.0
dj2t,Rest of US,1.0
9qtd,Rest of US,1.0
9vu3,Rest of US,1.0
cbjx,Rest of US,1.0
bgce,Rest of US,1.0
9z8k,Rest of US,1.0
drvx,Rest of US,1.0
b6gb,Rest of US,1.0
9ymg,Rest of US,1.0
bd7s,Rest of US,0.40927238663813625
dpm5,Rest of US,0.9709081305872715
bs7t,Rest of US,1.0
dpnb,Rest of US,1.0
bepr,Rest of US,1.0
9v7d,Rest of US,1.0
bdzn,Rest of US,1.0
bg34,Rest of US,1.0
9y33,Rest of US,1.0
9x6f,Rest of US,1.0
dnye,Rest of US,1.0
cbjt,Rest of US,1.0
dhwy,Rest of US,1.0
c8q0,Rest of US,1.0
9w6q,Rest of US,1.0
b6t1,Rest of US,1.0
b69t,Rest of US,1.0
bff2,Rest of US,1.0
9wr2,Rest of US,1.0
zc76,Rest of US,0.3633813745919836
9qtw,Rest of US,1.0
b7we,Rest of US,1.0
dppk,Rest of US,1.0
9vtb,Rest of US,1.0
djc1,Rest of US,1.0
9xdk,Rest of US,1.0
dpt7,Rest of US,0.4058310634121832
dr91,Rest of US,1.0
c8eg,Rest of US,1.0
9yh3,Rest of US,1.0
f033,Rest of US,1.0
b11w,Rest of US,0.35431286457499134
b393,Rest of US,0.8247376758967233
9w7n,Rest of US,1.0
djcc,Rest of US,1.0
9vg4,Rest of US,1.0
cbmf,Rest of US,1.0
c24b,Rest of US,1.0
9ywz,Rest of US,1.0
djmh,Rest of US,1.0
9yym,Rest of US,1.0
9x6w,Rest of US,1.0
djze,Rest of US,0.06493546454988021
c290,Rest of US,0.9056715291570167
bsr6,Rest of US,1.0
bu1j,Rest of US,1.0
9xd9,Rest of US,1.0
bd38,Rest of US,0.14448715949361143
b6t9,Rest of US,1.0
b6zq,Rest of US,1.0
9zfr,Rest of US,1.0
bdtv,Rest of US,0.6216400723188447
dpuc,Rest of US,0.987948106475621
9t9g,Rest of US,1.0
9y6m,Rest of US,1.0
9rbg,Rest of US,1.0
9ze6,Rest of US,1.0
b7zs,Rest of US,1.0
9r3t,Rest of California,1.0
dj92,Rest of US,1.0
9ys1,Rest of US,1.0
c8xv,Rest of US,1.0
9wfk,Rest of US,1.0
9qcr,Rest of California,0.9999015080311283
bg8t,Rest of US,1.0
drec,Rest of US,1.0
9wtk,Rest of US,1.0
c2dw,Rest of US,0.7530918089945912
9xs1,Rest of US,1.0
dnhm,Rest of US,1.0
dr85,Rest of US,1.0
9yxx,Rest of US,1.0
dj2c,Rest of US,0.03907962738822668
bu36,Rest of US,1.0
cbpg,Rest of US,1.0
c28y,Rest of US,0.7685303006930957
dn33,Rest of US,1.0
9z5k,Rest of US,1.0
9whw,Rest of US,1.0
9wrk,Rest of US,1.0
c8qc,Rest of US,1.0
bu2j,Rest of US,1.0
9zv4,Rest of US,1.0
dp2q,Rest of US,1.0
9qum,Rest of US,1.0
9x8q,Rest of US,1.0
bsmr,Rest of US,1.0
9rf8,Rest of US,1.0
f044,Rest of US,0.09749375970310187
b6gs,Rest of US,1.0
bemh,Rest of US,1.0
dnh8,Rest of US,1.0
9v47,Rest of US,1.0
9rbk,Rest of US,1.0
9zxg,Rest of US,1.0
c1fw,Rest of US,0.9380810753560418
9rsm,Rest of US,1.0
bd05,Rest of US,0.8003558572630398
9zkx,Rest of US,1.0
b7up,Rest of US,1.0
b6zb,Rest of US,1.0
bdd0,Rest of US,1.0
bu4z,Rest of US,1.0
9wm0,Rest of US,1.0
dptr,Rest of US,0.13901850298481408
9wc5,Rest of US,1.0
djy9,Rest of US,1.0
9wgp,Rest of US,1.0
9zxh,Rest of US,1.0
bk4x,Rest of US,0.8339473636363792
b7s1,Rest of US,1.0
9v8q,Rest of US,1.0
9wwn,Rest of US,1.0
besr,Rest of US,1.0
c2eq,Rest of US,0.7556218731296718
dr4g,Rest of US,1.0
c8w4,Rest of US,1.0
9w52,Rest of US,1.0
dq04,Rest of US,1.0
bu2b,Rest of US,1.0
9yxy,Rest of US,1.0
dpnx,Rest of US,1.0
cb56,Rest of US,1.0
9vzg,Rest of US,1.0
9qtn,Rest of US,1.0
9v9h,Rest of US,1.0
dngk,Rest of US,1.0
9zgk,Rest of US,1.0
bdum,Rest of US,1.0
9rjb,Rest of US,1.0
bdyh,Rest of US,1.0
bu6b,Rest of US,1.0
b7hz,Rest of US,1.0
b6my,Rest of US,0.01859357744846463
beux,Rest of US,1.0
9wmh,Rest of US,1.0
b7ty,Rest of US,1.0
f04k,Rest of US,0.4421387818197007
9wr1,Rest of US,1.0
dnzw,Rest of US,1.0
f2q2,Rest of US,1.0
cbn3,Rest of US,1.0
c8mx,Rest of US,1.0
b74f,Rest of US,1.0
9xen,Rest of US,1.0
9wbw,Rest of US,1.0
c21w,Rest of US,1.0
9qjc,Rest of California,1.0
cb0s,Rest of US,1.0
drf5,Rest of US,1.0
9ygr,Rest of US,1.0
cb19,Rest of US,1.0
bdf4,Rest of US,1.0
dnyf,Rest of US,1.0
9tv1,Rest of US,1.0
dq1m,Rest of US,0.6585175106948161
dnsq,Rest of US,1.0
bk1k,Rest of US,0.07622599332930756
c449,Rest of US,0.39887560424330437
9rj5,Rest of US,1.0
c27y,Rest of US,1.0
9ytr,Rest of US,1.0
bk52,Rest of US,0.7396711870016134
9we4,Rest of US,1.0
b69s,Rest of US,0.5570102813945975
9qcn,Rest of California,1.0
9qyr,Rest of US,1.0
9ysq,Rest of US,1.0
drty,Rest of US,0.4539120187919113
dqfk,Rest of US,0.9999937831176178
9qtm,Rest of US,1.0
9vpq,Rest of US,0.9990496515375545
9w9d,Rest of US,1.0
c28e,Rest of US,0.2967649637509925
9r0j,Rest of California,1.0
bkrd,Rest of US,1.0
9qbv,Rest of California,0.9967677457228779
dn7x,Rest of US,1.0
dpxc,Rest of US,1.0
dp0f,Rest of US,1.0
bu04,Rest of US,1.0
bd1b,Rest of US,0.027240835305923243
dru5,Rest of US,1.0
benn,Rest of US,1.0
dn9n,Rest of US,1.0
drk3,Rest of US,0.30008870912593083
9ysv,Rest of US,1.0
9qxk,Rest of US,1.0
bd0q,Rest of US,1.0
9rfd,Rest of US,1.0
bees,Rest of US,1.0
bffp,Rest of US,1.0
9r0u,Rest of California,1.0
dp04,Rest of US,1.0
zcpx,Rest of US,0.3137506192633328
9y9j,Rest of US,1.0
b75e,Rest of US,1.0
9r08,Rest of California,0.99973308678891
bekv,Rest of US,1.0
dpkc,Rest of US,1.0
bdde,Rest of US,1.0
9xdy,Rest of US,1.0
9qsd,Rest of US,0.39124709826281767
9qsd,Rest of California,0.6087529017371823
dpdf,Rest of US,1.0
bs2r,Rest of US,1.0
9yfv,Rest of US,1.0
b3en,Rest of US,0.8036290066604859
bg2j,Rest of US,1.0
dntq,Rest of US,1.0
bd0t,Rest of US,0.9727220315630807
9xbp,Rest of US,1.0
9wzg,Rest of US,1.0
dn70,Rest of US,1.0
beyy,Rest of US,1.0
dj9s,Rest of US,1.0
9vvb,Rest of US,1.0
bd9v,Rest of US,1.0
9r1v,Rest of California,1.0
be73,Rest of US,1.0
9rn8,Rest of US,1.0
9mgj,Rest of California,0.060286579993922486
dptk,Rest of US,0.5062789501981307
dn32,Rest of US,1.0
b6yr,Rest of US,1.0
9v83,Rest of US,1.0
9r5u,Rest of US,1.0
c21n,Rest of US,1.0
b6f8,Rest of US,0.7330587870408609
f2np,Rest of US,0.6670596838989188
c8q8,Rest of US,1.0
bk5x,Rest of US,1.0
9y00,Rest of US,1.0
dpj8,Rest of US,1.0
dp0w,Rest of US,1.0
9ypk,Rest of US,1.0
be76,Rest of US,1.0
be1h,Rest of US,1.0
c8mm,Rest of US,1.0
bgd9,Rest of US,1.0
bg1s,Rest of US,1.0
bd6j,Rest of US,1.0
9vtu,Rest of US,1.0
9wfy,Rest of US,1.0
bfmz,Rest of US,0.7866788992703668
b7sv,Rest of US,1.0
cb3d,Rest of US,1.0
9v68,Rest of US,1.0
c2pd,Rest of US,1.0
cbng,Rest of US,1.0
bewu,Rest of US,1.0
b7t3,Rest of US,0.9085783670893138
c242,Rest of US,1.0
9q6q,Rest of California,1.0
cbjq,Rest of US,1.0
9z00,Rest of US,1.0
9rmc,Rest of US,1.0
cb65,Rest of US,1.0
bg7t,Rest of US,0.9263380325697249
9weg,Rest of US,1.0
c8wu,Rest of US,1.0
dnfg,Rest of US,1.0
djv0,Rest of US,1.0
bftj,Rest of US,0.37944691696148136
9vkr,Rest of US,1.0
dj25,Rest of US,0.9612254655356292
b7dv,Rest of US,1.0
drtw,Rest of US,1.0
dred,Rest of US,1.0
9rvh,Rest of US,1.0
9zrk,Rest of US,1.0
c8q5,Rest of US,1.0
dnwn,Rest of US,1.0
9w2m,Rest of US,1.0
drsr,Rest of US,1.0
9zpq,Rest of US,1.0
9qsg,Rest of US,1.0
cb7r,Rest of US,1.0
9qmz,Rest of US,1.0
9try,Rest of US,1.0
9q7q,Rest of California,1.0
9zcx,Rest of US,1.0
9rtv,Rest of US,1.0
c8tn,Rest of US,0.7527720246337898
bedf,Rest of US,1.0
dn20,Rest of US,1.0
9v2b,Rest of US,1.0
9v3g,Rest of US,1.0
9wrd,Rest of US,1.0
9yxv,Rest of US,1.0
dr4s,Rest of US,1.0
9res,Rest of US,1.0
9vhj,Rest of US,1.0
9x64,Rest of US,1.0
dqb1,Rest of US,1.0
bfte,Rest of US,0.23738978110027856
b7y8,Rest of US,1.0
bs4v,Rest of US,1.0
9w62,Rest of US,1.0
c295,Rest of US,1.0
9vqq,Rest of US,1.0
bsnu,Rest of US,1.0
dnyr,Rest of US,1.0
dnuq,Rest of US,1.0
b7z6,Rest of US,1.0
zc6u,Rest of US,0.45062013961030895
dp60,Rest of US,1.0
9prg,Rest of California,0.9193333376818407
f006,Rest of US,1.0
9xgn,Rest of US,1.0
9mgd,Rest of California,0.010111407913066799
bdsh,Rest of US,0.8149376273666051
9xw8,Rest of US,1.0
dpe5,Rest of US,1.0
9qfj,Rest of California,0.9997220954722038
beme,Rest of US,1.0
djtk,Rest of US,1.0
9xhe,Rest of US,1.0
djsm,Rest of US,1.0
b7e4,Rest of US,1.0
c883,Rest of US,1.0
djyd,Rest of US,1.0
b6sm,Rest of US,0.6287663550228976
dq2q,Rest of US,1.0
9yrb,Rest of US,1.0
bggq,Rest of US,1.0
bu3e,Rest of US,1.0
b3v3,Rest of US,0.021770319886261696
bd9e,Rest of US,1.0
9r9z,Rest of US,1.0
9wc8,Rest of US,1.0
9tug,Rest of US,1.0
9r8k,Rest of US,1.0
c88j,Rest of US,1.0
djtp,Rest of US,1.0
9tdd,Rest of US,0.7528070619385401
drdc,Rest of US,1.0
9zfu,Rest of US,1.0
b7hu,Rest of US,1.0
9ymj,Rest of US,1.0
dj2f,Rest of US,0.046148099074440445
9xwt,Rest of US,1.0
c26p,Rest of US,1.0
djbr,Rest of US,1.0
dnuk,Rest of US,1.0
bd2f,Rest of US,1.0
drmt,Rest of US,0.9169464436296934
9zs9,Rest of US,1.0
cb7x,Rest of US,1.0
drs2,Rest of US,1.0
9zm8,Rest of US,1.0
djbj,Rest of US,1.0
dhyp,Rest of US,1.0
9q69,Rest of California,1.0
9vxg,Rest of US,1.0
9q76,Rest of California,1.0
9qcc,Rest of California,1.0
9yqq,Rest of US,1.0
drtd,Rest of US,0.8251957323791937
dn72,Rest of US,1.0
9xq2,Rest of US,1.0
be42,Rest of US,1.0
c8pg,Rest of US,1.0
dr29,Rest of US,1.0
bu7j,Rest of US,0.15008626960828034
9xb0,Rest of US,1.0
9znz,Rest of US,1.0
bewq,Rest of US,1.0
9xxw,Rest of US,1.0
9qkp,Rest of California,1.0
9tx9,Rest of US,1.0
b3gc,Rest of US,0.29261282335455485
9zz5,Rest of US,1.0
9rzn,Rest of US,1.0
c851,Rest of US,1.0
9vgm,Rest of US,1.0
9yks,Rest of US,1.0
dqc6,Rest of US,0.9594962620488507
b6zk,Rest of US,1.0
dnhk,Rest of US,1.0
djzh,Rest of US,1.0
c8k7,Rest of US,1.0
9r7q,Rest of US,1.0
be3w,Rest of US,1.0
9ufb,Rest of US,0.07963229685976614
9t8h,Rest of US,0.5019944206292818
9rh3,Rest of US,1.0
9qyu,Rest of US,1.0
9tqh,Rest of US,1.0
9rww,Rest of US,1.0
bk79,Rest of US,0.14161812043242653
9mzx,Rest of US,1.0
c82m,Rest of US,1.0
9y6r,Rest of US,1.0
9yf9,Rest of US,1.0
dp5x,Rest of US,1.0
bewk,Rest of US,1.0
bf9x,Rest of US,1.0
dng2,Rest of US,1.0
bs1t,Rest of US,1.0
beku,Rest of US,1.0
beez,Rest of US,1.0
dpm3,Rest of US,1.0
bsq0,Rest of US,1.0
bs4c,Rest of US,1.0
9r59,Rest of US,1.0
betm,Rest of US,1.0
bs9k,Rest of US,0.45616670521820124
9whq,Rest of US,1.0
cb9k,Rest of US,1.0
c8rn,Rest of US,1.0
dnw2,Rest of US,1.0
bedb,Rest of US,1.0
9zus,Rest of US,1.0
dn0g,Rest of US,1.0
9xqn,Rest of US,1.0
9r89,Rest of US,1.0
9qn2,Rest of California,1.0
c8hu,Rest of US,1.0
c2wc,Rest of US,1.0
bg94,Rest of US,1.0
dnf9,Rest of US,1.0
c2j3,Rest of US,1.0
c2w7,Rest of US,1.0
bd4e,Rest of US,0.605210919475627
9x13,Rest of US,1.0
c817,Rest of US,1.0
9z4g,Rest of US,1.0
c280,Rest of US,1.0
bgeq,Rest of US,1.0
9z24,Rest of US,1.0
dr71,Rest of US,1.0
c2he,Rest of US,1.0
bg3g,Rest of US,1.0
beeq,Rest of US,1.0
dnbt,Rest of US,1.0
c807,Rest of US,1.0
9myn,Rest of California,1.0
9vg1,Rest of US,1.0
dpmc,Rest of US,1.0
f0h6,Rest of US,0.5470062558405626
bd9z,Rest of US,1.0
djuu,Rest of US,1.0
bsrh,Rest of US,1.0
9q71,Rest of California,1.0
bsju,Rest of US,1.0
bdep,Rest of US,1.0
c89e,Rest of US,1.0
9xct,Rest of US,1.0
be40,Rest of US,1.0
9vqg,Rest of US,1.0
9udu,Rest of US,0.42016114089074647
9qrk,Rest of US,1.0
drmx,Rest of US,0.9572462913409683
9vwt,Rest of US,1.0
c8d0,Rest of US,1.0
9wuq,Rest of US,1.0
dr2m,Rest of US,1.0
bg4r,Rest of US,1.0
9vmr,Rest of US,1.0
bfqu,Rest of US,1.0
9qv4,Rest of US,1.0
8eb0,Rest of US,0.25021160183181756
bs35,Rest of US,1.0
cbwc,Rest of US,0.5935077112785642
9yfk,Rest of US,1.0
9w3e,Rest of US,1.0
9rf6,Rest of US,1.0
9w9q,Rest of US,1.0
b7n4,Rest of US,1.0
bd9w,Rest of US,1.0
bkw2,Rest of US,1.0
9tz2,Rest of US,1.0
9z3n,Rest of US,1.0
besz,Rest of US,1.0
9y9e,Rest of US,1.0
b75t,Rest of US,1.0
9rx0,Rest of US,1.0
cbh3,Rest of US,1.0
djsn,Rest of US,1.0
bdww,Rest of US,0.7454023799943209
bsmd,Rest of US,1.0
9rgb,Rest of US,1.0
9y6v,Rest of US,1.0
9y8m,Rest of US,1.0
cbkq,Rest of US,1.0
9qje,Rest of California,1.0
c2qq,Rest of US,1.0
9zt3,Rest of US,1.0
c863,Rest of US,1.0
dp38,Rest of US,1.0
b7tc,Rest of US,1.0
dn6y,Rest of US,1.0
9y0q,Rest of US,1.0
9mzf,Rest of US,1.0
bdvs,Rest of US,0.9887314133364365
9x96,Rest of US,1.0
b6x0,Rest of US,1.0
be2w,Rest of US,1.0
9qxt,Rest of US,1.0
bect,Rest of US,1.0
9t87,Rest of US,0.15600730979874716
9zq0,Rest of US,1.0
9ryf,Rest of US,1.0
beus,Rest of US,1.0
9z9g,Rest of US,1.0
9z9c,Rest of US,1.0
9zhc,Rest of US,1.0
9yqh,Rest of US,1.0
9zyq,Rest of US,1.0
djjc,Rest of US,1.0
bs25,Rest of US,1.0
9r9b,Rest of US,1.0
9xw2,Rest of US,1.0
dpbj,Rest of US,1.0
c1cv,Rest of US,0.19147095253613036
drm4,Rest of US,0.04898137997716655
9v44,Rest of US,1.0
9v4d,Rest of US,1.0
dnzx,Rest of US,1.0
c2p9,Rest of US,1.0
b6ng,Rest of US,0.12499589336288679
9zmn,Rest of US,1.0
9yzg,Rest of US,1.0
b7md,Rest of US,0.4740222676340048
bkj3,Rest of US,1.0
9zs4,Rest of US,1.0
9w3r,Rest of US,1.0
c891,Rest of US,1.0
djjg,Rest of US,1.0
bs1k,Rest of US,1.0
bs79,Rest of US,1.0
9xt9,Rest of US,1.0
bd0j,Rest of US,1.0
cbh6,Rest of US,1.0
9zr0,Rest of US,1.0
c8e6,Rest of US,1.0
djgm,Rest of US,1.0
dn8e,Rest of US,1.0
bfc3,Rest of US,1.0
dhyh,Rest of US,1.0
9zjb,Rest of US,1.0
9vxw,Rest of US,1.0
9yf7,Rest of US,1.0
beb7,Rest of US,1.0
c858,Rest of US,1.0
dpk4,Rest of US,1.0
bseb,Rest of US,0.963340953062201
9qwv,Rest of US,1.0
9mz3,Rest of US,1.0
bfer,Rest of US,1.0
9zqg,Rest of US,1.0
b7h7,Rest of US,1.0
cbtu,Rest of US,0.547355929327166
c274,Rest of US,1.0
9tdz,Rest of US,1.0
bdy1,Rest of US,1.0
djcq,Rest of US,1.0
b5qd,Rest of US,0.12422088609905399
behm,Rest of US,1.0
9w50,Rest of US,1.0
dnd9,Rest of US,1.0
9uf9,Rest of US,0.866155026507454
b6v1,Rest of US,1.0
9tw4,Rest of US,1.0
9v95,Rest of US,1.0
9w5z,Rest of US,1.0
9qk7,Rest of California,0.9999010929478873
c2x8,Rest of US,1.0
djy4,Rest of US,1.0
x4rj,Rest of US,0.14852242722144166
bd80,Rest of US,1.0
9ws3,Rest of US,1.0
bd3r,Rest of US,1.0
druj,Rest of US,1.0
9z4q,Rest of US,1.0
9v2p,Rest of US,1.0
9w67,Rest of US,1.0
bex8,Rest of US,1.0
9zgf,Rest of US,1.0
benb,Rest of US,1.0
dq9f,Rest of US,0.09338448882610657
9y6u,Rest of US,1.0
cbnh,Rest of US,1.0
c2ke,Rest of US,1.0
9x5r,Rest of US,1.0
bdd6,Rest of US,1.0
dq8e,Rest of US,1.0
9zdq,Rest of US,1.0
b7pc,Rest of US,1.0
bdcy,Rest of US,1.0
dqfe,Rest of US,0.4994882252844424
9xuq,Rest of US,1.0
djmx,Rest of US,1.0
b7pg,Rest of US,1.0
9tz9,Rest of US,1.0
c1gn,Rest of US,1.0
9tcm,Rest of US,1.0
c2x9,Rest of US,1.0
9rdz,Rest of US,1.0
dnzq,Rest of US,1.0
bejf,Rest of US,1.0
9xvr,Rest of US,1.0
c277,Rest of US,1.0
dpe0,Rest of US,1.0
9y28,Rest of US,1.0
f04v,Rest of US,0.5415739663693293
dr22,Rest of US,1.0
9r0b,Rest of California,1.0
9tzs,Rest of US,1.0
b79y,Rest of US,1.0
dpcw,Rest of US,0.45232235040325214
bfb0,Rest of US,0.4110352072392858
djjw,Rest of US,1.0
9rtj,Rest of US,1.0
9zkf,Rest of US,1.0
b77p,Rest of US,0.7775014497272673
9zk9,Rest of US,1.0
9w2j,Rest of US,1.0
dnum,Rest of US,1.0
c2df,Rest of US,1.0
c2re,Rest of US,1.0
bsje,Rest of US,1.0
bfc2,Rest of US,1.0
dn2z,Rest of US,1.0
bew8,Rest of US,1.0
dn41,Rest of US,1.0
dnqr,Rest of US,1.0
dnfe,Rest of US,1.0
befg,Rest of US,1.0
9xu3,Rest of US,1.0
cbx3,Rest of US,0.9163332543343187
cbdq,Rest of US,0.7571536954308411
9vb4,Rest of US,1.0
c233,Rest of US,1.0
bshb,Rest of US,1.0
djsc,Rest of US,1.0
c2we,Rest of US,1.0
b7xv,Rest of US,1.0
9xcx,Rest of US,1.0
9ufd,Rest of US,0.8618933639907546
dn1j,Rest of US,1.0
b6wu,Rest of US,1.0
9xsf,Rest of US,1.0
dj6m,Rest of US,1.0
dnd6,Rest of US,1.0
9tjz,Rest of US,0.3864994294507337
9xh6,Rest of US,1.0
9zd9,Rest of US,1.0
bdg3,Rest of US,1.0
dhwh,Rest of US,1.0
9zbn,Rest of US,1.0
besj,Rest of US,1.0
b7f0,Rest of US,1.0
cbd4,Rest of US,1.0
9tgq,Rest of US,1.0
bsq6,Rest of US,1.0
bfbw,Rest of US,1.0
9v1v,Rest of US,1.0
c2tn,Rest of US,0.7591247881521033
9rqv,Rest of US,1.0
dhyn,Rest of US,1.0
b6jb,Rest of US,0.03752029200149974
b6v5,Rest of US,1.0
9w1m,Rest of US,1.0
9q9c,Rest of California,1.0
b746,Rest of US,0.5017769541033006
djug,Rest of US,1.0
c2w6,Rest of US,1.0
c26w,Rest of US,1.0
dr9c,Rest of US,1.0
9rwe,Rest of US,1.0
dn85,Rest of US,1.0
bkr4,Rest of US,1.0
dr4v,Rest of US,1.0
be95,Rest of US,1.0
bkk3,Rest of US,1.0
c2xh,Rest of US,1.0
9xdz,Rest of US,1.0
bfrt,Rest of US,1.0
9rbq,Rest of US,1.0
bkrk,Rest of US,1.0
9y5d,Rest of US,1.0
berr,Rest of US,1.0
9xxq,Rest of US,1.0
bd8u,Rest of US,1.0
cb2v,Rest of US,1.0
9q3z,Rest of California,1.0
b5q1,Rest of US,0.9625525420745555
9wht,Rest of US,1.0
cb7g,Rest of US,1.0
9rq4,Rest of US,1.0
bfg5,Rest of US,1.0
drzw,Rest of US,1.0
9vux,Rest of US,1.0
dp3m,Rest of US,1.0
9tzh,Rest of US,1.0
9tg1,Rest of US,1.0
bskq,Rest of US,1.0
c83h,Rest of US,1.0
9tz7,Rest of US,1.0
f00g,Rest of US,1.0
9x68,Rest of US,1.0
dhwr,Rest of US,1.0
c8rm,Rest of US,1.0
dn94,Rest of US,1.0
bezg,Rest of US,1.0
be45,Rest of US,1.0
dnn6,Rest of US,1.0
9wxr,Rest of US,1.0
bfsx,Rest of US,0.11443757948523468
bs2b,Rest of US,1.0
9vtq,Rest of US,1.0
dr0v,Rest of US,1.0
dr66,Rest of US,1.0
9xhv,Rest of US,1.0
c0rz,Rest of US,1.0
b69r,Rest of US,0.05860010201538589
9zen,Rest of US,1.0
b75g,Rest of US,1.0
bu16,Rest of US,1.0
c81h,Rest of US,1.0
cb3x,Rest of US,1.0
bfqy,Rest of US,0.7476187275783601
9q4j,Rest of California,0.09287971722612888
dnvh,Rest of US,1.0
dpss,Rest of US,1.0
c8m8,Rest of US,1.0
dp79,Rest of US,1.0
b7vc,Rest of US,1.0
9quw,Rest of US,1.0
9v5d,Rest of US,0.723776202887031
b4ub,Rest of US,0.11828421902212521
c85p,Rest of US,1.0
9xb7,Rest of US,1.0
9znq,Rest of US,1.0
9rk0,Rest of US,1.0
bfqk,Rest of US,0.3882935785826719
djdz,Rest of US,1.0
9yew,Rest of US,1.0
dj9t,Rest of US,1.0
9z46,Rest of US,1.0
dpez,Rest of US,1.0
c1c6,Rest of US,0.8969274789927353
c8p0,Rest of US,1.0
c8xy,Rest of US,0.7489041254968065
cbmu,Rest of US,1.0
dr3y,Rest of US,1.0
b7x4,Rest of US,1.0
9w3p,Rest of US,1.0
dnqk,Rest of US,1.0
be4e,Rest of US,1.0
9x59,Rest of US,1.0
b6x1,Rest of US,1.0
bewh,Rest of US,1.0
9qvq,Rest of US,1.0
drfz,Rest of US,0.9923995470831415
dn0e,Rest of US,1.0
dnd7,Rest of US,1.0
b7em,Rest of US,1.0
dpke,Rest of US,1.0
9rg1,Rest of US,1.0
dngh,Rest of US,1.0
bu59,Rest of US,0.9259439387726565
bg04,Rest of US,1.0
cb09,Rest of US,1.0
9mue,Rest of California,0.5658816008501507
9vcc,Rest of US,1.0
9xnp,Rest of US,1.0
b7x7,Rest of US,1.0
f2ps,Rest of US,1.0
b6eh,Rest of US,0.015763625033664116
bk5w,Rest of US,1.0
bem7,Rest of US,1.0
b6vp,Rest of US,1.0
9ycx,Rest of US,1.0
dpuq,Rest of US,1.0
dq82,Rest of US,1.0
9tv5,Rest of US,1.0
bd29,Rest of US,1.0
bdsy,Rest of US,1.0
b7q0,Rest of US,1.0
dp5h,Rest of US,1.0
b17c,Rest of US,0.05526725274090331
bk4h,Rest of US,1.0
bgdh,Rest of US,1.0
dr0y,Rest of US,1.0
dju1,Rest of US,1.0
betq,Rest of US,1.0
b7z2,Rest of US,1.0
9y29,Rest of US,1.0
bs5m,Rest of US,1.0
dp1r,Rest of US,1.0
b7sy,Rest of US,1.0
c200,Rest of US,1.0
cbrx,Rest of US,0.6501806699049275
9wb3,Rest of US,1.0
bdce,Rest of US,1.0
djcp,Rest of US,1.0
b1rs,Rest of US,0.055043957458144374
9zp8,Rest of US,1.0
bd3y,Rest of US,1.0
9yye,Rest of US,1.0
be8p,Rest of US,1.0
9zrj,Rest of US,1.0
9zzn,Rest of US,1.0
bg61,Rest of US,1.0
c8kw,Rest of US,1.0
bg16,Rest of US,1.0
bes9,Rest of US,1.0
cb91,Rest of US,1.0
9xme,Rest of US,1.0
bekp,Rest of US,1.0
dq3w,Rest of US,1.0
9wmv,Rest of US,1.0
9x0r,Rest of US,1.0
dpq2,Rest of US,1.0
9zp6,Rest of US,1.0
9zr1,Rest of US,1.0
dps8,Rest of US,1.0
9zt8,Rest of US,1.0
b7pf,Rest of US,1.0
9yj8,Rest of US,1.0
c0x9,Rest of US,1.0
dnrd,Rest of US,1.0
9y68,Rest of US,1.0
9vz2,Rest of US,1.0
dryu,Rest of US,0.872746822911007
9y7e,Rest of US,1.0
dnw1,Rest of US,1.0
dnn9,Rest of US,1.0
9w7b,Rest of US,1.0
b7xz,Rest of US,1.0
bfsc,Rest of US,0.2324176711502649
bd20,Rest of US,1.0
bff0,Rest of US,1.0
c8t0,Rest of US,1.0
9wdg,Rest of US,1.0
b7s4,Rest of US,1.0
9wnq,Rest of US,1.0
drf9,Rest of US,1.0
9qh4,Rest of California,1.0
9r3y,Rest of US,0.09229590394068751
9r3y,Rest of California,0.9077040960593126
bge5,Rest of US,1.0
b7r5,Rest of US,1.0
dnh7,Rest of US,1.0
b6fu,Rest of US,1.0
dn1n,Rest of US,1.0
9zkd,Rest of US,1.0
bsw0,Rest of US,0.6341927583798967
8e3m,Rest of US,0.979111187053499
dpuy,Rest of US,0.08783484162648476
9vy9,Rest of US,1.0
be0q,Rest of US,1.0
c2md,Rest of US,1.0
bsjw,Rest of US,1.0
c2r5,Rest of US,1.0
bu2v,Rest of US,0.999719380027705
cbjg,Rest of US,1.0
djes,Rest of US,1.0
dnfq,Rest of US,1.0
dr6b,Rest of US,1.0
9mus,Rest of California,0.779130592540398
bevs,Rest of US,1.0
9tbm,Rest of US,1.0
dxbn,Rest of US,0.9216111230067175
c2np,Rest of US,1.0
f00c,Rest of US,1.0
bdy4,Rest of US,0.9723818456832332
9qjq,Rest of California,1.0
9r44,Rest of California,0.9999238850226779
9qnq,Rest of US,0.04605742688234026
9qnq,Rest of California,0.9539425731176598
9xf5,Rest of US,1.0
bspz,Rest of US,1.0
f0h5,Rest of US,0.42265115045444657
dpg7,Rest of US,1.0
9zmd,Rest of US,1.0
9wwh,Rest of US,1.0
9rwu,Rest of US,1.0
drsz,Rest of US,1.0
9z59,Rest of US,1.0
bk7u,Rest of US,0.013520704778003644
9qcw,Rest of California,0.9999611606723647
dr2y,Rest of US,1.0
c2eh,Rest of US,1.0
bkpm,Rest of US,1.0
bd5m,Rest of US,0.10196592846384478
9yk5,Rest of US,1.0
dq0r,Rest of US,1.0
9rfr,Rest of US,1.0
bk5p,Rest of US,1.0
cb3z,Rest of US,1.0
c8kq,Rest of US,1.0
9rbh,Rest of US,1.0
9ru5,Rest of US,1.0
c8n8,Rest of US,1.0
9wzs,Rest of US,1.0
bg1k,Rest of US,1.0
bek2,Rest of US,1.0
djek,Rest of US,1.0
9znr,Rest of US,1.0
drvp,Rest of US,1.0
9rsz,Rest of US,1.0
cb8w,Rest of US,0.751378996477029
9trv,Rest of US,1.0
bdch,Rest of US,1.0
9v0y,Rest of US,1.0
b5r1,Rest of US,0.28435025393134766
bg0t,Rest of US,1.0
dnry,Rest of US,1.0
9xy9,Rest of US,1.0
9yww,Rest of US,1.0
drdq,Rest of US,1.0
9rp8,Rest of US,1.0
bd2m,Rest of US,0.9773151327096117
bgg7,Rest of US,1.0
b6vy,Rest of US,1.0
x5ps,Rest of US,0.017779779643672736
9yrc,Rest of US,1.0
djky,Rest of US,1.0
djyv,Rest of US,1.0
9w0u,Rest of US,1.0
bftf,Rest of US,0.222459259209867
f2rc,Rest of US,0.17828590559347263
9wn4,Rest of US,1.0
9tyg,Rest of US,1.0
bu6g,Rest of US,1.0
b7vz,Rest of US,1.0
b7yf,Rest of US,1.0
dnku,Rest of US,1.0
dppy,Rest of US,1.0
b7m0,Rest of US,0.988156193883206
9v0k,Rest of US,0.21123209122275322
9vk1,Rest of US,1.0
b79f,Rest of US,1.0
cb3m,Rest of US,1.0
dnu2,Rest of US,1.0
dj0m,Rest of US,0.13950640043449192
9qf0,Rest of California,1.0
9zcr,Rest of US,1.0
9qs7,Rest of US,0.12021592514129116
9qs7,Rest of California,0.8797840748587089
b6wy,Rest of US,1.0
bd9m,Rest of US,1.0
bfge,Rest of US,0.9384910331595381
dn0y,Rest of US,1.0
dnr4,Rest of US,1.0
dqcw,Rest of US,0.5420521287054834
9x7h,Rest of US,1.0
c2hg,Rest of US,1.0
b6qy,Rest of US,1.0
9z6d,Rest of US,1.0
be4t,Rest of US,1.0
9xw5,Rest of US,1.0
c2pq,Rest of US,1.0
c23m,Rest of US,1.0
drue,Rest of US,1.0
9v3f,Rest of US,1.0
bduc,Rest of US,1.0
bg1j,Rest of US,1.0
9x6s,Rest of US,1.0
bg4v,Rest of US,1.0
dpb1,Rest of US,1.0
c2h1,Rest of US,1.0
dnew,Rest of US,1.0
dn74,Rest of US,1.0
9vz6,Rest of US,1.0
9rrg,Rest of US,1.0
b6y4,Rest of US,1.0
9z5w,Rest of US,1.0
dree,Rest of US,1.0
bdz6,Rest of US,0.3183271397475361
9wzd,Rest of US,1.0
b7vj,Rest of US,0.9056976064346745
9yct,Rest of US,1.0
bg1m,Rest of US,1.0
9rge,Rest of US,1.0
b79k,Rest of US,1.0
9xq9,Rest of US,1.0
9rsd,Rest of US,1.0
b6g5,Rest of US,1.0
f036,Rest of US,0.8668024722257028
bsmn,Rest of US,1.0
dp19,Rest of US,1.0
dp5n,Rest of US,1.0
bdcv,Rest of US,1.0
9qzw,Rest of US,1.0
bkr7,Rest of US,1.0
9qzp,Rest of US,1.0
dnp5,Rest of US,1.0
cb57,Rest of US,1.0
be01,Rest of US,1.0
9wfg,Rest of US,1.0
f0hq,Rest of US,0.11117848830393678
dn0m,Rest of US,1.0
dn31,Rest of US,1.0
9qc0,Rest of US,0.1623020784791959
dp8v,Rest of US,1.0
c2ne,Rest of US,1.0
9xrs,Rest of US,1.0
9z1c,Rest of US,1.0
b7jf,Rest of US,1.0
9tb7,Rest of US,1.0
f2px,Rest of US,1.0
dj82,Rest of US,1.0
dngd,Rest of US,1.0
b39e,Rest of US,0.060177640345092626
9w12,Rest of US,1.0
9zpc,Rest of US,1.0
9zhu,Rest of US,1.0
9yf0,Rest of US,1.0
c8kc,Rest of US,1.0
c2eb,Rest of US,1.0
dpgw,Rest of US,1.0
drew,Rest of US,1.0
bs50,Rest of US,1.0
9qfu,Rest of US,0.34585167926557747
9qfu,Rest of California,0.6541483207344225
9wsq,Rest of US,1.0
9vvd,Rest of US,1.0
9wkx,Rest of US,1.0
bsp9,Rest of US,1.0
b6ym,Rest of US,1.0
dn00,Rest of US,1.0
9z2u,Rest of US,1.0
9w3b,Rest of US,1.0
c84r,Rest of US,1.0
f2pz,Rest of US,0.19505959743363196
9tq8,Rest of US,1.0
cb6t,Rest of US,1.0
9w23,Rest of US,1.0
djkn,Rest of US,1.0
b7hj,Rest of US,1.0
bebx,Rest of US,1.0
cbqx,Rest of US,1.0
dj85,Rest of US,1.0
9x1u,Rest of US,1.0
djmq,Rest of US,1.0
9qk3,Rest of California,1.0
c41p,Rest of US,0.8330107989835207
8e96,Rest of US,0.5436974224847282
9wky,Rest of US,1.0
bsjb,Rest of US,1.0
dpdt,Rest of US,0.45771978039105254
b6fb,Rest of US,1.0
djv8,Rest of US,1.0
9v8f,Rest of US,1.0
9z5u,Rest of US,1.0
9ryp,Rest of US,1.0
cbp4,Rest of US,1.0
dr3g,Rest of US,1.0
dr3k,Rest of US,1.0
bu0z,Rest of US,1.0
c2qp,Rest of US,1.0
9z0n,Rest of US,1.0
bu0n,Rest of US,1.0
dn6w,Rest of US,1.0
9zk3,Rest of US,1.0
bgbu,Rest of US,1.0
9xj8,Rest of US,1.0
9xek,Rest of US,1.0
9teh,Rest of US,0.3550116630618055
b7xn,Rest of US,1.0
b7uq,Rest of US,1.0
c2p1,Rest of US,1.0
9qwd,Rest of US,1.0
9xng,Rest of US,1.0
b7xb,Rest of US,1.0
bdue,Rest of US,0.14513798262166383
9zq3,Rest of US,1.0
bg42,Rest of US,1.0
c8md,Rest of US,1.0
c80e,Rest of US,1.0
b7uz,Rest of US,1.0
djy1,Rest of US,1.0
bu20,Rest of US,1.0
djkx,Rest of US,1.0
bexw,Rest of US,1.0
b3zj,Rest of US,0.1232310684714923
9x3z,Rest of US,1.0
9vg5,Rest of US,1.0
87zd,Rest of US,0.9025980495844629
9t8g,Rest of US,1.0
c8d4,Rest of US,1.0
9vz9,Rest of US,1.0
bevz,Rest of US,1.0
dn5k,Rest of US,1.0
9zh3,Rest of US,1.0
bfcq,Rest of US,1.0
9qc5,Rest of California,0.38866043117195
bsrd,Rest of US,1.0
be6u,Rest of US,1.0
bdf0,Rest of US,1.0
9qmr,Rest of US,1.0
dpge,Rest of US,1.0
djwx,Rest of US,0.611482100157334
9tcp,Rest of US,1.0
drgp,Rest of US,0.9652709925232861
9xp7,Rest of US,1.0
9x92,Rest of US,1.0
dpq6,Rest of US,1.0
9w5u,Rest of US,1.0
b6f9,Rest of US,0.39484428849350894
9qy6,Rest of US,1.0
dpuh,Rest of US,1.0
bk56,Rest of US,1.0
9yes,Rest of US,1.0
bevc,Rest of US,1.0
9w3x,Rest of US,1.0
9xb5,Rest of US,1.0
9udt,Rest of US,1.0
9rx6,Rest of US,1.0
9trz,Rest of US,1.0
9qsf,Rest of US,1.0
drfm,Rest of US,0.9998153588533628
dn1m,Rest of US,1.0
b7f2,Rest of US,1.0
9y6k,Rest of US,1.0
c841,Rest of US,1.0
bef8,Rest of US,1.0
9x76,Rest of US,1.0
9qfz,Rest of US,1.0
9x0p,Rest of US,1.0
9wsk,Rest of US,1.0
bg25,Rest of US,1.0
cbdy,Rest of US,0.7584212200282784
9twv,Rest of US,1.0
dreb,Rest of US,1.0
9x5b,Rest of US,1.0
9qmt,Rest of US,0.9625680915762318
9qmt,Rest of California,0.03743190842376813
9wb2,Rest of US,1.0
9xtb,Rest of US,1.0
bev1,Rest of US,1.0
9why,Rest of US,1.0
9zrt,Rest of US,1.0
dnk5,Rest of US,1.0
9zn9,Rest of US,1.0
9z71,Rest of US,1.0
befj,Rest of US,1.0
c400,Rest of US,0.6734961948692697
c1cb,Rest of US,0.8524840923044814
beh4,Rest of US,1.0
dpe7,Rest of US,1.0
9wb4,Rest of US,1.0
f05f,Rest of US,1.0
dpk6,Rest of US,1.0
9wh3,Rest of US,1.0
9x8m,Rest of US,1.0
9zf1,Rest of US,1.0
9tsv,Rest of US,1.0
c89j,Rest of US,1.0
b3vu,Rest of US,0.7801438541015726
9vt0,Rest of US,1.0
9tvj,Rest of US,1.0
9xb6,Rest of US,1.0
b7nc,Rest of US,1.0
dr7w,Rest of US,1.0
bk1v,Rest of US,0.9858298880339812
9twh,Rest of US,1.0
9yu6,Rest of US,1.0
9rfs,Rest of US,1.0
be0p,Rest of US,1.0
druf,Rest of US,1.0
9tzu,Rest of US,1.0
9xgk,Rest of US,1.0
9vuc,Rest of US,1.0
9whx,Rest of US,1.0
f2ph,Rest of US,1.0
bu4n,Rest of US,1.0
c2mt,Rest of US,1.0
bdf9,Rest of US,1.0
bere,Rest of US,1.0
9w1g,Rest of US,1.0
bu44,Rest of US,1.0
dnek,Rest of US,1.0
9rng,Rest of US,1.0
9zxm,Rest of US,1.0
cbj5,Rest of US,1.0
9wjc,Rest of US,1.0
9x7s,Rest of US,1.0
9xks,Rest of US,1.0
9ym6,Rest of US,1.0
9x0j,Rest of US,1.0
cbp1,Rest of US,1.0
cb5d,Rest of US,1.0
9tur,Rest of US,1.0
bdd1,Rest of US,1.0
9vdk,Rest of US,1.0
djqh,Rest of US,0.48699167526234904
c83n,Rest of US,1.0
9ym5,Rest of US,1.0
9y65,Rest of US,1.0
dpe2,Rest of US,1.0
bs26,Rest of US,1.0
9xdu,Rest of US,1.0
9w0x,Rest of US,1.0
c25p,Rest of US,1.0
9vnx,Rest of US,0.0938862357693882
9xc7,Rest of US,1.0
b6yn,Rest of US,1.0
bdu3,Rest of US,0.3935108286696625
9rmy,Rest of US,1.0
9ys4,Rest of US,1.0
9xxs,Rest of US,1.0
cbpw,Rest of US,1.0
x4zt,Rest of US,0.02961208148837676
9ppx,Rest of California,0.5058426071307361
9qqj,Rest of US,1.0
bd9c,Rest of US,1.0
9ttg,Rest of US,1.0
dn8p,Rest of US,1.0
9zv5,Rest of US,1.0
9qks,Rest of California,1.0
c8ec,Rest of US,1.0
drtr,Rest of US,1.0
c209,Rest of US,1.0
f2r6,Rest of US,1.0
9xy8,Rest of US,1.0
bu45,Rest of US,1.0
9xz5,Rest of US,1.0
9yhf,Rest of US,1.0
9v4n,Rest of US,1.0
bggn,Rest of US,1.0
cbhe,Rest of US,1.0
besm,Rest of US,1.0
c2r1,Rest of US,1.0
c20t,Rest of US,1.0
bf8z,Rest of US,0.6673148130615798
9rzw,Rest of US,1.0
9qwh,Rest of US,1.0
b7xw,Rest of US,1.0
c41y,Rest of US,0.3193179275607408
beyd,Rest of US,1.0
c2jq,Rest of US,1.0
bshd,Rest of US,1.0
9ye0,Rest of US,1.0
9w7d,Rest of US,1.0
9zrh,Rest of US,1.0
9xcd,Rest of US,1.0
bgbh,Rest of US,1.0
dhws,Rest of US,1.0
dph0,Rest of US,1.0
9xhy,Rest of US,1.0
9xn6,Rest of US,1.0
9x0h,Rest of US,1.0
9xnq,Rest of US,1.0
f03d,Rest of US,0.4423758084956958
c2p3,Rest of US,1.0
9xw1,Rest of US,1.0
c2q2,Rest of US,1.0
9ysw,Rest of US,1.0
bkh7,Rest of US,1.0
9muw,Rest of California,1.0
9vuf,Rest of US,1.0
bfrs,Rest of US,0.8178277358133607
c2hk,Rest of US,1.0
b7wp,Rest of US,1.0
9rb1,Rest of US,1.0
c41n,Rest of US,0.565931709788497
9ww4,Rest of US,1.0
bfc1,Rest of US,1.0
dn1k,Rest of US,1.0
c1fs,Rest of US,1.0
bdwk,Rest of US,0.02869967864202682
bkm0,Rest of US,1.0
9yst,Rest of US,1.0
9xv5,Rest of US,1.0
djvf,Rest of US,1.0
drdr,Rest of US,1.0
bd6c,Rest of US,0.3333798338432025
f052,Rest of US,0.8432459870993764
9uf1,Rest of US,1.0
c8x4,Rest of US,1.0
be53,Rest of US,1.0
bs0c,Rest of US,1.0
beq3,Rest of US,1.0
dj2x,Rest of US,1.0
9x81,Rest of US,1.0
9qs8,Rest of California,1.0
9y86,Rest of US,1.0
9vkq,Rest of US,1.0
9r1j,Rest of California,1.0
bu6e,Rest of US,1.0
dnwu,Rest of US,1.0
bs6z,Rest of US,1.0
9zts,Rest of US,1.0
dqcc,Rest of US,0.32945851858351544
cbq2,Rest of US,1.0
9w69,Rest of US,1.0
9zv3,Rest of US,1.0
beyc,Rest of US,1.0
9mzj,Rest of US,1.0
b4nv,Rest of US,0.2445683209586603
b6zg,Rest of US,1.0
bemp,Rest of US,1.0
dp37,Rest of US,1.0
9r8p,Rest of US,1.0
9qf6,Rest of California,1.0
9znw,Rest of US,1.0
dpjr,Rest of US,1.0
c2t5,Rest of US,1.0
b7jw,Rest of US,1.0
bsjf,Rest of US,1.0
bg6u,Rest of US,1.0
bem6,Rest of US,1.0
9r4m,Rest of California,1.0
9yr4,Rest of US,1.0
dngx,Rest of US,1.0
9qm5,Rest of California,0.9980869141811328
c2hu,Rest of US,1.0
9yt8,Rest of US,1.0
9zzx,Rest of US,1.0
9ypj,Rest of US,1.0
9x9w,Rest of US,1.0
c2ww,Rest of US,0.7599377057098107
9z07,Rest of US,1.0
9wsn,Rest of US,1.0
9xx9,Rest of US,1.0
behv,Rest of US,1.0
b6g0,Rest of US,1.0
dq94,Rest of US,1.0
9wbj,Rest of US,1.0
bd84,Rest of US,1.0
9w6j,Rest of US,1.0
dpcs,Rest of US,0.9970749640203974
bdtx,Rest of US,1.0
dry7,Rest of US,1.0
9ynx,Rest of US,1.0
b7s5,Rest of US,1.0
9zpe,Rest of US,1.0
9ww7,Rest of US,1.0
9zcw,Rest of US,1.0
bg9k,Rest of US,1.0
beuu,Rest of US,1.0
9v72,Rest of US,1.0
9xqx,Rest of US,1.0
9rpj,Rest of US,1.0
bkph,Rest of US,1.0
b6yd,Rest of US,1.0
cbev,Rest of US,1.0
dq9p,Rest of US,1.0
9zz6,Rest of US,1.0
9qy2,Rest of US,1.0
9xg2,Rest of US,1.0
b75d,Rest of US,1.0
9rqe,Rest of US,1.0
c21e,Rest of US,1.0
c2h7,Rest of US,1.0
9qkm,Rest of California,1.0
be7h,Rest of US,1.0
9rhs,Rest of US,1.0
9zhf,Rest of US,1.0
djv5,Rest of US,1.0
9ubz,Rest of US,0.46543036529687215
dnz2,Rest of US,1.0
9x19,Rest of US,1.0
9xp1,Rest of US,1.0
9xf2,Rest of US,1.0
9qkr,Rest of California,1.0
c410,Rest of US,0.49267706528867244
c8hs,Rest of US,1.0
b6pb,Rest of US,0.03920064648348575
dr39,Rest of US,1.0
djfb,Rest of US,1.0
9qp1,Rest of US,1.0
c82k,Rest of US,1.0
drzz,Rest of US,1.0
dprv,Rest of US,1.0
dntk,Rest of US,1.0
9rr6,Rest of US,1.0
9q6f,Rest of California,1.0
dhtw,Rest of US,0.2785151955882201
9rs3,Rest of US,1.0
9x47,Rest of US,1.0
dp4z,Rest of US,1.0
9rbn,Rest of US,1.0
c22x,Rest of US,0.7252285680405026
cbk3,Rest of US,1.0
9r4h,Rest of California,1.0
dhvb,Rest of US,1.0
9x1s,Rest of US,1.0
be8w,Rest of US,1.0
bu28,Rest of US,1.0
9yfm,Rest of US,1.0
9t8r,Rest of US,1.0
be8h,Rest of US,1.0
b7vu,Rest of US,1.0
9wf0,Rest of US,1.0
c2jv,Rest of US,1.0
bkn9,Rest of US,1.0
b3ug,Rest of US,0.9995578968226546
c8dq,Rest of US,0.752755494803549
b6rc,Rest of US,0.37722033081176093
djbb,Rest of US,1.0
bkmv,Rest of US,1.0
dn51,Rest of US,1.0
bs98,Rest of US,1.0
9wyc,Rest of US,1.0
bsp4,Rest of US,1.0
bg3p,Rest of US,1.0
b7sz,Rest of US,0.7580840857943357
dpen,Rest of US,1.0
9y76,Rest of US,1.0
9yyf,Rest of US,1.0
b7k8,Rest of US,0.972534548980522
b7wx,Rest of US,1.0
c416,Rest of US,1.0
b6g6,Rest of US,1.0
dn3b,Rest of US,1.0
djer,Rest of US,1.0
c29h,Rest of US,1.0
9q4p,Rest of California,0.14588421509590022
9r99,Rest of US,1.0
c86p,Rest of US,1.0
9rsw,Rest of US,1.0
cbkh,Rest of US,1.0
drsy,Rest of US,1.0
f018,Rest of US,0.8012723206640929
b7p8,Rest of US,1.0
cb33,Rest of US,1.0
dp0b,Rest of US,1.0
beyz,Rest of US,1.0
dnwe,Rest of US,1.0
9wrr,Rest of US,1.0
djye,Rest of US,1.0
cbmp,Rest of US,1.0
9tr1,Rest of US,0.569676623386842
dhvq,Rest of US,0.5857251660405842
bkqr,Rest of US,1.0
dntp,Rest of US,1.0
cbqh,Rest of US,1.0
f00b,Rest of US,1.0
9w2f,Rest of US,1.0
9q9w,Rest of California,0.7633603329122173
be33,Rest of US,1.0
9px8,Rest of US,0.861332994299224
c1fz,Rest of US,1.0
bs6y,Rest of US,1.0
bkmz,Rest of US,1.0
dnj5,Rest of US,1.0
bkpx,Rest of US,1.0
bg4b,Rest of US,1.0
9ufk,Rest of US,1.0
dr9e,Rest of US,1.0
b7js,Rest of US,1.0
9wvn,Rest of US,1.0
9zns,Rest of US,1.0
dq2s,Rest of US,1.0
9x23,Rest of US,1.0
bkxg,Rest of US,0.3513326611208611
9x12,Rest of US,1.0
be0j,Rest of US,1.0
cb1h,Rest of US,1.0
9z7w,Rest of US,1.0
dnk3,Rest of US,1.0
9xpm,Rest of US,1.0
dpgc,Rest of US,1.0
9qq5,Rest of US,1.0
c876,Rest of US,1.0
b7dk,Rest of US,1.0
b7hg,Rest of US,1.0
dng7,Rest of US,1.0
b399,Rest of US,0.735700493426743
9z36,Rest of US,1.0
9xu2,Rest of US,1.0
c2tc,Rest of US,1.0
f2j8,Rest of US,1.0
bgb8,Rest of US,1.0
9xs0,Rest of US,1.0
dntc,Rest of US,1.0
bddr,Rest of US,1.0
9v0u,Rest of US,1.0
bgcp,Rest of US,1.0
b6u4,Rest of US,1.0
9vdr,Rest of US,1.0
9qzd,Rest of US,1.0
b7yw,Rest of US,1.0
9ztf,Rest of US,1.0
9ypt,Rest of US,1.0
9vv5,Rest of US,1.0
djg9,Rest of US,1.0
f05e,Rest of US,0.9112113485750934
9rr5,Rest of US,1.0
9ynu,Rest of US,1.0
9zth,Rest of US,1.0
c24x,Rest of US,1.0
dr1g,Rest of US,1.0
b6u0,Rest of US,1.0
c2hc,Rest of US,1.0
cb6z,Rest of US,1.0
dqf4,Rest of US,0.9771957734459991
9vu0,Rest of US,1.0
9v1w,Rest of US,1.0
9vfk,Rest of US,1.0
de30,Rest of US,0.8884346598505217
9wu1,Rest of US,1.0
b6rh,Rest of US,0.35957935896675514
cbmd,Rest of US,1.0
cb0m,Rest of US,1.0
bsqb,Rest of US,1.0
dqcz,Rest of US,0.7397868396196742
bg36,Rest of US,1.0
b7sd,Rest of US,1.0
bskb,Rest of US,1.0
bezz,Rest of US,1.0
9qy7,Rest of US,1.0
9w5v,Rest of US,1.0
dn10,Rest of US,1.0
9y59,Rest of US,1.0
b6sx,Rest of US,1.0
9vfv,Rest of US,1.0
c8tt,Rest of US,1.0
9yey,Rest of US,1.0
drvv,Rest of US,1.0
9w38,Rest of US,1.0
c8sh,Rest of US,1.0
bs1c,Rest of US,1.0
9v66,Rest of US,1.0
9y4d,Rest of US,1.0
9vuy,Rest of US,1.0
dj2n,Rest of US,1.0
b7v7,Rest of US,1.0
9wzp,Rest of US,1.0
9tv7,Rest of US,1.0
9zmb,Rest of US,1.0
f00y,Rest of US,1.0
9my2,Rest of US,0.1852455222653975
9qrg,Rest of US,1.0
dpp4,Rest of US,1.0
bfqz,Rest of US,0.8778867170558157
drmp,Rest of US,1.0
9we5,Rest of US,1.0
9qpr,Rest of US,1.0
dnvt,Rest of US,1.0
c8k9,Rest of US,1.0
b6uc,Rest of US,1.0
djnq,Rest of US,0.5256416664067325
djkc,Rest of US,1.0
de1n,Rest of US,0.5603520891178615
drvf,Rest of US,1.0
9rkh,Rest of US,1.0
bg73,Rest of US,1.0
9wgn,Rest of US,1.0
c838,Rest of US,1.0
9y5p,Rest of US,1.0
b7nj,Rest of US,1.0
9rkv,Rest of US,1.0
b6th,Rest of US,1.0
f2nc,Rest of US,1.0
bdgn,Rest of US,1.0
dje8,Rest of US,1.0
dpd8,Rest of US,0.6080671745302837
b7ur,Rest of US,1.0
9xsp,Rest of US,1.0
c296,Rest of US,1.0
9wkn,Rest of US,1.0
bfr9,Rest of US,0.9815965459717756
9x2f,Rest of US,1.0
begu,Rest of US,1.0
9x89,Rest of US,1.0
9zyy,Rest of US,1.0
dner,Rest of US,1.0
9whc,Rest of US,1.0
9qqx,Rest of US,1.0
9xdh,Rest of US,1.0
c8kd,Rest of US,1.0
f011,Rest of US,1.0
b6fj,Rest of US,0.723487306375382
bg8e,Rest of US,1.0
bd4g,Rest of US,0.02586777860633425
9qfe,Rest of California,0.9999988664547595
9udy,Rest of US,0.10360814236600054
bgb7,Rest of US,1.0
djts,Rest of US,1.0
9rvw,Rest of US,1.0
9txz,Rest of US,1.0
9r6g,Rest of US,1.0
9z40,Rest of US,1.0
dr1m,Rest of US,1.0
bs46,Rest of US,1.0
be0v,Rest of US,1.0
8e95,Rest of US,0.10570287137372747
9twy,Rest of US,1.0
9yv0,Rest of US,1.0
bfdm,Rest of US,0.17808245226861494
dq83,Rest of US,1.0
9vvs,Rest of US,1.0
behz,Rest of US,1.0
bu10,Rest of US,1.0
9whd,Rest of US,1.0
bfdx,Rest of US,1.0
9y3q,Rest of US,1.0
9qdc,Rest of California,0.999911102923887
cb94,Rest of US,1.0
dp2b,Rest of US,1.0
9zty,Rest of US,1.0
9vvt,Rest of US,1.0
djd3,Rest of US,1.0
9xmg,Rest of US,1.0
f01z,Rest of US,1.0
9yu1,Rest of US,1.0
b394,Rest of US,0.29555064334843373
cb55,Rest of US,1.0
9ty8,Rest of US,1.0
9y4z,Rest of US,1.0
dnhc,Rest of US,1.0
9r1p,Rest of California,1.0
9rxm,Rest of US,1.0
bee7,Rest of US,1.0
dpkv,Rest of US,0.018400246752448533
dnwv,Rest of US,1.0
c41g,Rest of US,1.0
9qgj,Rest of US,1.0
bkwf,Rest of US,0.881806408458925
c2d1,Rest of US,1.0
9wbv,Rest of US,1.0
9rkr,Rest of US,1.0
c86g,Rest of US,1.0
9v90,Rest of US,1.0
b7qg,Rest of US,1.0
dnrn,Rest of US,1.0
9qf4,Rest of California,1.0
dpr9,Rest of US,1.0
bs1y,Rest of US,1.0
b6fc,Rest of US,1.0
c2xf,Rest of US,1.0
9xe9,Rest of US,1.0
dppp,Rest of US,1.0
c2w8,Rest of US,1.0
9yc0,Rest of US,1.0
b5qb,Rest of US,0.9223021896090605
dq35,Rest of US,1.0
djm7,Rest of US,1.0
9rev,Rest of US,1.0
9qdu,Rest of California,1.0
9qcb,Rest of California,1.0
dq8m,Rest of US,1.0
9yh4,Rest of US,1.0
9zx0,Rest of US,1.0
bex4,Rest of US,1.0
c80q,Rest of US,1.0
bkkz,Rest of US,0.9530402086971339
9yy4,Rest of US,1.0
beft,Rest of US,1.0
9v8b,Rest of US,1.0
cbny,Rest of US,1.0
bddm,Rest of US,1.0
dnyb,Rest of US,1.0
bkj6,Rest of US,1.0
9qxr,Rest of US,1.0
bkx1,Rest of US,1.0
bg78,Rest of US,0.9264365560190021
dj8n,Rest of US,1.0
be7b,Rest of US,1.0
9z9w,Rest of US,1.0
bu38,Rest of US,1.0
bkhr,Rest of US,1.0
dqfq,Rest of US,0.5367057878465586
dj9k,Rest of US,1.0
9wwp,Rest of US,1.0
9w49,Rest of US,1.0
9tmp,Rest of US,0.6307815898122636
9v9b,Rest of US,1.0
bg10,Rest of US,1.0
9y1p,Rest of US,1.0
beuw,Rest of US,1.0
dqcu,Rest of US,0.9086033140177514
9w6c,Rest of US,1.0
drzj,Rest of US,0.9722243148373709
dpjz,Rest of US,1.0
9qw4,Rest of US,1.0
9weu,Rest of US,1.0
9rh6,Rest of US,1.0
c8kb,Rest of US,1.0
9xbz,Rest of US,1.0
9vf2,Rest of US,1.0
drzt,Rest of US,1.0
f05h,Rest of US,0.13745723918391883
9y7v,Rest of US,1.0
bfsw,Rest of US,0.9038630488746059
b7g3,Rest of US,0.9245868953597819
cbjd,Rest of US,1.0
c8r6,Rest of US,1.0
dpk7,Rest of US,1.0
9zsg,Rest of US,1.0
dpnj,Rest of US,1.0
dq8y,Rest of US,1.0
9y3h,Rest of US,1.0
dqbu,Rest of US,1.0
b7gz,Rest of US,1.0
9vnz,Rest of US,0.06409091583591861
c8nh,Rest of US,1.0
cb6c,Rest of US,1.0
c41v,Rest of US,0.7105109300432869
9y6q,Rest of US,1.0
dpr3,Rest of US,1.0
dnnn,Rest of US,1.0
9qyy,Rest of US,1.0
c8s5,Rest of US,1.0
c8xt,Rest of US,1.0
dnu3,Rest of US,1.0
dpqz,Rest of US,0.18650328664446758
9vdd,Rest of US,1.0
9zf8,Rest of US,1.0
dpv1,Rest of US,0.8863674297342637
bd5w,Rest of US,0.1919104421025484
9zxe,Rest of US,1.0
9qvr,Rest of US,1.0
djg8,Rest of US,1.0
dnjq,Rest of US,1.0
b7rh,Rest of US,1.0
9qw9,Rest of US,1.0
cbkt,Rest of US,1.0
9z8r,Rest of US,1.0
dq36,Rest of US,1.0
9rkb,Rest of US,1.0
beet,Rest of US,1.0
dq2f,Rest of US,1.0
b6vm,Rest of US,1.0
b7mw,Rest of US,0.9997668456072735
c2su,Rest of US,1.0
bs3m,Rest of US,1.0
dnvx,Rest of US,1.0
bg23,Rest of US,1.0
bu1m,Rest of US,1.0
drhp,Rest of US,0.44319287242131433
9znx,Rest of US,1.0
c8rg,Rest of US,1.0
beje,Rest of US,1.0
c8nu,Rest of US,1.0
beg8,Rest of US,1.0
9rkd,Rest of US,1.0
c21s,Rest of US,1.0
bevu,Rest of US,1.0
9y67,Rest of US,1.0
c2ng,Rest of US,1.0
bges,Rest of US,0.9262000997407287
c2eu,Rest of US,1.0
dnve,Rest of US,1.0
9xt3,Rest of US,1.0
bk50,Rest of US,0.06117187100362857
9w65,Rest of US,1.0
dnus,Rest of US,1.0
dp7y,Rest of US,1.0
dj6s,Rest of US,0.28804625539392337
9r56,Rest of US,1.0
c800,Rest of US,1.0
9ry5,Rest of US,1.0
be5u,Rest of US,1.0
ben5,Rest of US,1.0
djwp,Rest of US,1.0
dr9w,Rest of US,0.9980582806437956
drvt,Rest of US,1.0
dph9,Rest of US,1.0
bkp2,Rest of US,1.0
bu0k,Rest of US,1.0
dnsg,Rest of US,1.0
9ww9,Rest of US,1.0
9zmv,Rest of US,1.0
9xcr,Rest of US,1.0
dpb2,Rest of US,1.0
9xhs,Rest of US,1.0
9xhz,Rest of US,1.0
b7rt,Rest of US,1.0
9vq7,Rest of US,1.0
9vc0,Rest of US,1.0
dj90,Rest of US,1.0
bknn,Rest of US,1.0
dhwg,Rest of US,1.0
9z8w,Rest of US,1.0
c82f,Rest of US,1.0
9tde,Rest of US,1.0
9tbj,Rest of US,1.0
b6wh,Rest of US,1.0
9v1p,Rest of US,1.0
dpkt,Rest of US,0.7300135619785281
c26u,Rest of US,1.0
bgfb,Rest of US,1.0
9wtd,Rest of US,1.0
9y3m,Rest of US,1.0
de0q,Rest of US,0.8605559226416848
bkj9,Rest of US,1.0
dq08,Rest of US,0.09118994282263511
9vk0,Rest of US,1.0
bd5h,Rest of US,0.24779519615380496
bdb6,Rest of US,1.0
dn3u,Rest of US,1.0
9yg8,Rest of US,1.0
cb7q,Rest of US,1.0
dnvd,Rest of US,1.0
9wt2,Rest of US,1.0
9x1p,Rest of US,1.0
9z9b,Rest of US,1.0
9vct,Rest of US,1.0
cb6q,Rest of US,1.0
dr0r,Rest of US,1.0
9ty3,Rest of US,1.0
dnw9,Rest of US,1.0
dpq5,Rest of US,1.0
bg4p,Rest of US,1.0
b6zx,Rest of US,1.0
9vq2,Rest of US,0.8502768127712745
bd67,Rest of US,0.559005615202191
9w0k,Rest of US,1.0
dn5n,Rest of US,1.0
9vft,Rest of US,1.0
dn93,Rest of US,1.0
begm,Rest of US,1.0
9z8q,Rest of US,1.0
dp4j,Rest of US,1.0
9qgg,Rest of US,1.0
9vc8,Rest of US,1.0
dpt0,Rest of US,0.0124284630741412
9ve0,Rest of US,1.0
bgek,Rest of US,1.0
9ygb,Rest of US,1.0
9rg8,Rest of US,1.0
b6t3,Rest of US,1.0
bs5b,Rest of US,1.0
bdy2,Rest of US,1.0
dq39,Rest of US,0.6882251572252832
c2m6,Rest of US,1.0
dp0n,Rest of US,1.0
9zme,Rest of US,1.0
9re5,Rest of US,1.0
9rnu,Rest of US,1.0
c8hg,Rest of US,1.0
9qm4,Rest of California,1.0
bsh2,Rest of US,1.0
cbjb,Rest of US,1.0
djs2,Rest of US,1.0
c26r,Rest of US,1.0
b3sm,Rest of US,0.40330643505125197
9rf9,Rest of US,1.0
9y1h,Rest of US,1.0
drwp,Rest of US,0.0775248958845912
9myz,Rest of US,1.0
bu4p,Rest of US,1.0
9zyu,Rest of US,1.0
bs0m,Rest of US,1.0
beks,Rest of US,1.0
9vxe,Rest of US,1.0
cbkj,Rest of US,1.0
c8db,Rest of US,1.0
bs29,Rest of US,1.0
bd4w,Rest of US,1.0
bskm,Rest of US,1.0
be27,Rest of US,1.0
9wq8,Rest of US,1.0
dnkz,Rest of US,1.0
cb0h,Rest of US,1.0
9vxy,Rest of US,1.0
bg69,Rest of US,1.0
dr2c,Rest of US,1.0
9tt4,Rest of US,1.0
9v7p,Rest of US,1.0
c2qm,Rest of US,1.0
be24,Rest of US,1.0
cb5f,Rest of US,1.0
9wbz,Rest of US,1.0
9r8y,Rest of US,1.0
9trq,Rest of US,1.0
bfrv,Rest of US,0.5091277869206533
f2nr,Rest of US,1.0
b6eq,Rest of US,1.0
b6px,Rest of US,0.010467187769273958
9rgt,Rest of US,1.0
cbeq,Rest of US,0.7554559987532331
bdzc,Rest of US,0.4710961019215527
9tux,Rest of US,1.0
9z05,Rest of US,1.0
9zw3,Rest of US,1.0
9vhw,Rest of US,0.16420326628243143
9z96,Rest of US,1.0
9wyv,Rest of US,1.0
9yy7,Rest of US,1.0
9ycc,Rest of US,1.0
f03t,Rest of US,0.19302329553525324
9tdm,Rest of US,1.0
9z2y,Rest of US,1.0
de22,Rest of US,1.0
b6yp,Rest of US,1.0
2jqw,Rest of US,0.23245109840640096
beqe,Rest of US,1.0
beg3,Rest of US,1.0
c2nd,Rest of US,1.0
dps5,Rest of US,1.0
9yt1,Rest of US,1.0
b75p,Rest of US,0.6525964036686019
bfbj,Rest of US,1.0
9xty,Rest of US,1.0
9tmx,Rest of US,1.0
bs3b,Rest of US,1.0
bs5r,Rest of US,1.0
9x5w,Rest of US,1.0
c8ws,Rest of US,1.0
bg4m,Rest of US,1.0
cb8f,Rest of US,1.0
9wu3,Rest of US,1.0
c23f,Rest of US,1.0
dre8,Rest of US,1.0
9y69,Rest of US,1.0
9x0y,Rest of US,1.0
9whf,Rest of US,1.0
c2h2,Rest of US,1.0
bege,Rest of US,1.0
9txf,Rest of US,1.0
9rte,Rest of US,1.0
c8w8,Rest of US,1.0
9x40,Rest of US,1.0
bd8j,Rest of US,1.0
b7eg,Rest of US,1.0
dn4u,Rest of US,1.0
cbph,Rest of US,1.0
9rqp,Rest of US,1.0
9zn3,Rest of US,1.0
cbx0,Rest of US,1.0
bg2p,Rest of US,1.0
bsps,Rest of US,1.0
9w6f,Rest of US,1.0
9vsf,Rest of US,1.0
9z9q,Rest of US,1.0
c877,Rest of US,1.0
cb27,Rest of US,1.0
drzy,Rest of US,1.0
bd01,Rest of US,0.13410270711563158
9yeg,Rest of US,1.0
bek0,Rest of US,1.0
dnqe,Rest of US,1.0
9yqf,Rest of US,1.0
9v9q,Rest of US,1.0
9yfg,Rest of US,1.0
9z5y,Rest of US,1.0
f01s,Rest of US,1.0
dj2d,Rest of US,0.12370623613745514
9xt6,Rest of US,1.0
9q75,Rest of California,1.0
b79v,Rest of US,1.0
9q6k,Rest of California,0.9995427601832527
c40g,Rest of US,0.821612772661525
9qne,Rest of US,0.044442280713278416
9qne,Rest of California,0.9555577192867216
9rf5,Rest of US,1.0
dj6z,Rest of US,1.0
bk5m,Rest of US,1.0
9qxx,Rest of US,1.0
b7su,Rest of US,1.0
bg9r,Rest of US,1.0
c8d5,Rest of US,1.0
9yp2,Rest of US,1.0
c2n8,Rest of US,1.0
dj8q,Rest of US,1.0
dnc1,Rest of US,1.0
9zdr,Rest of US,1.0
dn4z,Rest of US,1.0
c8qr,Rest of US,1.0
9tw5,Rest of US,1.0
9vzx,Rest of US,1.0
9wfu,Rest of US,1.0
9xk4,Rest of US,1.0
bevy,Rest of US,1.0
9z74,Rest of US,1.0
bkpj,Rest of US,1.0
c207,Rest of US,1.0
dhvk,Rest of US,0.995130353593991
9v9s,Rest of US,1.0
dj3z,Rest of US,1.0
9uf0,Rest of US,1.0
dnx5,Rest of US,1.0
bsme,Rest of US,1.0
dp02,Rest of US,1.0
c2dv,Rest of US,1.0
dnuv,Rest of US,1.0
9z54,Rest of US,1.0
b7vw,Rest of US,1.0
dpx3,Rest of US,0.03869871019381295
cbt7,Rest of US,0.9997607152926163
9qq4,Rest of US,0.9863676842669786
9qq4,Rest of California,0.013632315733021368
9rhf,Rest of US,1.0
bu1e,Rest of US,1.0
9qmv,Rest of US,1.0
9qx0,Rest of US,1.0
dnx4,Rest of US,1.0
9qvb,Rest of US,1.0
becx,Rest of US,1.0
bdy7,Rest of US,1.0
c857,Rest of US,1.0
9tv3,Rest of US,1.0
c882,Rest of US,1.0
bemw,Rest of US,1.0
bkkx,Rest of US,0.46357344232273573
9r34,Rest of California,1.0
dqfr,Rest of US,0.5634841892220419
cb5b,Rest of US,1.0
dr0p,Rest of US,1.0
c82c,Rest of US,1.0
b6qx,Rest of US,0.9903099705259947
9wzc,Rest of US,1.0
bekj,Rest of US,1.0
dn86,Rest of US,1.0
dpjv,Rest of US,1.0
9vs8,Rest of US,1.0
9x00,Rest of US,1.0
9wyu,Rest of US,1.0
9zxn,Rest of US,1.0
dr1f,Rest of US,1.0
9vu5,Rest of US,1.0
dqf5,Rest of US,1.0
bg6d,Rest of US,1.0
9qgp,Rest of US,1.0
cbnd,Rest of US,1.0
9yy8,Rest of US,1.0
9qg8,Rest of US,0.5004127561604549
9qg8,Rest of California,0.4995872438395451
drvs,Rest of US,1.0
bs7g,Rest of US,1.0
bdup,Rest of US,1.0
9w87,Rest of US,1.0
9x9v,Rest of US,1.0
bu6v,Rest of US,0.5691937091834561
9qmg,Rest of US,0.8043039121484092
9qmg,Rest of California,0.19569608785159076
bkjg,Rest of US,1.0
b3vv,Rest of US,0.6206062264979665
bfdj,Rest of US,0.33403877845847557
dpbh,Rest of US,1.0
9wxg,Rest of US,1.0
9xzh,Rest of US,1.0
9vpz,Rest of US,1.0
dphe,Rest of US,1.0
bsrt,Rest of US,1.0
9rd9,Rest of US,1.0
bs34,Rest of US,1.0
9y2b,Rest of US,1.0
9wbx,Rest of US,1.0
9qgb,Rest of US,1.0
cb2c,Rest of US,1.0
9rkz,Rest of US,1.0
b7jn,Rest of US,1.0
bd4j,Rest of US,0.6834813693476551
8e92,Rest of US,1.0
9zbs,Rest of US,1.0
dhvc,Rest of US,1.0
9quh,Rest of US,1.0
9r7p,Rest of US,1.0
9qr7,Rest of US,1.0
cb1k,Rest of US,1.0
9x4h,Rest of US,1.0
9wz0,Rest of US,1.0
9wu2,Rest of US,1.0
bej1,Rest of US,1.0
9xue,Rest of US,1.0
dn87,Rest of US,1.0
9ruh,Rest of US,1.0
9vw5,Rest of US,1.0
bs7h,Rest of US,1.0
9rrj,Rest of US,1.0
bsrc,Rest of US,1.0
c42e,Rest of US,0.7147244415477241
9v4s,Rest of US,1.0
9mxz,Rest of US,1.0
cb8v,Rest of US,1.0
dj8w,Rest of US,1.0
dhyr,Rest of US,1.0
djfz,Rest of US,1.0
9rnt,Rest of US,1.0
bu5m,Rest of US,1.0
9yh0,Rest of US,1.0
9q5f,Rest of California,1.0
9z1n,Rest of US,1.0
c2rj,Rest of US,1.0
9rct,Rest of US,1.0
bkmh,Rest of US,1.0
b32x,Rest of US,0.4771218536521336
9x0k,Rest of US,1.0
dje5,Rest of US,1.0
bdt7,Rest of US,0.5426587959621028
c2m4,Rest of US,1.0
b7yb,Rest of US,1.0
c1bg,Rest of US,0.2863336336293509
b6mx,Rest of US,0.9307723462511647
c84f,Rest of US,1.0
dprd,Rest of US,1.0
cb2s,Rest of US,1.0
beu8,Rest of US,1.0
djbv,Rest of US,1.0
b7ug,Rest of US,0.36377782813951454
9wv5,Rest of US,1.0
9zr3,Rest of US,1.0
9pzy,Rest of US,0.8993914585494327
9w10,Rest of US,1.0
c441,Rest of US,1.0
9tej,Rest of US,1.0
c2n3,Rest of US,1.0
dnm0,Rest of US,1.0
cbpx,Rest of US,1.0
9xg9,Rest of US,1.0
9xyp,Rest of US,1.0
bg7q,Rest of US,1.0
9rwv,Rest of US,1.0
bkne,Rest of US,1.0
9xjd,Rest of US,1.0
9v4c,Rest of US,1.0
9v96,Rest of US,1.0
9x9k,Rest of US,1.0
b10y,Rest of US,0.14554205389892025
9qqq,Rest of US,1.0
betr,Rest of US,1.0
dnfu,Rest of US,1.0
9xd1,Rest of US,1.0
9mvm,Rest of California,1.0
9y92,Rest of US,1.0
dnwm,Rest of US,1.0
bdwu,Rest of US,0.49825091756263035
dnv5,Rest of US,1.0
9w37,Rest of US,1.0
bu6d,Rest of US,1.0
c8t2,Rest of US,1.0
bffs,Rest of US,1.0
djjv,Rest of US,1.0
9txt,Rest of US,1.0
9xm9,Rest of US,1.0
zcq2,Rest of US,0.16373691023328396
9rmx,Rest of US,1.0
berj,Rest of US,1.0
b7wy,Rest of US,1.0
9zr2,Rest of US,1.0
9zge,Rest of US,1.0
bdyj,Rest of US,1.0
c25q,Rest of US,1.0
9zxj,Rest of US,1.0
9yfb,Rest of US,1.0
cbj4,Rest of US,1.0
b1k4,Rest of US,0.08056639109033734
9zdb,Rest of US,1.0
f2q6,Rest of US,0.6773877414870191
b6py,Rest of US,1.0
b6ub,Rest of US,1.0
9vhm,Rest of US,0.3864869611504251
bedd,Rest of US,1.0
9v3x,Rest of US,1.0
bevm,Rest of US,1.0
9qp4,Rest of US,1.0
bsp1,Rest of US,1.0
c25v,Rest of US,1.0
bdbx,Rest of US,1.0
be65,Rest of US,1.0
b7d2,Rest of US,1.0
9vzn,Rest of US,1.0
dr5w,Rest of US,0.10683680907762862
bemf,Rest of US,1.0
dnvw,Rest of US,1.0
dp5b,Rest of US,1.0
9qfc,Rest of California,0.9999684214924022
bfbx,Rest of US,1.0
9wn7,Rest of US,1.0
9xvc,Rest of US,1.0
9zhg,Rest of US,1.0
c224,Rest of US,1.0
dr77,Rest of US,1.0
9wyy,Rest of US,1.0
9w43,Rest of US,1.0
cb26,Rest of US,1.0
c2nb,Rest of US,1.0
cb4g,Rest of US,1.0
9w0m,Rest of US,1.0
dj9w,Rest of US,1.0
9xgw,Rest of US,1.0
9r41,Rest of California,0.999999153793057
b7n9,Rest of US,1.0
f2p6,Rest of US,1.0
9wkr,Rest of US,1.0
c8qy,Rest of US,1.0
9zt5,Rest of US,1.0
9xzz,Rest of US,1.0
b7ju,Rest of US,1.0
bd2p,Rest of US,1.0
dr5k,Rest of US,0.46665919073373174
b6sv,Rest of US,1.0
9z92,Rest of US,1.0
9wem,Rest of US,1.0
9w89,Rest of US,1.0
behp,Rest of US,1.0
bsec,Rest of US,0.47564221495338643
9yyr,Rest of US,1.0
bepf,Rest of US,1.0
9z11,Rest of US,1.0
bg5h,Rest of US,1.0
9xr7,Rest of US,1.0
bfbr,Rest of US,1.0
c0rv,Rest of US,1.0
9r31,Rest of California,1.0
f032,Rest of US,1.0
9y6e,Rest of US,1.0
9yys,Rest of US,1.0
dr2b,Rest of US,1.0
bs96,Rest of US,0.9725027820805039
drf7,Rest of US,1.0
dqbc,Rest of US,1.0
9xmt,Rest of US,1.0
dr42,Rest of US,0.8106960180188708
dpr7,Rest of US,1.0
9z08,Rest of US,1.0
b4tp,Rest of US,0.27330464747354977
bu3u,Rest of US,1.0
b6p5,Rest of US,0.40434033473072045
9ytv,Rest of US,1.0
bezq,Rest of US,1.0
dr17,Rest of US,1.0
f2pg,Rest of US,0.6482806235483357
dntv,Rest of US,1.0
dj8v,Rest of US,1.0
c41t,Rest of US,1.0
bekk,Rest of US,1.0
bu1f,Rest of US,1.0
c8s8,Rest of US,1.0
bdg1,Rest of US,1.0
dpj4,Rest of US,1.0
9tcx,Rest of US,1.0
9tyq,Rest of US,1.0
drgw,Rest of US,1.0
9xqh,Rest of US,1.0
9wme,Rest of US,1.0
b748,Rest of US,1.0
9r9p,Rest of US,1.0
bk5y,Rest of US,1.0
dry2,Rest of US,0.08126239770317331
djtd,Rest of US,1.0
beqy,Rest of US,1.0
c2kc,Rest of US,1.0
9xjs,Rest of US,1.0
bsn1,Rest of US,1.0
dnbg,Rest of US,1.0
dne3,Rest of US,1.0
9r0h,Rest of California,1.0
9zfn,Rest of US,1.0
behe,Rest of US,1.0
dpx0,Rest of US,0.09125865659319428
cb8h,Rest of US,1.0
djef,Rest of US,1.0
c80k,Rest of US,1.0
9ykf,Rest of US,1.0
bkpr,Rest of US,1.0
dnrp,Rest of US,1.0
9wfd,Rest of US,1.0
9r51,Rest of US,1.0
djkg,Rest of US,1.0
dq8u,Rest of US,1.0
dhv8,Rest of US,0.6543024793757446
9mzb,Rest of US,1.0
9xqc,Rest of US,1.0
bd5n,Rest of US,0.9253556833892047
9vsp,Rest of US,1.0
dnsr,Rest of US,1.0
b6pc,Rest of US,0.028827853614134025
9zsz,Rest of US,1.0
bdve,Rest of US,0.9743187056721924
9tty,Rest of US,1.0
9qf9,Rest of California,1.0
cb4w,Rest of US,1.0
b7zq,Rest of US,1.0
9qqw,Rest of US,1.0
9r3z,Rest of US,1.0
9qsq,Rest of US,1.0
9v74,Rest of US,1.0
9wfz,Rest of US,1.0
bdu8,Rest of US,1.0
dj21,Rest of US,0.9853287462450969
9ttn,Rest of US,1.0
dpnu,Rest of US,1.0
9z60,Rest of US,1.0
bk5q,Rest of US,1.0
9yhq,Rest of US,1.0
bs7n,Rest of US,1.0
9yu8,Rest of US,1.0
9yc6,Rest of US,1.0
c249,Rest of US,1.0
9wj8,Rest of US,1.0
dqd0,Rest of US,0.10024768538398221
be9q,Rest of US,1.0
9y9x,Rest of US,1.0
bs20,Rest of US,1.0
berb,Rest of US,1.0
be0z,Rest of US,1.0
9x3w,Rest of US,1.0
dq3m,Rest of US,0.9073359285011063
dhyb,Rest of US,1.0
c8pv,Rest of US,1.0
9tgd,Rest of US,1.0
bkhh,Rest of US,1.0
bfb3,Rest of US,0.9844961983249205
bd37,Rest of US,1.0
be3j,Rest of US,1.0
9yvj,Rest of US,1.0
f031,Rest of US,0.9972160339569281
cbnc,Rest of US,1.0
bskz,Rest of US,1.0
9wnr,Rest of US,1.0
bs5q,Rest of US,1.0
cbtc,Rest of US,1.0
c8nz,Rest of US,1.0
dq23,Rest of US,1.0
dpgk,Rest of US,1.0
dret,Rest of US,1.0
9w8e,Rest of US,1.0
dny5,Rest of US,1.0
dp85,Rest of US,1.0
9qfd,Rest of California,0.999919281555422
c2r6,Rest of US,1.0
b6sf,Rest of US,0.14283276244393062
9tbq,Rest of US,1.0
9xxc,Rest of US,1.0
dj2k,Rest of US,0.8511587586834033
9zvu,Rest of US,1.0
f2rf,Rest of US,0.17632859250055485
9yu2,Rest of US,1.0
9z57,Rest of US,1.0
9x6x,Rest of US,1.0
9xpc,Rest of US,1.0
dp4k,Rest of US,1.0
c837,Rest of US,1.0
9xm3,Rest of US,1.0
9xsz,Rest of US,1.0
b3vd,Rest of US,0.492208478832533
bd3u,Rest of US,1.0
9yq9,Rest of US,1.0
bg9u,Rest of US,1.0
9z0h,Rest of US,1.0
dn9h,Rest of US,1.0
9w41,Rest of US,1.0
bemb,Rest of US,1.0
c2j0,Rest of US,1.0
bdfd,Rest of US,1.0
9xv9,Rest of US,1.0
9vuv,Rest of US,1.0
b7eu,Rest of US,1.0
dn4q,Rest of US,1.0
9tbv,Rest of US,1.0
9ucz,Rest of US,1.0
dned,Rest of US,1.0
c2mx,Rest of US,1.0
bd4p,Rest of US,0.43482837194492213
beed,Rest of US,1.0
9rem,Rest of US,1.0
cbpd,Rest of US,1.0
b795,Rest of US,0.016149281266933983
9wgd,Rest of US,1.0
dn5e,Rest of US,1.0
9xqg,Rest of US,1.0
bebs,Rest of US,1.0
9ynq,Rest of US,1.0
9z9r,Rest of US,1.0
9vrs,Rest of US,1.0
bdvt,Rest of US,0.5907777363649703
b76q,Rest of US,0.09139827533477453
bec8,Rest of US,1.0
9qms,Rest of US,0.4593891968799451
9qms,Rest of California,0.5406108031200549
zcps,Rest of US,0.08976415434286152
9v9u,Rest of US,1.0
drv3,Rest of US,1.0
dn4b,Rest of US,1.0
9wgb,Rest of US,1.0
dpn7,Rest of US,1.0
bkjb,Rest of US,1.0
bfsv,Rest of US,0.9219019800697535
cbnw,Rest of US,1.0
bg0p,Rest of US,1.0
cbtk,Rest of US,0.1229248161360155
drgn,Rest of US,1.0
dj3w,Rest of US,1.0
b7qe,Rest of US,1.0
bg4t,Rest of US,1.0
9txe,Rest of US,1.0
9v49,Rest of US,1.0
be9e,Rest of US,1.0
c21y,Rest of US,1.0
9ymc,Rest of US,1.0
drd6,Rest of US,1.0
bfx2,Rest of US,1.0
bg0m,Rest of US,1.0
cbkp,Rest of US,1.0
bfmx,Rest of US,0.06657034755172123
dpnt,Rest of US,1.0
bu2t,Rest of US,1.0
9pze,Rest of US,0.04020359888359952
9wjq,Rest of US,1.0
bdvv,Rest of US,1.0
bec5,Rest of US,1.0
b6ps,Rest of US,1.0
f053,Rest of US,0.7555607182280755
dnfj,Rest of US,1.0
9vdj,Rest of US,1.0
drz6,Rest of US,0.020055838224055923
9rvg,Rest of US,1.0
9yvz,Rest of US,1.0
9vwd,Rest of US,1.0
9rp5,Rest of US,1.0
c870,Rest of US,1.0
9w2q,Rest of US,1.0
b6us,Rest of US,1.0
9r86,Rest of US,1.0
djtu,Rest of US,1.0
b3ex,Rest of US,1.0
9q3v,Rest of California,1.0
bs3h,Rest of US,1.0
dnjz,Rest of US,1.0
bd21,Rest of US,1.0
9y78,Rest of US,1.0
9zsv,Rest of US,1.0
9vw3,Rest of US,1.0
9vtp,Rest of US,1.0
b1ru,Rest of US,0.09124423969857409
c1gt,Rest of US,0.03787253273151953
9v71,Rest of US,1.0
9x91,Rest of US,1.0
druc,Rest of US,1.0
bg35,Rest of US,1.0
9z1h,Rest of US,1.0
ber0,Rest of US,1.0
dhyc,Rest of US,1.0
9y3g,Rest of US,1.0
dpc6,Rest of US,1.0
9yk7,Rest of US,1.0
dq8b,Rest of US,1.0
c2n0,Rest of US,1.0
c21z,Rest of US,1.0
c85r,Rest of US,1.0
be6y,Rest of US,1.0
dppf,Rest of US,1.0
9yqv,Rest of US,1.0
9q9d,Rest of California,0.21557765926308223
drs1,Rest of US,1.0
djjb,Rest of US,1.0
9w3c,Rest of US,1.0
9qd8,Rest of California,1.0
c86u,Rest of US,1.0
9vz5,Rest of US,1.0
9x52,Rest of US,1.0
x4x0,Rest of US,0.047924823283194334
9v57,Rest of US,1.0
f2r9,Rest of US,1.0
9qdg,Rest of California,1.0
be74,Rest of US,1.0
dj3q,Rest of US,0.8190108438102671
dpbs,Rest of US,1.0
9ytb,Rest of US,1.0
c2e3,Rest of US,1.0
bg4n,Rest of US,1.0
b6u7,Rest of US,1.0
9y27,Rest of US,1.0
cbw3,Rest of US,1.0
dnst,Rest of US,1.0
9qz6,Rest of US,1.0
dnf7,Rest of US,1.0
c214,Rest of US,1.0
9w93,Rest of US,1.0
c2jd,Rest of US,1.0
dr7v,Rest of US,1.0
bert,Rest of US,1.0
bdxq,Rest of US,0.5749781183655961
b170,Rest of US,0.021812956922056093
9ys9,Rest of US,1.0
9zyf,Rest of US,1.0
9vd0,Rest of US,1.0
9y5m,Rest of US,1.0
c42c,Rest of US,0.692534492774395
c811,Rest of US,1.0
b753,Rest of US,1.0
drux,Rest of US,1.0
dnes,Rest of US,1.0
djwh,Rest of US,1.0
bs1d,Rest of US,1.0
9wsc,Rest of US,1.0
bej8,Rest of US,1.0
bgc1,Rest of US,1.0
9vzk,Rest of US,1.0
dj9e,Rest of US,1.0
9v7u,Rest of US,1.0
9zwb,Rest of US,1.0
9x9n,Rest of US,1.0
9v6y,Rest of US,1.0
9ymb,Rest of US,1.0
b390,Rest of US,0.5416622202221392
djjf,Rest of US,1.0
9t94,Rest of US,0.7517891178733389
9xmm,Rest of US,1.0
9vzv,Rest of US,1.0
djdb,Rest of US,1.0
9z62,Rest of US,1.0
b6ww,Rest of US,1.0
dnsu,Rest of US,1.0
b6pe,Rest of US,1.0
9ufv,Rest of US,0.3255554975414503
c8s4,Rest of US,1.0
c8e7,Rest of US,1.0
9y7m,Rest of US,1.0
dps2,Rest of US,1.0
c8hx,Rest of US,1.0
bsm3,Rest of US,1.0
9rcu,Rest of US,1.0
djdr,Rest of US,1.0
bu64,Rest of US,1.0
9w8s,Rest of US,1.0
beyh,Rest of US,1.0
9zsp,Rest of US,1.0
bkn6,Rest of US,1.0
bu65,Rest of US,1.0
b7ut,Rest of US,0.8198715661525784
9yds,Rest of US,1.0
9rzr,Rest of US,1.0
9z64,Rest of US,1.0
be1z,Rest of US,1.0
c80u,Rest of US,1.0
b7qw,Rest of US,1.0
b7cb,Rest of US,0.8609034937136398
bkhx,Rest of US,1.0
dnmp,Rest of US,1.0
9wff,Rest of US,1.0
9yuv,Rest of US,1.0
djdx,Rest of US,1.0
9wqp,Rest of US,1.0
9wty,Rest of US,1.0
dp28,Rest of US,1.0
bd41,Rest of US,0.3948018430004413
dr4p,Rest of US,1.0
b6sb,Rest of US,0.7090406869379319
9xe8,Rest of US,1.0
zc73,Rest of US,0.020798575564861293
dn2h,Rest of US,1.0
be94,Rest of US,1.0
9zuw,Rest of US,1.0
9z3p,Rest of US,1.0
cb5n,Rest of US,1.0
9rdj,Rest of US,1.0
9wp0,Rest of US,1.0
b6yb,Rest of US,1.0
9r4n,Rest of California,1.0
9ykw,Rest of US,1.0
c2qg,Rest of US,1.0
drzp,Rest of US,1.0
9xux,Rest of US,1.0
9wbr,Rest of US,1.0
dnxd,Rest of US,1.0
9r9j,Rest of US,1.0
9zg1,Rest of US,1.0
c2k6,Rest of US,1.0
c264,Rest of US,1.0
9wu0,Rest of US,1.0
9vf0,Rest of US,1.0
9wj6,Rest of US,1.0
9wxt,Rest of US,1.0
beww,Rest of US,1.0
9wu4,Rest of US,1.0
9y8w,Rest of US,1.0
bu4e,Rest of US,1.0
drt5,Rest of US,1.0
bg0y,Rest of US,1.0
c42k,Rest of US,1.0
9vur,Rest of US,1.0
bdtz,Rest of US,1.0
bsp2,Rest of US,1.0
b6g3,Rest of US,1.0
9yx1,Rest of US,1.0
9xp5,Rest of US,1.0
be1k,Rest of US,1.0
dn01,Rest of US,1.0
9mvs,Rest of California,1.0
bsjk,Rest of US,1.0
9rns,Rest of US,1.0
9wy2,Rest of US,1.0
cbm4,Rest of US,1.0
bs2u,Rest of US,1.0
9zrn,Rest of US,1.0
cbjc,Rest of US,1.0
b7pk,Rest of US,1.0
bkn8,Rest of US,1.0
bd3t,Rest of US,1.0
dn5z,Rest of US,1.0
dpn1,Rest of US,1.0
c818,Rest of US,1.0
c254,Rest of US,1.0
bgdk,Rest of US,1.0
c8ru,Rest of US,1.0
9r82,Rest of US,1.0
bu2n,Rest of US,1.0
9xbk,Rest of US,1.0
dnjw,Rest of US,1.0
f038,Rest of US,1.0
9z1r,Rest of US,1.0
djyh,Rest of US,1.0
djjr,Rest of US,1.0
c2e1,Rest of US,1.0
cbmm,Rest of US,1.0
dnk0,Rest of US,1.0
cbhf,Rest of US,1.0
9ws6,Rest of US,1.0
9zkv,Rest of US,1.0
dpp7,Rest of US,1.0
b7xd,Rest of US,1.0
djgn,Rest of US,1.0
behg,Rest of US,1.0
9rce,Rest of US,1.0
bd79,Rest of US,0.29142668513042996
cbs1,Rest of US,1.0
9zmw,Rest of US,1.0
9xy1,Rest of US,1.0
9ycg,Rest of US,1.0
dn52,Rest of US,1.0
9w73,Rest of US,1.0
drsx,Rest of US,1.0
bs0t,Rest of US,1.0
9r6s,Rest of US,0.3322382138410022
9r6s,Rest of California,0.6677617861589978
9z6c,Rest of US,1.0
9ryj,Rest of US,1.0
9yqn,Rest of US,1.0
b6ew,Rest of US,1.0
c2pk,Rest of US,1.0
9yd4,Rest of US,1.0
c8rk,Rest of US,1.0
9q4k,Rest of California,0.8401614924327254
9qns,Rest of US,0.40399436350253265
9qns,Rest of California,0.5960056364974673
9q7f,Rest of California,1.0
9qym,Rest of US,1.0
be1f,Rest of US,1.0
c412,Rest of US,0.4883510576226085
be67,Rest of US,1.0
be8j,Rest of US,1.0
9ybd,Rest of US,1.0
9v9j,Rest of US,1.0
cbrq,Rest of US,0.5097437027475782
b6uj,Rest of US,1.0
bu0b,Rest of US,1.0
9tg0,Rest of US,1.0
djkt,Rest of US,1.0
9wh0,Rest of US,1.0
dnjm,Rest of US,1.0
b79n,Rest of US,0.9597351558002379
9vwu,Rest of US,1.0
9ry6,Rest of US,1.0
9t8z,Rest of US,1.0
bg38,Rest of US,1.0
dnp1,Rest of US,1.0
9v78,Rest of US,1.0
bgdp,Rest of US,1.0
9v55,Rest of US,1.0
9zq1,Rest of US,1.0
9qpz,Rest of US,1.0
dn28,Rest of US,1.0
c24h,Rest of US,1.0
9zkc,Rest of US,1.0
dj27,Rest of US,0.25010254643009594
bdvn,Rest of US,1.0
9x9c,Rest of US,1.0
9ty5,Rest of US,1.0
f05k,Rest of US,0.020720295673046916
9qsy,Rest of US,1.0
b6t8,Rest of US,1.0
bdxx,Rest of US,0.2192987584488272
bg6j,Rest of US,1.0
drcg,Rest of US,0.8245012421454005
dr9k,Rest of US,1.0
c288,Rest of US,0.9881442359512534
9txc,Rest of US,1.0
dnhn,Rest of US,1.0
c8x6,Rest of US,1.0
b6rw,Rest of US,1.0
bu57,Rest of US,1.0
9z7b,Rest of US,1.0
c8m9,Rest of US,1.0
b6wd,Rest of US,1.0
9qpe,Rest of US,1.0
9wq0,Rest of US,1.0
beqd,Rest of US,1.0
9rvs,Rest of US,1.0
c81j,Rest of US,1.0
9yvf,Rest of US,1.0
9q78,Rest of California,1.0
dr3h,Rest of US,1.0
f05t,Rest of US,0.6511229262308824
b3dk,Rest of US,0.23271168528458971
bd3f,Rest of US,0.9259910044257366
b6ug,Rest of US,1.0
dp36,Rest of US,1.0
9yp6,Rest of US,1.0
bd3j,Rest of US,1.0
bd8z,Rest of US,1.0
9xsk,Rest of US,1.0
9ymv,Rest of US,1.0
c83f,Rest of US,1.0
9z21,Rest of US,1.0
bfsf,Rest of US,0.9910714263245869
8e37,Rest of US,0.08440635764084839
f069,Rest of US,0.16488694474693802
9tmq,Rest of US,0.7395294070670693
c266,Rest of US,1.0
9mur,Rest of California,1.0
9w79,Rest of US,1.0
cbsr,Rest of US,0.6590580375278174
djj6,Rest of US,1.0
dr3r,Rest of US,1.0
dpe6,Rest of US,1.0
bg2v,Rest of US,1.0
c819,Rest of US,1.0
9t8v,Rest of US,1.0
c27q,Rest of US,1.0
9yxr,Rest of US,1.0
dj8t,Rest of US,1.0
dj9z,Rest of US,1.0
beye,Rest of US,1.0
b6vu,Rest of US,1.0
9wmk,Rest of US,1.0
9zv7,Rest of US,1.0
9u9z,Rest of US,1.0
f00z,Rest of US,1.0
bknu,Rest of US,1.0
9xn9,Rest of US,1.0
dne4,Rest of US,1.0
bezd,Rest of US,1.0
9wnj,Rest of US,1.0
bdec,Rest of US,0.2034345271861284
9wrc,Rest of US,1.0
dnee,Rest of US,1.0
bdgm,Rest of US,1.0
dp3c,Rest of US,1.0
9wtj,Rest of US,1.0
9y4e,Rest of US,1.0
djmr,Rest of US,1.0
c8ed,Rest of US,1.0
9qgr,Rest of US,1.0
b6fd,Rest of US,0.5357989079821417
bkhm,Rest of US,1.0
9zpj,Rest of US,1.0
drf1,Rest of US,1.0
cbh2,Rest of US,1.0
9ysp,Rest of US,1.0
dnt8,Rest of US,1.0
bs28,Rest of US,1.0
9zfk,Rest of US,1.0
b6gd,Rest of US,1.0
dpcv,Rest of US,0.23943960285257526
9v65,Rest of US,1.0
dq98,Rest of US,1.0
9wfx,Rest of US,1.0
c2rd,Rest of US,1.0
c2wg,Rest of US,1.0
cbk6,Rest of US,1.0
9rdx,Rest of US,1.0
cbh9,Rest of US,1.0
b6ff,Rest of US,1.0
9rxf,Rest of US,1.0
befk,Rest of US,1.0
dn6u,Rest of US,1.0
9t9f,Rest of US,0.7445656441111168
9rbz,Rest of US,1.0
9xm5,Rest of US,1.0
9y0e,Rest of US,1.0
behw,Rest of US,1.0
9v7t,Rest of US,1.0
9z4c,Rest of US,1.0
dnyg,Rest of US,1.0
djft,Rest of US,1.0
f2pq,Rest of US,1.0
9wft,Rest of US,1.0
9x2k,Rest of US,1.0
c84q,Rest of US,1.0
b5q0,Rest of US,0.6770332517960546
bg4y,Rest of US,1.0
cbjv,Rest of US,1.0
cb2q,Rest of US,1.0
9v0e,Rest of US,0.9200227527134728
9x7e,Rest of US,1.0
9tw1,Rest of US,1.0
dnhs,Rest of US,1.0
dnmf,Rest of US,1.0
9rtf,Rest of US,1.0
c2xm,Rest of US,1.0
dp09,Rest of US,1.0
dq3h,Rest of US,1.0
dqdr,Rest of US,0.5514726073896054
9xq1,Rest of US,1.0
cbw5,Rest of US,0.7144325542406921
bg6k,Rest of US,1.0
9zuk,Rest of US,1.0
c8wk,Rest of US,1.0
9y2q,Rest of US,1.0
9v99,Rest of US,1.0
9tre,Rest of US,1.0
9x58,Rest of US,1.0
c419,Rest of US,0.5820415993013488
cb1e,Rest of US,1.0
c29e,Rest of US,1.0
bfes,Rest of US,0.733104343858873
dp4s,Rest of US,1.0
9mv4,Rest of California,1.0
9udq,Rest of US,1.0
bd94,Rest of US,1.0
b6ev,Rest of US,1.0
9vgr,Rest of US,1.0
beut,Rest of US,1.0
9v2z,Rest of US,1.0
djc4,Rest of US,1.0
9x60,Rest of US,1.0
x4zg,Rest of US,0.01937064323795846
9yz7,Rest of US,1.0
b7tk,Rest of US,1.0
9xrv,Rest of US,1.0
9vrf,Rest of US,1.0
dpkb,Rest of US,1.0
9zvs,Rest of US,1.0
dj76,Rest of US,0.9492177409185466
b6vf,Rest of US,1.0
beqq,Rest of US,1.0
9vb3,Rest of US,1.0
dnzd,Rest of US,1.0
bg3h,Rest of US,1.0
dnp6,Rest of US,1.0
f2ne,Rest of US,1.0
be10,Rest of US,1.0
dnj8,Rest of US,1.0
9qru,Rest of US,1.0
9tnt,Rest of US,0.8407163394730512
bshq,Rest of US,1.0
9rkg,Rest of US,1.0
9xet,Rest of US,1.0
9w91,Rest of US,1.0
9yg0,Rest of US,1.0
cb04,Rest of US,1.0
dnqy,Rest of US,1.0
b6x3,Rest of US,1.0
9vgq,Rest of US,1.0
c2x2,Rest of US,1.0
9vzq,Rest of US,1.0
9wju,Rest of US,1.0
dje9,Rest of US,1.0
dn7w,Rest of US,1.0
9wk0,Rest of US,1.0
9r0y,Rest of California,1.0
bs0x,Rest of US,1.0
9zmm,Rest of US,1.0
dju8,Rest of US,1.0
bdbt,Rest of US,1.0
9xnd,Rest of US,1.0
cbqv,Rest of US,1.0
drv2,Rest of US,1.0
9qut,Rest of US,1.0
9xkr,Rest of US,1.0
becp,Rest of US,1.0
9yty,Rest of US,1.0
9qzh,Rest of US,1.0
9zdw,Rest of US,1.0
9xe6,Rest of US,1.0
dn8m,Rest of US,1.0
9wd6,Rest of US,1.0
b7p0,Rest of US,1.0
9yyy,Rest of US,1.0
b6vk,Rest of US,1.0
bg57,Rest of US,1.0
c2m9,Rest of US,1.0
9y17,Rest of US,1.0
bdcj,Rest of US,1.0
drzx,Rest of US,1.0
9tdu,Rest of US,1.0
dpff,Rest of US,1.0
c8hp,Rest of US,1.0
bu4q,Rest of US,1.0
djzt,Rest of US,0.8219552949938856
drg2,Rest of US,1.0
b7mu,Rest of US,1.0
9w55,Rest of US,1.0
9rfu,Rest of US,1.0
9v3d,Rest of US,1.0
dndh,Rest of US,1.0
9y2x,Rest of US,1.0
9y25,Rest of US,1.0
9vsx,Rest of US,1.0
bs13,Rest of US,1.0
cbqs,Rest of US,1.0
9rq7,Rest of US,1.0
9rmb,Rest of US,1.0
dr2h,Rest of US,1.0
9vse,Rest of US,1.0
9yvu,Rest of US,1.0
9yq5,Rest of US,1.0
dpkj,Rest of US,1.0
c21b,Rest of US,1.0
9xhh,Rest of US,1.0
dq66,Rest of US,0.055924688532522804
cbes,Rest of US,1.0
9yru,Rest of US,1.0
9r66,Rest of California,1.0
bfqt,Rest of US,1.0
bd8w,Rest of US,1.0
bet6,Rest of US,1.0
9x2h,Rest of US,1.0
9x1g,Rest of US,1.0
dqcm,Rest of US,1.0
c22h,Rest of US,1.0
bdu5,Rest of US,0.9999908745856024
9zxy,Rest of US,1.0
zc79,Rest of US,0.022023301377419396
9xqq,Rest of US,1.0
djj1,Rest of US,0.24429402064812805
ben9,Rest of US,1.0
bu02,Rest of US,1.0
bd0m,Rest of US,1.0
9r9x,Rest of US,1.0
9v6z,Rest of US,1.0
dn3p,Rest of US,1.0
bshc,Rest of US,1.0
djyr,Rest of US,1.0
dnqj,Rest of US,1.0
f00w,Rest of US,1.0
b7hb,Rest of US,1.0
9tzz,Rest of US,1.0
9tfm,Rest of US,1.0
dnbk,Rest of US,1.0
9tzk,Rest of US,1.0
dr88,Rest of US,1.0
djd0,Rest of US,1.0
9tuc,Rest of US,1.0
drt2,Rest of US,0.9999998384271881
f00p,Rest of US,1.0
9rgu,Rest of US,1.0
9wgz,Rest of US,1.0
bkr1,Rest of US,1.0
9zxu,Rest of US,1.0
9r48,Rest of US,0.3423533878919
9r48,Rest of California,0.6576466121080999
9xyz,Rest of US,1.0
9yp3,Rest of US,1.0
bd3h,Rest of US,1.0
c88q,Rest of US,0.7460829678929339
c1f4,Rest of US,0.27994946402616455
b6zv,Rest of US,1.0
9zwd,Rest of US,1.0
dpdu,Rest of US,1.0
b3dz,Rest of US,0.285524613617471
f0h8,Rest of US,0.8698659858434665
c86j,Rest of US,1.0
9vg9,Rest of US,1.0
9v0z,Rest of US,1.0
9vx0,Rest of US,1.0
b7tg,Rest of US,1.0
9rdu,Rest of US,1.0
berz,Rest of US,1.0
c8k4,Rest of US,1.0
9ym4,Rest of US,1.0
9wyr,Rest of US,1.0
9myx,Rest of US,0.7467759262011556
9myx,Rest of California,0.2532240737988442
bd6v,Rest of US,0.09205035702332923
f04z,Rest of US,1.0
9w2w,Rest of US,1.0
bey7,Rest of US,1.0
bsj3,Rest of US,1.0
9x88,Rest of US,1.0
cbpf,Rest of US,1.0
9ym7,Rest of US,1.0
dp0u,Rest of US,1.0
drsw,Rest of US,1.0
9yjz,Rest of US,1.0
c82s,Rest of US,1.0
cbej,Rest of US,1.0
bsw8,Rest of US,0.06711871443818825
dpeu,Rest of US,1.0
dnxw,Rest of US,1.0
f056,Rest of US,0.04901734114027857
dpmg,Rest of US,0.9997348646229771
f801,Rest of US,0.1483804608772168
be28,Rest of US,1.0
b6z0,Rest of US,1.0
9qcg,Rest of California,0.9999923822973075
9tbt,Rest of US,1.0
bs4t,Rest of US,1.0
beqp,Rest of US,1.0
c1bp,Rest of US,0.1402671699499907
dnwh,Rest of US,1.0
bdck,Rest of US,1.0
9w1z,Rest of US,1.0
dry5,Rest of US,1.0
bgdz,Rest of US,1.0
c8rv,Rest of US,1.0
c8ju,Rest of US,1.0
9tx1,Rest of US,1.0
djb7,Rest of US,1.0
bffv,Rest of US,1.0
dr23,Rest of US,1.0
c866,Rest of US,1.0
b7vm,Rest of US,1.0
dr1r,Rest of US,1.0
bddx,Rest of US,1.0
dpgp,Rest of US,0.5600730612410129
dp3h,Rest of US,1.0
9rd1,Rest of US,1.0
c880,Rest of US,1.0
9xbf,Rest of US,1.0
cbnr,Rest of US,1.0
dpnc,Rest of US,1.0
c2ru,Rest of US,1.0
9v7q,Rest of US,1.0
9udr,Rest of US,1.0
b7qn,Rest of US,1.0
9tys,Rest of US,1.0
9w3d,Rest of US,1.0
c2hs,Rest of US,1.0
9z0q,Rest of US,1.0
c81g,Rest of US,1.0
9prb,Rest of California,1.0
9r2q,Rest of US,0.04390642559761547
9r2q,Rest of California,0.9560935744023845
bg5k,Rest of US,1.0
9y6t,Rest of US,1.0
9wzx,Rest of US,1.0
djyq,Rest of US,1.0
dr2r,Rest of US,1.0
c2pz,Rest of US,1.0
b6qr,Rest of US,0.9015053989303852
9xqu,Rest of US,1.0
9r6q,Rest of US,0.1074324252829183
9r6q,Rest of California,0.8925675747170817
9zez,Rest of US,1.0
dndf,Rest of US,1.0
c2n2,Rest of US,1.0
bdbm,Rest of US,1.0
b7sq,Rest of US,1.0
bd26,Rest of US,1.0
bk72,Rest of US,0.4429043269140585
bgdt,Rest of US,1.0
f010,Rest of US,1.0
dr0m,Rest of US,1.0
dnxt,Rest of US,1.0
bfcs,Rest of US,1.0
9z6r,Rest of US,1.0
9v7g,Rest of US,1.0
dng0,Rest of US,1.0
9qxy,Rest of US,1.0
9qud,Rest of US,1.0
9ybs,Rest of US,1.0
djme,Rest of US,1.0
9z1v,Rest of US,1.0
dp9r,Rest of US,1.0
9x5n,Rest of US,1.0
dp8r,Rest of US,1.0
9zze,Rest of US,1.0
9tqz,Rest of US,1.0
bs1q,Rest of US,1.0
dr54,Rest of US,1.0
dpm9,Rest of US,1.0
9w9s,Rest of US,1.0
beq2,Rest of US,1.0
9yxc,Rest of US,1.0
bewt,Rest of US,1.0
9x3c,Rest of US,1.0
dq33,Rest of US,0.7523244770586119
be3h,Rest of US,1.0
bebb,Rest of US,1.0
bkjx,Rest of US,1.0
b7ne,Rest of US,1.0
9wjf,Rest of US,1.0
bsks,Rest of US,1.0
9q4h,Rest of California,0.062118891012400076
cbmw,Rest of US,1.0
9v0w,Rest of US,1.0
bdyw,Rest of US,1.0
behu,Rest of US,1.0
9wtn,Rest of US,1.0
c8he,Rest of US,1.0
c232,Rest of US,1.0
dnqf,Rest of US,1.0
9qxp,Rest of US,1.0
9y62,Rest of US,1.0
9rsu,Rest of US,1.0
9quu,Rest of US,1.0
bg8b,Rest of US,1.0
c80x,Rest of US,1.0
cb9b,Rest of US,1.0
dn7t,Rest of US,1.0
9ywx,Rest of US,1.0
bsqz,Rest of US,0.7275654704739503
9qwk,Rest of US,1.0
9rwy,Rest of US,1.0
djm9,Rest of US,1.0
9x3h,Rest of US,1.0
9zss,Rest of US,1.0
dn8z,Rest of US,1.0
bs0v,Rest of US,1.0
dnzy,Rest of US,1.0
c831,Rest of US,1.0
9r69,Rest of US,0.33214697751112304
9r69,Rest of California,0.667853022488877
dj7y,Rest of US,1.0
c21m,Rest of US,1.0
cb9m,Rest of US,1.0
9zj7,Rest of US,1.0
bsjv,Rest of US,1.0
bs9h,Rest of US,0.9817326831247871
be3x,Rest of US,1.0
9w17,Rest of US,1.0
djf6,Rest of US,1.0
9xem,Rest of US,1.0
9zcc,Rest of US,1.0
9w3v,Rest of US,1.0
cb7b,Rest of US,1.0
9zt7,Rest of US,1.0
bee6,Rest of US,1.0
dryc,Rest of US,0.026638853139159816
be0b,Rest of US,1.0
bkq3,Rest of US,1.0
c253,Rest of US,1.0
dnnq,Rest of US,1.0
9qzg,Rest of US,1.0
9tx2,Rest of US,1.0
9w3j,Rest of US,1.0
bd9t,Rest of US,1.0
dphc,Rest of US,1.0
9xeh,Rest of US,1.0
c2s1,Rest of US,1.0
dnrk,Rest of US,1.0
dpkx,Rest of US,1.0
cb5z,Rest of US,1.0
bkmn,Rest of US,1.0
9y3k,Rest of US,1.0
dppx,Rest of US,1.0
9vst,Rest of US,1.0
be5w,Rest of US,1.0
9w8y,Rest of US,1.0
9qy4,Rest of US,1.0
9xyw,Rest of US,1.0
bs21,Rest of US,1.0
9r4v,Rest of US,1.0
be3u,Rest of US,1.0
bez9,Rest of US,1.0
9wq2,Rest of US,1.0
c2mc,Rest of US,1.0
cbhd,Rest of US,1.0
dnkc,Rest of US,1.0
9wn9,Rest of US,1.0
cb70,Rest of US,1.0
b7zj,Rest of US,1.0
9tgu,Rest of US,1.0
dne9,Rest of US,1.0
b7t0,Rest of US,0.5551473161812297
9yv7,Rest of US,1.0
b7m3,Rest of US,0.2887232633565726
b7vr,Rest of US,1.0
9qp0,Rest of US,1.0
dr4d,Rest of US,1.0
c22c,Rest of US,1.0
9ykd,Rest of US,1.0
9vkh,Rest of US,1.0
dp5f,Rest of US,1.0
bdvh,Rest of US,0.5377153435795486
9wss,Rest of US,1.0
djj8,Rest of US,1.0
f07b,Rest of US,0.3165170061471514
9rv5,Rest of US,1.0
9mzv,Rest of US,1.0
bfru,Rest of US,0.7092703468348373
c84g,Rest of US,1.0
9y39,Rest of US,1.0
dnt5,Rest of US,1.0
b7qp,Rest of US,1.0
9r6n,Rest of US,0.10721341070222681
9r6n,Rest of California,0.8927865892977732
be5n,Rest of US,1.0
bkmt,Rest of US,1.0
be8g,Rest of US,1.0
bsqn,Rest of US,1.0
djgy,Rest of US,1.0
9yem,Rest of US,1.0
b7yn,Rest of US,1.0
9z1j,Rest of US,1.0
bs3g,Rest of US,1.0
9zg0,Rest of US,1.0
b7mp,Rest of US,0.018576731481105425
9vw9,Rest of US,1.0
9z3v,Rest of US,1.0
c23b,Rest of US,1.0
c886,Rest of US,1.0
dj84,Rest of US,1.0
beh7,Rest of US,1.0
b7uu,Rest of US,0.14556212780114874
dnwc,Rest of US,1.0
9v9y,Rest of US,1.0
9zp5,Rest of US,1.0
dnn2,Rest of US,1.0
b3vc,Rest of US,0.13586844937718512
b7px,Rest of US,1.0
bu3v,Rest of US,1.0
9z1k,Rest of US,1.0
cbe6,Rest of US,1.0
9xus,Rest of US,1.0
bkhj,Rest of US,1.0
9zru,Rest of US,1.0
9wry,Rest of US,1.0
9v5s,Rest of US,1.0
dnvp,Rest of US,1.0
c2eg,Rest of US,1.0
dp3p,Rest of US,1.0
bu31,Rest of US,1.0
dq0q,Rest of US,1.0
9ysh,Rest of US,1.0
cbpc,Rest of US,1.0
9yve,Rest of US,1.0
bs6t,Rest of US,1.0
9xxm,Rest of US,1.0
de21,Rest of US,0.011056737155013336
dr95,Rest of US,1.0
dhw6,Rest of US,1.0
bdv7,Rest of US,0.34124075176994273
bdcn,Rest of US,1.0
9zbz,Rest of US,1.0
9mvu,Rest of California,1.0
drk6,Rest of US,0.2531868971553208
9xx4,Rest of US,1.0
bgc2,Rest of US,1.0
bgbg,Rest of US,1.0
c8wt,Rest of US,1.0
dps3,Rest of US,1.0
bu1n,Rest of US,1.0
bdgv,Rest of US,1.0
9q9v,Rest of California,1.0
dp4t,Rest of US,1.0
9z0f,Rest of US,1.0
9yc7,Rest of US,1.0
9rb8,Rest of US,1.0
bu14,Rest of US,1.0
9z2p,Rest of US,1.0
bs87,Rest of US,1.0
9wwv,Rest of US,1.0
9tcj,Rest of US,1.0
9zch,Rest of US,1.0
cbk5,Rest of US,1.0
9v4u,Rest of US,1.0
9q7z,Rest of California,0.9997843477053123
9xkd,Rest of US,1.0
9zd0,Rest of US,1.0
bsm9,Rest of US,1.0
bspj,Rest of US,1.0
b7xk,Rest of US,1.0
dhvw,Rest of US,1.0
c2mg,Rest of US,1.0
djj5,Rest of US,0.22681970803485726
dnxk,Rest of US,1.0
dhz0,Rest of US,0.3324766570600931
drqn,Rest of US,0.18774375521304032
9qwz,Rest of US,1.0
b7yc,Rest of US,1.0
dn63,Rest of US,1.0
dq3u,Rest of US,0.5744288292590363
cbnm,Rest of US,1.0
b7x9,Rest of US,1.0
dq9v,Rest of US,0.06305068030642177
9y74,Rest of US,1.0
c8sy,Rest of US,0.7534268159093497
9xvq,Rest of US,1.0
bevv,Rest of US,1.0
9r8r,Rest of US,1.0
9rmm,Rest of US,1.0
9vmt,Rest of US,1.0
b6mm,Rest of US,0.15050536523631086
f034,Rest of US,0.6797503548157208
9wu5,Rest of US,1.0
bept,Rest of US,1.0
dpqf,Rest of US,1.0
c8q2,Rest of US,1.0
bsnw,Rest of US,1.0
9w90,Rest of US,1.0
be7f,Rest of US,1.0
9wze,Rest of US,1.0
9mum,Rest of California,0.2026667751521821
9yws,Rest of US,1.0
9vx4,Rest of US,1.0
9wrf,Rest of US,1.0
b6pv,Rest of US,1.0
c402,Rest of US,0.037596486066525193
c85s,Rest of US,1.0
b7jk,Rest of US,1.0
b7pb,Rest of US,1.0
b6we,Rest of US,1.0
bsqe,Rest of US,1.0
c2wq,Rest of US,0.7574746909463809
drsd,Rest of US,1.0
bdv9,Rest of US,1.0
9r9f,Rest of US,1.0
9pxb,Rest of US,1.0
bgge,Rest of US,0.926062166911773
9xh9,Rest of US,1.0
9rdn,Rest of US,1.0
9zn8,Rest of US,1.0
c8wd,Rest of US,1.0
c2mh,Rest of US,1.0
c407,Rest of US,0.20197993267726383
begn,Rest of US,1.0
cbw7,Rest of US,0.040853183004528955
drvk,Rest of US,1.0
9w4g,Rest of US,1.0
b7gw,Rest of US,0.8008742972176216
dptp,Rest of US,1.0
bf9r,Rest of US,1.0
9qps,Rest of US,1.0
9ywp,Rest of US,1.0
9v8n,Rest of US,1.0
b5r0,Rest of US,0.9795566826385368
bg7w,Rest of US,0.9263183278798857
bfpw,Rest of US,0.8764164795378575
bk53,Rest of US,1.0
dn2k,Rest of US,1.0
cbdb,Rest of US,1.0
9txv,Rest of US,1.0
c8s7,Rest of US,1.0
9y83,Rest of US,1.0
9x32,Rest of US,1.0
b7wh,Rest of US,1.0
bge2,Rest of US,1.0
9wbq,Rest of US,1.0
9wzr,Rest of US,1.0
dr0s,Rest of US,1.0
9rzf,Rest of US,1.0
cbhb,Rest of US,1.0
9mxw,Rest of US,0.9993914102254956
dpx9,Rest of US,0.7985006587259986
9rrz,Rest of US,1.0
9yhz,Rest of US,1.0
bkju,Rest of US,1.0
9wx1,Rest of US,1.0
bezk,Rest of US,1.0
dpb5,Rest of US,1.0
b39f,Rest of US,0.22816409437168972
9wqh,Rest of US,1.0
dp78,Rest of US,1.0
bknv,Rest of US,1.0
bfrg,Rest of US,0.5872382780364527
b7sx,Rest of US,0.7483054704834179
bkqg,Rest of US,1.0
zc7s,Rest of US,0.027990805945817765
cb77,Rest of US,1.0
c28u,Rest of US,0.4674035254080318
bevp,Rest of US,1.0
c24y,Rest of US,1.0
bgd3,Rest of US,1.0
c80y,Rest of US,1.0
9y1c,Rest of US,1.0
9rtb,Rest of US,1.0
9z2s,Rest of US,1.0
9mxn,Rest of US,0.09363546767947256
dpe3,Rest of US,1.0
dnv0,Rest of US,1.0
djzk,Rest of US,1.0
9tnw,Rest of US,1.0
cbnp,Rest of US,1.0
b7q1,Rest of US,1.0
9vwx,Rest of US,1.0
9qz9,Rest of US,1.0
9w85,Rest of US,1.0
9vr2,Rest of US,1.0
dn1v,Rest of US,1.0
9x93,Rest of US,1.0
cbrp,Rest of US,1.0
c1cs,Rest of US,0.9997049494291227
dj2m,Rest of US,1.0
b32r,Rest of US,0.9119900873914449
c8hr,Rest of US,1.0
9vbp,Rest of US,1.0
b7e9,Rest of US,1.0
9ry2,Rest of US,1.0
9z3z,Rest of US,1.0
9zuy,Rest of US,1.0
dn7m,Rest of US,1.0
bfc6,Rest of US,1.0
9zjj,Rest of US,1.0
cbsb,Rest of US,1.0
9wgk,Rest of US,1.0
9r5f,Rest of US,1.0
dnex,Rest of US,1.0
9zjv,Rest of US,1.0
dj7f,Rest of US,0.9147302168243641
c8n6,Rest of US,1.0
bfx6,Rest of US,1.0
bgf7,Rest of US,1.0
b7uc,Rest of US,0.21212747256197628
be82,Rest of US,1.0
djhy,Rest of US,0.4339270963766287
dpps,Rest of US,1.0
dncg,Rest of US,1.0
9vsg,Rest of US,1.0
9r9m,Rest of US,1.0
dhy8,Rest of US,1.0
9r3k,Rest of California,1.0
c8qm,Rest of US,1.0
bg79,Rest of US,0.9264168513291224
bs4q,Rest of US,1.0
be75,Rest of US,1.0
9xxx,Rest of US,1.0
bd90,Rest of US,1.0
drkg,Rest of US,0.9054801982940497
b6v9,Rest of US,1.0
9muy,Rest of California,1.0
c864,Rest of US,1.0
c881,Rest of US,1.0
9wf5,Rest of US,1.0
be4r,Rest of US,1.0
dq2t,Rest of US,1.0
b3ym,Rest of US,0.4651898114029512
cb85,Rest of US,1.0
9tcf,Rest of US,1.0
9yxz,Rest of US,1.0
bkrt,Rest of US,1.0
bgg1,Rest of US,1.0
9rvu,Rest of US,1.0
c8mr,Rest of US,1.0
dr2x,Rest of US,1.0
bfpk,Rest of US,0.2759921877681694
9wxv,Rest of US,1.0
9qu6,Rest of US,1.0
9rxu,Rest of US,1.0
9yj9,Rest of US,1.0
dn8h,Rest of US,1.0
9x03,Rest of US,1.0
b79t,Rest of US,1.0
bshr,Rest of US,1.0
dp81,Rest of US,1.0
9x2b,Rest of US,1.0
9twt,Rest of US,1.0
9qd4,Rest of California,0.9999930840323521
c1fy,Rest of US,0.9941790428596573
9yts,Rest of US,1.0
bfg3,Rest of US,1.0
9yzz,Rest of US,1.0
dn21,Rest of US,1.0
9q7r,Rest of California,1.0
bffw,Rest of US,1.0
dry6,Rest of US,1.0
9x20,Rest of US,1.0
bkkb,Rest of US,1.0
dnwz,Rest of US,1.0
bkps,Rest of US,1.0
9zqn,Rest of US,1.0
bknb,Rest of US,1.0
b6mt,Rest of US,0.4402663252456562
9z1p,Rest of US,1.0
9rux,Rest of US,1.0
c22q,Rest of US,0.971707353831057
9r1y,Rest of California,1.0
bezh,Rest of US,1.0
c8n2,Rest of US,1.0
dqb2,Rest of US,1.0
9x4m,Rest of US,1.0
9xh8,Rest of US,1.0
djs7,Rest of US,1.0
c2wm,Rest of US,1.0
9vey,Rest of US,1.0
drz7,Rest of US,0.35688748497596834
b6qu,Rest of US,0.42194319552878534
djnp,Rest of US,1.0
dnff,Rest of US,1.0
9qe0,Rest of California,1.0
9qrx,Rest of US,1.0
9y11,Rest of US,1.0
9qhf,Rest of California,1.0
f01y,Rest of US,1.0
dj7z,Rest of US,1.0
9y8n,Rest of US,1.0
dp06,Rest of US,1.0
9tsm,Rest of US,1.0
dn2c,Rest of US,1.0
dp8k,Rest of US,1.0
c0rs,Rest of US,0.2931283789576156
dnef,Rest of US,1.0
bewb,Rest of US,1.0
bs5v,Rest of US,1.0
9qfg,Rest of California,1.0
9v2w,Rest of US,1.0
dpe8,Rest of US,1.0
dndz,Rest of US,1.0
9r7s,Rest of US,1.0
9wf2,Rest of US,1.0
9rdp,Rest of US,1.0
bs3r,Rest of US,1.0
9txm,Rest of US,1.0
9x0g,Rest of US,1.0
9vc6,Rest of US,1.0
cb03,Rest of US,1.0
9rph,Rest of US,1.0
9tfk,Rest of US,1.0
dr1j,Rest of US,1.0
bs62,Rest of US,1.0
9q6h,Rest of California,1.0
9udg,Rest of US,0.2975769164999215
befm,Rest of US,1.0
bg4z,Rest of US,1.0
dr1c,Rest of US,0.9946277999736454
dj7w,Rest of US,1.0
9zzv,Rest of US,1.0
b752,Rest of US,1.0
9tg8,Rest of US,1.0
dj88,Rest of US,1.0
9wvb,Rest of US,1.0
dnth,Rest of US,1.0
be5h,Rest of US,1.0
drv8,Rest of US,1.0
b7x8,Rest of US,1.0
9vqr,Rest of US,1.0
djbw,Rest of US,1.0
9ysr,Rest of US,1.0
9pxv,Rest of US,1.0
9rvx,Rest of US,1.0
9w6y,Rest of US,1.0
dpew,Rest of US,1.0
9ynt,Rest of US,1.0
b6fq,Rest of US,1.0
9yed,Rest of US,1.0
bg4k,Rest of US,1.0
9qsv,Rest of US,1.0
9rt3,Rest of US,1.0
9yvw,Rest of US,1.0
bu3c,Rest of US,1.0
dp0z,Rest of US,1.0
c8x2,Rest of US,1.0
9zyg,Rest of US,1.0
drfs,Rest of US,1.0
bev6,Rest of US,1.0
dn5s,Rest of US,1.0
b74u,Rest of US,0.956081284968812
dnwq,Rest of US,1.0
bs90,Rest of US,1.0
9xjr,Rest of US,1.0
zcnr,Rest of US,0.07263663088713129
b6vr,Rest of US,1.0
9wmf,Rest of US,1.0
dpuk,Rest of US,1.0
dncx,Rest of US,1.0
9ynr,Rest of US,1.0
cb7c,Rest of US,1.0
b6sh,Rest of US,0.2359767671038587
bexf,Rest of US,1.0
b7pd,Rest of US,1.0
9x4c,Rest of US,1.0
dpq4,Rest of US,1.0
9rhv,Rest of US,1.0
9v5p,Rest of US,1.0
b14w,Rest of US,0.5008496171664267
9x1y,Rest of US,1.0
f2rb,Rest of US,0.1856210643712378
9xmx,Rest of US,1.0
dnv3,Rest of US,1.0
9r5m,Rest of US,1.0
9yb4,Rest of US,1.0
9xzg,Rest of US,1.0
b6zn,Rest of US,1.0
c8sq,Rest of US,0.7547363984604292
8e9n,Rest of US,0.11299312042539854
drdz,Rest of US,1.0
9yhv,Rest of US,1.0
cb7e,Rest of US,1.0
9q7s,Rest of California,1.0
9rp4,Rest of US,1.0
c0py,Rest of US,0.4577292076433944
cbwd,Rest of US,0.5299183665765042
b6dh,Rest of US,0.29151932406930253
c2n7,Rest of US,1.0
9z26,Rest of US,1.0
bec3,Rest of US,1.0
bkrp,Rest of US,1.0
dny6,Rest of US,1.0
9qeh,Rest of California,1.0
bg2d,Rest of US,1.0
dpkm,Rest of US,1.0
dnne,Rest of US,1.0
9wf9,Rest of US,1.0
c20g,Rest of US,1.0
9mz7,Rest of US,1.0
9x6p,Rest of US,1.0
b7q5,Rest of US,1.0
9ybn,Rest of US,1.0
9t9p,Rest of US,1.0
bs8b,Rest of US,1.0
9y48,Rest of US,1.0
9zw1,Rest of US,1.0
dryn,Rest of US,1.0
djey,Rest of US,1.0
djgb,Rest of US,1.0
9vhr,Rest of US,0.9665658645489151
djen,Rest of US,1.0
9z7h,Rest of US,1.0
9q63,Rest of California,1.0
b78m,Rest of US,0.12681478744836577
bfrw,Rest of US,1.0
cb4u,Rest of US,1.0
c2tf,Rest of US,1.0
9zu8,Rest of US,1.0
b7uj,Rest of US,0.7221043917865941
9yt3,Rest of US,1.0
9zd6,Rest of US,1.0
dp4n,Rest of US,1.0
9wtb,Rest of US,1.0
9z88,Rest of US,1.0
9yc5,Rest of US,1.0
f2p1,Rest of US,1.0
djcu,Rest of US,1.0
b76x,Rest of US,1.0
beq9,Rest of US,1.0
9v7f,Rest of US,1.0
b7yk,Rest of US,1.0
c86n,Rest of US,1.0
b79s,Rest of US,1.0
9xtk,Rest of US,1.0
bem4,Rest of US,1.0
dndx,Rest of US,1.0
c8sg,Rest of US,1.0
f2n8,Rest of US,1.0
9vrg,Rest of US,1.0
dp5g,Rest of US,1.0
9z2j,Rest of US,1.0
bg1n,Rest of US,1.0
bdbc,Rest of US,1.0
bfrh,Rest of US,0.9199712627492957
9rp0,Rest of US,1.0
9qn7,Rest of California,1.0
betb,Rest of US,1.0
dnmc,Rest of US,1.0
be9u,Rest of US,1.0
9x17,Rest of US,1.0
9x8t,Rest of US,1.0
cbnt,Rest of US,1.0
9xh2,Rest of US,1.0
bg2m,Rest of US,1.0
9wcs,Rest of US,1.0
9rw3,Rest of US,1.0
9vde,Rest of US,1.0
dn38,Rest of US,1.0
9y3s,Rest of US,1.0
9q5e,Rest of California,0.999929212260968
9zqc,Rest of US,1.0
cbnq,Rest of US,1.0
9tff,Rest of US,1.0
bdzw,Rest of US,1.0
bfbc,Rest of US,1.0
bg0v,Rest of US,1.0
dj2u,Rest of US,0.28013954982805755
9xhf,Rest of US,1.0
9z5c,Rest of US,1.0
c8n4,Rest of US,1.0
b5pq,Rest of US,0.558701247000811
c21x,Rest of US,1.0
bft7,Rest of US,0.9546881824448091
c23w,Rest of US,1.0
bdwm,Rest of US,0.8340083213252396
bdvu,Rest of US,1.0
9vzh,Rest of US,1.0
dn55,Rest of US,1.0
9tfj,Rest of US,1.0
b7p6,Rest of US,1.0
9zvd,Rest of US,1.0
9wv4,Rest of US,1.0
c8nm,Rest of US,1.0
cb3u,Rest of US,1.0
9y5f,Rest of US,1.0
dnjc,Rest of US,1.0
9vf9,Rest of US,1.0
djn0,Rest of US,1.0
c8ns,Rest of US,1.0
c2ns,Rest of US,1.0
9y1v,Rest of US,1.0
bd2n,Rest of US,0.37689546025230725
cbnx,Rest of US,1.0
9q6s,Rest of California,0.9996884256565981
benh,Rest of US,1.0
9ruk,Rest of US,1.0
9xzw,Rest of US,1.0
cb9q,Rest of US,0.7538538674572515
cb3j,Rest of US,1.0
9zwp,Rest of US,1.0
9wxs,Rest of US,1.0
c8qd,Rest of US,1.0
c8df,Rest of US,1.0
9wcn,Rest of US,1.0
b6kz,Rest of US,0.24132580517118346
b7xg,Rest of US,1.0
bu43,Rest of US,1.0
9r4e,Rest of US,0.32735505739521026
9r4e,Rest of California,0.6726449426047897
bu72,Rest of US,1.0
c241,Rest of US,1.0
9yvh,Rest of US,1.0
9wue,Rest of US,1.0
b7s2,Rest of US,1.0
c26f,Rest of US,1.0
9qtz,Rest of US,1.0
9qgt,Rest of US,1.0
b6mw,Rest of US,0.30776785207790824
9wfe,Rest of US,1.0
dr0b,Rest of US,1.0
dp87,Rest of US,1.0
c21k,Rest of US,1.0
b6tz,Rest of US,1.0
9w86,Rest of US,1.0
9r9h,Rest of US,1.0
dpde,Rest of US,0.22055267768295372
be0r,Rest of US,1.0
9vtk,Rest of US,1.0
b3ez,Rest of US,0.5101306071179706
9wjd,Rest of US,1.0
9vz3,Rest of US,1.0
c843,Rest of US,1.0
9q5c,Rest of California,0.9771817458925396
djuy,Rest of US,1.0
9x43,Rest of US,1.0
drvr,Rest of US,1.0
9zsy,Rest of US,1.0
9vcv,Rest of US,1.0
c8r1,Rest of US,1.0
cb00,Rest of US,1.0
cb6e,Rest of US,1.0
bduf,Rest of US,0.7767960418660145
c8dd,Rest of US,1.0
9quf,Rest of US,1.0
bsd1,Rest of US,1.0
dpq8,Rest of US,1.0
9q3y,Rest of California,1.0
b3dy,Rest of US,0.9082205200502597
bu63,Rest of US,1.0
dp82,Rest of US,1.0
9x18,Rest of US,1.0
9rxz,Rest of US,1.0
9qct,Rest of California,0.9999032054704581
9x3v,Rest of US,1.0
9zqz,Rest of US,1.0
bkme,Rest of US,1.0
9w05,Rest of US,1.0
bfcb,Rest of US,1.0
9u9x,Rest of US,1.0
9wds,Rest of US,1.0
9ytn,Rest of US,1.0
drgh,Rest of US,1.0
dhvs,Rest of US,1.0
dphu,Rest of US,1.0
bs0w,Rest of US,1.0
9qew,Rest of California,1.0
bdfr,Rest of US,1.0
9wc1,Rest of US,1.0
bebj,Rest of US,1.0
dnk9,Rest of US,1.0
9xmh,Rest of US,1.0
9tqq,Rest of US,1.0
behf,Rest of US,1.0
bep8,Rest of US,1.0
c1fq,Rest of US,1.0
9xkf,Rest of US,1.0
c8ds,Rest of US,1.0
bkhs,Rest of US,1.0
dpb3,Rest of US,1.0
9yd1,Rest of US,1.0
be08,Rest of US,1.0
9zqu,Rest of US,1.0
dp4r,Rest of US,1.0
beyk,Rest of US,1.0
9yv1,Rest of US,1.0
dpfc,Rest of US,1.0
bffd,Rest of US,1.0
9rfc,Rest of US,1.0
f091,Rest of US,0.11242187468372888
b6qn,Rest of US,0.06986934756829646
9vxc,Rest of US,1.0
c2e6,Rest of US,1.0
9qkc,Rest of California,1.0
9q3q,Rest of California,0.6328896461489099
c896,Rest of US,1.0
b7dz,Rest of US,1.0
9zyd,Rest of US,1.0
dpue,Rest of US,0.38743151976735846
9zfz,Rest of US,1.0
9w00,Rest of US,1.0
bkwg,Rest of US,0.0455061693166408
dpx2,Rest of US,0.7566425125022443
9xns,Rest of US,1.0
9yng,Rest of US,1.0
bexx,Rest of US,1.0
9qst,Rest of US,1.0
dnpj,Rest of US,1.0
be6g,Rest of US,1.0
9xvj,Rest of US,1.0
bfrc,Rest of US,0.9023208271120634
9zeq,Rest of US,1.0
dnmr,Rest of US,1.0
dqc8,Rest of US,0.4386340592466879
9z3k,Rest of US,1.0
be5z,Rest of US,1.0
bfcw,Rest of US,1.0
bfby,Rest of US,1.0
9q3g,Rest of California,0.9967235046743925
9vtc,Rest of US,1.0
cbs4,Rest of US,1.0
b6xe,Rest of US,1.0
9re7,Rest of US,1.0
drdu,Rest of US,1.0
9wxd,Rest of US,1.0
dpme,Rest of US,0.9478669803740529
djuk,Rest of US,1.0
c1gd,Rest of US,0.16854824437025062
bet8,Rest of US,1.0
c8eb,Rest of US,1.0
9tzp,Rest of US,1.0
9y7k,Rest of US,1.0
9y7t,Rest of US,1.0
9w98,Rest of US,1.0
b6uv,Rest of US,1.0
dq3e,Rest of US,1.0
9wd9,Rest of US,1.0
c2xv,Rest of US,1.0
9x0t,Rest of US,1.0
9r12,Rest of California,0.9999289653046661
bs92,Rest of US,1.0
9zwq,Rest of US,1.0
9tns,Rest of US,0.05692079727490089
cbek,Rest of US,1.0
c20d,Rest of US,1.0
9ttc,Rest of US,1.0
dny9,Rest of US,1.0
djmc,Rest of US,1.0
dpru,Rest of US,1.0
bg06,Rest of US,1.0
beg4,Rest of US,1.0
9rty,Rest of US,1.0
9ytq,Rest of US,1.0
drgk,Rest of US,1.0
9qjy,Rest of California,1.0
b7gx,Rest of US,0.9935958854456584
bs4g,Rest of US,1.0
dp32,Rest of US,1.0
9rj8,Rest of US,1.0
cb6b,Rest of US,1.0
bddp,Rest of US,1.0
9r2e,Rest of California,1.0
c8h5,Rest of US,1.0
9z7r,Rest of US,1.0
bu49,Rest of US,1.0
c8ku,Rest of US,1.0
9zpz,Rest of US,1.0
9vuh,Rest of US,1.0
dpkd,Rest of US,1.0
9w4h,Rest of US,1.0
c27j,Rest of US,1.0
bfxd,Rest of US,1.0
b74g,Rest of US,1.0
drkr,Rest of US,1.0
9rbx,Rest of US,1.0
cbj6,Rest of US,1.0
9rnk,Rest of US,1.0
drf4,Rest of US,1.0
bgfe,Rest of US,1.0
9xb8,Rest of US,1.0
djdq,Rest of US,1.0
c2rn,Rest of US,1.0
c80j,Rest of US,1.0
9vc1,Rest of US,1.0
bd4h,Rest of US,0.46804167693271925
bf8x,Rest of US,0.6675239217355675
dr0n,Rest of US,1.0
9ynj,Rest of US,1.0
9rrm,Rest of US,1.0
9v1m,Rest of US,1.0
djus,Rest of US,1.0
djkf,Rest of US,1.0
bu05,Rest of US,1.0
bdfv,Rest of US,1.0
b5pp,Rest of US,0.7920113884811384
c1fv,Rest of US,0.8076890097855727
dn3m,Rest of US,1.0
be13,Rest of US,1.0
9yev,Rest of US,1.0
9vzb,Rest of US,1.0
b3uv,Rest of US,0.6915715256349199
9wsv,Rest of US,1.0
9r5h,Rest of US,1.0
9xfs,Rest of US,1.0
9v8g,Rest of US,1.0
b74z,Rest of US,0.036505140744236934
djtg,Rest of US,1.0
djtz,Rest of US,1.0
9ty1,Rest of US,1.0
b73x,Rest of US,0.1377046808712099
9qwj,Rest of US,1.0
9yn4,Rest of US,1.0
9qm2,Rest of California,1.0
f2n4,Rest of US,1.0
dp3t,Rest of US,0.9476616740440313
b6yu,Rest of US,1.0
bs19,Rest of US,1.0
9zxc,Rest of US,1.0
bgdc,Rest of US,1.0
9mv3,Rest of California,0.47778209378988357
b7pr,Rest of US,1.0
9mzs,Rest of US,1.0
b7pz,Rest of US,1.0
9qjp,Rest of California,1.0
9rqm,Rest of US,1.0
9vqm,Rest of US,1.0
9y7q,Rest of US,1.0
bg3n,Rest of US,1.0
bfpr,Rest of US,0.9717204883626951
9vyb,Rest of US,1.0
9yyn,Rest of US,1.0
dpv4,Rest of US,0.35895361782538826
9qge,Rest of US,1.0
9wkp,Rest of US,1.0
dnze,Rest of US,1.0
djzx,Rest of US,1.0
9tfw,Rest of US,1.0
c86k,Rest of US,1.0
9zcb,Rest of US,1.0
9r4s,Rest of US,0.3242683576528483
9r4s,Rest of California,0.6757316423471518
9wyz,Rest of US,1.0
9v31,Rest of US,1.0
begk,Rest of US,1.0
9rfw,Rest of US,1.0
b6y5,Rest of US,1.0
dpsk,Rest of US,1.0
9qdb,Rest of California,1.0
dpfd,Rest of US,0.9662948271140724
9x5g,Rest of US,1.0
dqbs,Rest of US,1.0
9yur,Rest of US,1.0
besy,Rest of US,1.0
c87t,Rest of US,1.0
bdez,Rest of US,0.12739283275838065
9yn1,Rest of US,1.0
9z51,Rest of US,1.0
dnzu,Rest of US,1.0
9qg2,Rest of California,1.0
dnqb,Rest of US,1.0
bu2u,Rest of US,1.0
c2qk,Rest of US,1.0
c8wy,Rest of US,0.7481884857049509
c2ds,Rest of US,1.0
b7d1,Rest of US,1.0
9xm8,Rest of US,1.0
dprp,Rest of US,0.918585506046963
bs8t,Rest of US,0.7001008671834169
b7jm,Rest of US,1.0
bd35,Rest of US,1.0
9v3r,Rest of US,1.0
dp2m,Rest of US,1.0
dnrf,Rest of US,1.0
bg1u,Rest of US,1.0
bs1x,Rest of US,1.0
9rcc,Rest of US,1.0
c2qt,Rest of US,1.0
9uct,Rest of US,1.0
9wnk,Rest of US,1.0
f071,Rest of US,0.5513716736179445
9uc8,Rest of US,1.0
9vk9,Rest of US,0.8639564051852485
bfr1,Rest of US,0.999085983794915
b7r2,Rest of US,1.0
9y1s,Rest of US,1.0
c8rc,Rest of US,1.0
drej,Rest of US,1.0
bkwc,Rest of US,1.0
9tuz,Rest of US,1.0
9wdj,Rest of US,1.0
c1bu,Rest of US,0.11832840275607677
c83t,Rest of US,1.0
9w5d,Rest of US,1.0
9z63,Rest of US,1.0
9v8r,Rest of US,1.0
bs49,Rest of US,1.0
9zvz,Rest of US,1.0
9xud,Rest of US,1.0
drgs,Rest of US,1.0
bfgs,Rest of US,0.9334308289003578
9yvx,Rest of US,1.0
dryt,Rest of US,1.0
9txp,Rest of US,1.0
drdh,Rest of US,1.0
bfc4,Rest of US,1.0
dpn8,Rest of US,1.0
c22d,Rest of US,1.0
b3v1,Rest of US,0.13356868123722643
dn3q,Rest of US,1.0
bk4q,Rest of US,1.0
9rxd,Rest of US,1.0
9yh7,Rest of US,1.0
9z5s,Rest of US,1.0
9xwk,Rest of US,1.0
9ru2,Rest of US,1.0
9z8y,Rest of US,1.0
9rqj,Rest of US,1.0
9tyh,Rest of US,1.0
bfb8,Rest of US,1.0
drf3,Rest of US,1.0
f004,Rest of US,1.0
9z18,Rest of US,1.0
dr0k,Rest of US,1.0
b7e7,Rest of US,1.0
djdv,Rest of US,1.0
be44,Rest of US,1.0
9vwz,Rest of US,1.0
dr43,Rest of US,0.9158707935081538
dnbs,Rest of US,1.0
9zub,Rest of US,1.0
dr0f,Rest of US,1.0
bg8z,Rest of US,1.0
9xxy,Rest of US,1.0
dq1y,Rest of US,0.051502702467783386
bdug,Rest of US,0.010292601427318597
9ywc,Rest of US,1.0
bkmb,Rest of US,1.0
djmb,Rest of US,1.0
9ycr,Rest of US,1.0
9yj0,Rest of US,1.0
9vf7,Rest of US,1.0
9z2d,Rest of US,1.0
9yss,Rest of US,1.0
9zg2,Rest of US,1.0
bgg0,Rest of US,1.0
9tb0,Rest of US,1.0
9v4g,Rest of US,1.0
9xcn,Rest of US,1.0
cbkw,Rest of US,1.0
c8e5,Rest of US,1.0
bu7h,Rest of US,0.9993965445155761
9vwj,Rest of US,1.0
dndg,Rest of US,1.0
dpre,Rest of US,1.0
dpkz,Rest of US,0.48192244673280676
dp17,Rest of US,1.0
9zey,Rest of US,1.0
dpst,Rest of US,1.0
c8qu,Rest of US,1.0
dr92,Rest of US,1.0
c1bq,Rest of US,0.025368676668222984
87ys,Rest of US,0.3455304952728874
bevt,Rest of US,1.0
dn2u,Rest of US,1.0
bd8k,Rest of US,1.0
9y6c,Rest of US,1.0
djvq,Rest of US,1.0
9xsr,Rest of US,1.0
dp30,Rest of US,1.0
bgcw,Rest of US,1.0
bdwz,Rest of US,0.6188328401341874
9ufm,Rest of US,1.0
bg6r,Rest of US,1.0
bsdg,Rest of US,0.29579986851505546
9vxu,Rest of US,1.0
9xyb,Rest of US,1.0
9wt5,Rest of US,1.0
dp26,Rest of US,1.0
djwk,Rest of US,0.2745247774832615
9v0f,Rest of US,1.0
dp1b,Rest of US,1.0
9ypr,Rest of US,1.0
9zz2,Rest of US,1.0
c0xf,Rest of US,0.03011066720546442
9q3r,Rest of California,0.8174591681234282
bezt,Rest of US,1.0
dr25,Rest of US,1.0
c835,Rest of US,1.0
dp0s,Rest of US,1.0
9zpm,Rest of US,1.0
9zsr,Rest of US,1.0
bdb7,Rest of US,1.0
c2pb,Rest of US,1.0
9wk2,Rest of US,1.0
c40c,Rest of US,0.7783815924816992
9yrg,Rest of US,1.0
dpmj,Rest of US,0.044360801569725224
9rub,Rest of US,1.0
c8qn,Rest of US,1.0
9wpk,Rest of US,1.0
9r05,Rest of California,1.0
9pzb,Rest of US,1.0
9typ,Rest of US,1.0
dn6b,Rest of US,1.0
cbrb,Rest of US,1.0
b7nq,Rest of US,1.0
9x5z,Rest of US,1.0
b7yr,Rest of US,1.0
be3g,Rest of US,1.0
bef6,Rest of US,1.0
cbk1,Rest of US,1.0
b3v5,Rest of US,0.3528617810267509
9wpx,Rest of US,1.0
b7u7,Rest of US,0.0919747171538643
9px7,Rest of US,0.19820635417230006
dpfw,Rest of US,0.13388970057458088
9yt5,Rest of US,1.0
b6p1,Rest of US,1.0
dp15,Rest of US,1.0
c88k,Rest of US,1.0
dpu1,Rest of US,1.0
bf9z,Rest of US,1.0
dp1y,Rest of US,1.0
c2tg,Rest of US,1.0
dr6p,Rest of US,1.0
9t9u,Rest of US,1.0
9wm8,Rest of US,1.0
dq9t,Rest of US,0.848701838119304
bgb3,Rest of US,1.0
9wqq,Rest of US,1.0
dpgd,Rest of US,1.0
b16b,Rest of US,0.15180211345812727
c2q8,Rest of US,1.0
b6fm,Rest of US,1.0
9rzh,Rest of US,1.0
bdz0,Rest of US,0.16006675412945282
bkpu,Rest of US,1.0
9rqc,Rest of US,1.0
b6nc,Rest of US,1.0
bend,Rest of US,1.0
9yp5,Rest of US,1.0
b7py,Rest of US,1.0
9wr6,Rest of US,1.0
bg0r,Rest of US,1.0
9v3y,Rest of US,1.0
c1c9,Rest of US,0.7007098615452391
bdgx,Rest of US,1.0
drs3,Rest of US,1.0
bdd5,Rest of US,1.0
9zfd,Rest of US,1.0
djm1,Rest of US,1.0
dnkv,Rest of US,1.0
dnt9,Rest of US,1.0
9y4j,Rest of US,1.0
beum,Rest of US,1.0
bsm8,Rest of US,1.0
9yze,Rest of US,1.0
f021,Rest of US,0.9429734923426291
9vu9,Rest of US,1.0
be8m,Rest of US,1.0
9x01,Rest of US,1.0
drtn,Rest of US,1.0
dn3f,Rest of US,1.0
dp2v,Rest of US,1.0
9qpx,Rest of US,1.0
9vek,Rest of US,1.0
9r80,Rest of US,1.0
bev0,Rest of US,1.0
9xg3,Rest of US,1.0
dnt7,Rest of US,1.0
b6eu,Rest of US,0.6441802116118828
dnzv,Rest of US,1.0
dpc0,Rest of US,1.0
c24p,Rest of US,1.0
9r19,Rest of California,1.0
9xds,Rest of US,1.0
9x1v,Rest of US,1.0
9znp,Rest of US,1.0
c20q,Rest of US,1.0
9vd6,Rest of US,1.0
9rdy,Rest of US,1.0
9wzz,Rest of US,1.0
9qkd,Rest of California,1.0
c25g,Rest of US,1.0
dr5j,Rest of US,1.0
c8rh,Rest of US,1.0
berm,Rest of US,1.0
9vk2,Rest of US,0.7948703532918566
9xte,Rest of US,1.0
cbn0,Rest of US,1.0
b3d5,Rest of US,0.32096101796606047
dns4,Rest of US,1.0
b14n,Rest of US,0.28466752126552014
c229,Rest of US,1.0
dr8y,Rest of US,0.12488613520917895
9zb9,Rest of US,1.0
9zrf,Rest of US,1.0
dqft,Rest of US,0.11584017811267357
dntf,Rest of US,1.0
dprg,Rest of US,1.0
cbsf,Rest of US,1.0
bd3g,Rest of US,1.0
9ytt,Rest of US,1.0
bg5t,Rest of US,0.9264956700885604
beyt,Rest of US,1.0
f00v,Rest of US,1.0
9rn7,Rest of US,1.0
c1g5,Rest of US,1.0
f2pr,Rest of US,1.0
9zpx,Rest of US,1.0
9v9e,Rest of US,1.0
9wdv,Rest of US,1.0
9ufy,Rest of US,0.509733605660188
9ppb,Rest of California,0.14892446674499904
9yrx,Rest of US,1.0
9ws1,Rest of US,1.0
9qhe,Rest of California,1.0
bdcu,Rest of US,1.0
c2jz,Rest of US,1.0
bkkq,Rest of US,0.47289668135434865
9xj4,Rest of US,1.0
dj9r,Rest of US,1.0
be8t,Rest of US,1.0
dne0,Rest of US,1.0
c41h,Rest of US,0.40480542435171574
be31,Rest of US,1.0
bu5r,Rest of US,1.0
9w80,Rest of US,1.0
be68,Rest of US,1.0
9tb4,Rest of US,1.0
9qmd,Rest of California,1.0
9xrg,Rest of US,1.0
9yw6,Rest of US,1.0
c8sd,Rest of US,1.0
c8mw,Rest of US,1.0
bsr7,Rest of US,1.0
9v0n,Rest of US,0.02773204914104003
9z7z,Rest of US,1.0
dj0p,Rest of US,0.9990956350791327
dp1z,Rest of US,1.0
bs5d,Rest of US,1.0
dj94,Rest of US,1.0
9r5z,Rest of US,1.0
9tez,Rest of US,1.0
c29q,Rest of US,0.7478177731181047
bu25,Rest of US,1.0
djfx,Rest of US,1.0
c297,Rest of US,1.0
9rcv,Rest of US,1.0
9xer,Rest of US,1.0
c2m5,Rest of US,1.0
bshj,Rest of US,1.0
9rhe,Rest of US,1.0
dpej,Rest of US,1.0
9qtt,Rest of US,1.0
bdtt,Rest of US,0.9372086219565495
9qus,Rest of US,1.0
9xdj,Rest of US,1.0
bs2x,Rest of US,1.0
dpes,Rest of US,1.0
dnmd,Rest of US,1.0
dnj1,Rest of US,1.0
cbrz,Rest of US,0.15804315083432377
cbmg,Rest of US,1.0
bg2f,Rest of US,1.0
dnxb,Rest of US,1.0
9zqw,Rest of US,1.0
9vvv,Rest of US,1.0
9zfg,Rest of US,1.0
9y88,Rest of US,1.0
dnh9,Rest of US,1.0
9yu4,Rest of US,1.0
9zpv,Rest of US,1.0
berf,Rest of US,1.0
dnw8,Rest of US,1.0
c27p,Rest of US,1.0
9w78,Rest of US,1.0
9rvc,Rest of US,1.0
b7nf,Rest of US,1.0
bs7f,Rest of US,1.0
cbpk,Rest of US,1.0
be85,Rest of US,1.0
dnju,Rest of US,1.0
beh6,Rest of US,1.0
9xgj,Rest of US,1.0
9qzq,Rest of US,1.0
be7v,Rest of US,1.0
9wuz,Rest of US,1.0
9x74,Rest of US,1.0
9ytp,Rest of US,1.0
dhqq,Rest of US,0.022155999195356196
9w1b,Rest of US,1.0
9zck,Rest of US,1.0
9qt7,Rest of US,1.0
9zbg,Rest of US,1.0
9rxy,Rest of US,1.0
9r2p,Rest of US,1.0
dr4c,Rest of US,1.0
cbhg,Rest of US,1.0
b6yx,Rest of US,1.0
bdy8,Rest of US,0.6475634842205884
djt8,Rest of US,1.0
9zj2,Rest of US,1.0
9zq2,Rest of US,1.0
cb67,Rest of US,1.0
9trp,Rest of US,1.0
d7pw,Rest of US,0.06020010882626548
djzs,Rest of US,0.5739020876609944
beep,Rest of US,1.0
dnge,Rest of US,1.0
bdsd,Rest of US,0.9996701337468171
9wsr,Rest of US,1.0
bstc,Rest of US,0.012250057804484201
9v2m,Rest of US,1.0
9vg0,Rest of US,1.0
dny2,Rest of US,1.0
c8xd,Rest of US,1.0
9r6u,Rest of US,1.0
dn8k,Rest of US,1.0
dhwk,Rest of US,1.0
bedq,Rest of US,1.0
bd3p,Rest of US,1.0
9qq1,Rest of US,0.5521565515071473
9qq1,Rest of California,0.44784344849285274
cbxb,Rest of US,0.9934595870967602
c20f,Rest of US,1.0
b7z8,Rest of US,1.0
9wvd,Rest of US,1.0
c829,Rest of US,1.0
9wsx,Rest of US,1.0
9r70,Rest of US,1.0
9vxh,Rest of US,1.0
9rts,Rest of US,1.0
f00s,Rest of US,1.0
dnpx,Rest of US,1.0
9q6v,Rest of California,1.0
9v3m,Rest of US,1.0
9yx5,Rest of US,1.0
bse6,Rest of US,1.0
9yvs,Rest of US,1.0
9v5n,Rest of US,1.0
bg08,Rest of US,1.0
9wp1,Rest of US,1.0
9q57,Rest of California,1.0
b6qt,Rest of US,0.047093985390051954
druy,Rest of US,1.0
9rqd,Rest of US,1.0
9wpd,Rest of US,1.0
dpj0,Rest of US,1.0
c84d,Rest of US,1.0
9v2h,Rest of US,1.0
9z9x,Rest of US,1.0
djyf,Rest of US,1.0
c2sm,Rest of US,1.0
b1qd,Rest of US,0.011870508515346616
bgdv,Rest of US,1.0
bsjc,Rest of US,1.0
9xce,Rest of US,1.0
9txd,Rest of US,1.0
dr69,Rest of US,1.0
9wm6,Rest of US,1.0
dn6q,Rest of US,1.0
9vbx,Rest of US,1.0
c8mt,Rest of US,1.0
c8xj,Rest of US,1.0
9zh5,Rest of US,1.0
9r91,Rest of US,1.0
beu3,Rest of US,1.0
dp4d,Rest of US,1.0
9qhv,Rest of California,1.0
9vrq,Rest of US,1.0
9xcf,Rest of US,1.0
djvc,Rest of US,1.0
9r74,Rest of US,1.0
bg65,Rest of US,1.0
9tx7,Rest of US,1.0
9uc5,Rest of US,0.026428208144113143
9txs,Rest of US,1.0
9rth,Rest of US,1.0
dnvg,Rest of US,1.0
bgdw,Rest of US,1.0
bd99,Rest of US,1.0
cb3r,Rest of US,1.0
9qhw,Rest of California,1.0
bkq7,Rest of US,1.0
9weh,Rest of US,1.0
9v5h,Rest of US,1.0
9wb1,Rest of US,1.0
9xf6,Rest of US,1.0
dq32,Rest of US,1.0
c8nn,Rest of US,1.0
9xup,Rest of US,1.0
c2mz,Rest of US,1.0
9t9z,Rest of US,1.0
9z2v,Rest of US,1.0
cbec,Rest of US,1.0
cb07,Rest of US,1.0
9q6c,Rest of California,1.0
c88b,Rest of US,1.0
dphg,Rest of US,1.0
c898,Rest of US,1.0
9ppt,Rest of California,0.7554917473471421
dq1t,Rest of US,0.31308506183290064
bejh,Rest of US,1.0
9zbu,Rest of US,1.0
9r2x,Rest of US,1.0
9mfv,Rest of California,0.025094618996787204
9v21,Rest of US,1.0
cbm5,Rest of US,1.0
c24r,Rest of US,1.0
b3yb,Rest of US,0.04453139399064751
9z5j,Rest of US,1.0
9qkq,Rest of California,1.0
9x77,Rest of US,1.0
f073,Rest of US,0.9056785366723191
bkjw,Rest of US,1.0
f022,Rest of US,1.0
9v7k,Rest of US,1.0
dnz8,Rest of US,1.0
9r60,Rest of California,1.0
9rnd,Rest of US,1.0
b7ff,Rest of US,0.5455136202972753
drts,Rest of US,0.7230299327668076
cb2k,Rest of US,1.0
c85c,Rest of US,1.0
9v0m,Rest of US,0.4185903497985347
bemz,Rest of US,1.0
c8su,Rest of US,1.0
9zp1,Rest of US,1.0
9xne,Rest of US,1.0
9tsu,Rest of US,1.0
bd82,Rest of US,1.0
dp7w,Rest of US,1.0
c2sg,Rest of US,1.0
c40t,Rest of US,0.37895280631455003
dnjh,Rest of US,1.0
9wc2,Rest of US,1.0
bspp,Rest of US,1.0
dn3w,Rest of US,1.0
bdsr,Rest of US,0.46441275628534995
dn7f,Rest of US,1.0
9xpy,Rest of US,1.0
9qec,Rest of California,0.9998882812070425
dp4f,Rest of US,1.0
c0x3,Rest of US,0.6837706561355239
dhty,Rest of US,0.9739515234338132
dq2m,Rest of US,1.0
bu32,Rest of US,1.0
9zjy,Rest of US,1.0
9r9r,Rest of US,1.0
cbjk,Rest of US,1.0
bu66,Rest of US,1.0
9wud,Rest of US,1.0
bse4,Rest of US,1.0
c8hf,Rest of US,1.0
9zud,Rest of US,1.0
dp1v,Rest of US,1.0
bebh,Rest of US,1.0
c82d,Rest of US,1.0
9xyx,Rest of US,1.0
be0m,Rest of US,1.0
dj95,Rest of US,1.0
dr36,Rest of US,1.0
9v0g,Rest of US,1.0
9x2w,Rest of US,1.0
9x6u,Rest of US,1.0
djgq,Rest of US,1.0
de38,Rest of US,0.09866026512265023
bspe,Rest of US,1.0
9rut,Rest of US,1.0
bsnp,Rest of US,1.0
benw,Rest of US,1.0
dpjn,Rest of US,1.0
bgg9,Rest of US,0.9261015762914515
bey2,Rest of US,1.0
b741,Rest of US,0.23207908680022912
becn,Rest of US,1.0
9rbc,Rest of US,1.0
9y2j,Rest of US,1.0
9z6u,Rest of US,1.0
cbwe,Rest of US,0.016271572326540976
bde5,Rest of US,0.42363953054848535
9wkq,Rest of US,1.0
9z56,Rest of US,1.0
9z1g,Rest of US,1.0
dhvg,Rest of US,1.0
9rpc,Rest of US,1.0
bsq7,Rest of US,1.0
bgdy,Rest of US,1.0
cbqj,Rest of US,1.0
9vsj,Rest of US,1.0
c82e,Rest of US,1.0
bd96,Rest of US,1.0
bs5p,Rest of US,1.0
9v3q,Rest of US,1.0
dn59,Rest of US,1.0
bfb5,Rest of US,1.0
b7x1,Rest of US,1.0
dpjj,Rest of US,1.0
9zs5,Rest of US,1.0
b7zt,Rest of US,1.0
bd2z,Rest of US,1.0
9ycq,Rest of US,1.0
9qde,Rest of California,1.0
dpht,Rest of US,1.0
9udp,Rest of US,1.0
9y23,Rest of US,1.0
9w9f,Rest of US,1.0
b7th,Rest of US,1.0
b5r2,Rest of US,0.714946449248586
9pxx,Rest of US,0.43983907338686773
dr3b,Rest of US,1.0
b6ud,Rest of US,1.0
9vkm,Rest of US,1.0
9y97,Rest of US,1.0
begh,Rest of US,1.0
f046,Rest of US,0.025868121509493424
bsnn,Rest of US,1.0
bee9,Rest of US,1.0
djee,Rest of US,1.0
9rpz,Rest of US,1.0
9xnr,Rest of US,1.0
9ze3,Rest of US,1.0
9xrq,Rest of US,1.0
bebe,Rest of US,1.0
djju,Rest of US,1.0
bg4g,Rest of US,1.0
bdcb,Rest of US,1.0
cb2t,Rest of US,1.0
dnxz,Rest of US,1.0
dnzr,Rest of US,1.0
9wpj,Rest of US,1.0
dp84,Rest of US,1.0
c810,Rest of US,1.0
bu6m,Rest of US,1.0
bs6q,Rest of US,1.0
bemk,Rest of US,1.0
b1k8,Rest of US,0.4840883929448096
9wcc,Rest of US,1.0
9z0s,Rest of US,1.0
bebr,Rest of US,1.0
cbw2,Rest of US,1.0
9ve2,Rest of US,1.0
bkku,Rest of US,1.0
djbg,Rest of US,1.0
c8e1,Rest of US,1.0
b6rr,Rest of US,0.9065175668164758
dpg5,Rest of US,1.0
bdfc,Rest of US,1.0
9tvg,Rest of US,1.0
c2jg,Rest of US,1.0
dpc3,Rest of US,1.0
9vk7,Rest of US,1.0
dp3w,Rest of US,0.7394104598313275
9zx3,Rest of US,1.0
9ude,Rest of US,0.4672801537730689
dps4,Rest of US,1.0
bu1w,Rest of US,1.0
f089,Rest of US,0.021363730391621157
9zbj,Rest of US,1.0
9r3p,Rest of US,1.0
9zzw,Rest of US,1.0
9vmu,Rest of US,1.0
bgf0,Rest of US,1.0
9w0b,Rest of US,1.0
9ysz,Rest of US,1.0
9rh7,Rest of US,1.0
9yyg,Rest of US,1.0
c8sf,Rest of US,1.0
9yv4,Rest of US,1.0
9ry1,Rest of US,1.0
dhvt,Rest of US,1.0
bgfs,Rest of US,1.0
bf8p,Rest of US,0.25531148523007147
9vrj,Rest of US,1.0
dr7f,Rest of US,0.9601703230318499
bd07,Rest of US,0.32801892031846724
bdty,Rest of US,0.9975329400190454
bu6k,Rest of US,1.0
c84y,Rest of US,1.0
9q55,Rest of California,0.767289217130966
9qjz,Rest of California,1.0
b7vt,Rest of US,1.0
9xcw,Rest of US,1.0
9rtc,Rest of US,1.0
dqcb,Rest of US,0.1272427803524976
be6q,Rest of US,1.0
dr3f,Rest of US,1.0
b7tf,Rest of US,1.0
bs5c,Rest of US,1.0
bfcy,Rest of US,1.0
bem9,Rest of US,1.0
dnpe,Rest of US,1.0
bg3d,Rest of US,1.0
9v32,Rest of US,1.0
dncp,Rest of US,1.0
9w7e,Rest of US,1.0
9v9f,Rest of US,1.0
9ttp,Rest of US,1.0
b6sn,Rest of US,1.0
87z6,Rest of US,0.07100511161252074
b6w2,Rest of US,1.0
c27x,Rest of US,1.0
9w34,Rest of US,1.0
9yxp,Rest of US,1.0
9yhm,Rest of US,1.0
9ymd,Rest of US,1.0
bd8q,Rest of US,1.0
bsnd,Rest of US,1.0
9mzg,Rest of US,1.0
be93,Rest of US,1.0
bkm3,Rest of US,1.0
9wdd,Rest of US,1.0
b7jh,Rest of US,1.0
becs,Rest of US,1.0
bu0e,Rest of US,1.0
9w5x,Rest of US,1.0
9z7k,Rest of US,1.0
c8qp,Rest of US,1.0
c425,Rest of US,0.5667195522480433
bee0,Rest of US,1.0
djcx,Rest of US,1.0
9rf4,Rest of US,1.0
9wqj,Rest of US,1.0
9w5q,Rest of US,1.0
drdy,Rest of US,1.0
dny0,Rest of US,1.0
9wb6,Rest of US,1.0
9wgq,Rest of US,1.0
9tvz,Rest of US,1.0
9v8m,Rest of US,1.0
9q4u,Rest of California,1.0
bggt,Rest of US,0.926022757532054
b7df,Rest of US,1.0
9tfb,Rest of US,1.0
9myv,Rest of US,1.0
9w5c,Rest of US,1.0
bs1g,Rest of US,1.0
dn8v,Rest of US,1.0
bs3t,Rest of US,1.0
bem8,Rest of US,1.0
9vdx,Rest of US,1.0
bkw3,Rest of US,1.0
b7kr,Rest of US,0.9241976502942223
9qck,Rest of California,0.9999429930303627
b6xr,Rest of US,1.0
9rhb,Rest of US,1.0
b3ey,Rest of US,0.011264863749673285
9mzz,Rest of US,1.0
c8jp,Rest of US,1.0
9w1k,Rest of US,1.0
9xsg,Rest of US,1.0
9v2r,Rest of US,1.0
cbj2,Rest of US,1.0
c1fe,Rest of US,0.9710640087455935
dpsf,Rest of US,1.0
dr0z,Rest of US,1.0
b7h1,Rest of US,1.0
9ydk,Rest of US,1.0
dn0u,Rest of US,1.0
b69k,Rest of US,0.14877661522761526
9yyu,Rest of US,1.0
dj9h,Rest of US,1.0
djv9,Rest of US,1.0
9xxg,Rest of US,1.0
9yxg,Rest of US,1.0
c89y,Rest of US,0.7535176816947973
9qvp,Rest of US,1.0
9qp9,Rest of US,1.0
c2mw,Rest of US,1.0
9v8w,Rest of US,1.0
9yqy,Rest of US,1.0
9x0v,Rest of US,1.0
9w9p,Rest of US,1.0
9ty4,Rest of US,1.0
9wcb,Rest of US,1.0
9z2k,Rest of US,1.0
cbmy,Rest of US,1.0
f045,Rest of US,0.054874296758243006
9qs0,Rest of California,1.0
dr6f,Rest of US,1.0
dpbp,Rest of US,1.0
beef,Rest of US,1.0
9wgh,Rest of US,1.0
9yd7,Rest of US,1.0
bd8d,Rest of US,1.0
dj9b,Rest of US,1.0
9q5r,Rest of California,1.0
cb6g,Rest of US,1.0
djsq,Rest of US,1.0
drkm,Rest of US,1.0
9xr9,Rest of US,1.0
b3yp,Rest of US,1.0
b7f9,Rest of US,1.0
9wdt,Rest of US,1.0
9x6q,Rest of US,1.0
b15x,Rest of US,0.041561756895296946
dne2,Rest of US,1.0
c234,Rest of US,1.0
bss1,Rest of US,0.13849347342724286
bu3d,Rest of US,1.0
beug,Rest of US,1.0
9ygx,Rest of US,1.0
dnws,Rest of US,1.0
9mv9,Rest of California,0.3217020189791785
bfg9,Rest of US,0.9344124181954006
bdgb,Rest of US,0.2140719991074926
c8st,Rest of US,1.0
9v69,Rest of US,1.0
b7rc,Rest of US,1.0
9wvc,Rest of US,1.0
9qnc,Rest of US,1.0
bkk5,Rest of US,1.0
bfbu,Rest of US,1.0
9qrr,Rest of US,1.0
9x38,Rest of US,1.0
b6w6,Rest of US,1.0
b6xq,Rest of US,1.0
bfsh,Rest of US,1.0
9tgs,Rest of US,1.0
be29,Rest of US,1.0
9yn0,Rest of US,1.0
9wkg,Rest of US,1.0
9vzz,Rest of US,1.0
bkxd,Rest of US,0.9552171316118353
9xx1,Rest of US,1.0
dn07,Rest of US,1.0
drmz,Rest of US,0.0179845083091354
bkh3,Rest of US,1.0
9z4x,Rest of US,1.0
dn6e,Rest of US,1.0
c2tv,Rest of US,1.0
b78t,Rest of US,0.9642659277191872
bs6g,Rest of US,1.0
9tyx,Rest of US,1.0
bsk6,Rest of US,1.0
bsmm,Rest of US,1.0
bdcz,Rest of US,1.0
c85u,Rest of US,1.0
9xfe,Rest of US,1.0
9qnm,Rest of California,1.0
9tr4,Rest of US,1.0
be1v,Rest of US,1.0
9zhd,Rest of US,1.0
dpqd,Rest of US,1.0
dpbt,Rest of US,1.0
b7sb,Rest of US,0.8323585793516217
9w46,Rest of US,1.0
c1bw,Rest of US,0.16393256766695918
c27m,Rest of US,1.0
9yjj,Rest of US,1.0
9y3v,Rest of US,1.0
c2j9,Rest of US,1.0
dnns,Rest of US,1.0
c247,Rest of US,1.0
b7t7,Rest of US,1.0
9wpf,Rest of US,1.0
dn6m,Rest of US,1.0
betz,Rest of US,1.0
drsu,Rest of US,1.0
bg6p,Rest of US,1.0
dn4j,Rest of US,1.0
dp3f,Rest of US,1.0
9vb5,Rest of US,1.0
9mvg,Rest of California,1.0
bkp4,Rest of US,1.0
9wmp,Rest of US,1.0
cbj0,Rest of US,1.0
djmd,Rest of US,1.0
c88f,Rest of US,1.0
9zwn,Rest of US,1.0
cb79,Rest of US,1.0
becy,Rest of US,1.0
b3y0,Rest of US,0.16279027737810564
9zg4,Rest of US,1.0
bdb0,Rest of US,1.0
dhyy,Rest of US,0.1695785830961054
9yxs,Rest of US,1.0
b7k9,Rest of US,0.34461747386853897
djmg,Rest of US,1.0
beer,Rest of US,1.0
f05n,Rest of US,0.9259151521340879
9r7x,Rest of US,1.0
9rv0,Rest of US,1.0
beqx,Rest of US,1.0
9xgz,Rest of US,1.0
9zpg,Rest of US,1.0
bsph,Rest of US,1.0
9z45,Rest of US,1.0
9rjm,Rest of US,1.0
9w01,Rest of US,1.0
9yv8,Rest of US,1.0
beht,Rest of US,1.0
bffc,Rest of US,1.0
cb4f,Rest of US,1.0
b3vz,Rest of US,0.3422534549185756
9ztw,Rest of US,1.0
9xu5,Rest of US,1.0
dq0s,Rest of US,1.0
dnkh,Rest of US,1.0
dpu5,Rest of US,1.0
bdsz,Rest of US,1.0
b7re,Rest of US,1.0
dj2r,Rest of US,1.0
djk7,Rest of US,0.9716372956409476
9yjv,Rest of US,1.0
bd1n,Rest of US,0.04510632263977347
9xr8,Rest of US,1.0
9qhs,Rest of California,1.0
c8j6,Rest of US,1.0
9z5x,Rest of US,1.0
bss2,Rest of US,0.5236780996981824
9y95,Rest of US,1.0
c8hj,Rest of US,1.0
dhwt,Rest of US,1.0
9z86,Rest of US,1.0
9z4d,Rest of US,1.0
bu7s,Rest of US,0.341004122393022
bfbn,Rest of US,1.0
be98,Rest of US,1.0
bsrx,Rest of US,0.2357595751879034
9r8z,Rest of US,1.0
b7xc,Rest of US,1.0
c87r,Rest of US,1.0
9zct,Rest of US,1.0
cb37,Rest of US,1.0
9wt3,Rest of US,1.0
9qgs,Rest of US,1.0
9w2c,Rest of US,1.0
b6gm,Rest of US,1.0
9xjn,Rest of US,1.0
b7w0,Rest of US,1.0
cb7y,Rest of US,1.0
9vwv,Rest of US,1.0
c26c,Rest of US,1.0
9qz5,Rest of US,1.0
9zmj,Rest of US,1.0
bg74,Rest of US,1.0
dpsu,Rest of US,1.0
f00q,Rest of US,1.0
9zgb,Rest of US,1.0
9r28,Rest of California,1.0
dnkb,Rest of US,1.0
9yjk,Rest of US,1.0
bew9,Rest of US,1.0
dn3v,Rest of US,1.0
9uf4,Rest of US,1.0
9qcy,Rest of California,0.9999558343278282
c2mv,Rest of US,1.0
9y9q,Rest of US,1.0
9wcv,Rest of US,1.0
behr,Rest of US,1.0
9ybp,Rest of US,1.0
9v1u,Rest of US,1.0
dj6n,Rest of US,1.0
bs4m,Rest of US,1.0
9r9g,Rest of US,1.0
f2pc,Rest of US,1.0
c893,Rest of US,1.0
9y7x,Rest of US,1.0
9z79,Rest of US,1.0
dnzs,Rest of US,1.0
dprf,Rest of US,1.0
c1g1,Rest of US,1.0
9wf6,Rest of US,1.0
dn9t,Rest of US,1.0
9y8q,Rest of US,1.0
be15,Rest of US,1.0
9wn0,Rest of US,1.0
9z1m,Rest of US,1.0
c8nq,Rest of US,1.0
9y63,Rest of US,1.0
9rk8,Rest of US,1.0
b3y8,Rest of US,0.18723709642364017
c8t1,Rest of US,1.0
bfr6,Rest of US,1.0
9r0c,Rest of California,1.0
9y58,Rest of US,1.0
c805,Rest of US,1.0
dnw5,Rest of US,1.0
djt4,Rest of US,1.0
c27z,Rest of US,1.0
9zf9,Rest of US,1.0
9zc9,Rest of US,1.0
dnh5,Rest of US,1.0
9rh1,Rest of US,1.0
9rpb,Rest of US,1.0
9qdm,Rest of California,1.0
9rgv,Rest of US,1.0
8e3p,Rest of US,0.6940929176620035
bdu1,Rest of US,0.2010995846926851
9qt3,Rest of US,1.0
9zgd,Rest of US,1.0
bfqs,Rest of US,0.8753638019123599
9weq,Rest of US,1.0
bkk2,Rest of US,1.0
9v40,Rest of US,1.0
dr07,Rest of US,1.0
zc6v,Rest of US,0.5341096268866579
9tud,Rest of US,1.0
c40n,Rest of US,0.33986744710585287
dp8c,Rest of US,1.0
dncz,Rest of US,1.0
9xjb,Rest of US,1.0
bu58,Rest of US,0.9259636434624958
9qjm,Rest of California,1.0
9rw4,Rest of US,1.0
bsqh,Rest of US,1.0
9zh4,Rest of US,1.0
cbr8,Rest of US,0.980718019160006
9tq1,Rest of US,1.0
9teq,Rest of US,1.0
9xb4,Rest of US,1.0
dqc5,Rest of US,0.8705800689693642
be3e,Rest of US,1.0
9re1,Rest of US,1.0
bgbt,Rest of US,1.0
bds9,Rest of US,0.8080137112772741
9wz9,Rest of US,1.0
9ysy,Rest of US,1.0
9qsk,Rest of US,0.7369140508233833
9qsk,Rest of California,0.26308594917661665
9zzt,Rest of US,1.0
9qdx,Rest of California,0.9999630680000184
c8j8,Rest of US,1.0
9zq7,Rest of US,1.0
drgj,Rest of US,1.0
9vkw,Rest of US,1.0
ben0,Rest of US,1.0
dr51,Rest of US,0.9534610127286605
c2m3,Rest of US,1.0
cb8e,Rest of US,1.0
9tnz,Rest of US,0.5236658975189445
c432,Rest of US,1.0
dnnp,Rest of US,1.0
9tzn,Rest of US,1.0
9ppv,Rest of California,1.0
cbdu,Rest of US,1.0
9vc3,Rest of US,1.0
9yxh,Rest of US,1.0
c2wn,Rest of US,0.7541152927344559
cbhc,Rest of US,1.0
9vxv,Rest of US,1.0
9vfs,Rest of US,1.0
9vdq,Rest of US,1.0
b7t5,Rest of US,1.0
9r67,Rest of California,1.0
9ru1,Rest of US,1.0
9r8f,Rest of US,1.0
beph,Rest of US,1.0
9we8,Rest of US,1.0
9tsd,Rest of US,0.5683754049388864
drv5,Rest of US,1.0
9yez,Rest of US,1.0
9wjm,Rest of US,1.0
cb7k,Rest of US,1.0
dnjj,Rest of US,1.0
9xgf,Rest of US,1.0
bdzt,Rest of US,1.0
beuz,Rest of US,1.0
bs06,Rest of US,1.0
f2qv,Rest of US,0.5339861350001864
9rp1,Rest of US,1.0
9wm4,Rest of US,1.0
beps,Rest of US,1.0
9ydy,Rest of US,1.0
c420,Rest of US,0.3454399214808772
c480,Rest of US,0.9665398465052563
dnb4,Rest of US,1.0
9qev,Rest of California,1.0
9yub,Rest of US,1.0
b6y6,Rest of US,1.0
9qu0,Rest of US,1.0
f02g,Rest of US,0.9520853761796754
dr13,Rest of US,1.0
dngy,Rest of US,1.0
9qd5,Rest of California,1.0
bgf3,Rest of US,1.0
c226,Rest of US,1.0
bd32,Rest of US,0.608226344520904
dq9q,Rest of US,0.9676951006320593
9ym9,Rest of US,1.0
9qm9,Rest of California,1.0
9rkt,Rest of US,1.0
9xpt,Rest of US,1.0
9zu1,Rest of US,1.0
9r0w,Rest of California,1.0
9qry,Rest of US,1.0
9qhq,Rest of California,1.0
bgfx,Rest of US,1.0
9qg5,Rest of US,0.6268643242748415
9qg5,Rest of California,0.37313567572515843
9yju,Rest of US,1.0
9vm6,Rest of US,1.0
cbed,Rest of US,1.0
dp2t,Rest of US,1.0
cb7z,Rest of US,1.0
9whb,Rest of US,1.0
b7nm,Rest of US,1.0
be2y,Rest of US,1.0
9wtg,Rest of US,1.0
9zxx,Rest of US,1.0
cb5g,Rest of US,1.0
9wyg,Rest of US,1.0
bdxy,Rest of US,0.04332013869476981
9w1f,Rest of US,1.0
dphp,Rest of US,1.0
c29u,Rest of US,1.0
dnwb,Rest of US,1.0
9yhw,Rest of US,1.0
bu0r,Rest of US,1.0
dpud,Rest of US,0.09975268019968807
c83k,Rest of US,1.0
9x39,Rest of US,1.0
b3zp,Rest of US,0.9488080415152786
dnx2,Rest of US,1.0
8e8t,Rest of US,0.048972448184817274
bk1s,Rest of US,0.3634867188869309
bk6b,Rest of US,0.015312197500441955
bdt4,Rest of US,0.5293699311587178
9ugn,Rest of US,0.04009006845419217
9r17,Rest of California,1.0
9wsd,Rest of US,1.0
9yz6,Rest of US,1.0
b3yw,Rest of US,0.9989310703006463
9yu0,Rest of US,1.0
9y98,Rest of US,1.0
9wv2,Rest of US,1.0
9wwg,Rest of US,1.0
9rug,Rest of US,1.0
9yef,Rest of US,1.0
9rst,Rest of US,1.0
cbmh,Rest of US,1.0
c87w,Rest of US,1.0
9q3s,Rest of California,0.563791098170988
9veq,Rest of US,1.0
9xj3,Rest of US,1.0
dpp9,Rest of US,1.0
9w3q,Rest of US,1.0
dr4n,Rest of US,1.0
bdg0,Rest of US,1.0
9yxj,Rest of US,1.0
9yy5,Rest of US,1.0
b7ex,Rest of US,0.8621401538330845
9xur,Rest of US,1.0
de0x,Rest of US,1.0
9w7y,Rest of US,1.0
9vfq,Rest of US,1.0
dn7k,Rest of US,1.0
dnde,Rest of US,1.0
9yzn,Rest of US,1.0
bd0v,Rest of US,0.2356776914158206
de0z,Rest of US,1.0
dr8m,Rest of US,1.0
9x6b,Rest of US,1.0
9rc1,Rest of US,1.0
dpet,Rest of US,1.0
c0rg,Rest of US,0.7613223057080689
bs7s,Rest of US,1.0
9q56,Rest of California,0.9882990844055256
b1q4,Rest of US,0.10692090064769925
9rf0,Rest of US,1.0
c84j,Rest of US,1.0
9v8c,Rest of US,1.0
9rv6,Rest of US,1.0
cbr6,Rest of US,0.7682727519569625
dnnh,Rest of US,1.0
9ymw,Rest of US,1.0
drez,Rest of US,1.0
bey4,Rest of US,1.0
c87q,Rest of US,1.0
b5qc,Rest of US,0.9957770813926058
9rnr,Rest of US,1.0
c89f,Rest of US,1.0
dq22,Rest of US,1.0
9xym,Rest of US,1.0
b6ts,Rest of US,1.0
dhy6,Rest of US,1.0
djbd,Rest of US,1.0
9qf8,Rest of California,1.0
drmn,Rest of US,1.0
djcw,Rest of US,1.0
b7qc,Rest of US,1.0
9vsv,Rest of US,1.0
9mux,Rest of California,1.0
b6p0,Rest of US,1.0
9vbb,Rest of US,1.0
9y90,Rest of US,1.0
9u9r,Rest of US,0.1347235728416033
c2hd,Rest of US,1.0
9wts,Rest of US,1.0
9wy6,Rest of US,1.0
9qrt,Rest of US,1.0
becv,Rest of US,1.0
bgfz,Rest of US,1.0
bdvr,Rest of US,1.0
dr4f,Rest of US,1.0
c293,Rest of US,1.0
9v35,Rest of US,1.0
9wus,Rest of US,1.0
bdvg,Rest of US,1.0
c822,Rest of US,1.0
9vb6,Rest of US,1.0
9yb5,Rest of US,1.0
c0xd,Rest of US,0.5679504446622254
9vem,Rest of US,1.0
9xez,Rest of US,1.0
c287,Rest of US,0.04654208396989261
be56,Rest of US,1.0
f05p,Rest of US,1.0
c2rf,Rest of US,1.0
9vu6,Rest of US,1.0
befb,Rest of US,1.0
9zbp,Rest of US,1.0
b7hr,Rest of US,0.8522923081275714
bfrf,Rest of US,0.4581140178182877
cbe3,Rest of US,1.0
dnf0,Rest of US,1.0
9qes,Rest of California,0.9998970321985048
cb3t,Rest of US,1.0
bgcq,Rest of US,1.0
9yv5,Rest of US,1.0
cbt9,Rest of US,1.0
berw,Rest of US,1.0
cbqf,Rest of US,0.025646018941142826
beck,Rest of US,1.0
9rxb,Rest of US,1.0
9xzu,Rest of US,1.0
9qtk,Rest of US,1.0
9vwn,Rest of US,1.0
b1qu,Rest of US,0.01691309809753675
dr1h,Rest of US,1.0
dqbj,Rest of US,1.0
djtv,Rest of US,1.0
9r7t,Rest of US,1.0
c22k,Rest of US,1.0
9qk6,Rest of California,1.0
9myk,Rest of US,0.21935290830246687
9myk,Rest of California,0.7806470916975331
dhvr,Rest of US,0.9694689127007429
dnjk,Rest of US,1.0
9v5k,Rest of US,1.0
f2j3,Rest of US,0.5773551444834194
b7p4,Rest of US,1.0
b6yh,Rest of US,1.0
c2nm,Rest of US,1.0
b6yc,Rest of US,1.0
bgcf,Rest of US,1.0
bgbr,Rest of US,1.0
bevf,Rest of US,1.0
c243,Rest of US,1.0
9zjh,Rest of US,1.0
9wkd,Rest of US,1.0
djbu,Rest of US,1.0
9tvd,Rest of US,1.0
9rr1,Rest of US,1.0
dnpy,Rest of US,1.0
9udm,Rest of US,1.0
9qhb,Rest of California,1.0
b6g4,Rest of US,1.0
9yfe,Rest of US,1.0
bg62,Rest of US,1.0
dp4m,Rest of US,1.0
f0k0,Rest of US,0.4333221745756255
9q7h,Rest of California,1.0
c40w,Rest of US,0.9656036438035233
dp61,Rest of US,1.0
9qg6,Rest of US,0.8609144364182622
9qg6,Rest of California,0.13908556358173788
9r1r,Rest of California,1.0
9y3w,Rest of US,1.0
dngw,Rest of US,1.0
bexs,Rest of US,1.0
bezs,Rest of US,1.0
c23u,Rest of US,1.0
becb,Rest of US,1.0
bsj6,Rest of US,1.0
9xrn,Rest of US,1.0
bsj7,Rest of US,1.0
b6tv,Rest of US,1.0
9x2d,Rest of US,1.0
bftd,Rest of US,0.9484869470409162
dpkf,Rest of US,1.0
zcpk,Rest of US,0.21267556658322193
c19p,Rest of US,0.05367194409623778
dprx,Rest of US,1.0
c2tw,Rest of US,0.7583213028801159
bfrm,Rest of US,0.6785075308059313
ber4,Rest of US,1.0
djby,Rest of US,1.0
dr0q,Rest of US,1.0
dnm5,Rest of US,1.0
9ym2,Rest of US,1.0
dr6w,Rest of US,1.0
be2j,Rest of US,1.0
bkhe,Rest of US,1.0
drfh,Rest of US,0.8422524638845499
9x1n,Rest of US,1.0
beun,Rest of US,1.0
bu4r,Rest of US,1.0
b7zv,Rest of US,1.0
b6g8,Rest of US,1.0
9vzc,Rest of US,1.0
9quy,Rest of US,1.0
c885,Rest of US,1.0
9zp2,Rest of US,1.0
dneb,Rest of US,1.0
9rj4,Rest of US,1.0
c8n1,Rest of US,1.0
dpu7,Rest of US,1.0
drd5,Rest of US,1.0
9ve4,Rest of US,1.0
dpu3,Rest of US,0.309007366464275
9xbt,Rest of US,1.0
bkqj,Rest of US,1.0
be7p,Rest of US,1.0
9r7k,Rest of US,1.0
9twp,Rest of US,1.0
bske,Rest of US,1.0
9vqs,Rest of US,1.0
c82v,Rest of US,1.0
9rq5,Rest of US,1.0
9yrd,Rest of US,1.0
9tdj,Rest of US,1.0
9y2g,Rest of US,1.0
c2kr,Rest of US,1.0
9u9v,Rest of US,0.6468066056274437
9y57,Rest of US,1.0
9znm,Rest of US,1.0
c2tk,Rest of US,1.0
dnys,Rest of US,1.0
dr70,Rest of US,1.0
c2ku,Rest of US,1.0
dj0n,Rest of US,0.3516504023241019
dnud,Rest of US,1.0
9qs2,Rest of California,1.0
c8sv,Rest of US,1.0
c2sd,Rest of US,1.0
bdsf,Rest of US,0.7477989807908852
dr55,Rest of US,1.0
bkkd,Rest of US,1.0
f2q3,Rest of US,0.9944946102982795
9v73,Rest of US,1.0
9xgd,Rest of US,1.0
9r5t,Rest of US,1.0
9vr7,Rest of US,1.0
b7wq,Rest of US,1.0
bfdy,Rest of US,1.0
9ykt,Rest of US,1.0
9ycz,Rest of US,1.0
cbd8,Rest of US,1.0
9vx9,Rest of US,1.0
dp5s,Rest of US,1.0
djsy,Rest of US,1.0
dnu4,Rest of US,1.0
9z3x,Rest of US,1.0
9zdx,Rest of US,1.0
cbw1,Rest of US,1.0
c83j,Rest of US,1.0
djtx,Rest of US,1.0
9web,Rest of US,1.0
9rcy,Rest of US,1.0
9y79,Rest of US,1.0
c1g6,Rest of US,0.9975674216278421
bu55,Rest of US,1.0
9wkv,Rest of US,1.0
9w6t,Rest of US,1.0
b6ws,Rest of US,1.0
9yv9,Rest of US,1.0
bdc0,Rest of US,1.0
bkrv,Rest of US,1.0
drtz,Rest of US,0.8904217201874327
9wb5,Rest of US,1.0
9qmm,Rest of US,0.1398008335934067
9qmm,Rest of California,0.8601991664065933
9tyc,Rest of US,1.0
c8m4,Rest of US,1.0
9x42,Rest of US,1.0
dp8h,Rest of US,1.0
c21q,Rest of US,1.0
dr7b,Rest of US,0.8302351073783483
dp6g,Rest of US,1.0
9xdx,Rest of US,1.0
b7dn,Rest of US,1.0
bd2x,Rest of US,1.0
bsmw,Rest of US,1.0
cb31,Rest of US,1.0
cb2m,Rest of US,1.0
bdg5,Rest of US,1.0
bg15,Rest of US,1.0
9zse,Rest of US,1.0
9qdd,Rest of California,1.0
dq3t,Rest of US,0.8314651751522408
9z1w,Rest of US,1.0
dpu8,Rest of US,0.6818441968590069
9r5d,Rest of US,1.0
9rsk,Rest of US,1.0
f2pk,Rest of US,1.0
djjx,Rest of US,1.0
9z7j,Rest of US,1.0
9wn5,Rest of US,1.0
9xsc,Rest of US,1.0
be4g,Rest of US,1.0
c8h4,Rest of US,1.0
c2rq,Rest of US,1.0
9x29,Rest of US,1.0
9xbr,Rest of US,1.0
dq8r,Rest of US,1.0
c2s0,Rest of US,1.0
bs2h,Rest of US,1.0
9r47,Rest of California,1.0
bdwq,Rest of US,0.9983243368655818
9wyj,Rest of US,1.0
c0pb,Rest of US,0.6978748111885896
c2w3,Rest of US,1.0
9y2f,Rest of US,1.0
cbnn,Rest of US,1.0
9xkx,Rest of US,1.0
9r4f,Rest of US,1.0
9zcu,Rest of US,1.0
bfry,Rest of US,0.46795971876506054
bs8k,Rest of US,0.9077181722147456
bu41,Rest of US,1.0
cbj3,Rest of US,1.0
f2nk,Rest of US,1.0
bkqu,Rest of US,1.0
dry1,Rest of US,1.0
dnjs,Rest of US,1.0
9qep,Rest of California,0.9998785279470571
cbqr,Rest of US,1.0
c8r8,Rest of US,1.0
be69,Rest of US,1.0
dng1,Rest of US,1.0
9xub,Rest of US,1.0
9qnn,Rest of California,1.0
be11,Rest of US,1.0
bd7x,Rest of US,0.06399875505882675
bdzs,Rest of US,1.0
dntt,Rest of US,1.0
9zbt,Rest of US,1.0
9yk9,Rest of US,1.0
dpbg,Rest of US,1.0
b7yy,Rest of US,1.0
dnre,Rest of US,1.0
9wg3,Rest of US,1.0
c2nj,Rest of US,1.0
c2s4,Rest of US,1.0
bfg6,Rest of US,1.0
c252,Rest of US,1.0
bsrg,Rest of US,1.0
9q3f,Rest of California,0.6054200633143536
dryq,Rest of US,1.0
drhr,Rest of US,0.014203115121682921
9w8h,Rest of US,1.0
9zvp,Rest of US,1.0
9zmf,Rest of US,1.0
9qfs,Rest of California,0.9999956326813585
bffr,Rest of US,1.0
b79g,Rest of US,1.0
bej2,Rest of US,1.0
cbr4,Rest of US,0.4750617003486793
bg6z,Rest of US,1.0
bg7j,Rest of US,1.0
bu3j,Rest of US,1.0
9qxm,Rest of US,1.0
9vkv,Rest of US,1.0
dq9r,Rest of US,0.8608091166162253
9x90,Rest of US,1.0
9vzr,Rest of US,1.0
drff,Rest of US,1.0
9whr,Rest of US,1.0
9w84,Rest of US,1.0
bdvy,Rest of US,1.0
9pxk,Rest of US,0.05840987865102737
b3wx,Rest of US,0.0772451224537984
9rvv,Rest of US,1.0
c446,Rest of US,0.01967699278521651
dnzh,Rest of US,1.0
bg6w,Rest of US,1.0
bdc7,Rest of US,1.0
djnn,Rest of US,1.0
9z9h,Rest of US,1.0
cbkd,Rest of US,1.0
9rp3,Rest of US,1.0
dq1q,Rest of US,0.8581885156558846
9qft,Rest of US,0.123246569606561
9qft,Rest of California,0.8767534303934391
dpmb,Rest of US,1.0
dngm,Rest of US,1.0
dryz,Rest of US,1.0
dn3e,Rest of US,1.0
9xhj,Rest of US,1.0
9xuv,Rest of US,1.0
dj2h,Rest of US,1.0
b79m,Rest of US,1.0
9rx5,Rest of US,1.0
c87f,Rest of US,1.0
drsv,Rest of US,1.0
bgd0,Rest of US,1.0
bs61,Rest of US,1.0
bu74,Rest of US,1.0
9wgy,Rest of US,1.0
bexc,Rest of US,1.0
dr7d,Rest of US,1.0
bg5x,Rest of US,0.9264562607088414
9ry9,Rest of US,1.0
dq9e,Rest of US,0.6914424478113524
dndk,Rest of US,1.0
b7tw,Rest of US,1.0
9xzr,Rest of US,1.0
9xg8,Rest of US,1.0
b7d3,Rest of US,1.0
cbhu,Rest of US,1.0
9zeb,Rest of US,1.0
bds0,Rest of US,0.39075651759483165
c2d7,Rest of US,1.0
cb80,Rest of US,1.0
bu4u,Rest of US,1.0
b3gg,Rest of US,0.024168279516738216
9q3c,Rest of California,0.07363719068747752
b3u9,Rest of US,0.7008716516203818
c8m0,Rest of US,1.0
dn37,Rest of US,1.0
dnm9,Rest of US,1.0
drtv,Rest of US,0.13094750756506077
9zwc,Rest of US,1.0
9wt9,Rest of US,1.0
cb0p,Rest of US,1.0
bd8h,Rest of US,1.0
bfcx,Rest of US,1.0
9z3j,Rest of US,1.0
bsrz,Rest of US,0.2508329440918466
9qyc,Rest of US,1.0
c2p7,Rest of US,1.0
c219,Rest of US,1.0
c8kx,Rest of US,1.0
c809,Rest of US,1.0
9zpk,Rest of US,1.0
b6x5,Rest of US,1.0
dq9z,Rest of US,0.10451466723320478
9tg7,Rest of US,1.0
9w4q,Rest of US,1.0
dp8n,Rest of US,1.0
f05s,Rest of US,0.2602446418689765
djfu,Rest of US,1.0
b7dj,Rest of US,1.0
dp8y,Rest of US,1.0
c82j,Rest of US,1.0
cbpz,Rest of US,1.0
9vm7,Rest of US,1.0
9yuz,Rest of US,1.0
dnkk,Rest of US,1.0
bd8t,Rest of US,1.0
9w5n,Rest of US,1.0
c2rz,Rest of US,1.0
9r0m,Rest of California,0.9999276178280174
9rf7,Rest of US,1.0
b7hn,Rest of US,0.9055100369150761
c2qy,Rest of US,1.0
9vs1,Rest of US,1.0
9vvj,Rest of US,1.0
f804,Rest of US,0.11986744342550036
9qk9,Rest of California,1.0
b7yd,Rest of US,1.0
b7ss,Rest of US,1.0
be2e,Rest of US,1.0
9r21,Rest of California,0.9998809076019344
9vum,Rest of US,1.0
9vmg,Rest of US,1.0
c8pc,Rest of US,1.0
9ww8,Rest of US,1.0
9ydh,Rest of US,1.0
be97,Rest of US,1.0
b7wr,Rest of US,1.0
9zx8,Rest of US,1.0
9w8m,Rest of US,1.0
9qnj,Rest of California,1.0
9qts,Rest of US,1.0
9xcu,Rest of US,1.0
c8pp,Rest of US,1.0
dneq,Rest of US,1.0
9zte,Rest of US,1.0
c8m7,Rest of US,1.0
bdcr,Rest of US,1.0
9rrq,Rest of US,1.0
9y5u,Rest of US,1.0
9yte,Rest of US,1.0
9t9r,Rest of US,1.0
9yrv,Rest of US,1.0
9ykh,Rest of US,1.0
b7sk,Rest of US,1.0
9vsr,Rest of US,1.0
c1gj,Rest of US,1.0
9ycy,Rest of US,1.0
b6ru,Rest of US,0.0405830749987332
bgc0,Rest of US,1.0
bs5s,Rest of US,1.0
9y46,Rest of US,1.0
b3yx,Rest of US,1.0
bg1g,Rest of US,1.0
bd8b,Rest of US,1.0
be2p,Rest of US,1.0
b7vd,Rest of US,1.0
bs2f,Rest of US,1.0
dqbx,Rest of US,1.0
be4m,Rest of US,1.0
dp8u,Rest of US,1.0
bgc8,Rest of US,1.0
9rky,Rest of US,1.0
9qwb,Rest of US,1.0
9v1n,Rest of US,1.0
9ter,Rest of US,1.0
b7n8,Rest of US,1.0
c8p6,Rest of US,1.0
bu5w,Rest of US,0.9258454153233793
behk,Rest of US,1.0
cb6r,Rest of US,1.0
bu33,Rest of US,1.0
c2sw,Rest of US,0.7521804277303638
9qk0,Rest of California,1.0
f01j,Rest of US,1.0
dprc,Rest of US,1.0
9ygu,Rest of US,1.0
9qgx,Rest of US,1.0
bd91,Rest of US,1.0
bgem,Rest of US,1.0
bec1,Rest of US,1.0
b7zz,Rest of US,1.0
c8m2,Rest of US,1.0
c8mv,Rest of US,1.0
bfen,Rest of US,1.0
9prs,Rest of California,0.01589298895574831
f802,Rest of US,0.1097236390300288
b7wn,Rest of US,1.0
9wdu,Rest of US,1.0
9tse,Rest of US,1.0
dn5j,Rest of US,1.0
c2k7,Rest of US,1.0
zcm1,Rest of US,0.04304803349101898
9vkz,Rest of US,1.0
9yx9,Rest of US,1.0
b6uz,Rest of US,1.0
c20y,Rest of US,1.0
b7nv,Rest of US,1.0
c2m1,Rest of US,1.0
9vkk,Rest of US,1.0
dqc3,Rest of US,0.4915128597427154
dr06,Rest of US,1.0
beqh,Rest of US,1.0
9qme,Rest of US,0.015664674918709914
9qme,Rest of California,0.9843353250812901
c244,Rest of US,1.0
becg,Rest of US,1.0
9rtt,Rest of US,1.0
dn8j,Rest of US,1.0
djvh,Rest of US,1.0
c2pe,Rest of US,1.0
bfpv,Rest of US,1.0
drfj,Rest of US,0.32850199544704445
bd4u,Rest of US,0.4237133604807602
druk,Rest of US,1.0
b74e,Rest of US,0.787272695546779
bffb,Rest of US,1.0
cb17,Rest of US,1.0
9qvm,Rest of US,1.0
bfsn,Rest of US,0.8252723685151762
bebt,Rest of US,1.0
9qxw,Rest of US,1.0
9qbr,Rest of California,1.0
b6xn,Rest of US,1.0
c8n3,Rest of US,1.0
9xfc,Rest of US,1.0
9tzv,Rest of US,1.0
9trj,Rest of US,1.0
9xsx,Rest of US,1.0
c8dk,Rest of US,1.0
9tfr,Rest of US,1.0
9zt2,Rest of US,1.0
9whu,Rest of US,1.0
c81q,Rest of US,1.0
9yjr,Rest of US,1.0
c2j1,Rest of US,1.0
9rgx,Rest of US,1.0
be2m,Rest of US,1.0
dhxp,Rest of US,0.3399858528082637
9wqg,Rest of US,1.0
bdg4,Rest of US,1.0
dpjf,Rest of US,1.0
bu1t,Rest of US,1.0
dr3v,Rest of US,1.0
bg1x,Rest of US,1.0
be7m,Rest of US,1.0
c1f8,Rest of US,0.4293747144953628
b7q7,Rest of US,1.0
b7d0,Rest of US,1.0
9vy5,Rest of US,1.0
bd9x,Rest of US,1.0
9xgq,Rest of US,1.0
djn3,Rest of US,1.0
drcc,Rest of US,0.7847814647405342
b4tx,Rest of US,0.01227633335485469
9zzp,Rest of US,1.0
b3g2,Rest of US,0.816537396752146
9q3e,Rest of California,0.15187453125004044
9xzv,Rest of US,1.0
9zj1,Rest of US,1.0
9w06,Rest of US,1.0
9xk2,Rest of US,1.0
drgm,Rest of US,1.0
dp8q,Rest of US,1.0
dp13,Rest of US,1.0
9qkx,Rest of California,1.0
b6yw,Rest of US,1.0
9zd8,Rest of US,1.0
c8s1,Rest of US,1.0
dpc7,Rest of US,1.0
9wj4,Rest of US,1.0
c20c,Rest of US,1.0
9z83,Rest of US,1.0
bfem,Rest of US,0.6010077838742901
bdfx,Rest of US,1.0
bdtj,Rest of US,1.0
9w4w,Rest of US,1.0
c80g,Rest of US,1.0
c8jz,Rest of US,1.0
dr61,Rest of US,1.0
dp8e,Rest of US,1.0
bu1q,Rest of US,1.0
9wz4,Rest of US,1.0
cbr9,Rest of US,0.11254896639052903
dncr,Rest of US,1.0
9xcj,Rest of US,1.0
dnq3,Rest of US,1.0
bd39,Rest of US,0.8411930571841562
bd9s,Rest of US,1.0
dr24,Rest of US,1.0
9r8n,Rest of US,1.0
ben6,Rest of US,1.0
c421,Rest of US,0.40526265430014524
dnpq,Rest of US,1.0
c2t3,Rest of US,1.0
bfxb,Rest of US,0.7773615456571791
bs3v,Rest of US,1.0
bs7q,Rest of US,1.0
f2nu,Rest of US,1.0
9rh2,Rest of US,1.0
9v5t,Rest of US,1.0
9rme,Rest of US,1.0
b6te,Rest of US,1.0
c8ps,Rest of US,1.0
9w8t,Rest of US,1.0
f2p2,Rest of US,1.0
bu21,Rest of US,1.0
9wzb,Rest of US,1.0
9zpp,Rest of US,1.0
9wh2,Rest of US,1.0
c2du,Rest of US,1.0
9muv,Rest of California,1.0
bu6s,Rest of US,1.0
9z9k,Rest of US,1.0
dr4j,Rest of US,1.0
be51,Rest of US,1.0
9xby,Rest of US,1.0
bekt,Rest of US,1.0
b3yk,Rest of US,0.16624928372141073
9r5r,Rest of US,1.0
be18,Rest of US,1.0
be3m,Rest of US,1.0
b7vy,Rest of US,1.0
9qy1,Rest of US,1.0
bd8y,Rest of US,1.0
be21,Rest of US,1.0
bgd7,Rest of US,1.0
9r7b,Rest of US,1.0
dq3y,Rest of US,0.9137950115763399
dqcq,Rest of US,1.0
f2re,Rest of US,0.9948250726180814
cb42,Rest of US,1.0
9v3c,Rest of US,1.0
9y4c,Rest of US,1.0
9qe5,Rest of California,0.9997175463777055
beyw,Rest of US,1.0
9ykx,Rest of US,1.0
b7zc,Rest of US,1.0
9vw2,Rest of US,1.0
dn1w,Rest of US,1.0
9ye7,Rest of US,1.0
dq20,Rest of US,1.0
9zw7,Rest of US,1.0
dp54,Rest of US,1.0
de0v,Rest of US,0.010833741516335114
b7m2,Rest of US,1.0
9vks,Rest of US,1.0
9vmk,Rest of US,1.0
c88e,Rest of US,1.0
9yz4,Rest of US,1.0
9muz,Rest of California,1.0
9w4b,Rest of US,1.0
9w4d,Rest of US,1.0
9zyz,Rest of US,1.0
9wck,Rest of US,1.0
9y5t,Rest of US,1.0
9qvc,Rest of US,1.0
9vx6,Rest of US,1.0
9wrm,Rest of US,1.0
9tt8,Rest of US,1.0
9wer,Rest of US,1.0
c201,Rest of US,1.0
dpp8,Rest of US,1.0
9y8u,Rest of US,1.0
9w7k,Rest of US,1.0
b6es,Rest of US,0.8104863587447847
9qey,Rest of US,0.14960829170262108
9qey,Rest of California,0.8503917082973789
b6wg,Rest of US,1.0
9ybb,Rest of US,1.0
9y5e,Rest of US,1.0
bd46,Rest of US,0.15474020705338537
9vr0,Rest of US,1.0
9x9z,Rest of US,1.0
9zvt,Rest of US,1.0
cb4r,Rest of US,1.0
dq8h,Rest of US,1.0
9rne,Rest of US,1.0
9xyu,Rest of US,1.0
9r1n,Rest of California,1.0
9vys,Rest of US,1.0
bs17,Rest of US,1.0
9x6j,Rest of US,1.0
dn0k,Rest of US,1.0
b6ue,Rest of US,1.0
9w2h,Rest of US,1.0
bejt,Rest of US,1.0
9ppg,Rest of California,0.7558128457608561
9y8f,Rest of US,1.0
bd22,Rest of US,1.0
dph5,Rest of US,1.0
9zgn,Rest of US,1.0
9w13,Rest of US,1.0
bdsj,Rest of US,0.4566573216470675
9zkg,Rest of US,1.0
9ws8,Rest of US,1.0
9vqd,Rest of US,1.0
9xnb,Rest of US,1.0
9zw9,Rest of US,1.0
dp6k,Rest of US,1.0
b6qw,Rest of US,0.6069690276738698
bkpw,Rest of US,1.0
9w19,Rest of US,1.0
dr8h,Rest of US,1.0
9wey,Rest of US,1.0
9rzu,Rest of US,1.0
9yy6,Rest of US,1.0
dren,Rest of US,1.0
f00m,Rest of US,1.0
9veb,Rest of US,1.0
bskv,Rest of US,1.0
dpr1,Rest of US,1.0
bey5,Rest of US,1.0
9tyw,Rest of US,1.0
c8ke,Rest of US,1.0
drvm,Rest of US,1.0
bg7s,Rest of US,0.9263577372595642
9qve,Rest of US,1.0
dn12,Rest of US,1.0
9tzc,Rest of US,1.0
b743,Rest of US,0.9894117097232047
9w1j,Rest of US,1.0
9z75,Rest of US,1.0
zc7g,Rest of US,0.031346682415850605
c816,Rest of US,1.0
dnrr,Rest of US,1.0
bdyc,Rest of US,0.19321601278385508
b7zn,Rest of US,1.0
dppd,Rest of US,1.0
dnhb,Rest of US,1.0
bkx4,Rest of US,0.7169990506801689
c88w,Rest of US,0.7389477351740128
9tqn,Rest of US,1.0
dpgt,Rest of US,1.0
9zu0,Rest of US,1.0
b758,Rest of US,1.0
beqs,Rest of US,1.0
bd47,Rest of US,0.33395988778671853
drev,Rest of US,1.0
dq1w,Rest of US,0.8496963189179266
9qff,Rest of California,0.9996625262900898
cbdm,Rest of US,1.0
2jrq,Rest of US,0.018943549275295575
9txk,Rest of US,1.0
b7wf,Rest of US,1.0
dn3y,Rest of US,1.0
bg89,Rest of US,1.0
9yqg,Rest of US,1.0
c8m6,Rest of US,1.0
9xsu,Rest of US,1.0
b6xz,Rest of US,1.0
bezc,Rest of US,1.0
9qu5,Rest of US,1.0
9zqh,Rest of US,1.0
be79,Rest of US,1.0
c2nv,Rest of US,1.0
9pxw,Rest of US,0.7336967287907801
dnp3,Rest of US,1.0
dncw,Rest of US,1.0
9y73,Rest of US,1.0
9ygp,Rest of US,1.0
9vw6,Rest of US,1.0
9rt1,Rest of US,1.0
c23c,Rest of US,1.0
cb83,Rest of US,1.0
c25x,Rest of US,1.0
9zdj,Rest of US,1.0
dp8j,Rest of US,1.0
9q7d,Rest of California,1.0
9wtw,Rest of US,1.0
9xvp,Rest of US,1.0
c8tk,Rest of US,1.0
bg8j,Rest of US,1.0
be38,Rest of US,1.0
djzj,Rest of US,1.0
bff9,Rest of US,1.0
9y5b,Rest of US,1.0
bggk,Rest of US,1.0
dr8d,Rest of US,1.0
b6z2,Rest of US,1.0
dnbq,Rest of US,1.0
bg8y,Rest of US,1.0
9vcf,Rest of US,1.0
bspk,Rest of US,1.0
9vy8,Rest of US,1.0
9w56,Rest of US,1.0
djc6,Rest of US,1.0
9z9y,Rest of US,1.0
dpku,Rest of US,0.7222068035445025
dnn3,Rest of US,1.0
9v1x,Rest of US,1.0
9wfc,Rest of US,1.0
drcf,Rest of US,0.9458871081979452
9w53,Rest of US,1.0
9wyk,Rest of US,1.0
c2hj,Rest of US,1.0
c2p0,Rest of US,1.0
9yb9,Rest of US,1.0
9qej,Rest of California,1.0
dnk7,Rest of US,1.0
c20v,Rest of US,1.0
9wr8,Rest of US,1.0
9yx4,Rest of US,1.0
9wgs,Rest of US,1.0
9qet,Rest of California,0.9999188535101912
9xmp,Rest of US,1.0
9tb6,Rest of US,1.0
9rg4,Rest of US,1.0
9yvc,Rest of US,1.0
9xv7,Rest of US,1.0
9w8c,Rest of US,1.0
b7rr,Rest of US,1.0
bu52,Rest of US,1.0
9uce,Rest of US,1.0
b6w8,Rest of US,1.0
bsk7,Rest of US,1.0
bfpy,Rest of US,0.887712164267904
dqdj,Rest of US,0.8443959870698523
bdzx,Rest of US,1.0
c1cw,Rest of US,0.42239285710927005
drqh,Rest of US,0.10277344394241812
b7y3,Rest of US,1.0
b3zq,Rest of US,0.14538249949483692
9wm1,Rest of US,1.0
9x0q,Rest of US,1.0
9rc8,Rest of US,1.0
9rs2,Rest of US,1.0
b6tf,Rest of US,1.0
bu2k,Rest of US,1.0
dn9r,Rest of US,1.0
9qt9,Rest of US,1.0
9t8u,Rest of US,1.0
djcn,Rest of US,1.0
bg0z,Rest of US,1.0
dqbg,Rest of US,1.0
9w29,Rest of US,1.0
9vrh,Rest of US,1.0
bdb4,Rest of US,1.0
dpsv,Rest of US,1.0
dnbr,Rest of US,1.0
9zd7,Rest of US,1.0
bez1,Rest of US,1.0
9r45,Rest of California,1.0
b7um,Rest of US,0.8609966946680747
bg92,Rest of US,1.0
9vdt,Rest of US,1.0
9zp0,Rest of US,1.0
9r9e,Rest of US,1.0
9vez,Rest of US,1.0
9tvv,Rest of US,1.0
9vkx,Rest of US,1.0
bkhb,Rest of US,1.0
9zsf,Rest of US,1.0
bsnk,Rest of US,1.0
9zpy,Rest of US,1.0
9x85,Rest of US,1.0
9rtd,Rest of US,1.0
9wwf,Rest of US,1.0
djz6,Rest of US,0.12734497580840506
9zhz,Rest of US,1.0
dnxs,Rest of US,1.0
9r7u,Rest of US,1.0
cbr2,Rest of US,1.0
dpnr,Rest of US,1.0
c8pk,Rest of US,1.0
9vk4,Rest of US,1.0
bshv,Rest of US,1.0
9zsd,Rest of US,1.0
9v1q,Rest of US,1.0
9wps,Rest of US,1.0
9yp4,Rest of US,1.0
dnfc,Rest of US,1.0
9wee,Rest of US,1.0
9vf3,Rest of US,1.0
dn34,Rest of US,1.0
9tqt,Rest of US,1.0
9rsq,Rest of US,1.0
9qmu,Rest of US,1.0
9wse,Rest of US,1.0
bgff,Rest of US,1.0
b7dy,Rest of US,1.0
9mys,Rest of US,1.0
bdd7,Rest of US,1.0
bdv8,Rest of US,1.0
be7z,Rest of US,1.0
9wtt,Rest of US,1.0
9r1u,Rest of California,1.0
bg95,Rest of US,1.0
bsnt,Rest of US,1.0
9ym3,Rest of US,1.0
c8rf,Rest of US,1.0
9xk9,Rest of US,1.0
f24b,Rest of US,0.01547137201704154
b14q,Rest of US,0.8916217382140885
9x02,Rest of US,1.0
9xjh,Rest of US,1.0
9r1m,Rest of California,1.0
9rp6,Rest of US,1.0
dn43,Rest of US,1.0
dj96,Rest of US,1.0
b7jx,Rest of US,1.0
bd87,Rest of US,1.0
bkj4,Rest of US,1.0
9rk1,Rest of US,1.0
9rb4,Rest of US,1.0
dnm6,Rest of US,1.0
bemc,Rest of US,1.0
bkj1,Rest of US,1.0
dnsc,Rest of US,1.0
9v1g,Rest of US,1.0
9qhc,Rest of California,1.0
dnrb,Rest of US,1.0
c8ks,Rest of US,1.0
dj8b,Rest of US,1.0
9wjj,Rest of US,1.0
9vf5,Rest of US,1.0
dnv1,Rest of US,1.0
b7q3,Rest of US,1.0
dq63,Rest of US,0.05464420479682534
9zxt,Rest of US,1.0
c1c3,Rest of US,0.583318651824109
9xqr,Rest of US,1.0
cb6d,Rest of US,1.0
9rdh,Rest of US,1.0
9yr6,Rest of US,1.0
bg6q,Rest of US,1.0
9tg4,Rest of US,1.0
9qnp,Rest of California,1.0
dr04,Rest of US,1.0
bft6,Rest of US,1.0
djj3,Rest of US,1.0
9y5n,Rest of US,1.0
b7xm,Rest of US,1.0
9vcw,Rest of US,1.0
c2e5,Rest of US,1.0
dp1u,Rest of US,1.0
c25m,Rest of US,1.0
9ws7,Rest of US,1.0
bg9d,Rest of US,1.0
9vyc,Rest of US,1.0
bewz,Rest of US,1.0
cbhw,Rest of US,1.0
9z6t,Rest of US,1.0
b7nh,Rest of US,1.0
dpnp,Rest of US,1.0
be9w,Rest of US,1.0
9xt0,Rest of US,1.0
9tt3,Rest of US,1.0
9qcd,Rest of California,0.9999803591160682
c859,Rest of US,1.0
dr3n,Rest of US,1.0
9x0s,Rest of US,1.0
9twe,Rest of US,1.0
9ucv,Rest of US,1.0
b6ej,Rest of US,0.25588318399974097
b6fh,Rest of US,0.2953564195797981
9yje,Rest of US,1.0
bkw6,Rest of US,0.42557675601561507
f048,Rest of US,0.012348953607903891
c8nx,Rest of US,1.0
cbku,Rest of US,1.0
bs0d,Rest of US,1.0
dj83,Rest of US,1.0
dngj,Rest of US,1.0
9my4,Rest of California,0.9947629219547086
dp76,Rest of US,1.0
9vvq,Rest of US,1.0
9y0k,Rest of US,1.0
bft5,Rest of US,1.0
9ynd,Rest of US,1.0
dn99,Rest of US,1.0
dq8g,Rest of US,1.0
9ye9,Rest of US,1.0
dnts,Rest of US,1.0
dp5v,Rest of US,1.0
djsf,Rest of US,1.0
9tyt,Rest of US,1.0
b6wv,Rest of US,1.0
bfrz,Rest of US,0.5653857086183687
bg7p,Rest of US,1.0
bede,Rest of US,1.0
9z5e,Rest of US,1.0
c8te,Rest of US,1.0
dnrq,Rest of US,1.0
9z9z,Rest of US,1.0
bsmx,Rest of US,1.0
cb1c,Rest of US,1.0
9vxs,Rest of US,1.0
dnc0,Rest of US,1.0
dn3j,Rest of US,1.0
bsn3,Rest of US,1.0
bk1u,Rest of US,0.8197155118306345
bemm,Rest of US,1.0
b7pt,Rest of US,1.0
dnyj,Rest of US,1.0
djkq,Rest of US,1.0
cbjw,Rest of US,1.0
9tss,Rest of US,1.0
9xbs,Rest of US,1.0
9rn6,Rest of US,1.0
dj7v,Rest of US,1.0
dn7n,Rest of US,1.0
9xmu,Rest of US,1.0
9xuu,Rest of US,1.0
bg2w,Rest of US,1.0
9rq9,Rest of US,1.0
9vtv,Rest of US,1.0
dryx,Rest of US,1.0
9x5u,Rest of US,1.0
betg,Rest of US,1.0
bef4,Rest of US,1.0
bemj,Rest of US,1.0
bsn8,Rest of US,1.0
c2k8,Rest of US,1.0
9q62,Rest of California,1.0
9tut,Rest of US,1.0
9mge,Rest of California,0.11483944958722583
9wyq,Rest of US,1.0
bfwb,Rest of US,0.7410275914597159
b7ux,Rest of US,1.0
9wef,Rest of US,1.0
b7zx,Rest of US,1.0
dpk9,Rest of US,1.0
dp0q,Rest of US,1.0
f04y,Rest of US,1.0
bff3,Rest of US,1.0
dn46,Rest of US,1.0
dpgv,Rest of US,1.0
dnp8,Rest of US,1.0
c8dt,Rest of US,1.0
bebk,Rest of US,1.0
bdvm,Rest of US,0.8967910552218449
c84k,Rest of US,1.0
b6pk,Rest of US,0.9974662805987493
9rjc,Rest of US,1.0
bsqw,Rest of US,1.0
dne1,Rest of US,1.0
b7qv,Rest of US,1.0
be7j,Rest of US,1.0
9z49,Rest of US,1.0
betn,Rest of US,1.0
9wke,Rest of US,1.0
drgu,Rest of US,1.0
cbjf,Rest of US,1.0
bfrp,Rest of US,0.9150769542165508
dn8b,Rest of US,1.0
c889,Rest of US,1.0
9r2j,Rest of California,1.0
bse5,Rest of US,0.40221419818925513
9rm4,Rest of US,1.0
9xkw,Rest of US,1.0
9zw6,Rest of US,1.0
9rhw,Rest of US,1.0
9q4v,Rest of California,1.0
9rc7,Rest of US,1.0
9qmy,Rest of US,1.0
9vgt,Rest of US,1.0
c2r8,Rest of US,1.0
9xu8,Rest of US,1.0
dqc9,Rest of US,0.6227763987455599
bggh,Rest of US,1.0
9tmm,Rest of US,0.3183402959774162
9q9z,Rest of California,1.0
9ve6,Rest of US,1.0
9muf,Rest of California,1.0
9z0p,Rest of US,1.0
dndc,Rest of US,1.0
9xqs,Rest of US,1.0
b7rp,Rest of US,1.0
9q4x,Rest of California,1.0
9x3y,Rest of US,1.0
9twj,Rest of US,1.0
bsj4,Rest of US,1.0
bdej,Rest of US,1.0
9y3z,Rest of US,1.0
9rtr,Rest of US,1.0
c27u,Rest of US,1.0
c2qz,Rest of US,1.0
9xdw,Rest of US,1.0
b76y,Rest of US,0.2028273760713396
c2ht,Rest of US,1.0
c435,Rest of US,0.7459061560344371
9wd2,Rest of US,1.0
9r93,Rest of US,1.0
dn7q,Rest of US,1.0
bdfg,Rest of US,1.0
bdft,Rest of US,1.0
bspb,Rest of US,1.0
dru0,Rest of US,1.0
9xz3,Rest of US,1.0
c86z,Rest of US,1.0
9v0d,Rest of US,0.602414073590316
dhvj,Rest of US,0.18229449603494946
dpcq,Rest of US,0.8045235323471259
9wny,Rest of US,1.0
f01h,Rest of US,1.0
dhme,Rest of US,0.0912760940702817
9rmr,Rest of US,1.0
dp4c,Rest of US,1.0
bfqe,Rest of US,0.10307550425741101
dnkt,Rest of US,1.0
9tbn,Rest of US,1.0
b7sm,Rest of US,1.0
9wg7,Rest of US,1.0
b7wm,Rest of US,1.0
dp3v,Rest of US,0.06935762547050706
bdcq,Rest of US,1.0
b7ek,Rest of US,1.0
9qkj,Rest of California,1.0
9qpf,Rest of US,1.0
bdg7,Rest of US,1.0
b7tm,Rest of US,1.0
9qrn,Rest of US,1.0
cb05,Rest of US,1.0
9ycp,Rest of US,1.0
9vwe,Rest of US,1.0
f2rm,Rest of US,0.21143751908520475
b397,Rest of US,0.171576506854781
9y1w,Rest of US,1.0
bd6h,Rest of US,1.0
b6f5,Rest of US,0.023960269523772
bsng,Rest of US,1.0
9rd2,Rest of US,1.0
9qdj,Rest of California,1.0
dnhy,Rest of US,1.0
c8xn,Rest of US,0.747533694429391
dnrm,Rest of US,1.0
bsdf,Rest of US,1.0
bsh6,Rest of US,1.0
dp5t,Rest of US,1.0
9yqw,Rest of US,1.0
bkw0,Rest of US,1.0
9y9k,Rest of US,1.0
beuk,Rest of US,1.0
bs7b,Rest of US,1.0
f2r7,Rest of US,1.0
b6pf,Rest of US,0.7242930616606881
bdwr,Rest of US,1.0
9v0q,Rest of US,0.8283079070473776
9zu7,Rest of US,1.0
9zgx,Rest of US,1.0
9ynk,Rest of US,1.0
9xm1,Rest of US,1.0
9w9k,Rest of US,1.0
dnru,Rest of US,1.0
c1g0,Rest of US,0.9925387732782732
9v9c,Rest of US,1.0
be1p,Rest of US,1.0
dnw6,Rest of US,1.0
9w7f,Rest of US,1.0
zcnp,Rest of US,0.33342983675365123
bsn7,Rest of US,1.0
c2xc,Rest of US,1.0
c2jf,Rest of US,1.0
9r52,Rest of US,1.0
9q9y,Rest of California,0.9999893856858114
bfr2,Rest of US,0.998646244052294
dp8g,Rest of US,1.0
9t8x,Rest of US,1.0
dj9v,Rest of US,1.0
dn2s,Rest of US,1.0
bd2d,Rest of US,1.0
9z2r,Rest of US,1.0
9wdx,Rest of US,1.0
9wgr,Rest of US,1.0
9w77,Rest of US,1.0
c2pj,Rest of US,1.0
9x4d,Rest of US,1.0
dnej,Rest of US,1.0
9xws,Rest of US,1.0
9tuk,Rest of US,1.0
9z0m,Rest of US,1.0
9y8p,Rest of US,1.0
bknq,Rest of US,1.0
be1g,Rest of US,1.0
dj73,Rest of US,0.7317291533162081
9y2t,Rest of US,1.0
bknc,Rest of US,1.0
bgcx,Rest of US,1.0
9xdv,Rest of US,1.0
c2ks,Rest of US,1.0
bsrj,Rest of US,1.0
9ykj,Rest of US,1.0
9yjd,Rest of US,1.0
bd1p,Rest of US,0.661656797464503
c0pv,Rest of US,0.5834278608739222
c22r,Rest of US,1.0
dp34,Rest of US,1.0
bkjr,Rest of US,1.0
c29g,Rest of US,1.0
bu0q,Rest of US,1.0
bs9d,Rest of US,1.0
9wzk,Rest of US,1.0
dn1z,Rest of US,1.0
c8qt,Rest of US,1.0
dp14,Rest of US,1.0
bejs,Rest of US,1.0
9xc0,Rest of US,1.0
9x86,Rest of US,1.0
djgr,Rest of US,1.0
b6u8,Rest of US,1.0
bu3t,Rest of US,1.0
djtt,Rest of US,1.0
bdew,Rest of US,0.09706961726400914
9rsv,Rest of US,1.0
9ryg,Rest of US,1.0
drvz,Rest of US,1.0
9tsh,Rest of US,0.18547923461650667
9zcv,Rest of US,1.0
be9x,Rest of US,1.0
c442,Rest of US,1.0
bu3m,Rest of US,1.0
cbe9,Rest of US,1.0
9r06,Rest of California,1.0
bddu,Rest of US,0.9895808818536264
b7ws,Rest of US,1.0
dn49,Rest of US,1.0
dnqw,Rest of US,1.0
9tdx,Rest of US,1.0
bg2h,Rest of US,1.0
9vs0,Rest of US,1.0
9x9t,Rest of US,1.0
b7tu,Rest of US,1.0
9xc5,Rest of US,1.0
dre9,Rest of US,1.0
9wk8,Rest of US,1.0
9qr5,Rest of US,1.0
bdgp,Rest of US,1.0
dnfn,Rest of US,1.0
de4j,Rest of US,0.01955743925826361
9rgz,Rest of US,1.0
f2j1,Rest of US,0.04891347669631494
9tt6,Rest of US,1.0
dhvz,Rest of US,1.0
dq3x,Rest of US,1.0
cb0g,Rest of US,1.0
dnnt,Rest of US,1.0
9wut,Rest of US,1.0
c2jx,Rest of US,1.0
c2wy,Rest of US,0.7521240563967998
cbt4,Rest of US,1.0
c860,Rest of US,1.0
9qz3,Rest of US,1.0
9vhn,Rest of US,1.0
9wz2,Rest of US,1.0
dnx0,Rest of US,1.0
b3uc,Rest of US,0.41506104441238956
c8qv,Rest of US,1.0
9zgm,Rest of US,1.0
9v5u,Rest of US,1.0
bs8s,Rest of US,1.0
9wbk,Rest of US,1.0
dr3x,Rest of US,1.0
dphr,Rest of US,1.0
bftb,Rest of US,1.0
9wh8,Rest of US,1.0
9zxf,Rest of US,1.0
bk4u,Rest of US,1.0
b6gp,Rest of US,1.0
cbpq,Rest of US,1.0
b6gf,Rest of US,1.0
9x6h,Rest of US,1.0
9tqc,Rest of US,0.9848981174674365
9zv1,Rest of US,1.0
cb49,Rest of US,1.0
9q68,Rest of California,1.0
dq3z,Rest of US,0.8866212098807461
9x7v,Rest of US,1.0
bd2y,Rest of US,1.0
9v92,Rest of US,1.0
9yeb,Rest of US,1.0
9vyx,Rest of US,1.0
9r55,Rest of US,1.0
bsdh,Rest of US,0.028822100286565247
87yh,Rest of US,0.23135935838010108
9tsf,Rest of US,1.0
cbk4,Rest of US,1.0
dnmt,Rest of US,1.0
bkmm,Rest of US,1.0
9uff,Rest of US,0.03878648022776749
bsp0,Rest of US,1.0
cb9j,Rest of US,1.0
bs0e,Rest of US,1.0
dn8s,Rest of US,1.0
b7hx,Rest of US,1.0
drvy,Rest of US,1.0
9y80,Rest of US,1.0
dq2e,Rest of US,1.0
9xc3,Rest of US,1.0
be8r,Rest of US,1.0
9zsm,Rest of US,1.0
dpds,Rest of US,0.26946613399780645
c29j,Rest of US,1.0
dpcj,Rest of US,1.0
dq0w,Rest of US,1.0
bsk5,Rest of US,1.0
9x4q,Rest of US,1.0
9mv5,Rest of California,1.0
bemn,Rest of US,1.0
bedm,Rest of US,1.0
c255,Rest of US,1.0
bey6,Rest of US,1.0
drzm,Rest of US,1.0
c8me,Rest of US,1.0
c1f2,Rest of US,0.07684914092234267
bkx9,Rest of US,1.0
dhw7,Rest of US,1.0
9w7m,Rest of US,1.0
cb76,Rest of US,1.0
9qz4,Rest of US,1.0
dqb7,Rest of US,1.0
b6x4,Rest of US,1.0
9x5e,Rest of US,1.0
9rx8,Rest of US,1.0
bsd3,Rest of US,1.0
bep7,Rest of US,1.0
9wvw,Rest of US,1.0
be6k,Rest of US,1.0
c8wg,Rest of US,1.0
dryg,Rest of US,0.6627447531160688
9zcn,Rest of US,1.0
djyy,Rest of US,1.0
bdbp,Rest of US,1.0
cb9v,Rest of US,1.0
9t97,Rest of US,1.0
9mve,Rest of California,1.0
b6v4,Rest of US,1.0
bgg4,Rest of US,1.0
dph2,Rest of US,1.0
9qgm,Rest of US,1.0
9w8p,Rest of US,1.0
bg6e,Rest of US,1.0
dpg0,Rest of US,1.0
bsr0,Rest of US,1.0
bu1s,Rest of US,1.0
9yw0,Rest of US,1.0
bewd,Rest of US,1.0
9qc9,Rest of California,0.9282949431404907
cbmq,Rest of US,1.0
bdxm,Rest of US,0.01939217130392906
9zxk,Rest of US,1.0
zcny,Rest of US,0.060644837590447365
9whg,Rest of US,1.0
cbks,Rest of US,1.0
c2hw,Rest of US,1.0
dnmh,Rest of US,1.0
cb6u,Rest of US,1.0
9ys0,Rest of US,1.0
9ytk,Rest of US,1.0
cb6v,Rest of US,1.0
c25b,Rest of US,1.0
c283,Rest of US,0.7978912359316169
9tsx,Rest of US,1.0
c2h8,Rest of US,1.0
dpbb,Rest of US,1.0
bg91,Rest of US,1.0
cb6n,Rest of US,1.0
9yms,Rest of US,1.0
9ztj,Rest of US,1.0
cbqn,Rest of US,1.0
9wq9,Rest of US,1.0
9qjs,Rest of California,1.0
dnjb,Rest of US,1.0
cbh8,Rest of US,1.0
beq6,Rest of US,1.0
bfc9,Rest of US,1.0
9xnw,Rest of US,1.0
b7wd,Rest of US,1.0
cb9y,Rest of US,0.7555037814440261
b7nn,Rest of US,1.0
bdtr,Rest of US,1.0
9zsk,Rest of US,1.0
9tgb,Rest of US,1.0
9wj2,Rest of US,1.0
2jrr,Rest of US,0.04712972068310763
9yrt,Rest of US,1.0
dn8n,Rest of US,1.0
c2qe,Rest of US,1.0
9qkt,Rest of California,1.0
bejg,Rest of US,1.0
dj98,Rest of US,1.0
9r75,Rest of US,1.0
9zdu,Rest of US,1.0
9qjn,Rest of California,1.0
9w7t,Rest of US,1.0
9qxh,Rest of US,1.0
9xc8,Rest of US,1.0
bds1,Rest of US,1.0
9t9v,Rest of US,1.0
9v34,Rest of US,1.0
djf9,Rest of US,1.0
bkpz,Rest of US,1.0
9rfn,Rest of US,1.0
f028,Rest of US,1.0
bd7z,Rest of US,0.07083400864845925
be8s,Rest of US,1.0
9tvk,Rest of US,1.0
9zkr,Rest of US,1.0
9vuu,Rest of US,1.0
bepk,Rest of US,1.0
9y85,Rest of US,1.0
9rjy,Rest of US,1.0
9rf2,Rest of US,1.0
drd4,Rest of US,1.0
bg3m,Rest of US,1.0
9ucb,Rest of US,1.0
f01t,Rest of US,1.0
zcq0,Rest of US,0.018351537194251727
9muc,Rest of California,0.8079160057478172
c8ew,Rest of US,0.7563098103669726
9ype,Rest of US,1.0
bd3n,Rest of US,1.0
9xj6,Rest of US,1.0
9x83,Rest of US,1.0
9wrn,Rest of US,1.0
b7gv,Rest of US,0.48725663261178204
cb6k,Rest of US,1.0
dhv3,Rest of US,0.3748077824585662
dphj,Rest of US,1.0
9ufp,Rest of US,1.0
be1c,Rest of US,1.0
dp1q,Rest of US,1.0
9z4n,Rest of US,1.0
9rxh,Rest of US,1.0
9wrg,Rest of US,1.0
9qgh,Rest of US,0.9998446244377737
beek,Rest of US,1.0
9zrb,Rest of US,1.0
9qkw,Rest of California,1.0
9xwu,Rest of US,1.0
bu0c,Rest of US,1.0
9ze4,Rest of US,1.0
c85m,Rest of US,1.0
9vrk,Rest of US,1.0
bg4s,Rest of US,1.0
drs6,Rest of US,1.0
bewc,Rest of US,1.0
be16,Rest of US,1.0
cbem,Rest of US,1.0
beth,Rest of US,1.0
9vqz,Rest of US,1.0
bes3,Rest of US,1.0
f01x,Rest of US,1.0
bkh1,Rest of US,1.0
9rc4,Rest of US,1.0
9xr1,Rest of US,1.0
9zw8,Rest of US,1.0
9wbp,Rest of US,1.0
bdc3,Rest of US,1.0
djku,Rest of US,1.0
9z9n,Rest of US,1.0
cbh1,Rest of US,1.0
9tdp,Rest of US,1.0
9tuq,Rest of US,1.0
dp6u,Rest of US,1.0
9w2n,Rest of US,1.0
9x4g,Rest of US,1.0
bkns,Rest of US,1.0
dq2h,Rest of US,1.0
c246,Rest of US,1.0
9xxb,Rest of US,1.0
9r7c,Rest of US,1.0
bexg,Rest of US,1.0
bfgd,Rest of US,0.9371812831770512
behy,Rest of US,1.0
9x16,Rest of US,1.0
bs71,Rest of US,1.0
b3vj,Rest of US,1.0
bs0n,Rest of US,1.0
bg48,Rest of US,1.0
dntz,Rest of US,1.0
bd8v,Rest of US,1.0
dr2s,Rest of US,1.0
9qnx,Rest of US,1.0
dn9f,Rest of US,1.0
cb30,Rest of US,1.0
dp7h,Rest of US,1.0
9zbx,Rest of US,1.0
dndd,Rest of US,1.0
djsu,Rest of US,1.0
dq8s,Rest of US,1.0
bgg2,Rest of US,1.0
b7qj,Rest of US,1.0
dnnm,Rest of US,1.0
bu62,Rest of US,1.0
c29n,Rest of US,0.7666725033364945
9xb2,Rest of US,1.0
9w1s,Rest of US,1.0
9ymn,Rest of US,1.0
dr4m,Rest of US,1.0
9vgu,Rest of US,1.0
dnfx,Rest of US,1.0
9wk3,Rest of US,1.0
9rk7,Rest of US,1.0
f2pp,Rest of US,1.0
9wqt,Rest of US,1.0
dn9d,Rest of US,1.0
bevn,Rest of US,1.0
f078,Rest of US,0.41102106548116873
b3wr,Rest of US,0.047927777972784545
c42p,Rest of US,1.0
9x9b,Rest of US,1.0
9yhx,Rest of US,1.0
9trd,Rest of US,1.0
9rrk,Rest of US,1.0
9x46,Rest of US,1.0
9tgy,Rest of US,1.0
dnwp,Rest of US,1.0
beqv,Rest of US,1.0
9y94,Rest of US,1.0
c8n0,Rest of US,1.0
9wen,Rest of US,1.0
9qpp,Rest of US,1.0
dp48,Rest of US,1.0
9r4k,Rest of California,1.0
9z17,Rest of US,1.0
cbdd,Rest of US,1.0
bfpc,Rest of US,0.08465176945595528
dhww,Rest of US,1.0
bsd0,Rest of US,1.0
9y96,Rest of US,1.0
9w8d,Rest of US,1.0
dp31,Rest of US,1.0
be0e,Rest of US,1.0
drfk,Rest of US,1.0
b7nk,Rest of US,1.0
9tsz,Rest of US,1.0
9v2k,Rest of US,1.0
cb34,Rest of US,1.0
9y1d,Rest of US,1.0
b6xp,Rest of US,1.0
dr2v,Rest of US,1.0
9xft,Rest of US,1.0
9wqv,Rest of US,1.0
9qf5,Rest of California,0.999942475667963
be37,Rest of US,1.0
c2s3,Rest of US,1.0
9xju,Rest of US,1.0
9rcm,Rest of US,1.0
9w26,Rest of US,1.0
b6un,Rest of US,1.0
b6tt,Rest of US,1.0
9wdy,Rest of US,1.0
9vbd,Rest of US,1.0
c20s,Rest of US,1.0
bd49,Rest of US,0.07632138328557632
bs8v,Rest of US,0.3869191194134285
cb5q,Rest of US,1.0
9qr6,Rest of US,1.0
9tmw,Rest of US,1.0
9tzr,Rest of US,1.0
dq9u,Rest of US,0.2436151107371706
dn27,Rest of US,1.0
9vyn,Rest of US,1.0
bd9j,Rest of US,1.0
9wnu,Rest of US,1.0
9yut,Rest of US,1.0
9tz3,Rest of US,1.0
b7c8,Rest of US,0.3513611718900712
c868,Rest of US,1.0
dhv6,Rest of US,0.6339065168309594
9yby,Rest of US,1.0
9r20,Rest of California,1.0
c445,Rest of US,0.45508913352748326
9qgz,Rest of US,1.0
c1fn,Rest of US,0.7121063116135744
dj7k,Rest of US,1.0
9vmf,Rest of US,1.0
bf9q,Rest of US,0.8924200202147339
9xy5,Rest of US,1.0
9q66,Rest of California,1.0
bfx9,Rest of US,0.8698424463921347
dndv,Rest of US,1.0
9uch,Rest of US,0.051710981902425804
b6fz,Rest of US,1.0
zc7h,Rest of US,0.5703609004443695
c8du,Rest of US,1.0
bu07,Rest of US,1.0
bg1z,Rest of US,1.0
9zjg,Rest of US,1.0
9ynp,Rest of US,1.0
behd,Rest of US,1.0
9r1x,Rest of California,1.0
9qu7,Rest of US,1.0
bexv,Rest of US,1.0
9y6n,Rest of US,1.0
9twr,Rest of US,1.0
9qxj,Rest of US,1.0
9q98,Rest of California,1.0
9tqd,Rest of US,1.0
c0pc,Rest of US,0.6241177127680745
bech,Rest of US,1.0
dnss,Rest of US,1.0
ber8,Rest of US,1.0
9xrm,Rest of US,1.0
b3vh,Rest of US,0.6594152076608284
9wn6,Rest of US,1.0
9zvg,Rest of US,1.0
9tbp,Rest of US,1.0
dj7c,Rest of US,0.14831438663359958
dpjb,Rest of US,1.0
bs04,Rest of US,1.0
b7en,Rest of US,1.0
9z3d,Rest of US,1.0
9z65,Rest of US,1.0
9y8j,Rest of US,1.0
b7g6,Rest of US,0.8359353260785882
9tz0,Rest of US,1.0
bsm4,Rest of US,1.0
9r2y,Rest of US,0.02631234922355391
9r2y,Rest of California,0.9736876507764461
9wxn,Rest of US,1.0
9x2y,Rest of US,1.0
c88v,Rest of US,1.0
c2km,Rest of US,1.0
9v6f,Rest of US,1.0
9rqh,Rest of US,1.0
c26g,Rest of US,1.0
9ybe,Rest of US,1.0
9xc1,Rest of US,1.0
dpuw,Rest of US,1.0
9vsw,Rest of US,1.0
9qwu,Rest of US,1.0
bgej,Rest of US,1.0
c0xb,Rest of US,1.0
9ywt,Rest of US,1.0
9r62,Rest of California,1.0
djk8,Rest of US,0.27656873834901996
9z0j,Rest of US,1.0
9xgr,Rest of US,1.0
bd2g,Rest of US,1.0
bs5k,Rest of US,1.0
9wnz,Rest of US,1.0
dpnm,Rest of US,1.0
9ygj,Rest of US,1.0
9ywf,Rest of US,1.0
bdsq,Rest of US,0.7782113738940151
9xzm,Rest of US,1.0
c8xm,Rest of US,1.0
bdeq,Rest of US,0.7868070983854224
dr1y,Rest of US,1.0
bu0j,Rest of US,1.0
djv3,Rest of US,1.0
9z4b,Rest of US,1.0
dpb0,Rest of US,1.0
dn6z,Rest of US,1.0
b69n,Rest of US,0.6224742672024633
dpny,Rest of US,1.0
f0h9,Rest of US,0.7305692032033037
dr6d,Rest of US,1.0
9v88,Rest of US,1.0
9xt1,Rest of US,1.0
c2rk,Rest of US,1.0
bfqm,Rest of US,0.9994955280953561
9w1x,Rest of US,1.0
9z9e,Rest of US,1.0
9qkv,Rest of California,1.0
9wje,Rest of US,1.0
9w47,Rest of US,1.0
9w3k,Rest of US,1.0
b7kx,Rest of US,0.3134228581084263
dn5d,Rest of US,1.0
9rgc,Rest of US,1.0
9tc6,Rest of US,1.0
9tx0,Rest of US,1.0
9q4y,Rest of California,1.0
c44b,Rest of US,0.7990089763501993
f01r,Rest of US,1.0
b3vw,Rest of US,0.36483357780317766
drvc,Rest of US,1.0
9v28,Rest of US,1.0
b77y,Rest of US,0.24045743142139786
9rcb,Rest of US,1.0
c872,Rest of US,1.0
9wbf,Rest of US,1.0
9v94,Rest of US,1.0
dngc,Rest of US,1.0
b6t4,Rest of US,0.9960354171782038
9yc4,Rest of US,1.0
9x5v,Rest of US,1.0
c84b,Rest of US,1.0
f03q,Rest of US,0.052240815778752135
9vfw,Rest of US,1.0
9z8e,Rest of US,1.0
9qqb,Rest of US,1.0
9yd9,Rest of US,1.0
9zqb,Rest of US,1.0
dpfe,Rest of US,0.6637639217841818
9vss,Rest of US,1.0
c8tf,Rest of US,1.0
bs6u,Rest of US,1.0
9z3q,Rest of US,1.0
9zzj,Rest of US,1.0
c8pb,Rest of US,1.0
djfm,Rest of US,1.0
dj9y,Rest of US,1.0
b74v,Rest of US,0.8922278483019779
b7dm,Rest of US,1.0
bspy,Rest of US,1.0
b3g0,Rest of US,0.4143150996944441
b7ph,Rest of US,1.0
be5m,Rest of US,1.0
bkw8,Rest of US,1.0
dqfj,Rest of US,1.0
9wk4,Rest of US,1.0
9qu2,Rest of US,1.0
9wfn,Rest of US,1.0
9tup,Rest of US,1.0
bg2z,Rest of US,1.0
9xy7,Rest of US,1.0
9ykc,Rest of US,1.0
9wtz,Rest of US,1.0
dpfu,Rest of US,1.0
9vyz,Rest of US,1.0
9xxr,Rest of US,1.0
9yhg,Rest of US,1.0
b7s6,Rest of US,1.0
9qq9,Rest of US,1.0
dr5r,Rest of US,0.9469676436539829
9zwt,Rest of US,1.0
bg8g,Rest of US,1.0
dn6h,Rest of US,1.0
cb0k,Rest of US,1.0
bu1g,Rest of US,1.0
9vsu,Rest of US,1.0
b6yf,Rest of US,1.0
djwn,Rest of US,1.0
9xq7,Rest of US,1.0
bftp,Rest of US,0.1327447234395295
de4h,Rest of US,0.04987322974892081
b7xj,Rest of US,1.0
bdym,Rest of US,1.0
87yq,Rest of US,0.04800172493471429
9zke,Rest of US,1.0
be64,Rest of US,1.0
dj3h,Rest of US,0.33443727893402503
b6xu,Rest of US,1.0
b3vs,Rest of US,0.9908391452574783
b392,Rest of US,0.8748583214512322
9wpe,Rest of US,1.0
9vfn,Rest of US,1.0
9zy2,Rest of US,1.0
9y0b,Rest of US,1.0
9zcm,Rest of US,1.0
dj2j,Rest of US,1.0
9vx7,Rest of US,1.0
dr9x,Rest of US,0.37189444308011893
c23t,Rest of US,1.0
dped,Rest of US,1.0
bdzr,Rest of US,1.0
c27b,Rest of US,1.0
cbk7,Rest of US,1.0
ber6,Rest of US,1.0
b398,Rest of US,0.11005248223729565
bsrp,Rest of US,0.33778141614876983
dr3d,Rest of US,1.0
9xjq,Rest of US,1.0
c27h,Rest of US,1.0
c2jc,Rest of US,1.0
9tw7,Rest of US,1.0
9w48,Rest of US,1.0
9w8g,Rest of US,1.0
cb5u,Rest of US,1.0
9q97,Rest of California,0.07046061583520863
drft,Rest of US,1.0
dqcf,Rest of US,0.9260672441120424
9zqk,Rest of US,1.0
9rx9,Rest of US,1.0
b7vx,Rest of US,1.0
dq0u,Rest of US,0.9072144045114693
dnxv,Rest of US,1.0
c406,Rest of US,0.25522174249626745
9ypu,Rest of US,1.0
9yt9,Rest of US,1.0
c1ch,Rest of US,0.47193480946747063
bkq2,Rest of US,1.0
dnzk,Rest of US,1.0
9z7q,Rest of US,1.0
9xj0,Rest of US,1.0
beq1,Rest of US,1.0
djeg,Rest of US,1.0
9trn,Rest of US,1.0
dq0d,Rest of US,0.6876831764087011
cbd2,Rest of US,1.0
9x2g,Rest of US,1.0
9xz9,Rest of US,1.0
9vzt,Rest of US,1.0
c23h,Rest of US,1.0
c8qq,Rest of US,1.0
bs66,Rest of US,1.0
c85q,Rest of US,1.0
djym,Rest of US,1.0
c89u,Rest of US,1.0
9yy3,Rest of US,1.0
bge7,Rest of US,1.0
cbsx,Rest of US,0.432600679271981
dp72,Rest of US,1.0
be02,Rest of US,1.0
dj87,Rest of US,1.0
bg70,Rest of US,1.0
9t8p,Rest of US,1.0
bu06,Rest of US,1.0
x4qg,Rest of US,0.20064997769901374
9zfm,Rest of US,1.0
9vwm,Rest of US,1.0
9my3,Rest of US,0.5038934425388809
bkr8,Rest of US,1.0
dp0p,Rest of US,1.0
9muu,Rest of California,1.0
9t9w,Rest of US,1.0
f05x,Rest of US,1.0
djgf,Rest of US,1.0
9q79,Rest of California,1.0
9mxx,Rest of US,1.0
bkp0,Rest of US,1.0
bdys,Rest of US,1.0
9ymf,Rest of US,1.0
bdux,Rest of US,1.0
bkqz,Rest of US,1.0
dppw,Rest of US,1.0
bdxz,Rest of US,0.766731647655967
9v3j,Rest of US,1.0
bgdu,Rest of US,1.0
9tfu,Rest of US,1.0
9qzn,Rest of US,1.0
dn2b,Rest of US,1.0
bshf,Rest of US,1.0
dp3k,Rest of US,1.0
b6uy,Rest of US,1.0
dqc4,Rest of US,0.6848924072839991
9vw4,Rest of US,1.0
bec9,Rest of US,1.0
bexj,Rest of US,1.0
c83x,Rest of US,1.0
c2tu,Rest of US,1.0
dn9z,Rest of US,1.0
9rwn,Rest of US,1.0
bg9f,Rest of US,1.0
cbp3,Rest of US,1.0
c8d3,Rest of US,1.0
9wh5,Rest of US,1.0
9z0x,Rest of US,1.0
bedz,Rest of US,1.0
dngf,Rest of US,1.0
9v8v,Rest of US,1.0
c8jc,Rest of US,1.0
9z6x,Rest of US,1.0
9ucs,Rest of US,1.0
9tem,Rest of US,1.0
dppr,Rest of US,1.0
b7h0,Rest of US,1.0
9xjg,Rest of US,1.0
9zhp,Rest of US,1.0
dq8p,Rest of US,1.0
9y9t,Rest of US,1.0
bd8m,Rest of US,1.0
b7y1,Rest of US,1.0
9v7w,Rest of US,1.0
9r98,Rest of US,1.0
bu37,Rest of US,1.0
b6sw,Rest of US,0.9389055027548503
9y0g,Rest of US,1.0
dnpz,Rest of US,1.0
9yer,Rest of US,1.0
x4xs,Rest of US,0.014410965634298391
9wez,Rest of US,1.0
dndn,Rest of US,1.0
9y1e,Rest of US,1.0
dpbr,Rest of US,1.0
bfdz,Rest of US,1.0
9rpm,Rest of US,1.0
9zd1,Rest of US,1.0
bsjq,Rest of US,1.0
9z47,Rest of US,1.0
9qkn,Rest of California,1.0
bd86,Rest of US,1.0
c2sk,Rest of US,1.0
b6rx,Rest of US,1.0
b7xh,Rest of US,1.0
9x7k,Rest of US,1.0
9xyy,Rest of US,1.0
9rg3,Rest of US,1.0
9qtb,Rest of US,1.0
bdf1,Rest of US,1.0
be1s,Rest of US,1.0
9rj3,Rest of US,1.0
dq9b,Rest of US,0.9998368075234113
besn,Rest of US,1.0
9qzu,Rest of US,1.0
dr9b,Rest of US,1.0
c2tt,Rest of US,1.0
9r18,Rest of California,1.0
9q49,Rest of California,0.3149559320251588
beq7,Rest of US,1.0
bev3,Rest of US,1.0
c80m,Rest of US,1.0
bd4y,Rest of US,1.0
9q6u,Rest of California,1.0
b7qz,Rest of US,1.0
9qgq,Rest of US,1.0
c8tm,Rest of US,1.0
dp3u,Rest of US,0.8717676457309018
9ppz,Rest of California,1.0
bg9z,Rest of US,1.0
b6xy,Rest of US,1.0
9yj5,Rest of US,1.0
bshx,Rest of US,1.0
9xc6,Rest of US,1.0
9ucw,Rest of US,1.0
bs4h,Rest of US,1.0
djjz,Rest of US,1.0
9x63,Rest of US,1.0
b4p6,Rest of US,0.048883184182420054
b7ps,Rest of US,1.0
bu4x,Rest of US,1.0
dpec,Rest of US,1.0
dnc7,Rest of US,1.0
bgfn,Rest of US,1.0
bffx,Rest of US,1.0
drf6,Rest of US,1.0
dnnf,Rest of US,1.0
9y43,Rest of US,1.0
9q5u,Rest of California,1.0
9rmg,Rest of US,1.0
9tv2,Rest of US,1.0
9tf9,Rest of US,1.0
9y4n,Rest of US,1.0
cbjz,Rest of US,1.0
b78y,Rest of US,0.4914156549413099
c2d9,Rest of US,1.0
bu1y,Rest of US,1.0
9x6e,Rest of US,1.0
c89h,Rest of US,1.0
c2jt,Rest of US,1.0
bexy,Rest of US,1.0
c203,Rest of US,1.0
dr8f,Rest of US,1.0
9wbn,Rest of US,1.0
9xpw,Rest of US,1.0
9ttf,Rest of US,1.0
bevg,Rest of US,1.0
c8t6,Rest of US,1.0
9qpm,Rest of US,1.0
c23q,Rest of US,1.0
dnu9,Rest of US,1.0
c86s,Rest of US,1.0
f2pn,Rest of US,1.0
be9h,Rest of US,1.0
9z35,Rest of US,1.0
9y89,Rest of US,1.0
9r2r,Rest of US,1.0
9qhd,Rest of California,1.0
9r04,Rest of California,1.0
dj9m,Rest of US,1.0
dnd0,Rest of US,1.0
9qj5,Rest of California,1.0
dnsz,Rest of US,1.0
dnch,Rest of US,1.0
c2nq,Rest of US,1.0
9wyf,Rest of US,1.0
bg2x,Rest of US,1.0
dp41,Rest of US,1.0
beg2,Rest of US,1.0
dhw4,Rest of US,0.5007592820787571
9tqj,Rest of US,1.0
b7h5,Rest of US,1.0
9wjw,Rest of US,1.0
bgd8,Rest of US,1.0
dju5,Rest of US,1.0
9zbf,Rest of US,1.0
f2qu,Rest of US,0.8444339730713732
dnn0,Rest of US,1.0
f00u,Rest of US,1.0
drmy,Rest of US,0.22598725247425844
bsrr,Rest of US,0.17492692918728714
bs3u,Rest of US,1.0
b6fr,Rest of US,1.0
9x8n,Rest of US,1.0
c2qu,Rest of US,1.0
dp2f,Rest of US,1.0
c2rc,Rest of US,1.0
9tny,Rest of US,0.32184261613036275
dnuw,Rest of US,1.0
cb8y,Rest of US,0.7522039534704366
c42t,Rest of US,1.0
bu47,Rest of US,1.0
cb4y,Rest of US,1.0
bene,Rest of US,1.0
b6ut,Rest of US,1.0
b6x9,Rest of US,1.0
9z77,Rest of US,1.0
9x1d,Rest of US,1.0
dnyh,Rest of US,1.0
9yqu,Rest of US,1.0
dj75,Rest of US,0.8772424246004876
b7wv,Rest of US,1.0
bu0s,Rest of US,1.0
9z97,Rest of US,1.0
9myr,Rest of California,1.0
djkj,Rest of US,1.0
bsm6,Rest of US,1.0
9zwr,Rest of US,1.0
c8jn,Rest of US,1.0
dr0h,Rest of US,1.0
b7k3,Rest of US,0.3226631286433868
c2hr,Rest of US,1.0
9rp9,Rest of US,1.0
9zwm,Rest of US,1.0
bkkt,Rest of US,1.0
b5q2,Rest of US,0.21912634639978354
b6gk,Rest of US,1.0
cbdw,Rest of US,0.7579786524242486
bkq5,Rest of US,1.0
9y6z,Rest of US,1.0
9vvw,Rest of US,1.0
djk6,Rest of US,0.3416518051113598
dpv0,Rest of US,0.9995732678095405
dr49,Rest of US,1.0
bdf6,Rest of US,1.0
9qw2,Rest of US,1.0
b7xx,Rest of US,1.0
b6vx,Rest of US,1.0
9wf8,Rest of US,1.0
9y82,Rest of US,1.0
drf2,Rest of US,1.0
be6n,Rest of US,1.0
9t9m,Rest of US,1.0
9vcn,Rest of US,1.0
c2mk,Rest of US,1.0
9wfm,Rest of US,1.0
cb13,Rest of US,1.0
dr6v,Rest of US,1.0
9wgw,Rest of US,1.0
dnmg,Rest of US,1.0
9wyx,Rest of US,1.0
dpcx,Rest of US,0.2741680012803487
f057,Rest of US,0.044313879893710474
9qn0,Rest of California,1.0
9mzq,Rest of US,1.0
dn6s,Rest of US,1.0
b6vs,Rest of US,1.0
bs2z,Rest of US,1.0
dnt4,Rest of US,1.0
9wmb,Rest of US,1.0
be2f,Rest of US,1.0
djw4,Rest of US,0.8626460973388232
bs5g,Rest of US,1.0
9tb1,Rest of US,1.0
dpkr,Rest of US,1.0
dpqu,Rest of US,1.0
9tth,Rest of US,1.0
c2s9,Rest of US,1.0
bsrf,Rest of US,1.0
9vhp,Rest of US,1.0
9w3u,Rest of US,1.0
b7f3,Rest of US,0.8456118569793335
dnv8,Rest of US,1.0
9z6g,Rest of US,1.0
dn3n,Rest of US,1.0
bewp,Rest of US,1.0
9ymr,Rest of US,1.0
dj3x,Rest of US,1.0
dpmd,Rest of US,1.0
drs0,Rest of US,1.0
b7zy,Rest of US,1.0
dn3c,Rest of US,1.0
beur,Rest of US,1.0
dhvd,Rest of US,1.0
9zu4,Rest of US,1.0
9zbd,Rest of US,1.0
9rb5,Rest of US,1.0
dnbb,Rest of US,1.0
c844,Rest of US,1.0
b5pz,Rest of US,0.6418409851109391
f2nq,Rest of US,1.0
bdxw,Rest of US,0.07411729419590121
b7zg,Rest of US,1.0
b7n5,Rest of US,1.0
9vmb,Rest of US,0.05819854641223941
c260,Rest of US,1.0
9y1m,Rest of US,1.0
9myw,Rest of US,0.9242071886041489
9myw,Rest of California,0.07579281139585108
9r87,Rest of US,1.0
9r5w,Rest of US,1.0
9vpy,Rest of US,0.8657772129959653
dr8u,Rest of US,1.0
c27n,Rest of US,1.0
b1r5,Rest of US,0.023592965470553905
9zdm,Rest of US,1.0
9xdf,Rest of US,1.0
bewe,Rest of US,1.0
9tt9,Rest of US,1.0
bsp3,Rest of US,1.0
ben8,Rest of US,1.0
b76z,Rest of US,0.9972895079390581
bspr,Rest of US,1.0
9qhj,Rest of California,1.0
9yfy,Rest of US,1.0
9rtq,Rest of US,1.0
9w7p,Rest of US,1.0
9wfp,Rest of US,1.0
djg1,Rest of US,1.0
9wpb,Rest of US,1.0
9z82,Rest of US,1.0
dntw,Rest of US,1.0
9xts,Rest of US,1.0
9x8g,Rest of US,1.0
dn4y,Rest of US,1.0
bs7v,Rest of US,1.0
f060,Rest of US,0.4897453036158915
9qsp,Rest of US,1.0
b6u2,Rest of US,1.0
bfbd,Rest of US,1.0
bs2t,Rest of US,1.0
cbe2,Rest of US,1.0
9vsy,Rest of US,1.0
9y9g,Rest of US,1.0
9rh0,Rest of US,1.0
9tx8,Rest of US,1.0
9prd,Rest of California,0.04378467957257085
9v3v,Rest of US,1.0
bdcx,Rest of US,1.0
drt3,Rest of US,1.0
bdbd,Rest of US,1.0
9yxb,Rest of US,1.0
c217,Rest of US,1.0
bez4,Rest of US,1.0
be1w,Rest of US,1.0
c2e4,Rest of US,1.0
dn4c,Rest of US,1.0
dj8z,Rest of US,1.0
dr9h,Rest of US,1.0
9qxz,Rest of US,1.0
c41k,Rest of US,0.4876929186071498
bd1v,Rest of US,0.03700689951672375
9trx,Rest of US,1.0
dp50,Rest of US,1.0
c216,Rest of US,1.0
bkky,Rest of US,1.0
bekq,Rest of US,1.0
cbky,Rest of US,1.0
9prt,Rest of California,0.25615662649918447
bs53,Rest of US,1.0
9vwq,Rest of US,1.0
bg6y,Rest of US,1.0
bdub,Rest of US,1.0
bdgu,Rest of US,1.0
9xjt,Rest of US,1.0
f2qd,Rest of US,1.0
9qnh,Rest of California,1.0
dp6m,Rest of US,0.9007718743789468
9mym,Rest of US,0.2600572412890915
9mym,Rest of California,0.7399427587109088
bes0,Rest of US,1.0
benf,Rest of US,1.0
dj3k,Rest of US,0.22599230451752203
9tvu,Rest of US,1.0
cbx6,Rest of US,0.2101882506917248
bk57,Rest of US,1.0
bs0h,Rest of US,1.0
b7ez,Rest of US,0.8849054442390536
cbhh,Rest of US,1.0
b6y0,Rest of US,1.0
bg51,Rest of US,1.0
9yeq,Rest of US,1.0
b6sz,Rest of US,1.0
cb7u,Rest of US,1.0
bkh4,Rest of US,1.0
f04r,Rest of US,1.0
drdp,Rest of US,1.0
9ydp,Rest of US,1.0
9wgv,Rest of US,1.0
bets,Rest of US,1.0
9r77,Rest of US,1.0
drqm,Rest of US,0.07944050696768035
9qh8,Rest of California,1.0
9vkp,Rest of US,1.0
cb1d,Rest of US,1.0
bdxp,Rest of US,0.05208017819656078
9yhd,Rest of US,1.0
9mzt,Rest of US,1.0
9tt1,Rest of US,1.0
9w6n,Rest of US,1.0
bkjv,Rest of US,1.0
bs6e,Rest of US,1.0
bes8,Rest of US,1.0
bkmy,Rest of US,1.0
djms,Rest of US,1.0
dr45,Rest of US,1.0
drdk,Rest of US,1.0
dn81,Rest of US,1.0
druu,Rest of US,1.0
cb7t,Rest of US,1.0
c23x,Rest of US,1.0
9x79,Rest of US,1.0
9xqm,Rest of US,1.0
bs9u,Rest of US,0.5030382591987796
be3z,Rest of US,1.0
9pzd,Rest of US,0.09003780004045688
9x3p,Rest of US,1.0
bd74,Rest of US,0.8470136832310716
9xtm,Rest of US,1.0
b7tn,Rest of US,1.0
c8dg,Rest of US,1.0
9r6z,Rest of US,1.0
c28q,Rest of US,0.016637441349210146
dpdw,Rest of US,0.7601916850688248
9x71,Rest of US,1.0
9rrt,Rest of US,1.0
cb6x,Rest of US,1.0
bew0,Rest of US,1.0
c8mf,Rest of US,1.0
b6z7,Rest of US,1.0
9zyp,Rest of US,1.0
bdwx,Rest of US,0.9536382415047885
b79h,Rest of US,0.9917826884914189
9y5j,Rest of US,1.0
c8qz,Rest of US,1.0
9qs9,Rest of California,0.9974372800964244
be32,Rest of US,1.0
bemq,Rest of US,1.0
dpr4,Rest of US,1.0
bkng,Rest of US,1.0
dqf8,Rest of US,0.06052852175674054
b15r,Rest of US,0.08881733758661157
dn1b,Rest of US,1.0
cb58,Rest of US,1.0
9z1y,Rest of US,1.0
c8jq,Rest of US,1.0
dryh,Rest of US,1.0
bd5z,Rest of US,0.06398008342384752
9z9u,Rest of US,1.0
bfx0,Rest of US,1.0
dp6q,Rest of US,0.34231134770394106
dnce,Rest of US,1.0
bs72,Rest of US,1.0
bexb,Rest of US,1.0
9wmt,Rest of US,1.0
9y4v,Rest of US,1.0
drzn,Rest of US,1.0
9qee,Rest of California,0.9999268134861391
dpqb,Rest of US,1.0
bebm,Rest of US,1.0
bsqm,Rest of US,1.0
be63,Rest of US,1.0
c89q,Rest of US,0.7465594056977352
dnj4,Rest of US,1.0
bkpy,Rest of US,1.0
b6gc,Rest of US,1.0
c89g,Rest of US,1.0
c2wv,Rest of US,1.0
9wsh,Rest of US,1.0
bfet,Rest of US,0.9210534705576602
9wr4,Rest of US,1.0
9xt4,Rest of US,1.0
9z2q,Rest of US,1.0
9wrw,Rest of US,1.0
bg6n,Rest of US,1.0
c82r,Rest of US,1.0
9x6y,Rest of US,1.0
b7dp,Rest of US,1.0
cbew,Rest of US,0.7538569710854265
9rwf,Rest of US,1.0
c2n4,Rest of US,1.0
c1fc,Rest of US,0.7302629767788312
bg31,Rest of US,1.0
9zp9,Rest of US,1.0
9rzv,Rest of US,1.0
8e8s,Rest of US,0.11833520427709421
be8e,Rest of US,1.0
bs8e,Rest of US,1.0
f072,Rest of US,1.0
dqf9,Rest of US,0.2779963151084284
bekf,Rest of US,1.0
be9k,Rest of US,1.0
dqcs,Rest of US,0.412776824635546
9r97,Rest of US,1.0
9zj8,Rest of US,1.0
9zcy,Rest of US,1.0
9w8f,Rest of US,1.0
dn82,Rest of US,1.0
9zfv,Rest of US,1.0
b7e3,Rest of US,1.0
dnxm,Rest of US,1.0
bkxe,Rest of US,0.019175241594747705
9tfh,Rest of US,1.0
be58,Rest of US,1.0
dp92,Rest of US,1.0
djkk,Rest of US,1.0
c2m8,Rest of US,1.0
cb23,Rest of US,1.0
9v9g,Rest of US,1.0
dnet,Rest of US,1.0
9ydm,Rest of US,1.0
9r2u,Rest of California,1.0
9y52,Rest of US,1.0
bd3x,Rest of US,1.0
bu39,Rest of US,1.0
b9bx,Rest of US,0.056580383409881106
9vm2,Rest of US,0.01582269164520663
dp2c,Rest of US,1.0
9rzk,Rest of US,1.0
9v5e,Rest of US,1.0
drk2,Rest of US,0.8369949576111069
9r5q,Rest of US,1.0
9w5g,Rest of US,1.0
9wym,Rest of US,1.0
9w7c,Rest of US,1.0
9tun,Rest of US,1.0
c8eh,Rest of US,1.0
c8h1,Rest of US,1.0
9x0c,Rest of US,1.0
9vv4,Rest of US,1.0
9qd9,Rest of California,1.0
bspn,Rest of US,1.0
b6pq,Rest of US,0.014527290245149246
dq09,Rest of US,0.4199909901504999
9t8s,Rest of US,1.0
djgv,Rest of US,1.0
9v2t,Rest of US,1.0
9ywm,Rest of US,1.0
dnnk,Rest of US,1.0
f01m,Rest of US,1.0
dq8k,Rest of US,1.0
bk5c,Rest of US,1.0
9zeu,Rest of US,1.0
dnxn,Rest of US,1.0
dp12,Rest of US,1.0
c8rr,Rest of US,1.0
9tuj,Rest of US,1.0
9mzy,Rest of US,1.0
9tr9,Rest of US,0.5724130182136211
9wge,Rest of US,1.0
bs4u,Rest of US,1.0
djeb,Rest of US,1.0
9wwx,Rest of US,1.0
bdtw,Rest of US,0.998927922540189
9rzt,Rest of US,1.0
9mzh,Rest of US,1.0
be7q,Rest of US,1.0
b6wx,Rest of US,1.0
9zxp,Rest of US,1.0
b6vv,Rest of US,1.0
bez8,Rest of US,1.0
bu78,Rest of US,0.9258060059436604
cbd3,Rest of US,1.0
cbqd,Rest of US,0.3601003243581248
b75f,Rest of US,1.0
dhy0,Rest of US,1.0
9qf2,Rest of California,0.9999690873207303
9r61,Rest of California,1.0
bg8h,Rest of US,1.0
9ye2,Rest of US,1.0
f03k,Rest of US,0.15336075765831725
bdte,Rest of US,0.14699806164965135
9wte,Rest of US,1.0
dn76,Rest of US,1.0
9x4k,Rest of US,1.0
b14y,Rest of US,0.087894226045799
dn88,Rest of US,1.0
benq,Rest of US,1.0
beve,Rest of US,1.0
9rv1,Rest of US,1.0
c1cx,Rest of US,0.49676322951185864
beec,Rest of US,1.0
c8em,Rest of US,1.0
c24n,Rest of US,1.0
9yph,Rest of US,1.0
c440,Rest of US,0.9977184528681408
9qp5,Rest of US,1.0
9rg9,Rest of US,1.0
9xrp,Rest of US,1.0
9vmx,Rest of US,1.0
87yw,Rest of US,0.33478046949844614
bfqf,Rest of US,0.24580715602698178
9q6t,Rest of California,0.9997163569751174
f2n2,Rest of US,1.0
c40h,Rest of US,0.6991989258017678
bd04,Rest of US,0.053696776079216
dprz,Rest of US,1.0
9yd5,Rest of US,1.0
beuq,Rest of US,1.0
9zer,Rest of US,1.0
dnv7,Rest of US,1.0
9vzy,Rest of US,1.0
bd36,Rest of US,1.0
b7s0,Rest of US,1.0
drd0,Rest of US,1.0
dqbm,Rest of US,1.0
cbjs,Rest of US,1.0
9rpt,Rest of US,1.0
9yhc,Rest of US,1.0
9z1t,Rest of US,1.0
dq9s,Rest of US,0.8153031520954416
dnr8,Rest of US,1.0
9zvn,Rest of US,1.0
9w7q,Rest of US,1.0
9zur,Rest of US,1.0
bfb1,Rest of US,0.8006500930210588
dq9d,Rest of US,0.5781581901751706
9trb,Rest of US,0.15891460556852036
9zdd,Rest of US,1.0
9x4b,Rest of US,1.0
dn68,Rest of US,1.0
9w9g,Rest of US,1.0
bd3s,Rest of US,1.0
b7jq,Rest of US,1.0
9t8t,Rest of US,1.0
9wg9,Rest of US,1.0
bduk,Rest of US,1.0
9xt8,Rest of US,1.0
c2j5,Rest of US,1.0
bsrn,Rest of US,1.0
dns0,Rest of US,1.0
9xzx,Rest of US,1.0
9tuu,Rest of US,1.0
9wjh,Rest of US,1.0
dj22,Rest of US,0.2078143084318824
bkjp,Rest of US,1.0
9tu2,Rest of US,1.0
9rr0,Rest of US,1.0
dp70,Rest of US,1.0
9qgd,Rest of US,1.0
9vyf,Rest of US,1.0
9z4p,Rest of US,1.0
dn0h,Rest of US,1.0
9v0s,Rest of US,1.0
9y7r,Rest of US,1.0
9v7z,Rest of US,1.0
f258,Rest of US,0.02306930684522466
c88m,Rest of US,1.0
b3ys,Rest of US,0.10931129463566273
9vej,Rest of US,1.0
b7ww,Rest of US,1.0
9z7p,Rest of US,1.0
cbr1,Rest of US,1.0
bsef,Rest of US,0.012177018150832978
be9g,Rest of US,1.0
bgex,Rest of US,0.9261409856711705
8eb8,Rest of US,0.09167200679347157
dnxq,Rest of US,1.0
f2nv,Rest of US,1.0
bs01,Rest of US,1.0
9r85,Rest of US,1.0
c862,Rest of US,1.0
c23g,Rest of US,1.0
9tfd,Rest of US,1.0
dpbu,Rest of US,1.0
9wy9,Rest of US,1.0
9y77,Rest of US,1.0
b5px,Rest of US,0.6881681253776932
dr37,Rest of US,1.0
9rcs,Rest of US,1.0
9yh2,Rest of US,1.0
9w22,Rest of US,1.0
dq2w,Rest of US,1.0
dn4w,Rest of US,1.0
c820,Rest of US,1.0
9rdb,Rest of US,1.0
bery,Rest of US,1.0
9xzc,Rest of US,1.0
f01e,Rest of US,1.0
bemg,Rest of US,1.0
dpj3,Rest of US,1.0
9v51,Rest of US,0.8358802553508767
9z67,Rest of US,1.0
c2d6,Rest of US,1.0
bedh,Rest of US,1.0
9rur,Rest of US,1.0
be2k,Rest of US,1.0
9yg2,Rest of US,1.0
c222,Rest of US,1.0
ben3,Rest of US,1.0
c20h,Rest of US,1.0
betf,Rest of US,1.0
dp33,Rest of US,1.0
9vqf,Rest of US,1.0
c8sj,Rest of US,1.0
9qvk,Rest of US,1.0
bkh9,Rest of US,1.0
c2ph,Rest of US,1.0
bg41,Rest of US,1.0
9q4w,Rest of California,1.0
9rjp,Rest of US,1.0
b3y4,Rest of US,0.04208493707449781
9qn1,Rest of California,1.0
bkqq,Rest of US,1.0
9t9e,Rest of US,1.0
9w2b,Rest of US,1.0
b6p6,Rest of US,1.0
dhz4,Rest of US,0.02660610831330726
9yq6,Rest of US,1.0
9tgx,Rest of US,1.0
9xhu,Rest of US,1.0
9vec,Rest of US,1.0
bdgc,Rest of US,0.8513973352140587
dj81,Rest of US,1.0
dpm1,Rest of US,1.0
9muq,Rest of California,0.8244601711774242
9rgg,Rest of US,1.0
9y99,Rest of US,1.0
9rsy,Rest of US,1.0
dp9t,Rest of US,0.015293119448750978
9myh,Rest of California,1.0
9wpz,Rest of US,1.0
bfqc,Rest of US,0.33148797189187934
9ryx,Rest of US,1.0
9vmm,Rest of US,1.0
bs93,Rest of US,1.0
9znb,Rest of US,1.0
drgb,Rest of US,1.0
dqcp,Rest of US,1.0
dng4,Rest of US,1.0
9v6g,Rest of US,1.0
9vq3,Rest of US,0.9314975805022554
9wz3,Rest of US,1.0
9rpp,Rest of US,1.0
9yfx,Rest of US,1.0
dnf6,Rest of US,1.0
9ysn,Rest of US,1.0
9yyw,Rest of US,1.0
drtj,Rest of US,1.0
be1b,Rest of US,1.0
djct,Rest of US,1.0
9qh9,Rest of California,1.0
9tbb,Rest of US,1.0
9y7z,Rest of US,1.0
9tq4,Rest of US,1.0
bemt,Rest of US,1.0
9vv7,Rest of US,1.0
bfdr,Rest of US,1.0
bs22,Rest of US,1.0
beqn,Rest of US,1.0
9rjz,Rest of US,1.0
9qcu,Rest of California,0.9999218968960931
bd9u,Rest of US,1.0
b7h2,Rest of US,1.0
c8ej,Rest of US,1.0
beup,Rest of US,1.0
cbe5,Rest of US,1.0
djj2,Rest of US,1.0
9vtw,Rest of US,1.0
9tcw,Rest of US,1.0
c2rs,Rest of US,1.0
dqcg,Rest of US,0.7757921690766868
9yfd,Rest of US,1.0
bk5s,Rest of US,1.0
9vqj,Rest of US,1.0
9ypq,Rest of US,1.0
9xbq,Rest of US,1.0
bdwj,Rest of US,0.9108986831959763
cbpj,Rest of US,1.0
9qex,Rest of US,0.01653124986626102
9qex,Rest of California,0.983468750133739
bs6v,Rest of US,1.0
bkm8,Rest of US,1.0
bfej,Rest of US,0.7061815159304999
djdn,Rest of US,1.0
9w3s,Rest of US,1.0
dpkq,Rest of US,1.0
c2hm,Rest of US,1.0
c8wc,Rest of US,1.0
djzq,Rest of US,1.0
c2rm,Rest of US,1.0
dqf3,Rest of US,1.0
9tdk,Rest of US,1.0
cbe0,Rest of US,1.0
dr76,Rest of US,1.0
9qzj,Rest of US,1.0
9z30,Rest of US,1.0
9v0r,Rest of US,1.0
f2r4,Rest of US,1.0
9yb1,Rest of US,1.0
bfgj,Rest of US,1.0
9ysu,Rest of US,1.0
be3n,Rest of US,1.0
c84v,Rest of US,1.0
9zue,Rest of US,1.0
9z8b,Rest of US,1.0
dq2y,Rest of US,1.0
dp1t,Rest of US,1.0
9rt0,Rest of US,1.0
c8hh,Rest of US,1.0
djq0,Rest of US,0.9948547690562399
9qhy,Rest of California,1.0
9r6f,Rest of US,1.0
c2dg,Rest of US,1.0
bsd5,Rest of US,0.2540408157187613
drq4,Rest of US,0.22746669723775484
9qj1,Rest of California,1.0
9qug,Rest of US,1.0
c82u,Rest of US,1.0
bkx6,Rest of US,0.8215259206273067
besg,Rest of US,1.0
9rfg,Rest of US,1.0
cbsg,Rest of US,1.0
b7ng,Rest of US,1.0
9zmt,Rest of US,1.0
bemy,Rest of US,1.0
9zkj,Rest of US,1.0
9vfu,Rest of US,1.0
djt3,Rest of US,1.0
9ywk,Rest of US,1.0
cbm6,Rest of US,1.0
9yn7,Rest of US,1.0
9xck,Rest of US,1.0
9rzg,Rest of US,1.0
c8tw,Rest of US,0.7514624420826901
9xzt,Rest of US,1.0
9rs4,Rest of US,1.0
c27k,Rest of US,1.0
c25d,Rest of US,1.0
bskn,Rest of US,1.0
dqb8,Rest of US,1.0
bdss,Rest of US,0.9405422312068376
9w9c,Rest of US,1.0
dp7g,Rest of US,1.0
bs78,Rest of US,1.0
cb9d,Rest of US,1.0
behc,Rest of US,1.0
9wwd,Rest of US,1.0
9vge,Rest of US,1.0
9yzb,Rest of US,1.0
bs9g,Rest of US,1.0
9z5t,Rest of US,1.0
be6v,Rest of US,1.0
dp2w,Rest of US,1.0
dp7x,Rest of US,1.0
bexp,Rest of US,1.0
c256,Rest of US,1.0
bsm0,Rest of US,1.0
c82p,Rest of US,1.0
c854,Rest of US,1.0
9rvj,Rest of US,1.0
dp6e,Rest of US,1.0
b6rn,Rest of US,0.36522559353596296
9zc2,Rest of US,1.0
9r8j,Rest of US,1.0
9wzj,Rest of US,1.0
9x72,Rest of US,1.0
bd6t,Rest of US,0.6663496592348161
dnke,Rest of US,1.0
c1fb,Rest of US,0.5218521499296951
9rqf,Rest of US,1.0
9rhk,Rest of US,1.0
c8en,Rest of US,0.7538478500538177
dnc6,Rest of US,1.0
b7f8,Rest of US,1.0
bdff,Rest of US,1.0
b6gy,Rest of US,1.0
dqbk,Rest of US,1.0
f04t,Rest of US,0.7873487995097922
9rys,Rest of US,1.0
9xw0,Rest of US,1.0
9q6x,Rest of California,1.0
9vs3,Rest of US,1.0
dpsd,Rest of US,1.0
b7j3,Rest of US,1.0
9w2e,Rest of US,1.0
bfpp,Rest of US,0.24698080351041465
9xms,Rest of US,1.0
9zn4,Rest of US,1.0
bee3,Rest of US,1.0
ber1,Rest of US,1.0
dn9e,Rest of US,1.0
djjk,Rest of US,1.0
9xsq,Rest of US,1.0
9w94,Rest of US,1.0
9xmr,Rest of US,1.0
bs3w,Rest of US,1.0
bsrb,Rest of US,1.0
dnbh,Rest of US,1.0
djc0,Rest of US,1.0
9yns,Rest of US,1.0
9ufc,Rest of US,0.02083227175316336
dqf2,Rest of US,0.969011724017405
dntb,Rest of US,1.0
cb21,Rest of US,1.0
dnm8,Rest of US,1.0
be2v,Rest of US,1.0
bu48,Rest of US,1.0
9wc0,Rest of US,1.0
cbu8,Rest of US,0.19838873732326076
c19z,Rest of US,0.39601493964165985
dnqt,Rest of US,1.0
b6et,Rest of US,1.0
dn6r,Rest of US,1.0
be7k,Rest of US,1.0
9yyd,Rest of US,1.0
dxbj,Rest of US,0.1512040841722078
9z8z,Rest of US,1.0
bg7r,Rest of US,1.0
dnwy,Rest of US,1.0
9yde,Rest of US,1.0
dj6x,Rest of US,1.0
9w5h,Rest of US,1.0
bk5b,Rest of US,1.0
be1t,Rest of US,1.0
bsn6,Rest of US,1.0
9ycu,Rest of US,1.0
f024,Rest of US,0.22406731295025245
b6f2,Rest of US,0.20749940169926687
zc6t,Rest of US,0.11683589396216551
9xhw,Rest of US,1.0
9q9e,Rest of California,0.21852810324374286
9vpn,Rest of US,0.43572764377298334
b6gv,Rest of US,1.0
befq,Rest of US,1.0
9wqz,Rest of US,1.0
9qke,Rest of California,1.0
drmv,Rest of US,0.6828885892506737
dhvf,Rest of US,1.0
b14j,Rest of US,0.11488190920482869
b7tv,Rest of US,1.0
9xr2,Rest of US,1.0
dhvn,Rest of US,0.5465814240554716
c24g,Rest of US,1.0
c26b,Rest of US,1.0
dn03,Rest of US,1.0
be4s,Rest of US,1.0
dhtz,Rest of US,1.0
bdth,Rest of US,1.0
9v48,Rest of US,1.0
9v5q,Rest of US,1.0
drmg,Rest of US,0.3122702976339225
cb51,Rest of US,1.0
djnm,Rest of US,0.8018873099348659
9q6j,Rest of California,0.9999179048873952
c41f,Rest of US,0.9887187953576552
bekb,Rest of US,1.0
b5xy,Rest of US,0.022180099403607934
beqr,Rest of US,1.0
9wtq,Rest of US,1.0
9t9t,Rest of US,1.0
9yuc,Rest of US,1.0
djtq,Rest of US,1.0
9rzx,Rest of US,1.0
9r7j,Rest of US,1.0
b6z1,Rest of US,1.0
9mvw,Rest of California,1.0
bdzu,Rest of US,1.0
dqby,Rest of US,1.0
bfc7,Rest of US,1.0
9rwr,Rest of US,1.0
9xps,Rest of US,1.0
drv1,Rest of US,1.0
bg46,Rest of US,1.0
9pry,Rest of US,0.08791676567751296
9pry,Rest of California,0.9120832343224703
9w60,Rest of US,1.0
bd76,Rest of US,0.775667009875238
bfr4,Rest of US,0.9649568739702211
bfx1,Rest of US,1.0
bd9q,Rest of US,1.0
9qsm,Rest of US,1.0
b6tq,Rest of US,1.0
dnbv,Rest of US,1.0
9x07,Rest of US,1.0
cbef,Rest of US,1.0
9qxd,Rest of US,1.0
dpus,Rest of US,0.9437044603639588
9w7g,Rest of US,1.0
dj7u,Rest of US,1.0
bejx,Rest of US,1.0
dn08,Rest of US,1.0
9vzf,Rest of US,1.0
djyj,Rest of US,1.0
9wk9,Rest of US,1.0
9zut,Rest of US,1.0
9qqe,Rest of US,1.0
9qk8,Rest of California,1.0
dr47,Rest of US,1.0
9zhv,Rest of US,1.0
c2mr,Rest of US,1.0
9xn8,Rest of US,1.0
9qpb,Rest of US,1.0
ber5,Rest of US,1.0
b7sj,Rest of US,1.0
9ypc,Rest of US,1.0
9yxq,Rest of US,1.0
dn92,Rest of US,1.0
djbn,Rest of US,1.0
9zng,Rest of US,1.0
b39d,Rest of US,0.6694563090565472
dpb7,Rest of US,1.0
9ws5,Rest of US,1.0
cb9g,Rest of US,1.0
djt9,Rest of US,1.0
9z23,Rest of US,1.0
9r81,Rest of US,1.0
9zkm,Rest of US,1.0
c1ck,Rest of US,0.9634004004427461
9rfx,Rest of US,1.0
9qh7,Rest of California,1.0
bsh1,Rest of US,1.0
9xvz,Rest of US,1.0
bd7m,Rest of US,0.0852826740071527
9z94,Rest of US,1.0
dnyv,Rest of US,1.0
9qby,Rest of California,0.9999858136658797
begy,Rest of US,1.0
9uf7,Rest of US,1.0
dn9c,Rest of US,1.0
9zdg,Rest of US,1.0
9tbf,Rest of US,1.0
bd2s,Rest of US,1.0
9r92,Rest of US,1.0
dnep,Rest of US,1.0
bfbq,Rest of US,1.0
9zfe,Rest of US,1.0
bu4b,Rest of US,1.0
bskp,Rest of US,1.0
c27d,Rest of US,1.0
9x1t,Rest of US,1.0
djsr,Rest of US,1.0
djc3,Rest of US,1.0
9vc2,Rest of US,1.0
9ybw,Rest of US,1.0
b6z4,Rest of US,1.0
9ryc,Rest of US,1.0
9xmd,Rest of US,1.0
c21f,Rest of US,1.0
dndj,Rest of US,1.0
9zgz,Rest of US,1.0
9wup,Rest of US,1.0
bu5n,Rest of US,1.0
9y4k,Rest of US,1.0
9z5z,Rest of US,1.0
c834,Rest of US,1.0
f01q,Rest of US,1.0
b5q8,Rest of US,0.44208062900803724
bdvj,Rest of US,1.0
dpck,Rest of US,1.0
9xyf,Rest of US,1.0
dn2n,Rest of US,1.0
dnhp,Rest of US,1.0
9xex,Rest of US,1.0
djsp,Rest of US,1.0
9xum,Rest of US,1.0
bgcc,Rest of US,1.0
9prf,Rest of California,0.994411563767813
dnmy,Rest of US,1.0
dpnf,Rest of US,1.0
b754,Rest of US,1.0
9x36,Rest of US,1.0
dpep,Rest of US,1.0
9rfm,Rest of US,1.0
9z5g,Rest of US,1.0
bet0,Rest of US,1.0
9y8g,Rest of US,1.0
9zwe,Rest of US,1.0
f03h,Rest of US,0.9439941774702466
bee4,Rest of US,1.0
c88t,Rest of US,1.0
dpfg,Rest of US,1.0
dpb9,Rest of US,1.0
9zhw,Rest of US,1.0
bgd1,Rest of US,1.0
dn22,Rest of US,1.0
9w7u,Rest of US,1.0
dnm7,Rest of US,1.0
dpm4,Rest of US,1.0
b7p7,Rest of US,1.0
9y10,Rest of US,1.0
cbu2,Rest of US,0.5413508483540048
9x8y,Rest of US,1.0
9wxw,Rest of US,1.0
f04f,Rest of US,0.030713359581949276
dq0m,Rest of US,1.0
bep9,Rest of US,1.0
9qvh,Rest of US,1.0
djmp,Rest of US,1.0
dn9v,Rest of US,1.0
9qcp,Rest of California,1.0
9zy8,Rest of US,1.0
dnn7,Rest of US,1.0
c80n,Rest of US,1.0
dngr,Rest of US,1.0
drsk,Rest of US,1.0
cb5j,Rest of US,1.0
9qfp,Rest of California,0.9998270558720166
9zsb,Rest of US,1.0
9ttj,Rest of US,1.0
c86h,Rest of US,1.0
dp74,Rest of US,1.0
dpsm,Rest of US,1.0
b6fx,Rest of US,1.0
9rwg,Rest of US,1.0
9uft,Rest of US,0.9993381229644328
bspw,Rest of US,1.0
bs3f,Rest of US,1.0
dn8f,Rest of US,1.0
c2rt,Rest of US,1.0
b7vn,Rest of US,1.0
b6en,Rest of US,0.929948976704741
c83v,Rest of US,1.0
9tsb,Rest of US,0.28241087341506527
9yjn,Rest of US,1.0
9qhp,Rest of California,1.0
dr83,Rest of US,1.0
9q74,Rest of California,1.0
9rde,Rest of US,1.0
dr84,Rest of US,1.0
9w1y,Rest of US,1.0
b6wm,Rest of US,1.0
c41x,Rest of US,0.7775429475067741
9zxs,Rest of US,1.0
bu2w,Rest of US,0.41862841772200965
be1q,Rest of US,1.0
2jrx,Rest of US,0.01395420299169407
c83u,Rest of US,1.0
dn6g,Rest of US,1.0
9ppc,Rest of California,0.1113598303379123
c873,Rest of US,1.0
dj74,Rest of US,0.19575735264046795
dndt,Rest of US,1.0
9rmq,Rest of US,1.0
dn0x,Rest of US,1.0
c878,Rest of US,1.0
9x09,Rest of US,1.0
djtr,Rest of US,1.0
bu0g,Rest of US,1.0
dp05,Rest of US,1.0
9tsn,Rest of US,1.0
9y6b,Rest of US,1.0
9ydu,Rest of US,1.0
bdyf,Rest of US,0.8662731419167569
be8k,Rest of US,1.0
bdcf,Rest of US,1.0
9qh5,Rest of California,1.0
djte,Rest of US,1.0
9y6h,Rest of US,1.0
9rsf,Rest of US,1.0
c83b,Rest of US,1.0
9z4s,Rest of US,1.0
9vee,Rest of US,1.0
9ygn,Rest of US,1.0
bsk8,Rest of US,1.0
b75w,Rest of US,0.9994342113016926
bk5g,Rest of US,1.0
bsqp,Rest of US,1.0
dj7q,Rest of US,1.0
b6zm,Rest of US,1.0
dr4t,Rest of US,1.0
be2u,Rest of US,1.0
drep,Rest of US,1.0
dntg,Rest of US,1.0
dpsh,Rest of US,1.0
cb2y,Rest of US,1.0
dp4w,Rest of US,1.0
besq,Rest of US,1.0
bem2,Rest of US,1.0
dq2g,Rest of US,1.0
b7vh,Rest of US,0.8893190457814124
9q7n,Rest of California,1.0
djb4,Rest of US,1.0
bevr,Rest of US,1.0
dnk1,Rest of US,1.0
9yhs,Rest of US,1.0
9z7d,Rest of US,1.0
c414,Rest of US,1.0
9tvb,Rest of US,1.0
9wgg,Rest of US,1.0
dqcn,Rest of US,1.0
9rd5,Rest of US,1.0
dprj,Rest of US,1.0
be7c,Rest of US,1.0
9rkq,Rest of US,1.0
bf9v,Rest of US,0.46855413163778087
b7v4,Rest of US,0.344161935620766
9y2h,Rest of US,1.0
b7nt,Rest of US,1.0
dphw,Rest of US,1.0
9znh,Rest of US,1.0
c405,Rest of US,0.8740390236165625
9xbb,Rest of US,1.0
bequ,Rest of US,1.0
b7jc,Rest of US,1.0
9pz8,Rest of US,0.28088541493430463
djck,Rest of US,1.0
9ztg,Rest of US,1.0
9rcz,Rest of US,1.0
dp7p,Rest of US,1.0
9rcn,Rest of US,1.0
beev,Rest of US,1.0
9zds,Rest of US,1.0
djz7,Rest of US,0.6425604350540377
dn2e,Rest of US,1.0
9z1d,Rest of US,1.0
9vfx,Rest of US,1.0
drfv,Rest of US,1.0
bs75,Rest of US,1.0
dpn3,Rest of US,1.0
dr7c,Rest of US,0.173867991571316
bg85,Rest of US,1.0
9yps,Rest of US,1.0
c2q5,Rest of US,1.0
b7je,Rest of US,1.0
be7t,Rest of US,1.0
c251,Rest of US,1.0
b7zf,Rest of US,1.0
dr8s,Rest of US,1.0
9zce,Rest of US,1.0
c84e,Rest of US,1.0
dppz,Rest of US,1.0
9qp8,Rest of US,1.0
9zdy,Rest of US,1.0
c221,Rest of US,1.0
9xp2,Rest of US,1.0
bgg8,Rest of US,0.9261212809813313
9xj2,Rest of US,1.0
dr9n,Rest of US,0.21742339729835508
bdc6,Rest of US,1.0
9vz1,Rest of US,1.0
9qvz,Rest of US,1.0
bg0k,Rest of US,1.0
dpk8,Rest of US,1.0
dj2w,Rest of US,1.0
9tyv,Rest of US,1.0
9wt1,Rest of US,1.0
9ruu,Rest of US,1.0
9y7y,Rest of US,1.0
9xf8,Rest of US,1.0
9v7r,Rest of US,1.0
dn4h,Rest of US,1.0
9x3g,Rest of US,1.0
ber9,Rest of US,1.0
djbf,Rest of US,1.0
b6pd,Rest of US,0.9277859826320977
9x44,Rest of US,1.0
9tc3,Rest of US,1.0
bezy,Rest of US,1.0
9z19,Rest of US,1.0
9vdh,Rest of US,1.0
b3yz,Rest of US,1.0
c88n,Rest of US,0.7469173238546621
cb5t,Rest of US,1.0
9wkz,Rest of US,1.0
c8dh,Rest of US,1.0
f2nj,Rest of US,0.9075749283389647
b6zw,Rest of US,1.0
b7s7,Rest of US,1.0
8e8y,Rest of US,0.8885931664023042
be9m,Rest of US,1.0
9w4z,Rest of US,1.0
f080,Rest of US,0.5686677407833889
b3g3,Rest of US,0.026693844102136446
bd33,Rest of US,1.0
cb7m,Rest of US,1.0
9qy5,Rest of US,1.0
9y3e,Rest of US,1.0
9uf2,Rest of US,1.0
9r6b,Rest of US,1.0
bsjn,Rest of US,1.0
bdur,Rest of US,1.0
bfew,Rest of US,1.0
9yeu,Rest of US,1.0
9yjq,Rest of US,1.0
9tvf,Rest of US,1.0
9x9g,Rest of US,1.0
be8n,Rest of US,1.0
beb6,Rest of US,1.0
9t8k,Rest of US,0.9723556903905914
9rt6,Rest of US,1.0
9tep,Rest of US,1.0
9vd7,Rest of US,1.0
dprb,Rest of US,1.0
c83e,Rest of US,1.0
9xfn,Rest of US,1.0
9w4p,Rest of US,1.0
dpnq,Rest of US,1.0
b3yt,Rest of US,0.5244980808600681
bg7m,Rest of US,1.0
9zq9,Rest of US,1.0
dp6s,Rest of US,1.0
cb66,Rest of US,1.0
9z4e,Rest of US,1.0
b6xb,Rest of US,1.0
b74c,Rest of US,1.0
b7xt,Rest of US,1.0
b6rf,Rest of US,0.22976851584600794
c2e7,Rest of US,1.0
9r0s,Rest of California,0.9999747132499779
djdc,Rest of US,1.0
9qs5,Rest of California,1.0
9qc3,Rest of California,0.028794149760271236
c1g4,Rest of US,1.0
dp7c,Rest of US,1.0
cb6s,Rest of US,1.0
be09,Rest of US,1.0
c20b,Rest of US,1.0
9vv9,Rest of US,1.0
9x1m,Rest of US,1.0
bkjq,Rest of US,1.0
9vyu,Rest of US,1.0
bfr0,Rest of US,0.6960982090195467
9w2s,Rest of US,1.0
bu6h,Rest of US,1.0
b7mt,Rest of US,0.9224018838835584
9udz,Rest of US,0.09665960872624299
djz5,Rest of US,1.0
9rpg,Rest of US,1.0
9w0n,Rest of US,1.0
beu2,Rest of US,1.0
b7y6,Rest of US,1.0
dn3d,Rest of US,1.0
b6uf,Rest of US,1.0
dq9k,Rest of US,1.0
djq5,Rest of US,0.5984342312581725
9pr8,Rest of California,0.18486363934720307
9rsg,Rest of US,1.0
djty,Rest of US,1.0
bsk3,Rest of US,1.0
b14p,Rest of US,0.16601081958764036
87z9,Rest of US,0.6719085862514038
9wu8,Rest of US,1.0
bskx,Rest of US,1.0
9rek,Rest of US,1.0
9xrb,Rest of US,1.0
9qse,Rest of US,0.944814167955196
9qse,Rest of California,0.055185832044804074
dpk5,Rest of US,1.0
9zum,Rest of US,1.0
dn4f,Rest of US,1.0
b7cc,Rest of US,0.02247810566048473
9y45,Rest of US,1.0
dpr0,Rest of US,1.0
dpjh,Rest of US,1.0
dn4n,Rest of US,1.0
dq06,Rest of US,1.0
9vcm,Rest of US,1.0
c83z,Rest of US,1.0
be5r,Rest of US,1.0
b7g2,Rest of US,0.7782446362448424
c8es,Rest of US,1.0
9yf5,Rest of US,1.0
9vwh,Rest of US,1.0
9xj9,Rest of US,1.0
bsqv,Rest of US,1.0
9qdf,Rest of California,0.9997604923808968
c20n,Rest of US,0.9384639144437279
bs4n,Rest of US,1.0
9y3j,Rest of US,1.0
b7vg,Rest of US,1.0
9qfm,Rest of California,0.9999967365277114
9zfh,Rest of US,1.0
drsp,Rest of US,1.0
berx,Rest of US,1.0
b11z,Rest of US,0.04694566243023986
dp1g,Rest of US,1.0
9yg9,Rest of US,1.0
9vgy,Rest of US,1.0
b7kb,Rest of US,0.9581253420910306
9yff,Rest of US,1.0
c2ee,Rest of US,1.0
dr2f,Rest of US,1.0
bd72,Rest of US,0.9104542970297742
c24u,Rest of US,1.0
de20,Rest of US,0.19098702616205912
8e3y,Rest of US,0.4119079188690636
c1f3,Rest of US,0.37547342383023624
c8wf,Rest of US,1.0
b7vv,Rest of US,1.0
b7h8,Rest of US,1.0
bdct,Rest of US,1.0
dq2p,Rest of US,1.0
b7fd,Rest of US,0.22367708540881948
bewm,Rest of US,1.0
9zk0,Rest of US,1.0
9y3f,Rest of US,1.0
bkm6,Rest of US,1.0
bdbz,Rest of US,1.0
bg7n,Rest of US,1.0
dnb8,Rest of US,1.0
cb0d,Rest of US,1.0
9twn,Rest of US,1.0
c21j,Rest of US,1.0
9z2x,Rest of US,1.0
9x2u,Rest of US,1.0
9rjh,Rest of US,1.0
9www,Rest of US,1.0
b7te,Rest of US,1.0
9xy6,Rest of US,1.0
bkm4,Rest of US,1.0
beem,Rest of US,1.0
dn80,Rest of US,1.0
9zn5,Rest of US,1.0
djtw,Rest of US,1.0
9qfw,Rest of US,0.3429282358426837
9qfw,Rest of California,0.6570717641573163
bs7e,Rest of US,1.0
9zqr,Rest of US,1.0
f00h,Rest of US,1.0
b7m1,Rest of US,0.014697833754896632
b7tp,Rest of US,1.0
9xfp,Rest of US,1.0
f05z,Rest of US,1.0
9zzm,Rest of US,1.0
9xn0,Rest of US,1.0
9v2n,Rest of US,1.0
9w3t,Rest of US,1.0
9rmp,Rest of US,1.0
dnb3,Rest of US,1.0
9qht,Rest of California,1.0
9wsg,Rest of US,1.0
c80z,Rest of US,1.0
c85b,Rest of US,1.0
9yzv,Rest of US,1.0
b6y1,Rest of US,1.0
b6wp,Rest of US,1.0
c2nf,Rest of US,1.0
b3v6,Rest of US,0.04130589451192515
bg3v,Rest of US,1.0
dp2h,Rest of US,1.0
cb5x,Rest of US,1.0
dj3j,Rest of US,1.0
c2kv,Rest of US,1.0
9qe4,Rest of California,1.0
9zde,Rest of US,1.0
9xje,Rest of US,1.0
9tyk,Rest of US,1.0
f04s,Rest of US,0.22839587515917908
bkjt,Rest of US,1.0
9xvy,Rest of US,1.0
cbss,Rest of US,1.0
bed9,Rest of US,1.0
dr98,Rest of US,1.0
9v86,Rest of US,1.0
dnvr,Rest of US,1.0
9mzk,Rest of US,1.0
djj9,Rest of US,1.0
9zj9,Rest of US,1.0
9wb7,Rest of US,1.0
9zhk,Rest of US,1.0
9x55,Rest of US,1.0
cbpm,Rest of US,1.0
9rm9,Rest of US,1.0
dj3p,Rest of US,1.0
9ypz,Rest of US,1.0
9my1,Rest of California,0.03638905463184921
bkhf,Rest of US,1.0
b7ze,Rest of US,1.0
bu68,Rest of US,1.0
f2p9,Rest of US,1.0
bfcv,Rest of US,1.0
dn7b,Rest of US,1.0
bu6u,Rest of US,1.0
9yqs,Rest of US,1.0
9yyq,Rest of US,1.0
cb3f,Rest of US,1.0
9v6w,Rest of US,1.0
beby,Rest of US,1.0
begw,Rest of US,1.0
9v5g,Rest of US,0.8037487835773399
f2qf,Rest of US,1.0
dp0e,Rest of US,1.0
dp2p,Rest of US,1.0
9q6e,Rest of California,0.999975827575233
dn11,Rest of US,1.0
9v4x,Rest of US,1.0
9q5j,Rest of California,1.0
bejk,Rest of US,1.0
djyw,Rest of US,1.0
9zv6,Rest of US,1.0
dnt2,Rest of US,1.0
cbrn,Rest of US,1.0
dj8x,Rest of US,1.0
9xzf,Rest of US,1.0
9mvx,Rest of California,1.0
bgb5,Rest of US,1.0
9xuy,Rest of US,1.0
9rjv,Rest of US,1.0
9yen,Rest of US,1.0
9rve,Rest of US,1.0
9yrp,Rest of US,1.0
dpt1,Rest of US,0.24383056875500478
be49,Rest of US,1.0
djtm,Rest of US,1.0
9yz5,Rest of US,1.0
cbte,Rest of US,1.0
9w3m,Rest of US,1.0
c23n,Rest of US,0.9994072880407386
cbr3,Rest of US,0.6081842953924668
9vcj,Rest of US,1.0
c42y,Rest of US,0.06006475778835669
9w9j,Rest of US,1.0
c8nv,Rest of US,1.0
9w7r,Rest of US,1.0
bdsm,Rest of US,1.0
bs68,Rest of US,1.0
f2nt,Rest of US,1.0
c825,Rest of US,1.0
9yyx,Rest of US,1.0
be2n,Rest of US,1.0
9zqx,Rest of US,1.0
9zzy,Rest of US,1.0
9wxu,Rest of US,1.0
bdtm,Rest of US,1.0
9wp4,Rest of US,1.0
cb35,Rest of US,1.0
bu4f,Rest of US,1.0
dpc1,Rest of US,1.0
9vew,Rest of US,1.0
dnwk,Rest of US,1.0
dn8x,Rest of US,1.0
9zvw,Rest of US,1.0
c42f,Rest of US,1.0
be6c,Rest of US,1.0
9v6d,Rest of US,1.0
dru1,Rest of US,1.0
dj6k,Rest of US,0.11253168622782145
dj6h,Rest of US,0.32149900511826746
9x2j,Rest of US,1.0
beu6,Rest of US,1.0
dn7z,Rest of US,1.0
c28c,Rest of US,0.4031599394608508
9vfe,Rest of US,1.0
bu1x,Rest of US,1.0
bge6,Rest of US,1.0
c89n,Rest of US,0.7430802676991839
cb6y,Rest of US,1.0
cb0z,Rest of US,1.0
c8s3,Rest of US,1.0
9vzp,Rest of US,1.0
9y2z,Rest of US,1.0
c2nc,Rest of US,1.0
dn9p,Rest of US,1.0
9pxc,Rest of US,1.0
dqb0,Rest of US,1.0
9xf0,Rest of US,1.0
f01n,Rest of US,1.0
f2nb,Rest of US,1.0
c23e,Rest of US,1.0
9z5d,Rest of US,1.0
9w4y,Rest of US,1.0
c2n5,Rest of US,1.0
cbqz,Rest of US,1.0
djsb,Rest of US,1.0
dp63,Rest of US,1.0
bk4t,Rest of US,1.0
dp89,Rest of US,1.0
dj9u,Rest of US,1.0
9v9x,Rest of US,1.0
bshu,Rest of US,1.0
9xhp,Rest of US,1.0
c87p,Rest of US,1.0
bs9s,Rest of US,0.254121027866348
dr6q,Rest of US,1.0
b7hc,Rest of US,1.0
be9t,Rest of US,1.0
9xx8,Rest of US,1.0
dhv5,Rest of US,0.028703491698610657
b7wu,Rest of US,1.0
9z8p,Rest of US,1.0
9ufe,Rest of US,0.7223234941211524
9r9u,Rest of US,1.0
9zm2,Rest of US,1.0
c427,Rest of US,0.7857046609699428
9v24,Rest of US,1.0
c29t,Rest of US,1.0
9yt0,Rest of US,1.0
c8tj,Rest of US,1.0
bews,Rest of US,1.0
be71,Rest of US,1.0
bs2m,Rest of US,1.0
9vt3,Rest of US,1.0
9yzq,Rest of US,1.0
bsry,Rest of US,1.0
c24q,Rest of US,1.0
9rj6,Rest of US,1.0
beb8,Rest of US,1.0
9tgz,Rest of US,1.0
9ywg,Rest of US,1.0
b3vt,Rest of US,0.5600716312189055
9ymh,Rest of US,1.0
9xvx,Rest of US,1.0
9xzq,Rest of US,1.0
9qwf,Rest of US,1.0
c2js,Rest of US,1.0
c28t,Rest of US,0.14216574622656517
bgb2,Rest of US,1.0
9r4z,Rest of US,1.0
bed8,Rest of US,1.0
9rzd,Rest of US,1.0
dhv2,Rest of US,0.06513769984501754
9w20,Rest of US,1.0
dq6p,Rest of US,0.16233031932391723
9zsw,Rest of US,1.0
9vdp,Rest of US,1.0
9yuw,Rest of US,1.0
drq5,Rest of US,0.042816341581001706
9ywh,Rest of US,1.0
bs9b,Rest of US,1.0
9zsc,Rest of US,1.0
bg22,Rest of US,1.0
9vwk,Rest of US,1.0
9xg4,Rest of US,1.0
djt0,Rest of US,1.0
9t9n,Rest of US,1.0
9vy0,Rest of US,1.0
f03j,Rest of US,0.40382441353365583
bdxj,Rest of US,0.6072254413579821
dnbn,Rest of US,1.0
9vs9,Rest of US,1.0
9ucu,Rest of US,1.0
beg0,Rest of US,1.0
9w5f,Rest of US,1.0
9zmg,Rest of US,1.0
9rrs,Rest of US,1.0
9zgv,Rest of US,1.0
c1cf,Rest of US,0.9849667005616358
cbhy,Rest of US,1.0
b9cm,Rest of US,0.2690850139675167
9wqe,Rest of US,1.0
dn1r,Rest of US,1.0
9wp8,Rest of US,1.0
b3st,Rest of US,0.02898317537190551
bggp,Rest of US,1.0
be5f,Rest of US,1.0
cbqc,Rest of US,0.9188976981232133
9x1w,Rest of US,1.0
dj93,Rest of US,1.0
9v4j,Rest of US,1.0
bfgm,Rest of US,1.0
bg8d,Rest of US,1.0
9zvf,Rest of US,1.0
f01c,Rest of US,0.2026551370981845
9vkj,Rest of US,1.0
9wst,Rest of US,1.0
bes7,Rest of US,1.0
dj6u,Rest of US,0.8453456224327545
9rhu,Rest of US,1.0
9r8m,Rest of US,1.0
9q6b,Rest of California,1.0
dnjv,Rest of US,1.0
dnzp,Rest of US,1.0
9y32,Rest of US,1.0
9r1q,Rest of California,1.0
drvw,Rest of US,1.0
bger,Rest of US,1.0
beqc,Rest of US,1.0
9ys3,Rest of US,1.0
be5g,Rest of US,1.0
cbn7,Rest of US,1.0
9y9h,Rest of US,1.0
c2qc,Rest of US,1.0
87yt,Rest of US,0.8294430180985719
dnr2,Rest of US,1.0
dpgg,Rest of US,1.0
c8nt,Rest of US,1.0
bgfv,Rest of US,1.0
9y9n,Rest of US,1.0
bfrk,Rest of US,0.5270437149767939
9q4r,Rest of California,0.9997894687230212
9qx8,Rest of US,1.0
dnn5,Rest of US,1.0
b78w,Rest of US,0.07605949784085507
dnc4,Rest of US,1.0
drmh,Rest of US,0.8827664914480334
dj37,Rest of US,0.01609097520145755
dpsp,Rest of US,1.0
9v14,Rest of US,1.0
9zuj,Rest of US,1.0
9uc9,Rest of US,1.0
drem,Rest of US,1.0
c0x2,Rest of US,0.4411138124530343
bdyb,Rest of US,0.10340171654979252
beq5,Rest of US,1.0
9rb0,Rest of US,1.0
cb5y,Rest of US,1.0
bduq,Rest of US,1.0
bu00,Rest of US,1.0
9whj,Rest of US,1.0
c80t,Rest of US,1.0
9y21,Rest of US,1.0
9xpq,Rest of US,1.0
drzv,Rest of US,0.8101970625551321
bu42,Rest of US,1.0
9qbz,Rest of California,0.9999656716677221
9wu6,Rest of US,1.0
b7e0,Rest of US,1.0
9wqr,Rest of US,1.0
9vy3,Rest of US,1.0
9wgc,Rest of US,1.0
9udj,Rest of US,0.9996922358626834
cb44,Rest of US,1.0
bex3,Rest of US,1.0
9v9d,Rest of US,1.0
9xgu,Rest of US,1.0
9xvv,Rest of US,1.0
9zym,Rest of US,1.0
bgcm,Rest of US,1.0
9y2m,Rest of US,1.0
dnqz,Rest of US,1.0
9rhh,Rest of US,1.0
bge8,Rest of US,0.9262789185001262
b4p3,Rest of US,0.17402923467554543
9zz8,Rest of US,1.0
bs0y,Rest of US,1.0
c25w,Rest of US,1.0
9pzu,Rest of US,0.9695108124625239
9tyy,Rest of US,1.0
bst3,Rest of US,0.024723686595875385
c25t,Rest of US,1.0
dr38,Rest of US,1.0
dn2g,Rest of US,1.0
cb4h,Rest of US,1.0
bk47,Rest of US,0.9061070101308457
9w1u,Rest of US,1.0
9xbj,Rest of US,1.0
9prc,Rest of California,1.0
9zwv,Rest of US,1.0
dr9y,Rest of US,1.0
c81n,Rest of US,1.0
f00j,Rest of US,1.0
dnrv,Rest of US,1.0
9qhk,Rest of California,1.0
9v80,Rest of US,1.0
9w44,Rest of US,1.0
9w7j,Rest of US,1.0
dr09,Rest of US,1.0
bekx,Rest of US,1.0
f040,Rest of US,0.30619863564296446
9tuh,Rest of US,1.0
9zvb,Rest of US,1.0
bey9,Rest of US,1.0
f088,Rest of US,0.5078593668326559
9w1p,Rest of US,1.0
dpqm,Rest of US,0.9289969775320338
9w0h,Rest of US,1.0
9x67,Rest of US,1.0
c292,Rest of US,1.0
c2kk,Rest of US,1.0
9tev,Rest of US,1.0
9rxq,Rest of US,1.0
b78u,Rest of US,0.7560357793858473
bg14,Rest of US,1.0
bgep,Rest of US,1.0
dr1n,Rest of US,1.0
dq0h,Rest of US,1.0
dj99,Rest of US,1.0
djfw,Rest of US,1.0
dpub,Rest of US,1.0
9vq9,Rest of US,0.5741265554529559
9z6e,Rest of US,1.0
9rk4,Rest of US,1.0
bd5r,Rest of US,0.9362889932950845
b7zr,Rest of US,1.0
cb2z,Rest of US,1.0
9qrb,Rest of US,1.0
9wqs,Rest of US,1.0
9xxf,Rest of US,1.0
bk54,Rest of US,1.0
9wzy,Rest of US,1.0
drfc,Rest of US,1.0
dnuj,Rest of US,1.0
9qcm,Rest of California,0.9996972856094388
dnmu,Rest of US,1.0
9zg5,Rest of US,1.0
cbpv,Rest of US,1.0
b32j,Rest of US,0.3885181581499402
bens,Rest of US,1.0
9xxe,Rest of US,1.0
bs82,Rest of US,1.0
besk,Rest of US,1.0
bkqs,Rest of US,1.0
djk9,Rest of US,0.74578786054259
8e8q,Rest of US,0.4865302984978812
bsq4,Rest of US,1.0
dr41,Rest of US,0.9782918390995861
9wpu,Rest of US,1.0
dqbn,Rest of US,1.0
9yhp,Rest of US,1.0
djvt,Rest of US,1.0
9rkp,Rest of US,1.0
dnev,Rest of US,1.0
9rsr,Rest of US,1.0
9z29,Rest of US,1.0
9x8k,Rest of US,1.0
9q73,Rest of California,1.0
9ynb,Rest of US,1.0
9y03,Rest of US,1.0
9qr8,Rest of US,1.0
9xd2,Rest of US,1.0
djc2,Rest of US,1.0
bkpk,Rest of US,1.0
dppb,Rest of US,1.0
9qyf,Rest of US,1.0
b10u,Rest of US,0.022367182254862616
cb1t,Rest of US,1.0
9zqm,Rest of US,1.0
b6vd,Rest of US,1.0
9t9s,Rest of US,1.0
c86c,Rest of US,1.0
cbdg,Rest of US,1.0
9ucf,Rest of US,1.0
c2x7,Rest of US,1.0
cbpu,Rest of US,1.0
bgcg,Rest of US,1.0
b6kt,Rest of US,0.040786636063083394
drvu,Rest of US,1.0
9tqf,Rest of US,1.0
9vmd,Rest of US,1.0
b396,Rest of US,0.9975284327777444
bs85,Rest of US,0.9039250122729533
9r2g,Rest of California,1.0
9wh6,Rest of US,1.0
djnd,Rest of US,0.8096713538432021
dnh0,Rest of US,1.0
b6mn,Rest of US,0.9999464995501399
9y35,Rest of US,1.0
bd4k,Rest of US,0.9031084272022786
f0hd,Rest of US,0.02294504090286957
b7dr,Rest of US,1.0
c8q6,Rest of US,1.0
9qe7,Rest of California,1.0
9tx5,Rest of US,1.0
be62,Rest of US,1.0
dnft,Rest of US,1.0
drs9,Rest of US,1.0
9x3s,Rest of US,1.0
9rec,Rest of US,1.0
b6gq,Rest of US,1.0
9rvt,Rest of US,1.0
9ztn,Rest of US,1.0
dhwc,Rest of US,0.5785753995231867
djfk,Rest of US,1.0
cbd0,Rest of US,1.0
djs3,Rest of US,1.0
dnbf,Rest of US,1.0
c8kz,Rest of US,1.0
dp67,Rest of US,1.0
9xpr,Rest of US,1.0
dj6r,Rest of US,1.0
9wnp,Rest of US,1.0
9ucq,Rest of US,1.0
dhtx,Rest of US,0.6880117939083379
9xv8,Rest of US,1.0
c25j,Rest of US,1.0
c815,Rest of US,1.0
dn56,Rest of US,1.0
9tu1,Rest of US,1.0
beq0,Rest of US,1.0
bew5,Rest of US,1.0
9tqm,Rest of US,1.0
9w82,Rest of US,1.0
9zw0,Rest of US,1.0
9rzz,Rest of US,1.0
dqfn,Rest of US,1.0
bg8n,Rest of US,1.0
9yg5,Rest of US,1.0
bgf4,Rest of US,1.0
bu4j,Rest of US,1.0
bkwe,Rest of US,0.026192592364897106
bdzh,Rest of US,1.0
cbwh,Rest of US,0.09538592983200762
b7qd,Rest of US,1.0
9vq0,Rest of US,0.62764475679042
9ve9,Rest of US,1.0
9v8u,Rest of US,1.0
9w2x,Rest of US,1.0
dn5x,Rest of US,1.0
9whv,Rest of US,1.0
cbqp,Rest of US,1.0
9qk4,Rest of California,1.0
87zc,Rest of US,0.39494732317927767
f2pb,Rest of US,1.0
b6v7,Rest of US,1.0
9qx9,Rest of US,1.0
c8sb,Rest of US,1.0
9r0k,Rest of California,1.0
9xu1,Rest of US,1.0
be81,Rest of US,1.0
9qj9,Rest of California,1.0
b7ru,Rest of US,1.0
f2q9,Rest of US,1.0
9v0p,Rest of US,0.5298364882155017
9z2h,Rest of US,1.0
9v5x,Rest of US,1.0
9ty7,Rest of US,1.0
bg75,Rest of US,1.0
9rsj,Rest of US,1.0
bkmr,Rest of US,0.9642164922227867
c409,Rest of US,0.8496947336395976
dq2k,Rest of US,1.0
9xx7,Rest of US,1.0
becd,Rest of US,1.0
9vqb,Rest of US,0.5090298564775501
9xeb,Rest of US,1.0
9y2w,Rest of US,1.0
9xku,Rest of US,1.0
dn8g,Rest of US,1.0
dn5g,Rest of US,1.0
9mgz,Rest of US,0.03924550169531574
9mgz,Rest of California,0.0696427456908728
f02f,Rest of US,1.0
dpjk,Rest of US,1.0
dn19,Rest of US,1.0
9rm6,Rest of US,1.0
9vce,Rest of US,1.0
9wk7,Rest of US,1.0
9ru8,Rest of US,1.0
bdzg,Rest of US,0.7972092518457017
dr96,Rest of US,1.0
c856,Rest of US,1.0
9w2v,Rest of US,1.0
9yfp,Rest of US,1.0
dpp2,Rest of US,1.0
dqcr,Rest of US,1.0
c869,Rest of US,1.0
benm,Rest of US,1.0
c42b,Rest of US,0.24398040813775915
bkjf,Rest of US,1.0
cbqm,Rest of US,1.0
drth,Rest of US,1.0
bfbk,Rest of US,1.0
9xqd,Rest of US,1.0
dnz3,Rest of US,1.0
9yzp,Rest of US,1.0
9vyg,Rest of US,1.0
b3v4,Rest of US,0.14501887036703728
c2k4,Rest of US,1.0
9r9t,Rest of US,1.0
